ticker,company_name,cik,form_type,report_date,filing_date,filing_url,anomaly_score_0_100,mahalanobis_distance,self_history_score,peer_relative_score,combined_signal_strength,num_features_used,top_driver_1,top_driver_1_value,top_driver_2,top_driver_2_value,top_driver_3,top_driver_3_value,model_type,self_z__revenue_growth_yoy,self_z__assets_growth_yoy,self_z__net_income_growth_yoy,self_z__net_margin,self_z__debt_to_assets,self_z__equity_to_assets,self_z__accrual_ratio,self_z__ocf_to_net_income,peer_z__revenue_growth_yoy,peer_z__assets_growth_yoy,peer_z__net_income_growth_yoy,peer_z__net_margin,peer_z__debt_to_assets,peer_z__equity_to_assets,peer_z__accrual_ratio,peer_z__ocf_to_net_income,combined_z__revenue_growth_yoy,combined_z__assets_growth_yoy,combined_z__net_income_growth_yoy,combined_z__net_margin,combined_z__debt_to_assets,combined_z__equity_to_assets,combined_z__accrual_ratio,combined_z__ocf_to_net_income,scoring_version,scored_at
WBD,,,10-Q,2022-06-30,2022-08-05,https://www.sec.gov/Archives/edgar/data/1437107/000143710722000209/disca-20220630.htm,100.0,2372.0201835239313,4.293691300369776,3.8499940372365202,4.113572883005834,8,revenue_growth_yoy,8.0,assets_growth_yoy,8.0,net_margin,-5.9955,robust_mcd,8.0,8.0,-4.214007273882948,-6.3314353245282815,1.2758912148585115,2.0359781391375766,-2.077269031270877,-2.4149494192800183,8.0,8.0,-8.0,-5.491668385387105,0.286345590033264,-0.026395121106399622,0.0,-0.9955432013653958,8.0,8.0,-5.728404364329769,-5.99552854887181,0.8800729649284125,1.211028835039986,-1.246361418762526,-1.8471869321141692,brick3_q_v2_robust_mahalanobis_clipped,2026-03-18T05:10:36.278770+00:00
FANG,,,10-Q,2022-03-31,2022-05-05,https://www.sec.gov/Archives/edgar/data/1539838/000153983822000058/fang-20220331.htm,99.92,1778.3877060104421,,2.4584498101849266,2.4584498101849266,8,revenue_growth_yoy,8.0,net_income_growth_yoy,4.6432,net_margin,4.4963,robust_mcd,,,,,,,,,8.0,-0.10342924266987724,4.6431943206183375,4.496276761335575,-0.5825943433443611,0.789331497507371,-0.5618027854070293,0.4909695305968604,8.0,-0.10342924266987724,4.6431943206183375,4.496276761335575,-0.5825943433443611,0.789331497507371,-0.5618027854070293,0.4909695305968604,brick3_q_v2_robust_mahalanobis_clipped,2026-03-18T05:10:36.278770+00:00
WBD,,,10-Q,2022-09-30,2022-11-04,https://www.sec.gov/Archives/edgar/data/1437107/000143710722000231/disca-20220930.htm,99.85,1777.954215445715,3.187814272610769,3.6530880179703136,3.324937033724642,8,revenue_growth_yoy,8.0,assets_growth_yoy,8.0,net_income_growth_yoy,-5.2252,robust_mcd,8.0,8.0,-3.3753491733067515,-2.0412527667113616,1.0361094874342858,0.7809261043720845,-0.6256654811008889,-1.643211167960783,8.0,8.0,-8.0,-3.099490136977503,0.31018494925806,-0.06283143031376616,0.4270359399856845,-1.3251616872274972,8.0,8.0,-5.2252095039840505,-2.464547714817818,0.7457396721637954,0.44342309049774425,-0.20458491266625953,-1.5159913756674688,brick3_q_v2_robust_mahalanobis_clipped,2026-03-18T05:10:36.278770+00:00
WBD,,,10-Q,2023-03-31,2023-05-05,https://www.sec.gov/Archives/edgar/data/1437107/000143710723000077/disca-20230331.htm,99.77,1701.3383825143735,2.524589417124697,3.584602392362322,2.9428055259339168,8,revenue_growth_yoy,8.0,assets_growth_yoy,8.0,net_income_growth_yoy,-3.666,robust_mcd,8.0,8.0,-0.7767264906843604,-0.7647134001108933,0.9716069492307889,0.5798342322595368,0.7627077006918274,-0.3411265640201714,8.0,8.0,-8.0,-3.1280304635938285,0.19351116611700886,-0.05789081285830725,0.41114164282774507,-0.8862450535016858,8.0,8.0,-3.6660358944106166,-1.7100402255040674,0.6603686359852768,0.3247442142123992,0.6220812775461944,-0.5591739598127772,brick3_q_v2_robust_mahalanobis_clipped,2026-03-18T05:10:36.278770+00:00
MAR,,,10-Q,2022-03-31,2022-05-04,https://www.sec.gov/Archives/edgar/data/1048286/000162828022012175/mar-20220331.htm,99.69,1622.9419788000234,,2.619565749365712,2.619565749365712,7,revenue_growth_yoy,8.0,net_income_growth_yoy,8.0,equity_to_assets,-1.1239,robust_mcd,,,,,,,,,8.0,-0.31264076270692176,8.0,-0.026181808548017476,,-1.1238811353036144,0.6485887643550968,-0.2256677746463342,8.0,-0.31264076270692176,8.0,-0.026181808548017476,,-1.1238811353036144,0.6485887643550968,-0.2256677746463342,brick3_q_v2_robust_mahalanobis_clipped,2026-03-18T05:10:36.278770+00:00
ADP,,,10-Q,2021-12-31,2022-01-31,https://www.sec.gov/Archives/edgar/data/8670/000000867022000014/adp-20211231.htm,99.61,1599.571175780293,,1.8478312305734865,1.8478312305734865,8,revenue_growth_yoy,8.0,debt_to_assets,2.2117,equity_to_assets,-2.1798,robust_mcd,,,,,,,,,8.0,1.3924919315598316,-0.2959874780797303,0.0,2.2117117911621027,-2.179825132816825,0.4376613930011686,-0.2649721179682334,8.0,1.3924919315598316,-0.2959874780797303,0.0,2.2117117911621027,-2.179825132816825,0.4376613930011686,-0.2649721179682334,brick3_q_v2_robust_mahalanobis_clipped,2026-03-18T05:10:36.278770+00:00
BKNG,,,10-Q,2022-03-31,2022-05-04,https://www.sec.gov/Archives/edgar/data/1075531/000107553122000022/bkng-20220331.htm,99.54,1595.5001706634057,,2.6353255244451983,2.6353255244451983,4,revenue_growth_yoy,8.0,assets_growth_yoy,-1.0597,debt_to_assets,0.8608,robust_mcd,,,,,,,,,8.0,-1.0597239622196917,,,0.8607539136199542,-0.6208242219411471,,,8.0,-1.0597239622196917,,,0.8607539136199542,-0.6208242219411471,,,brick3_q_v2_robust_mahalanobis_clipped,2026-03-18T05:10:36.278770+00:00
BKNG,,,10-Q,2021-06-30,2021-08-04,https://www.sec.gov/Archives/edgar/data/1075531/000107553121000044/bkng-20210630.htm,99.46,1594.490251809059,,2.5021195113065064,2.5021195113065064,4,revenue_growth_yoy,8.0,debt_to_assets,0.9784,equity_to_assets,-0.8689,robust_mcd,,,,,,,,,8.0,0.16116917075891835,,,0.9784142074375431,-0.8688946670295635,,,8.0,0.16116917075891835,,,0.9784142074375431,-0.8688946670295635,,,brick3_q_v2_robust_mahalanobis_clipped,2026-03-18T05:10:36.278770+00:00
TSLA,,,10-Q,2022-03-31,2022-04-25,https://www.sec.gov/Archives/edgar/data/1318605/000095017022006034/tsla-20220331.htm,99.38,1588.1459253210803,,2.5309972866234274,2.5309972866234274,8,revenue_growth_yoy,8.0,net_income_growth_yoy,8.0,net_margin,1.6596,robust_mcd,,,,,,,,,8.0,1.4507792136199125,8.0,1.6595712969004082,-0.3739995721707731,0.6685789985279244,0.06213865804285577,-0.03291055372554714,8.0,1.4507792136199125,8.0,1.6595712969004082,-0.3739995721707731,0.6685789985279244,0.06213865804285577,-0.03291055372554714,brick3_q_v2_robust_mahalanobis_clipped,2026-03-18T05:10:36.278770+00:00
FANG,,,10-Q,2021-06-30,2021-08-05,https://www.sec.gov/Archives/edgar/data/1539838/000153983821000117/fang-20210630.htm,99.31,1580.4931782061653,,1.6842849222827352,1.6842849222827352,8,revenue_growth_yoy,8.0,ocf_to_net_income,1.7637,net_margin,1.2044,robust_mcd,,,,,,,,,8.0,0.05027751852630646,0.958619499361769,1.2043795118609917,-0.2910781575796149,0.4032676652405639,-0.8029703590764765,1.7636866666161592,8.0,0.05027751852630646,0.958619499361769,1.2043795118609917,-0.2910781575796149,0.4032676652405639,-0.8029703590764765,1.7636866666161592,brick3_q_v2_robust_mahalanobis_clipped,2026-03-18T05:10:36.278770+00:00
ALNY,,,10-Q,2021-03-31,2021-04-29,https://www.sec.gov/Archives/edgar/data/1178670/000117867021000017/alny-20210331.htm,99.23,1462.0993312966089,,2.0377330823377915,2.0377330823377915,8,net_margin,-8.0,revenue_growth_yoy,3.5227,assets_growth_yoy,1.7337,robust_mcd,,,,,,,,,3.522663737848852,1.7337072319979991,-0.6755427423275132,-8.0,0.5941564895092747,-0.22244303818936942,1.3536387305085287,-0.19971268832079417,3.522663737848852,1.7337072319979991,-0.6755427423275132,-8.0,0.5941564895092747,-0.22244303818936942,1.3536387305085287,-0.19971268832079417,brick3_q_v2_robust_mahalanobis_clipped,2026-03-18T05:10:36.278770+00:00
ALNY,,,10-Q,2021-06-30,2021-08-03,https://www.sec.gov/Archives/edgar/data/1178670/000117867021000024/alny-20210630.htm,99.15,1286.0778348910353,,1.9210251416835296,1.9210251416835296,8,net_margin,-8.0,revenue_growth_yoy,2.5446,accrual_ratio,2.1629,robust_mcd,,,,,,,,,2.544596155844833,-0.5433146223017452,-0.619972979566517,-8.0,0.8228275967415392,-0.6744907594765952,2.162855040932543,0.00014397860446384333,2.544596155844833,-0.5433146223017452,-0.619972979566517,-8.0,0.8228275967415392,-0.6744907594765952,2.162855040932543,0.00014397860446384333,brick3_q_v2_robust_mahalanobis_clipped,2026-03-18T05:10:36.278770+00:00
APP,,,10-Q,2021-03-31,2021-05-14,https://www.sec.gov/Archives/edgar/data/1751008/000119312521161989/d16771d10q.htm,99.07,1252.228957190935,,4.182435285070411,4.182435285070411,8,assets_growth_yoy,8.0,revenue_growth_yoy,6.9012,net_income_growth_yoy,-6.8074,robust_mcd,,,,,,,,,6.901200320574182,8.0,-6.807369966558491,-0.7519721606567666,2.044325877345904,-1.7748831962629499,-0.8140153399631731,-6.365715419201818,6.901200320574182,8.0,-6.807369966558491,-0.7519721606567666,2.044325877345904,-1.7748831962629499,-0.8140153399631731,-6.365715419201818,brick3_q_v2_robust_mahalanobis_clipped,2026-03-18T05:10:36.278770+00:00
STX,,,10-Q,2023-09-29,2023-10-27,https://www.sec.gov/Archives/edgar/data/1137789/000113778923000128/stx-20230929.htm,99.0,1157.0836382732755,2.6928381983594964,0.6744907594765953,2.130229006546825,8,revenue_growth_yoy,-6.8562,equity_to_assets,-3.2615,debt_to_assets,3.2615,robust_mcd,-6.856232622602068,-0.6744907594765952,-0.6744907594765953,-1.7709789269307357,4.986138774673743,-4.986138774673749,0.344884278938881,-1.2493506901036042,,-0.6744907594765952,0.6744907594765959,,0.6744907594765953,-0.6744907594765952,-0.6744907594765952,-0.6744907594765952,-6.856232622602068,-0.6744907594765952,-0.13489815189531884,-1.7709789269307357,3.2614795685948836,-3.261479568594887,-0.06286573642730947,-1.0194067178528006,brick3_q_v2_robust_mahalanobis_clipped,2026-03-18T05:10:36.278770+00:00
ALNY,,,10-Q,2021-09-30,2021-10-28,https://www.sec.gov/Archives/edgar/data/1178670/000117867021000028/alny-20210930.htm,98.92,1115.185162808073,,1.8688227195477307,1.8688227195477307,8,net_margin,-8.0,accrual_ratio,2.9221,revenue_growth_yoy,1.127,robust_mcd,,,,,,,,,1.1270233130066274,-0.30860628464469064,-0.14809454854887552,-8.0,1.0131157377704205,-0.910685194370226,2.9220523968754892,-0.5210042811655167,1.1270233130066274,-0.30860628464469064,-0.14809454854887552,-8.0,1.0131157377704205,-0.910685194370226,2.9220523968754892,-0.5210042811655167,brick3_q_v2_robust_mahalanobis_clipped,2026-03-18T05:10:36.278770+00:00
MSTR,,,10-Q,2021-03-31,2021-04-29,https://www.sec.gov/Archives/edgar/data/1050446/000156459021021949/mstr-10q_20210331.htm,98.84,1099.2481532994316,,3.891680089126785,3.891680089126785,8,assets_growth_yoy,8.0,net_income_growth_yoy,-8.0,net_margin,-8.0,robust_mcd,,,,,,,,,0.1324891618652397,8.0,-8.0,-8.0,1.1807396984124403,-0.8502112147508116,-3.243282025566275,-1.726718612419516,0.1324891618652397,8.0,-8.0,-8.0,1.1807396984124403,-0.8502112147508116,-3.243282025566275,-1.726718612419516,brick3_q_v2_robust_mahalanobis_clipped,2026-03-18T05:10:36.278770+00:00
ALNY,,,10-Q,2022-03-31,2022-04-28,https://www.sec.gov/Archives/edgar/data/1178670/000117867022000016/alny-20220331.htm,98.77,1096.672198032842,,1.6541075384948303,1.6541075384948303,8,net_margin,-8.0,debt_to_assets,1.1453,revenue_growth_yoy,0.9842,robust_mcd,,,,,,,,,0.9842223345081484,-0.1529682008431542,-0.7885835379513869,-8.0,1.1452739827461496,-0.9364648399748672,-0.5534288066744609,-0.6719186052604743,0.9842223345081484,-0.1529682008431542,-0.7885835379513869,-8.0,1.1452739827461496,-0.9364648399748672,-0.5534288066744609,-0.6719186052604743,brick3_q_v2_robust_mahalanobis_clipped,2026-03-18T05:10:36.278770+00:00
MSTR,,,10-Q,2021-06-30,2021-07-29,https://www.sec.gov/Archives/edgar/data/1050446/000156459021039125/mstr-10q_20210630.htm,98.69,1085.9164526879122,,4.01110850618786,4.01110850618786,8,assets_growth_yoy,8.0,net_income_growth_yoy,-8.0,net_margin,-8.0,robust_mcd,,,,,,,,,-0.3002937463724624,8.0,-8.0,-8.0,1.6143558182563702,-1.658591375379328,-3.3307239155435155,-1.1849031939512031,-0.3002937463724624,8.0,-8.0,-8.0,1.6143558182563702,-1.658591375379328,-3.3307239155435155,-1.1849031939512031,brick3_q_v2_robust_mahalanobis_clipped,2026-03-18T05:10:36.278770+00:00
MSTR,,,10-Q,2022-03-31,2022-05-03,https://www.sec.gov/Archives/edgar/data/1050446/000156459022017437/mstr-10q_20220331.htm,98.61,1083.073431623034,,2.4395508495955,2.4395508495955,8,net_margin,-8.0,assets_growth_yoy,3.4783,accrual_ratio,-2.2844,robust_mcd,,,,,,,,,-1.794369819678019,3.478344348516792,-0.7657343259887938,-8.0,0.7091920507305359,-0.4526846589933409,-2.2844304547208285,-2.0316511381356874,-1.794369819678019,3.478344348516792,-0.7657343259887938,-8.0,0.7091920507305359,-0.4526846589933409,-2.2844304547208285,-2.0316511381356874,brick3_q_v2_robust_mahalanobis_clipped,2026-03-18T05:10:36.278770+00:00
EA,,,10-Q,2021-12-31,2022-02-08,https://www.sec.gov/Archives/edgar/data/712515/000071251522000003/ea-20211231.htm,98.54,1052.4822353230747,,2.4572303363471777,2.4572303363471777,8,net_margin,-8.0,ocf_to_net_income,8.0,net_income_growth_yoy,-1.0011,robust_mcd,,,,,,,,,0.0,0.3836422723343794,-1.0011391878492322,-8.0,-0.4996345136472236,0.9140546645650919,-0.8593720523814934,8.0,0.0,0.3836422723343794,-1.0011391878492322,-8.0,-0.4996345136472236,0.9140546645650919,-0.8593720523814934,8.0,brick3_q_v2_robust_mahalanobis_clipped,2026-03-18T05:10:36.278770+00:00
MELI,,,10-Q,2022-03-31,2022-05-06,https://www.sec.gov/Archives/edgar/data/1099590/000156276222000223/meli-20220331x10q.htm,98.46,1024.8774167113515,,3.9082268892479775,3.9082268892479775,8,assets_growth_yoy,8.0,ocf_to_net_income,-6.2556,revenue_growth_yoy,6.1716,robust_mcd,,,,,,,,,6.171606330843246,8.0,5.378145878863539,-1.203976301913027,1.0463008593523593,-0.826666125484581,2.3835136469068976,-6.25560597062017,6.171606330843246,8.0,5.378145878863539,-1.203976301913027,1.0463008593523593,-0.826666125484581,2.3835136469068976,-6.25560597062017,brick3_q_v2_robust_mahalanobis_clipped,2026-03-18T05:10:36.278770+00:00
ALNY,,,10-Q,2022-09-30,2022-10-27,https://www.sec.gov/Archives/edgar/data/1178670/000117867022000026/alny-20220930.htm,98.38,890.5624910167405,2.553741738956178,2.110557576611871,2.30666979785242,8,net_margin,-7.3056,net_income_growth_yoy,-4.522,debt_to_assets,2.0483,robust_mcd,-0.2497265433977062,-2.170548582463997,-5.926502208280797,-6.842668627417351,2.390221116340892,-2.3902211163408924,-0.2155952977091977,-0.24445041969859213,1.6622446010505327,-0.11733814633058429,-2.4151451564676716,-8.0,1.5355341272325538,-1.329096275327027,1.0949542648568686,-0.7301480416297339,0.5150619143815894,-1.349264408010632,-4.5219593875555475,-7.30560117645041,2.048346320697557,-1.9657711799353463,0.3086245273172289,-0.4387294684710488,brick3_q_v2_robust_mahalanobis_clipped,2026-03-18T05:10:36.278770+00:00
CEG,,,10-Q,2023-06-30,2023-08-03,https://www.sec.gov/Archives/edgar/data/1868275/000186827523000064/ceg-20230630.htm,98.3,886.0563460252993,4.026930606036212,1.885354944043538,2.7001574919234006,8,net_income_growth_yoy,8.0,revenue_growth_yoy,-4.9504,net_margin,3.5009,robust_mcd,-7.937441613019247,,8.0,5.385152682219533,-1.466958026666335,1.7841809570027765,3.1619473834441947,0.45283357990139483,-0.4698857565968297,-0.4748474849542917,8.0,0.6744907594765952,0.6824012194881622,-0.6757145630057191,2.096960816230935,-2.0085389525957704,-4.95041927045028,-0.4748474849542917,8.0,3.500887913122358,-0.6072143282045361,0.8002227489993781,2.735952756558891,-0.5317154330974714,brick3_q_v2_robust_mahalanobis_clipped,2026-03-18T05:10:36.278770+00:00
FANG,,,10-Q,2021-09-30,2021-11-04,https://www.sec.gov/Archives/edgar/data/1539838/000153983821000126/fang-20210930.htm,98.23,870.9427217838914,,1.962719940268102,1.962719940268102,8,revenue_growth_yoy,5.4314,net_margin,3.6334,net_income_growth_yoy,3.048,robust_mcd,,,,,,,,,5.431355248953851,0.9518490497507669,3.048042831769356,3.6333644422848472,-0.41142335676445435,0.5735684498222955,-0.9779905293052306,0.6741656134940148,5.431355248953851,0.9518490497507669,3.048042831769356,3.6333644422848472,-0.41142335676445435,0.5735684498222955,-0.9779905293052306,0.6741656134940148,brick3_q_v2_robust_mahalanobis_clipped,2026-03-18T05:10:36.278770+00:00
SHOP,,,10-Q,2025-03-31,2025-05-08,https://www.sec.gov/Archives/edgar/data/1594805/000159480525000046/shop-20250331.htm,98.15,719.1850497686169,,2.705277784903156,2.705277784903156,7,net_margin,-5.9363,accrual_ratio,-4.2998,net_income_growth_yoy,-2.9229,robust_mcd,,,,,,,,,1.7988664250254085,0.16731194416746642,-2.92294231529739,-5.936324634529891,,1.4328212674557976,-4.2997739387838365,-2.3789039690623044,1.7988664250254085,0.16731194416746642,-2.92294231529739,-5.936324634529891,,1.4328212674557976,-4.2997739387838365,-2.3789039690623044,brick3_q_v2_robust_mahalanobis_clipped,2026-03-18T05:10:36.278770+00:00
MDLZ,,,10-Q,2023-03-31,2023-04-27,https://www.sec.gov/Archives/edgar/data/1103982/000110398223000018/mdlz-20230331.htm,98.07,690.8609045467285,4.004838987057437,1.1190143852729522,2.844720065057812,8,revenue_growth_yoy,5.0118,equity_to_assets,-3.6927,debt_to_assets,3.6882,robust_mcd,8.0,2.7116903074558723,3.141447363443707,2.3896105006838138,6.068331594066332,-6.193033864970122,2.1215716028954166,-1.413026662944231,0.5294955210675396,0.0,3.4282425082799377,2.373468621124551,0.11797347443836324,0.05789081285830725,1.4958482689651487,-0.9491958754497704,5.011798208427016,1.6270141844735233,3.256165421378199,2.3831537488601087,3.6881883462151444,-3.69266399383875,1.8712822693233093,-1.2274943479464469,brick3_q_v2_robust_mahalanobis_clipped,2026-03-18T05:10:36.278770+00:00
ALNY,,,10-Q,2022-06-30,2022-07-28,https://www.sec.gov/Archives/edgar/data/1178670/000117867022000020/alny-20220630.htm,98.0,647.6888646211405,3.478963102563725,1.798042092398631,2.7340609039132917,8,net_margin,-5.8705,assets_growth_yoy,-5.1654,debt_to_assets,2.6929,robust_mcd,-3.537679159922814,-8.0,-3.6492046777776075,-4.450762166909131,3.5843401502380567,-3.5843401502380563,-0.4835586305626378,-0.5418198848614973,-0.6744907594765952,-0.9135574622917716,-0.6228208763427979,-8.0,1.355671580208404,-1.1011891650495327,1.4092486867394087,-0.307358209080539,-2.392403799744326,-5.165422984916709,-2.4386511572036835,-5.870457300145478,2.6928727222261957,-2.591079756162647,0.27356429635818086,-0.44803521454911405,brick3_q_v2_robust_mahalanobis_clipped,2026-03-18T05:10:36.278770+00:00
ADBE,,,10-Q,2024-03-01,2024-03-27,https://www.sec.gov/Archives/edgar/data/796343/000079634324000065/adbe-20240301.htm,97.92,614.6297398953051,1.401752768951968,,1.401752768951968,8,net_margin,-6.1549,assets_growth_yoy,-2.1413,accrual_ratio,1.0622,robust_mcd,-0.38381050232340175,-2.141251397337479,-0.5090885927573126,-6.154873051935751,-0.04150766725327018,0.04150766725326228,1.0622335432385326,-0.8797497295167352,,,,,,,,,-0.38381050232340175,-2.141251397337479,-0.5090885927573126,-6.154873051935751,-0.04150766725327018,0.04150766725326228,1.0622335432385326,-0.8797497295167352,brick3_q_v2_robust_mahalanobis_clipped,2026-03-18T05:10:36.278770+00:00
GOOG,,,10-Q,2025-09-30,2025-10-30,https://www.sec.gov/Archives/edgar/data/1652044/000165204425000091/goog-20250930.htm,97.8,609.2129710029456,2.0933875264946304,1.268555199971409,1.6570373383589891,8,net_margin,6.149,assets_growth_yoy,3.5453,accrual_ratio,-1.0683,robust_mcd,,4.808302433465509,0.21537312218850085,8.0,-0.13768164696321167,0.13768164696321236,-0.7282440942232181,0.6264297416587623,0.6744907594765952,1.650804711890873,0.7938116268555274,3.3724248411021196,-0.9810511075958565,0.9785651272326125,-1.578409447174673,0.11888397844301478,0.6744907594765952,3.545303344835655,0.4467485240553115,6.148969936440848,-0.4750294312162696,0.47403503907097244,-1.0683102354038,0.42341143637246326,brick3_q_v2_robust_mahalanobis_clipped,2026-03-18T05:10:36.278770+00:00
GOOGL,,,10-Q,2025-09-30,2025-10-30,https://www.sec.gov/Archives/edgar/data/1652044/000165204425000091/goog-20250930.htm,97.8,609.2129710029456,2.0933875264946304,1.268555199971409,1.6570373383589891,8,net_margin,6.149,assets_growth_yoy,3.5453,accrual_ratio,-1.0683,robust_mcd,,4.808302433465509,0.21537312218850085,8.0,-0.13768164696321167,0.13768164696321236,-0.7282440942232181,0.6264297416587623,0.6744907594765952,1.650804711890873,0.7938116268555274,3.3724248411021196,-0.9810511075958565,0.9785651272326125,-1.578409447174673,0.11888397844301478,0.6744907594765952,3.545303344835655,0.4467485240553115,6.148969936440848,-0.4750294312162696,0.47403503907097244,-1.0683102354038,0.42341143637246326,brick3_q_v2_robust_mahalanobis_clipped,2026-03-18T05:10:36.278770+00:00
CMCSA,,,10-Q,2022-09-30,2022-10-27,https://www.sec.gov/Archives/edgar/data/1166691/000116669122000039/cmcsa-20220930.htm,97.69,575.6290188924621,4.309223522060504,1.8952860940935872,3.3436485508737377,7,net_margin,-5.7092,net_income_growth_yoy,-5.2924,equity_to_assets,-4.0062,robust_mcd,-1.6341095562660708,-2.4345941081105376,-5.383046161482203,-8.0,,-6.5432554771179205,-1.836655376944621,-4.332903974502178,-0.6744907594765952,-1.014553180882205,-5.156421077709671,-2.2730986887555735,,-0.20056673179267953,-1.2319776580644066,-2.71589456197398,-1.2502620375502804,-1.8665777372192045,-5.2923961279731895,-5.70923947550223,,-4.006179978987824,-1.5947842893925352,-3.686100209490898,brick3_q_v2_robust_mahalanobis_clipped,2026-03-18T05:10:36.278770+00:00
MDLZ,,,10-Q,2023-06-30,2023-07-27,https://www.sec.gov/Archives/edgar/data/1103982/000110398223000043/mdlz-20230630.htm,97.61,572.1804283494545,2.1845544630985523,0.26717536697249183,1.3795773462746381,8,revenue_growth_yoy,4.7375,assets_growth_yoy,1.9469,debt_to_assets,1.876,robust_mcd,7.266838507148906,3.167016633735426,0.218179393839417,-0.4889666144460034,2.9791011470070607,-2.732252004813596,-0.21788447298904337,0.4061969308089645,0.9434488856132583,0.11661944159757218,0.14901290065845907,-0.1364644049070887,0.22122865435766204,-0.023568701142900803,0.4936318732516606,-0.05342807425133315,4.737482658534646,1.9468577568802845,0.19051279656703385,-0.3479657306304375,1.875952149947301,-1.648778683345318,0.06672206550723825,0.22234692878484544,brick3_q_v2_robust_mahalanobis_clipped,2026-03-18T05:10:36.278770+00:00
GOOG,,,10-Q,2024-09-30,2024-10-30,https://www.sec.gov/Archives/edgar/data/1652044/000165204424000118/goog-20240930.htm,97.49,569.2635661318434,1.7577169781145496,1.0671214649900709,1.43658830207747,8,net_margin,5.9,equity_to_assets,1.3019,debt_to_assets,-1.2083,robust_mcd,,0.1098326436894945,0.32111416139252963,8.0,-1.4465674222460996,1.446567422246096,-0.5979911288803974,0.3819460683472311,1.1591773676173736,0.0,0.6906874139264364,2.750061726907755,-0.8507893830378878,1.0849318472994596,-2.001323981131654,0.0,1.1591773676173736,0.0658995862136967,0.4689434624060923,5.900024690763102,-1.2082562065628148,1.3019131922674414,-1.1593242697809,0.22916764100833864,brick3_q_v2_robust_mahalanobis_clipped,2026-03-18T05:10:36.278770+00:00
GOOGL,,,10-Q,2024-09-30,2024-10-30,https://www.sec.gov/Archives/edgar/data/1652044/000165204424000118/goog-20240930.htm,97.49,569.2635661318434,1.7577169781145496,1.0671214649900709,1.43658830207747,8,net_margin,5.9,equity_to_assets,1.3019,debt_to_assets,-1.2083,robust_mcd,,0.1098326436894945,0.32111416139252963,8.0,-1.4465674222460996,1.446567422246096,-0.5979911288803974,0.3819460683472311,1.1591773676173736,0.0,0.6906874139264364,2.750061726907755,-0.8507893830378878,1.0849318472994596,-2.001323981131654,0.0,1.1591773676173736,0.0658995862136967,0.4689434624060923,5.900024690763102,-1.2082562065628148,1.3019131922674414,-1.1593242697809,0.22916764100833864,brick3_q_v2_robust_mahalanobis_clipped,2026-03-18T05:10:36.278770+00:00
MAR,,,10-Q,2021-06-30,2021-08-03,https://www.sec.gov/Archives/edgar/data/1048286/000162828021015288/mar-20210630.htm,97.38,567.8760256286309,,1.8744359399895363,1.8744359399895363,7,revenue_growth_yoy,4.6942,net_income_growth_yoy,3.183,equity_to_assets,-1.6448,robust_mcd,,,,,,,,,4.694231641808049,-1.1363403851690455,3.183029921585072,0.4500450227649134,,-1.6448459241110596,1.1345240832170005,-0.8780346012716145,4.694231641808049,-1.1363403851690455,3.183029921585072,0.4500450227649134,,-1.6448459241110596,1.1345240832170005,-0.8780346012716145,brick3_q_v2_robust_mahalanobis_clipped,2026-03-18T05:10:36.278770+00:00
GOOG,,,10-Q,2024-06-30,2024-07-24,https://www.sec.gov/Archives/edgar/data/1652044/000165204424000079/goog-20240630.htm,97.26,553.5548376233264,1.6811727254775595,0.9748285833653129,1.316088699999621,8,net_margin,5.8609,equity_to_assets,1.3374,debt_to_assets,-1.2196,robust_mcd,,0.10245013425643532,0.34788474405735503,8.0,-1.4787589290247605,1.4787589290247605,0.11787144449288724,-0.2424848974867201,0.9047749078758972,0.030816656097707333,0.6148846745078878,2.6523475455942127,-0.8309168881396797,1.125327092428735,-1.573202745888563,0.06635815638982043,0.9047749078758972,0.07379674299294413,0.4546847162375681,5.860939018237685,-1.219622112670728,1.3373861943863503,-0.5585582316596929,-0.11894767593610389,brick3_q_v2_robust_mahalanobis_clipped,2026-03-18T05:10:36.278770+00:00
GOOGL,,,10-Q,2024-06-30,2024-07-24,https://www.sec.gov/Archives/edgar/data/1652044/000165204424000079/goog-20240630.htm,97.26,553.5548376233264,1.6811727254775595,0.9748285833653129,1.316088699999621,8,net_margin,5.8609,equity_to_assets,1.3374,debt_to_assets,-1.2196,robust_mcd,,0.10245013425643532,0.34788474405735503,8.0,-1.4787589290247605,1.4787589290247605,0.11787144449288724,-0.2424848974867201,0.9047749078758972,0.030816656097707333,0.6148846745078878,2.6523475455942127,-0.8309168881396797,1.125327092428735,-1.573202745888563,0.06635815638982043,0.9047749078758972,0.07379674299294413,0.4546847162375681,5.860939018237685,-1.219622112670728,1.3373861943863503,-0.5585582316596929,-0.11894767593610389,brick3_q_v2_robust_mahalanobis_clipped,2026-03-18T05:10:36.278770+00:00
EXC,,,10-Q,2022-06-30,2022-08-03,https://www.sec.gov/Archives/edgar/data/1109357/000110935722000092/exc-20220630.htm,97.15,546.5723190367019,4.461923830644533,0.9574794499606099,2.886351771237816,4,assets_growth_yoy,-5.7146,revenue_growth_yoy,4.6093,debt_to_assets,0.7403,robust_mcd,8.0,-8.0,,,0.7842507454507428,1.0634445771273913,,,-0.47685834955809564,-2.2864555047001067,,,0.6744907594765952,-0.3921131861076416,,,4.6092566601767615,-5.7145822018800425,,,0.7403467510610837,0.48122147183337816,,,brick3_q_v2_robust_mahalanobis_clipped,2026-03-18T05:10:36.278770+00:00
EXC,,,10-Q,2022-09-30,2022-11-03,https://www.sec.gov/Archives/edgar/data/1109357/000110935722000113/exc-20220930.htm,97.07,532.866257439443,4.722468357380052,0.9211904149365449,2.875160607940178,4,assets_growth_yoy,-5.6203,revenue_growth_yoy,4.5547,equity_to_assets,1.194,robust_mcd,8.0,-8.0,,,-0.6476695628678267,2.2422038666523805,,,-0.6131381071148241,-2.050778797433824,,,0.6426541487631109,-0.3781906064344208,,,4.5547447571540705,-5.62031151897353,,,-0.13154007821545166,1.1940460774176598,,,brick3_q_v2_robust_mahalanobis_clipped,2026-03-18T05:10:36.278770+00:00
MSTR,,,10-Q,2021-09-30,2021-10-28,https://www.sec.gov/Archives/edgar/data/1050446/000156459021052646/mstr-10q_20210930.htm,96.99,530.9700471017838,,3.0805628541794166,3.0805628541794166,8,assets_growth_yoy,8.0,net_margin,-5.51,net_income_growth_yoy,-4.1295,robust_mcd,,,,,,,,,-0.6744907594765952,8.0,-4.129487973143957,-5.509997846279346,1.2851568988692232,-1.234735176342025,0.16030482229783125,-3.650329357026355,-0.6744907594765952,8.0,-4.129487973143957,-5.509997846279346,1.2851568988692232,-1.234735176342025,0.16030482229783125,-3.650329357026355,brick3_q_v2_robust_mahalanobis_clipped,2026-03-18T05:10:36.278770+00:00
AEP,,,10-Q,2023-09-30,2023-11-02,https://www.sec.gov/Archives/edgar/data/4904/000000490423000121/aep-20230930.htm,96.92,515.9768443430058,1.9942644650738504,0.7304059163346068,1.2469363951816133,8,net_margin,5.1963,revenue_growth_yoy,-1.4519,net_income_growth_yoy,1.0562,robust_mcd,-1.6439137060791411,-1.4762270303511458,,7.830003314020997,-0.8215925694114742,1.2286718703789756,-0.89034427614647,0.06909848912874879,-1.1638019948038518,-0.3679820839502208,1.0561564270560984,1.245738181162645,0.6403439602434052,-0.621385266905859,0.45253624830281935,0.295303168251955,-1.4518690215690255,-1.0329290517907759,1.0561564270560984,5.196297260877657,-0.2368179575495224,0.48864901546504175,-0.35319206636675426,0.15958036077803128,brick3_q_v2_robust_mahalanobis_clipped,2026-03-18T05:10:36.278770+00:00
PYPL,,,10-Q,2022-06-30,2022-08-03,https://www.sec.gov/Archives/edgar/data/1633917/000163391722000137/pypl-20220630.htm,96.84,515.6935811763398,3.2927730963982786,1.1713094735440184,2.437300783079608,8,ocf_to_net_income,-6.4974,net_margin,-5.545,net_income_growth_yoy,-2.3244,robust_mcd,-0.8257701758302658,-1.0773771489733097,-2.7113405979454477,-8.0,2.093257493129145,-2.0932574931291374,-1.5411818621789235,-8.0,-0.27114200464067634,0.06886864176966787,-1.7438859853506876,-1.862576290007358,0.6820799245956934,-0.4000131364914398,-0.09834953728499926,-4.243560268211625,-0.60391890735443,-0.6188788326761187,-2.3243587529075436,-5.545030516002943,1.5287864657157644,-1.4159597504740584,-0.9640489322213538,-6.49742410728465,brick3_q_v2_robust_mahalanobis_clipped,2026-03-18T05:10:36.278770+00:00
GOOG,,,10-Q,2025-06-30,2025-07-24,https://www.sec.gov/Archives/edgar/data/1652044/000165204425000062/goog-20250630.htm,96.72,502.2772552336537,1.9829167129193348,0.951991305835596,1.4001236408455238,8,net_margin,5.5955,assets_growth_yoy,2.9618,equity_to_assets,0.6984,robust_mcd,,4.032442213450832,-0.5063641275513606,8.0,-0.5183689238721578,0.5183689238721578,0.12076176362779402,-0.18411103806104048,0.4236071785512966,1.3558656219597378,0.20163670183186336,1.9887369899196254,-0.9045996925597958,0.9683234615895702,-1.621193205919306,0.15196759435357227,0.4236071785512966,2.961811576854394,-0.223163795798071,5.59549479596785,-0.6728612313472131,0.6983507389591228,-0.5760202241910459,-0.04967958509519538,brick3_q_v2_robust_mahalanobis_clipped,2026-03-18T05:10:36.278770+00:00
GOOGL,,,10-Q,2025-06-30,2025-07-24,https://www.sec.gov/Archives/edgar/data/1652044/000165204425000062/goog-20250630.htm,96.72,502.2772552336537,1.9829167129193348,0.951991305835596,1.4001236408455238,8,net_margin,5.5955,assets_growth_yoy,2.9618,equity_to_assets,0.6984,robust_mcd,,4.032442213450832,-0.5063641275513606,8.0,-0.5183689238721578,0.5183689238721578,0.12076176362779402,-0.18411103806104048,0.4236071785512966,1.3558656219597378,0.20163670183186336,1.9887369899196254,-0.9045996925597958,0.9683234615895702,-1.621193205919306,0.15196759435357227,0.4236071785512966,2.961811576854394,-0.223163795798071,5.59549479596785,-0.6728612313472131,0.6983507389591228,-0.5760202241910459,-0.04967958509519538,brick3_q_v2_robust_mahalanobis_clipped,2026-03-18T05:10:36.278770+00:00
NVDA,,,10-Q,2022-10-30,2022-11-18,https://www.sec.gov/Archives/edgar/data/1045810/000104581022000166/nvda-20221030.htm,96.61,501.3060670671522,2.1877930615596584,,2.1877930615596584,5,net_margin,-5.5551,ocf_to_net_income,2.4386,debt_to_assets,1.3465,robust_mcd,,,,-5.55505639636757,1.3464706325453029,-1.3464706325453015,-0.2523512225244087,2.438616423815708,,,,,,,,,,,,-5.55505639636757,1.3464706325453029,-1.3464706325453015,-0.2523512225244087,2.438616423815708,brick3_q_v2_robust_mahalanobis_clipped,2026-03-18T05:10:36.278770+00:00
PEP,,,10-Q,2022-06-11,2022-07-12,https://www.sec.gov/Archives/edgar/data/77476/000007747622000043/pep-20220611.htm,96.53,452.962039493492,2.2848918098068673,,2.2848918098068673,5,net_margin,-5.2179,equity_to_assets,2.4443,debt_to_assets,-2.4399,robust_mcd,,,,-5.217919230456635,-2.439930084081613,2.4442808613926363,-0.519219447415476,0.8031094256879757,,,,,,,,,,,,-5.217919230456635,-2.439930084081613,2.4442808613926363,-0.519219447415476,0.8031094256879757,brick3_q_v2_robust_mahalanobis_clipped,2026-03-18T05:10:36.278770+00:00
APP,,,10-Q,2024-03-31,2024-05-08,https://www.sec.gov/Archives/edgar/data/1751008/000175100824000043/app-20240331.htm,96.45,446.3052473407632,2.220625461518426,2.5943486241766793,2.229001496164976,8,net_income_growth_yoy,5.4117,revenue_growth_yoy,3.4448,net_margin,3.3385,robust_mcd,1.410537868290764,-0.6312427917051576,3.6860847122715286,5.895009950487095,2.6669787031519716,-2.667796474878438,0.28441177358292336,-0.52294141777953,6.4962081756908585,-2.1823874249147317,8.0,-0.4963599313842587,1.0106253281639954,-0.8777278522593389,-1.2033255685913797,0.4881547124088724,3.444805991250802,-1.2517006449889874,5.411650827362918,3.3384619977385537,2.0044373531567814,-1.9517690258307983,-0.3106831632867979,-0.11850296570416899,brick3_q_v2_robust_mahalanobis_clipped,2026-03-18T05:10:36.278770+00:00
INTU,,,10-Q,2023-04-30,2023-05-23,https://www.sec.gov/Archives/edgar/data/896878/000089687823000020/intu-20230430.htm,96.38,444.9083885160048,2.2143819568368825,0.5182343871822843,1.4204310891730216,8,net_margin,5.0832,accrual_ratio,-2.1069,assets_growth_yoy,-1.7105,robust_mcd,,-2.436595229786803,-0.09212154200067714,8.0,-0.7286881481428725,0.7286881481428725,-3.3711166535965926,-0.14346397618835882,-0.6744907594765952,-0.6214426052576764,-0.16984053883678438,0.7079824889457956,-0.6567436569430096,0.7054951472169773,-0.21058857783369134,-0.3992913229477452,-0.6744907594765952,-1.7105341799751523,-0.12320914073512004,5.083192995578318,-0.6999103516629274,0.7194109477725144,-2.106905423291432,-0.2457949148921134,brick3_q_v2_robust_mahalanobis_clipped,2026-03-18T05:10:36.278770+00:00
CTSH,,,10-Q,2025-09-30,2025-10-29,https://www.sec.gov/Archives/edgar/data/1058290/000105829025000341/ctsh-20250930.htm,96.3,434.4413465176214,3.021679650094983,1.1414163296048079,2.2226344747826765,8,net_margin,-5.0927,ocf_to_net_income,4.3733,net_income_growth_yoy,-3.54,robust_mcd,0.6468257574907124,-0.9748892078361001,-4.648047995460552,-8.0,-1.0182783296387412,1.0182783296387425,-2.2913683367864603,5.575749243908555,-0.4693984711623635,-0.8586434437376844,-1.8778672767090498,-0.7316477118819865,-1.052163806780153,1.046746282968064,-0.5251363259729931,2.569727317626169,0.20033606602948198,-0.9283909021967338,-3.539975707959951,-5.092659084752794,-1.031832520495306,1.029665510970471,-1.5848755324610733,4.3733404733956,brick3_q_v2_robust_mahalanobis_clipped,2026-03-18T05:10:36.278770+00:00
APP,,,10-Q,2024-06-30,2024-08-07,https://www.sec.gov/Archives/edgar/data/1751008/000175100824000055/app-20240630.htm,96.22,426.36970075133155,1.5404696461487455,2.5767182920003076,1.8866455675765992,8,revenue_growth_yoy,3.8114,net_income_growth_yoy,2.9734,accrual_ratio,-2.5911,robust_mcd,1.410537868290764,-0.5321212808202918,0.28453984157215645,4.154373903847297,1.5311716466890686,-1.5312789118696613,-2.7417348499340943,-0.1379988661666308,7.412588453878641,-1.02307384497248,7.00659905482778,-0.4762370698777673,0.9762318692404299,-1.0128715671248272,-2.365055637989143,0.34108883809139423,3.811358102525915,-0.7285023064811671,2.973363526874406,2.3021295143572713,1.3091957357096131,-1.3239159739717277,-2.591063165156114,0.05363621553657921,brick3_q_v2_robust_mahalanobis_clipped,2026-03-18T05:10:36.278770+00:00
SBUX,,,10-Q,2023-07-02,2023-08-01,https://www.sec.gov/Archives/edgar/data/829224/000082922423000044/sbux-20230702.htm,96.14,410.0604578108033,1.3476836513558916,0.6744907594765953,1.1874434704008272,8,net_margin,4.8748,accrual_ratio,-1.1306,revenue_growth_yoy,-0.6745,robust_mcd,-0.6744907594765953,0.0,-0.6744907594765952,4.874808951047565,,,-1.4345993509272912,0.4277120872073032,,-0.6744907594765962,-0.6744907594765952,,0.6744907594765953,-0.6744907594765952,-0.6744907594765952,0.6744907594765952,-0.6744907594765953,-0.2697963037906385,-0.6744907594765952,4.874808951047565,0.6744907594765953,-0.6744907594765952,-1.1305559143470127,0.5264235561150199,brick3_q_v2_robust_mahalanobis_clipped,2026-03-18T05:10:36.278770+00:00
APP,,,10-Q,2021-06-30,2021-08-13,https://www.sec.gov/Archives/edgar/data/1751008/000175100821000005/app-20210630.htm,96.07,403.45689740009453,,2.489242550809283,2.489242550809283,8,assets_growth_yoy,8.0,ocf_to_net_income,4.7974,revenue_growth_yoy,3.5842,robust_mcd,,,,,,,,,3.58420940813399,8.0,1.682110902426094,-1.4557846460823751,0.11471040878942527,0.20570932691510133,-0.07405307646828946,4.797362637658989,3.58420940813399,8.0,1.682110902426094,-1.4557846460823751,0.11471040878942527,0.20570932691510133,-0.07405307646828946,4.797362637658989,brick3_q_v2_robust_mahalanobis_clipped,2026-03-18T05:10:36.278770+00:00
INTU,,,10-Q,2022-04-30,2022-05-24,https://www.sec.gov/Archives/edgar/data/896878/000089687822000021/intu-20220430.htm,95.99,398.9869594060458,1.7881369187563954,0.7785942478618539,1.0980731290021544,8,net_margin,4.9632,accrual_ratio,-1.4817,assets_growth_yoy,0.9571,robust_mcd,,-0.380454707944656,-0.027277790804420974,7.822330322741028,0.8605865826198867,-0.8605865826198855,-2.4878616636633715,-0.07786078090152009,0.674490759476595,2.9635217978016066,0.21151393696693344,0.6744907594765952,-0.6187455709292454,0.6525622517096992,0.027534852389554297,0.4058940541446015,0.674490759476595,0.957135894353849,0.0682389003041208,4.963194497435254,0.26885372120023376,-0.25532704888805163,-1.4817030572422012,0.11564115311692857,brick3_q_v2_robust_mahalanobis_clipped,2026-03-18T05:10:36.278770+00:00
EA,,,10-Q,2024-06-30,2024-08-02,https://www.sec.gov/Archives/edgar/data/712515/000071251524000039/ea-20240630.htm,95.91,394.28415601072186,1.1424528928502626,1.0126298405066534,1.0905236719128188,8,revenue_growth_yoy,-3.9539,net_income_growth_yoy,-1.3535,assets_growth_yoy,-1.0134,robust_mcd,-5.23685866075517,-1.0654709091943548,-1.6890816399519115,0.3076848949470354,-0.19803022571210133,0.19803022571210185,0.23950808394893125,-0.20495850258049442,-2.0294480885006942,-0.9353136576460584,-0.8500155575022157,0.7666727960089674,-0.37856285567755094,0.5901067449591715,1.2439052353512736,-1.307013788407296,-3.9538944318533797,-1.0134080085750363,-1.3534552069720331,0.49128005537180824,-0.27024327769828116,0.3548608334109297,0.6412669445098682,-0.645780616911215,brick3_q_v2_robust_mahalanobis_clipped,2026-03-18T05:10:36.278770+00:00
TSLA,,,10-Q,2021-06-30,2021-07-27,https://www.sec.gov/Archives/edgar/data/1318605/000095017021000524/tsla-20210630.htm,95.84,388.063785479026,,1.989978951860409,1.989978951860409,8,net_income_growth_yoy,8.0,revenue_growth_yoy,3.8605,assets_growth_yoy,2.2625,robust_mcd,,,,,,,,,3.860470585753384,2.262508527141429,8.0,-0.11957058298316971,-0.0397692513193268,0.2771971088259699,-0.5797182878120672,0.7805972710479258,3.860470585753384,2.262508527141429,8.0,-0.11957058298316971,-0.0397692513193268,0.2771971088259699,-0.5797182878120672,0.7805972710479258,brick3_q_v2_robust_mahalanobis_clipped,2026-03-18T05:10:36.278770+00:00
APP,,,10-Q,2024-09-30,2024-11-06,https://www.sec.gov/Archives/edgar/data/1751008/000175100824000062/app-20240930.htm,95.76,377.8579263587193,1.408246620017061,2.6160125827470573,1.8859633548430565,8,accrual_ratio,-3.7112,revenue_growth_yoy,3.4753,net_income_growth_yoy,3.3774,robust_mcd,0.45888023470796563,-0.32468430098117557,0.29574938732481487,3.869623684726327,0.9822590231480588,-0.9822590231480588,-4.2996836125811235,0.05283369351896301,8.0,0.02839282738706911,8.0,0.1795332067309562,0.9255533157774335,-0.940659259519709,-2.828458377288333,-0.025503675272960442,3.4753281408247796,-0.1834534496338777,3.3774496323948893,2.3935874935281785,0.9595767401998088,-0.9656191176967188,-3.7111935184640075,0.021498746002193626,brick3_q_v2_robust_mahalanobis_clipped,2026-03-18T05:10:36.278770+00:00
CTSH,,,10-Q,2023-06-30,2023-08-03,https://www.sec.gov/Archives/edgar/data/1058290/000105829023000258/ctsh-20230630.htm,95.68,357.4181893877691,1.8945024898961347,0.6104043953966554,1.301990131037509,8,net_margin,-4.6364,equity_to_assets,1.6887,debt_to_assets,-1.4705,robust_mcd,-1.0818339819731135,0.5833460404485059,-1.8932331920178973,-7.427763417389527,-1.937056822674289,1.9370568226742826,-0.10729830565077055,0.18843133634069137,-0.4747876984234891,-0.3451367476011452,-0.8031664513248096,-0.4494776175055809,-0.7705954037576683,1.3160723451082301,0.4218922257108053,-0.30210667374151456,-0.8390154685532638,0.21195292522864545,-1.457206495740662,-4.636449097435948,-1.4704722551076408,1.6886630316478615,0.10437790689385981,-0.007783867692191013,brick3_q_v2_robust_mahalanobis_clipped,2026-03-18T05:10:36.278770+00:00
TSLA,,,10-Q,2021-03-31,2021-04-28,https://www.sec.gov/Archives/edgar/data/1318605/000095017021000046/tsla-20210331.htm,95.61,350.6233527666521,,2.0940626990009084,2.0940626990009084,8,net_income_growth_yoy,8.0,revenue_growth_yoy,3.6493,ocf_to_net_income,2.0473,robust_mcd,,,,,,,,,3.6492522944981722,1.6995499086266168,8.0,-0.1675121530909986,-0.17575445269705028,0.4745092490882694,-0.5386511230094164,2.047272410996744,3.6492522944981722,1.6995499086266168,8.0,-0.1675121530909986,-0.17575445269705028,0.4745092490882694,-0.5386511230094164,2.047272410996744,brick3_q_v2_robust_mahalanobis_clipped,2026-03-18T05:10:36.278770+00:00
FANG,,,10-Q,2025-03-31,2025-05-07,https://www.sec.gov/Archives/edgar/data/1539838/000153983825000066/fang-20250331.htm,95.53,344.9437829532336,1.429128952943824,2.7758480275584767,1.8859938744273883,8,assets_growth_yoy,8.0,revenue_growth_yoy,3.4819,net_margin,1.7251,robust_mcd,1.0470127853393516,8.0,0.12262240123533737,0.11511369594500799,-0.14567648229180333,-0.1285511725962455,0.8684654990721392,-1.005589587070708,7.134132288244514,8.0,1.3780335134780903,4.140144555164633,-0.476421009158679,0.4526525296932941,-0.24256853775054096,0.3828317869780603,3.481860586501417,8.0,0.6247868461324386,1.725126039632858,-0.2779742930385536,0.10393030831957037,0.42405188434306706,-0.45022103745120057,brick3_q_v2_robust_mahalanobis_clipped,2026-03-18T05:10:36.278770+00:00
MSTR,,,10-Q,2023-03-31,2023-05-01,https://www.sec.gov/Archives/edgar/data/1050446/000095017023016229/mstr-20230331.htm,95.45,339.4215888752546,1.4980828378452098,3.4381154117768817,1.9940395841057483,8,net_income_growth_yoy,4.4815,net_margin,4.4506,accrual_ratio,4.4416,robust_mcd,1.0238768873004704,-1.3174525341851606,2.135807417988965,2.084293080637049,-0.361343969601275,0.36134396960127513,3.3550457061126506,1.3454991373348328,-0.1971531170042733,-1.9491343173677422,8.0,8.0,0.9457363131815163,-0.8220456265003708,6.071476112847943,-1.5193778073132076,0.5354648855785729,-1.5701252474581933,4.4814844507933795,4.45057584838223,0.16148814351184154,-0.11201186883938327,4.441617868806768,0.19954835947561655,brick3_q_v2_robust_mahalanobis_clipped,2026-03-18T05:10:36.278770+00:00
NVDA,,,10-Q,2022-07-31,2022-08-31,https://www.sec.gov/Archives/edgar/data/1045810/000104581022000147/nvda-20220731.htm,95.37,332.4131724215718,3.292985854471786,0.7827442586380766,1.5988025019461005,8,net_margin,-4.5302,ocf_to_net_income,2.9211,net_income_growth_yoy,-2.1396,robust_mcd,,,,-8.0,1.7339338105179152,-1.733933810517916,-0.5719726310989159,4.425089020224185,-0.6744907594765952,-0.6744907594765952,-2.139640881943531,0.6744907594765951,-0.6731553166917813,0.6617009558253627,0.09876873803929972,0.6652158981748532,-0.6744907594765952,-0.6744907594765952,-2.139640881943531,-4.5302036962093615,0.7710981596340365,-0.7756799039806044,-0.3036760834436297,2.921139771404452,brick3_q_v2_robust_mahalanobis_clipped,2026-03-18T05:10:36.278770+00:00
SBUX,,,10-Q,2023-12-31,2024-01-30,https://www.sec.gov/Archives/edgar/data/829224/000082922424000013/sbux-20231231.htm,95.3,321.91433520234915,0.5226489043774092,1.8982921847854175,1.4148240590900603,8,revenue_growth_yoy,-3.6047,equity_to_assets,-3.5199,debt_to_assets,2.0843,robust_mcd,-0.6744907594765953,0.0,-0.6744907594765952,0.5767038487170003,,,0.3020630472297368,-0.9081450113645275,-8.0,0.06391216294945345,-1.5182229392531008,0.0,2.084345383865735,-3.5198569922150513,0.0,0.0,-3.6046944556859573,0.025564865179781383,-1.0119836313871975,0.34602230923020016,2.084345383865735,-3.5198569922150513,0.18123782833784208,-0.5448870068187165,brick3_q_v2_robust_mahalanobis_clipped,2026-03-18T05:10:36.278770+00:00
PCAR,,,10-Q,2021-06-30,2021-08-02,https://www.sec.gov/Archives/edgar/data/75362/000156459021039777/pcar-10q_20210630.htm,95.22,314.505861849842,,1.0005127302602739,1.0005127302602739,7,revenue_growth_yoy,3.5035,net_income_growth_yoy,2.5867,accrual_ratio,0.4186,robust_mcd,,,,,,,,,3.503516088922062,-0.1380050705054527,2.5866761874764603,-0.2780110881444077,,0.004289772003361712,0.4186195787529095,-0.0744713260172643,3.503516088922062,-0.1380050705054527,2.5866761874764603,-0.2780110881444077,,0.004289772003361712,0.4186195787529095,-0.0744713260172643,brick3_q_v2_robust_mahalanobis_clipped,2026-03-18T05:10:36.278770+00:00
PEP,,,10-Q,2025-06-14,2025-07-17,https://www.sec.gov/Archives/edgar/data/77476/000007747625000044/pep-20250614.htm,95.14,309.5575384456723,2.2295555014230857,,2.2295555014230857,8,assets_growth_yoy,6.7512,net_margin,-4.1872,net_income_growth_yoy,-3.546,robust_mcd,-0.6744907594765952,6.751186050898452,-3.545963239951198,-4.187168598861539,1.2613913669474361,-1.2137961325855304,-0.17096015987601218,0.03148770278792384,,,,,,,,,-0.6744907594765952,6.751186050898452,-3.545963239951198,-4.187168598861539,1.2613913669474361,-1.2137961325855304,-0.17096015987601218,0.03148770278792384,brick3_q_v2_robust_mahalanobis_clipped,2026-03-18T05:10:36.278770+00:00
APP,,,10-Q,2023-09-30,2023-11-08,https://www.sec.gov/Archives/edgar/data/1751008/000175100823000072/app-20230930.htm,95.07,302.96172759619867,2.053585688636268,2.273427845967533,2.055725969884286,8,net_margin,2.6714,accrual_ratio,-2.6709,net_income_growth_yoy,2.5266,robust_mcd,-0.6744907594765952,-0.7355737867730472,0.484853824229756,5.024228654283289,2.8313243797456735,-2.8325579058426875,-3.5405468245669423,0.305109374172156,-5.273299121194297,-1.8946927676612677,5.5891261477726015,-0.8579658168448804,0.7950109935505889,-0.8106890730210621,-1.3664890056605323,1.6001498420350306,-2.514014104163676,-1.1992213791283355,2.5265627536468944,2.671350865832021,2.0167990252676393,-2.0238103727140375,-2.6709236970043784,0.8231255613173059,brick3_q_v2_robust_mahalanobis_clipped,2026-03-18T05:10:36.278770+00:00
MSTR,,,10-Q,2024-09-30,2024-10-31,https://www.sec.gov/Archives/edgar/data/1050446/000095017024119263/mstr-20240930.htm,94.99,295.2174936848962,1.0936069285548429,3.0600135873554066,1.7405892060127357,8,assets_growth_yoy,3.8532,net_margin,-3.6047,revenue_growth_yoy,-2.0151,robust_mcd,-1.6895614182075953,1.0886703789350296,0.04427429742718094,-0.6744907594765952,-2.123206699943077,2.1232066999430774,0.14185384649183394,0.8635913280143531,-2.503443213244174,8.0,-4.249362125964315,-8.0,0.03400542246102768,0.07598661923413462,0.241698300938398,-1.375613017001204,-2.015114136222227,3.853202227361018,-1.6731802719294175,-3.6046944556859573,-1.2603218509814351,1.3043186676595002,0.18179162827045958,-0.03209040999186974,brick3_q_v2_robust_mahalanobis_clipped,2026-03-18T05:10:36.278770+00:00
STX,,,10-Q,2023-12-29,2024-01-26,https://www.sec.gov/Archives/edgar/data/1137789/000113778924000010/stx-20231229.htm,94.91,293.74783847775353,2.0157496337050462,0.6744907594765953,1.5882791910490426,8,ocf_to_net_income,-3.4528,revenue_growth_yoy,-3.4281,debt_to_assets,2.1614,robust_mcd,-3.428116311301034,0.0,0.0,-0.8430685195360167,3.1526698303559852,-3.1499826420076116,0.24718039039210823,-5.304979376047614,,-0.6744907594765952,0.6744907594765959,,0.6744907594765953,-0.6744907594765952,-0.6744907594765952,-0.6744907594765952,-3.428116311301034,-0.26979630379063807,0.26979630379063835,-0.8430685195360167,2.1613982020042295,-2.159785888995205,-0.12148806955537314,-3.452783929419206,brick3_q_v2_robust_mahalanobis_clipped,2026-03-18T05:10:36.278770+00:00
APP,,,10-Q,2025-09-30,2025-11-05,https://www.sec.gov/Archives/edgar/data/1751008/000175100825000081/app-20250930.htm,94.83,278.5574076743545,0.8639836798831939,2.0257329804743263,1.2828880078842753,8,accrual_ratio,-3.229,revenue_growth_yoy,3.1473,net_margin,1.6068,robust_mcd,0.0,0.20807208466966776,-0.3053026149024775,2.208676723958705,0.13503408792461755,-0.13505672854923195,-3.785075435322734,0.13465176373811788,7.868182959546619,0.8285591909962572,2.6390997901286313,0.7039522592584861,0.8720023798219263,-0.7980982516151023,-2.394922924129796,0.10104608829779246,3.1472731838186476,0.45626692720030354,0.872458347109966,1.6067869380786175,0.4298214046835411,-0.4002733377755801,-3.2290144308455586,0.12120949356198771,brick3_q_v2_robust_mahalanobis_clipped,2026-03-18T05:10:36.278770+00:00
MSTR,,,10-Q,2022-06-30,2022-08-02,https://www.sec.gov/Archives/edgar/data/1050446/000156459022027479/mstr-10q_20220630.htm,94.76,276.3286007211248,2.4865102388416895,2.8565420690670993,2.3358676616988396,8,accrual_ratio,-5.9754,net_margin,-3.8755,debt_to_assets,2.7834,robust_mcd,-0.836527831340622,,0.5188687014625334,-1.1257678887247677,3.4545984159152896,-3.4545984159152914,-6.164526704343955,1.8506837141893706,-0.9303246804906831,-0.6362348682439026,-3.457856118293185,-8.0,1.776512034490499,-1.5392635324074393,-5.691601806423084,-0.820543512188,-0.8740465710006464,-0.6362348682439026,-1.0718212264397542,-3.8754607332348607,2.7833638633453734,-2.68846446251215,-5.975356745175606,0.7821928236384224,brick3_q_v2_robust_mahalanobis_clipped,2026-03-18T05:10:36.278770+00:00
AEP,,,10-Q,2024-03-31,2024-04-30,https://www.sec.gov/Archives/edgar/data/4904/000000490424000046/aep-20240331.htm,94.68,275.0079453255087,1.4532953345481345,1.0046040051506897,1.2708242468290616,8,net_margin,4.095,net_income_growth_yoy,2.9568,assets_growth_yoy,-1.1772,robust_mcd,-0.21755603573412047,-1.5279249873881455,,4.949616851828912,-0.3360961083627721,0.5895853449975723,1.3433560315719655,-1.208931981953454,0.025171621468572995,-0.6510366620384256,2.956821924394243,2.8131948626546865,0.5961569418389763,-0.45615900181778785,0.3661753108378128,0.17211571615501245,-0.12046497285304308,-1.1771696572482575,2.956821924394243,4.0950480561592215,0.036805111717927275,0.17128760627142825,0.9524837432783044,-0.6565129027100675,brick3_q_v2_robust_mahalanobis_clipped,2026-03-18T05:10:36.278770+00:00
NFLX,,,10-Q,2024-03-31,2024-04-22,https://www.sec.gov/Archives/edgar/data/1065280/000106528024000128/nflx-20240331.htm,94.6,273.7762040493399,,1.1110735254879607,1.1110735254879607,8,net_margin,4.0858,net_income_growth_yoy,1.4405,assets_growth_yoy,-1.1545,robust_mcd,,,,,,,,,0.7564921414057355,-1.1544525590834847,1.4404847443376367,4.085793006057686,0.0022138354996335792,0.15603588078022027,0.7954215201423065,-0.49769451659698294,0.7564921414057355,-1.1544525590834847,1.4404847443376367,4.085793006057686,0.0022138354996335792,0.15603588078022027,0.7954215201423065,-0.49769451659698294,brick3_q_v2_robust_mahalanobis_clipped,2026-03-18T05:10:36.278770+00:00
APP,,,10-Q,2021-09-30,2021-11-12,https://www.sec.gov/Archives/edgar/data/1751008/000175100821000009/app-20210930.htm,94.53,273.61771769216057,,2.79235873262692,2.79235873262692,8,assets_growth_yoy,8.0,ocf_to_net_income,8.0,revenue_growth_yoy,2.7346,robust_mcd,,,,,,,,,2.7346238505321225,8.0,1.7123329604631297,-1.3596659550012096,0.01925291717423682,0.27300472131257475,-0.2399894565320901,8.0,2.7346238505321225,8.0,1.7123329604631297,-1.3596659550012096,0.01925291717423682,0.27300472131257475,-0.2399894565320901,8.0,brick3_q_v2_robust_mahalanobis_clipped,2026-03-18T05:10:36.278770+00:00
WMT,,,10-Q,2025-04-30,2025-06-06,https://www.sec.gov/Archives/edgar/data/104169/000010416925000090/wmt-20250430.htm,94.45,264.6340232778145,1.1714715178408792,0.7092154195722059,0.8946240418684155,7,revenue_growth_yoy,-3.3067,accrual_ratio,0.938,ocf_to_net_income,-0.7392,robust_mcd,-5.061533999127261,0.3312191365107438,-0.6111374202905875,0.020233794150925858,,0.18489311655079657,0.9944036037000985,-0.99687955455574,-0.6744907594765952,-1.7555475575433501,0.0,-0.6744907594765951,,-0.6538265090061711,0.8534266215259114,-0.35272572997681895,-3.306716703266994,-0.5034875411108938,-0.36668245217435247,-0.2576560273000826,,-0.1505947336719905,0.9380128108304236,-0.7392180247241715,brick3_q_v2_robust_mahalanobis_clipped,2026-03-18T05:10:36.278770+00:00
MAR,,,10-Q,2021-03-31,2021-05-10,https://www.sec.gov/Archives/edgar/data/1048286/000162828021009633/mar-20210331.htm,94.37,260.0585402288388,,1.931560326524395,1.931560326524395,7,ocf_to_net_income,-3.3745,revenue_growth_yoy,-3.2477,net_income_growth_yoy,-3.1147,robust_mcd,,,,,,,,,-3.2476672713822543,-1.0031246698012173,-3.114722409664404,-0.627660679318454,,-1.4998729545027307,0.6533976828527391,-3.3744766181489654,-3.2476672713822543,-1.0031246698012173,-3.114722409664404,-0.627660679318454,,-1.4998729545027307,0.6533976828527391,-3.3744766181489654,brick3_q_v2_robust_mahalanobis_clipped,2026-03-18T05:10:36.278770+00:00
SBUX,,,10-Q,2025-12-28,2026-01-28,https://www.sec.gov/Archives/edgar/data/829224/000082922426000011/sbux-20251228.htm,94.29,256.1277263906676,1.3112221994516708,2.107108863543921,2.083480342131565,8,debt_to_assets,8.0,ocf_to_net_income,3.246,net_margin,-2.6814,robust_mcd,0.23355245048472323,-0.6744907594765952,-0.6744907594765952,-4.01927651429473,,,0.7612847471594281,1.5042379658179539,0.6744907594765952,0.0,-0.9748603621499492,-0.6744907594765953,8.0,-0.6744907594765952,0.0,5.858538267771632,0.40992777408147196,-0.40469445568595713,-0.7946386005459368,-2.6813622123674756,8.0,-0.6744907594765952,0.45677084829565684,3.2459580865994253,brick3_q_v2_robust_mahalanobis_clipped,2026-03-18T05:10:36.278770+00:00
BKNG,,,10-Q,2021-03-31,2021-05-05,https://www.sec.gov/Archives/edgar/data/1075531/000107553121000030/bkng-20210331.htm,94.22,256.10526254709004,,1.481248396069043,1.481248396069043,4,revenue_growth_yoy,-3.2259,assets_growth_yoy,1.1354,debt_to_assets,0.9551,robust_mcd,,,,,,,,,-3.225867763816238,1.1353692369745285,,,0.9550650276671647,-0.6086915558182405,,,-3.225867763816238,1.1353692369745285,,,0.9550650276671647,-0.6086915558182405,,,brick3_q_v2_robust_mahalanobis_clipped,2026-03-18T05:10:36.278770+00:00
STX,,,10-Q,2023-03-31,2023-04-26,https://www.sec.gov/Archives/edgar/data/1137789/000113778923000029/stx-20230331.htm,94.14,255.62421811991337,4.690135421933084,2.7464707344006296,3.168325289613073,8,debt_to_assets,5.5511,equity_to_assets,-5.5261,accrual_ratio,-4.4184,robust_mcd,,,,-3.4562469309859467,8.0,-8.0,-2.030601651264018,-1.96382852741545,-1.980499396275914,-1.32085733515139,0.8444594369448967,-2.4336360288117946,1.8776933283822295,-1.8153375130257199,-8.0,-3.6992828366130905,-1.980499396275914,-1.32085733515139,0.8444594369448967,-3.047202570116286,5.551077331352891,-5.526135005210287,-4.418360990758411,-2.658010251094506,brick3_q_v2_robust_mahalanobis_clipped,2026-03-18T05:10:36.278770+00:00
MSTR,,,10-Q,2024-06-30,2024-08-06,https://www.sec.gov/Archives/edgar/data/1050446/000095017024091778/mstr-20240630.htm,94.06,248.12662263929562,1.1667028955199392,3.457009411602206,1.9649658196980475,8,net_income_growth_yoy,-4.083,assets_growth_yoy,3.6938,net_margin,-3.4198,robust_mcd,-1.8256607242583123,0.822944385909465,-1.4716716990553866,-0.3663602316275162,-1.7865807876981907,1.786580787698192,0.6740038966820765,0.599820651230375,-1.361378173517611,8.0,-8.0,-8.0,0.19286518180352172,-0.08600066389890135,0.3657186300407703,-1.6501126435568432,-1.6399477039620316,3.693766631545679,-4.0830030194332325,-3.41981613897651,-0.9948023998975056,1.0375482070593547,0.5506897900255541,-0.30015266668451235,brick3_q_v2_robust_mahalanobis_clipped,2026-03-18T05:10:36.278770+00:00
MSTR,,,10-Q,2025-09-30,2025-11-03,https://www.sec.gov/Archives/edgar/data/1050446/000119312525262568/mstr-20250930.htm,93.99,247.0882753929683,1.732712406644695,3.5424961732814246,2.428800547090976,8,net_income_growth_yoy,4.8198,net_margin,3.6455,assets_growth_yoy,3.6047,robust_mcd,2.210327788173636,0.6744907594765952,2.6996074488529795,1.6763860164789819,-2.476728135024369,2.1221785414692245,1.817289506075337,0.18469105760643742,-0.0012170756744528893,8.0,8.0,6.599256448140408,-1.239971896213478,0.9411084941885046,1.7849772761379004,-1.7734381958966516,1.3257098426344005,3.6046944556859573,4.819764469311788,3.6455341891435524,-1.9820256395000126,1.6497505225569364,1.8043646141003622,-0.5985606437947982,brick3_q_v2_robust_mahalanobis_clipped,2026-03-18T05:10:36.278770+00:00
EXC,,,10-Q,2021-06-30,2021-08-04,https://www.sec.gov/Archives/edgar/data/1109357/000110935721000079/exc-20210630.htm,93.91,244.1413123976954,,1.3018082765989452,1.3018082765989452,4,revenue_growth_yoy,-3.1696,debt_to_assets,0.7359,assets_growth_yoy,-0.6512,robust_mcd,,,,,,,,,-3.169641267062689,-0.6512381659493253,,,0.7359155218502843,-0.6504381515334822,,,-3.169641267062689,-0.6512381659493253,,,0.7359155218502843,-0.6504381515334822,,,brick3_q_v2_robust_mahalanobis_clipped,2026-03-18T05:10:36.278770+00:00
CTSH,,,10-Q,2022-09-30,2022-11-03,https://www.sec.gov/Archives/edgar/data/1058290/000105829022000321/ctsh-20220930.htm,93.83,240.4729165607034,1.8561246199447976,0.49656300403392284,1.2589820044414655,8,net_margin,3.3708,equity_to_assets,1.4587,debt_to_assets,-1.3179,robust_mcd,-1.8476050059459936,0.8864876189075591,-0.7918629567937041,5.202817607554876,-1.7255336327441066,1.7255336327441317,-1.457792034326197,1.211364470541813,-0.46126916530756035,-0.21984212389194205,0.2936712799790315,0.6227147953493872,-0.7063273701900794,1.0584573244586188,-0.5905556855759156,-0.019666287518847657,-1.2930706696906205,0.44395572178775866,-0.3576492620846099,3.3707764826726807,-1.3178511277224958,1.4587031094299265,-1.1108974948260844,0.7189521673175486,brick3_q_v2_robust_mahalanobis_clipped,2026-03-18T05:10:36.278770+00:00
MSTR,,,10-Q,2025-03-31,2025-05-05,https://www.sec.gov/Archives/edgar/data/1050446/000095017025063536/mstr-20250331.htm,93.75,239.00034428052862,1.694604956874443,4.302015338605138,2.6721985893182714,8,net_income_growth_yoy,-4.9089,assets_growth_yoy,3.7825,net_margin,-3.6047,robust_mcd,-0.33590338593675223,0.9708711149481464,-2.8482439929268972,-0.6744907594765952,-3.4863792385055303,3.3039104541195417,-1.5012372407590826,0.435803468323,-1.1563982724490696,8.0,-8.0,-8.0,-1.0353037152007596,1.1089631444205543,-5.40842825359159,-1.7070293231791343,-0.6641013405416791,3.782522668968888,-4.908946395756138,-3.6046944556859573,-2.505949029183622,2.4259315302399465,-3.064113645892086,-0.4213296482778538,brick3_q_v2_robust_mahalanobis_clipped,2026-03-18T05:10:36.278770+00:00
NVDA,,,10-Q,2023-04-30,2023-05-26,https://www.sec.gov/Archives/edgar/data/1045810/000104581023000093/nvda-20230430.htm,93.68,234.84391346955542,1.828998881554394,1.6372948886036396,1.6675299480166847,8,net_income_growth_yoy,8.0,revenue_growth_yoy,2.967,accrual_ratio,0.8989,robust_mcd,3.8091716021408004,0.21836500728514577,8.0,0.13266193787383868,0.48518408122308576,-0.4851840812230865,1.0579883090790125,-0.44343603361018197,1.7038254917092406,1.2119548380827183,8.0,0.0,-0.3928260185367891,0.45504734503728334,0.6602146559864895,-0.6744907594765953,2.9670331579681766,0.6158009396041748,8.0,0.0795971627243032,0.1339800413191358,-0.10909151071893855,0.8988788478420033,-0.5358579239567474,brick3_q_v2_robust_mahalanobis_clipped,2026-03-18T05:10:36.278770+00:00
ADP,,,10-Q,2024-09-30,2024-11-01,https://www.sec.gov/Archives/edgar/data/8670/000000867024000030/adp-20240930.htm,93.6,229.24011692091315,1.373682568636752,0.8174715413835592,0.8792426097631537,8,revenue_growth_yoy,-3.0683,ocf_to_net_income,-0.9667,accrual_ratio,0.8665,robust_mcd,-5.1547194042035125,-0.2594481906677638,-0.10358150567484178,0.20539443617930683,-1.820187326034095,1.8201873260340966,0.7128998468288127,-0.9130425134715857,0.06123180045148956,-0.8259089185184134,0.045258413835347025,-1.1581816408927412,1.1305516146530588,-1.174421996514354,1.0969467249263796,-1.0472712212766893,-3.0683389223415114,-0.48603248180802366,-0.04404553787076626,-0.3400359946495124,-0.6398917497592336,0.6223435970147162,0.8665185980678395,-0.9667339965936271,brick3_q_v2_robust_mahalanobis_clipped,2026-03-18T05:10:36.278770+00:00
EXC,,,10-Q,2021-03-31,2021-05-05,https://www.sec.gov/Archives/edgar/data/1109357/000110935721000050/exc-20210331.htm,93.52,227.6013201039263,,1.1570341915311289,1.1570341915311289,4,revenue_growth_yoy,-3.0543,debt_to_assets,0.6835,assets_growth_yoy,-0.4901,robust_mcd,,,,,,,,,-3.0543487104036067,-0.49012420934730605,,,0.6834840521717271,-0.4001797942018758,,,-3.0543487104036067,-0.49012420934730605,,,0.6834840521717271,-0.4001797942018758,,,brick3_q_v2_robust_mahalanobis_clipped,2026-03-18T05:10:36.278770+00:00
PAYX,,,10-Q,2022-11-30,2022-12-22,https://www.sec.gov/Archives/edgar/data/723531/000095017022026948/payx-20221130.htm,93.45,222.94631259500514,5.710535064316968,0.6744907594765948,4.306039456890026,4,debt_to_assets,-6.045,assets_growth_yoy,-5.0698,equity_to_assets,3.3572,robust_mcd,-2.7522281087291445,-8.0,,,-6.0449560742693125,6.044956074269415,,,,-0.6744907594765951,,,,-0.6744907594765945,,,-2.7522281087291445,-5.069796303790638,,,-6.0449560742693125,3.3571773407710106,,,brick3_q_v2_robust_mahalanobis_clipped,2026-03-18T05:10:36.278770+00:00
MSTR,,,10-Q,2023-09-30,2023-11-01,https://www.sec.gov/Archives/edgar/data/1050446/000095017023057418/mstr-20230930.htm,93.37,221.48855125812622,0.6185974720107941,2.606143660492309,1.1630203073683523,8,net_income_growth_yoy,-3.7677,net_margin,-3.5281,assets_growth_yoy,0.758,robust_mcd,1.0804154199391613,-0.08930230188663085,-1.2973821799525471,-0.5468031723054334,-0.7380237812106603,0.73802378121066,-0.013847780130732762,0.44498135945052714,-0.2956335595717765,2.0289261528105715,-7.473211916020164,-8.0,0.6985399973529929,-0.6895856812238726,0.11319544731411105,-1.5500565296449835,0.5299958281347862,0.7579890799922502,-3.767714074379594,-3.52808190338326,-0.16339826978519895,0.16697999623684695,0.03696951084720477,-0.35303379618767716,brick3_q_v2_robust_mahalanobis_clipped,2026-03-18T05:10:36.278770+00:00
MDLZ,,,10-Q,2023-09-30,2023-11-01,https://www.sec.gov/Archives/edgar/data/1103982/000110398223000075/mdlz-20230930.htm,93.29,218.18122737251426,1.281047805507173,0.4470346106622657,0.8665625959035119,8,revenue_growth_yoy,2.9207,net_income_growth_yoy,1.0878,ocf_to_net_income,0.817,robust_mcd,3.9233161095633458,0.4554373673820141,1.0983172098807457,-0.29166064542544223,0.9105295656463714,-0.825936955035261,-1.3791349856933475,1.3640496054308553,1.4167715210865601,-0.3762099415500557,1.0720461790544342,0.015493645988102192,0.20598220298300157,-0.07267766551715009,0.4134352273863905,-0.003660501732431159,2.9206982741726315,0.12277844380918615,1.087808797550221,-0.16879892886002446,0.6287106205810234,-0.5246332392280166,-0.6621069004614523,0.8169655625655406,brick3_q_v2_robust_mahalanobis_clipped,2026-03-18T05:10:36.278770+00:00
SHOP,,,10-Q,2025-06-30,2025-08-06,https://www.sec.gov/Archives/edgar/data/1594805/000159480525000073/shop-20250630.htm,93.22,216.44298523903927,,2.4891230965314164,2.4891230965314164,7,net_income_growth_yoy,8.0,net_margin,2.5749,revenue_growth_yoy,2.1752,robust_mcd,,,,,,,,,2.1752411664723366,0.08361146985474759,8.0,2.5749465155397844,,1.360936152445591,1.8169822394371515,-1.4121441319703045,2.1752411664723366,0.08361146985474759,8.0,2.5749465155397844,,1.360936152445591,1.8169822394371515,-1.4121441319703045,brick3_q_v2_robust_mahalanobis_clipped,2026-03-18T05:10:36.278770+00:00
FANG,,,10-Q,2022-06-30,2022-08-03,https://www.sec.gov/Archives/edgar/data/1539838/000153983822000133/fang-20220630.htm,93.14,208.94653356696875,2.1818182346667805,1.9342420003746907,1.9591224370174947,8,net_income_growth_yoy,4.1492,net_margin,3.495,debt_to_assets,-3.0862,robust_mcd,-0.7035379197537458,-0.6398834195171338,3.6902659105308557,2.502288688791705,-4.795608956305528,3.2160913904365893,-1.0218907342757637,-0.8849788577229232,2.853555474346846,-0.21233571066137497,4.8376660112966166,4.984014978674475,-0.5221015059600611,0.6938442042272874,-1.189071958136984,0.1813461596938811,0.719299437886491,-0.46886433597483024,4.1492259508371605,3.494979204744813,-3.086205976167341,2.2071925159528685,-1.0887632238202518,-0.45844885075620145,brick3_q_v2_robust_mahalanobis_clipped,2026-03-18T05:10:36.278770+00:00
PCAR,,,10-Q,2023-06-30,2023-08-02,https://www.sec.gov/Archives/edgar/data/75362/000095017023037133/pcar-20230630.htm,93.06,199.5288268391693,1.687481184948602,0.7377821643872301,1.3076015767240532,7,net_margin,3.4917,assets_growth_yoy,2.5577,net_income_growth_yoy,1.4985,robust_mcd,0.08948087155102089,3.4815502144950097,1.8046049405745619,5.569005378924599,,0.6602178614776144,0.020385802110516694,-0.1871232255068918,1.524312069607561,1.1719609642490427,1.039296393446316,0.37586286804784436,,0.023568701142900803,0.5611600182161979,-0.4683141360007481,0.663413350773637,2.557714514396623,1.4984815217232637,3.491748374573897,,0.40555819734372894,0.23669548855278918,-0.29959958970443434,brick3_q_v2_robust_mahalanobis_clipped,2026-03-18T05:10:36.278770+00:00
COST,,,10-Q,2024-02-18,2024-03-13,https://www.sec.gov/Archives/edgar/data/909832/000090983224000017/cost-20240218.htm,92.98,196.76217594225798,0.7608758690335325,,0.7608758690335325,8,net_margin,3.4488,assets_growth_yoy,-1.3083,accrual_ratio,-0.6518,robust_mcd,-0.19731751715445237,-1.308258734567535,-0.09107889485074261,3.4487680805689376,0.22339565622370153,0.007851364875840199,-0.6518451018585509,0.15849160216850064,,,,,,,,,-0.19731751715445237,-1.308258734567535,-0.09107889485074261,3.4487680805689376,0.22339565622370153,0.007851364875840199,-0.6518451018585509,0.15849160216850064,brick3_q_v2_robust_mahalanobis_clipped,2026-03-18T05:10:36.278770+00:00
SHOP,,,10-Q,2025-09-30,2025-11-04,https://www.sec.gov/Archives/edgar/data/1594805/000159480525000089/shop-20250930.htm,92.91,192.19786247599467,,1.155585979793898,1.155585979793898,7,revenue_growth_yoy,2.7504,net_income_growth_yoy,-2.3504,equity_to_assets,1.3812,robust_mcd,,,,,,,,,2.750359083731056,0.07450266886667958,-2.3503770743089984,-0.13645990459584867,,1.3812050148117203,0.7717836690542772,-0.6244144431887063,2.750359083731056,0.07450266886667958,-2.3503770743089984,-0.13645990459584867,,1.3812050148117203,0.7717836690542772,-0.6244144431887063,brick3_q_v2_robust_mahalanobis_clipped,2026-03-18T05:10:36.278770+00:00
APP,,,10-Q,2023-06-30,2023-08-09,https://www.sec.gov/Archives/edgar/data/1751008/000175100823000062/app-20230630.htm,92.83,191.6850195866536,3.3470868010011303,2.3819067504998177,2.817316614109595,8,debt_to_assets,5.039,equity_to_assets,-5.0117,net_income_growth_yoy,3.6357,robust_mcd,-1.196832230468551,-1.896263397059386,0.7261069106127745,4.080801468685598,8.0,-8.0,-2.469200705755656,0.4074896954270754,-3.2701253808458257,-1.4237984186599086,8.0,-1.4369816669101008,0.5975090676613773,-0.5292423979279188,-1.3732595614074925,2.424337510585921,-2.026149490619461,-1.7072774056995952,3.635664146367665,1.8736882144473181,5.039003627064551,-5.011696959171167,-2.0308242480163905,1.2142288214906136,brick3_q_v2_robust_mahalanobis_clipped,2026-03-18T05:10:36.278770+00:00
CEG,,,10-Q,2023-09-30,2023-11-06,https://www.sec.gov/Archives/edgar/data/1868275/000186827523000080/ceg-20230930.htm,92.75,191.56057063186395,1.5197471008025965,1.9182449912631647,1.5619653449996949,8,net_income_growth_yoy,4.7701,revenue_growth_yoy,-2.3941,accrual_ratio,1.8992,robust_mcd,-3.5933246811408814,,2.7651780405657687,2.1854891322177696,0.06461500455762482,0.17183099856274459,1.733236147222818,-0.12455570135056747,-0.5952141861461845,-0.30099693809970013,7.777535802387227,0.20135007874980915,0.7113721027506806,-0.7330884137951926,2.1482188273358314,-2.8781835808406924,-2.3940804831430027,-0.30099693809970013,4.770121145294352,1.3918335108305853,0.3233178438348472,-0.1901367663804303,1.8992292192680233,-1.2260068531466175,brick3_q_v2_robust_mahalanobis_clipped,2026-03-18T05:10:36.278770+00:00
APP,,,10-Q,2025-06-30,2025-08-06,https://www.sec.gov/Archives/edgar/data/1751008/000175100825000072/app-20250630.htm,92.68,188.71542105166625,0.9383603896995558,2.135656246076904,1.409225017784265,8,accrual_ratio,-3.5007,revenue_growth_yoy,2.4251,net_income_growth_yoy,1.8646,robust_mcd,-0.04289704614735126,0.14864013673419368,-0.010794383627516365,2.7041457451740283,0.5229471902631351,-0.5229471902631351,-3.4192383296652564,-0.13527309572183005,6.127093567134004,0.5102106808908203,4.67766960332541,0.15422680251545262,0.9589883293002359,-0.9166429045421728,-3.6229195447889984,-0.11749853611813788,2.425099199165191,0.29326835439684434,1.8645912111536542,1.6841781681105978,0.6973636458779755,-0.6804254759747501,-3.5007108157147533,-0.12816327188035317,brick3_q_v2_robust_mahalanobis_clipped,2026-03-18T05:10:36.278770+00:00
MSTR,,,10-Q,2025-06-30,2025-08-05,https://www.sec.gov/Archives/edgar/data/1050446/000095017025102209/mstr-20250630.htm,92.6,187.33795912670922,2.1633967311169653,3.7077169689622025,2.6694435286599854,8,net_income_growth_yoy,6.6333,assets_growth_yoy,3.6047,net_margin,3.2611,robust_mcd,0.9470455456536261,0.6744907594765952,5.722188147294796,1.727064819992978,-2.5911268071746574,2.376927431789059,2.989398914111841,0.2789314234421689,-0.6984158407874974,8.0,8.0,5.5621239212404605,-1.0983232840448354,1.0044734129228217,3.4710849409523155,-1.8273143517496904,0.28886099107717667,3.6046944556859573,6.633312888376878,3.2610884604919708,-1.9940053979227286,1.827945824242564,3.182073324848031,-0.5635668866345748,brick3_q_v2_robust_mahalanobis_clipped,2026-03-18T05:10:36.278770+00:00
AMAT,,,10-Q,2021-01-31,2021-02-25,https://www.sec.gov/Archives/edgar/data/6951/000000695121000013/amat-20210131.htm,92.52,185.9798878883056,,1.198999957934808,1.198999957934808,8,net_income_growth_yoy,4.1919,net_margin,3.3281,revenue_growth_yoy,0.6745,robust_mcd,,,,,,,,,0.6744907594765952,-0.5121190613675034,4.191883147801692,3.3281186817238715,0.0,-0.30178708596187626,0.545291396457513,0.03830953068941337,0.6744907594765952,-0.5121190613675034,4.191883147801692,3.3281186817238715,0.0,-0.30178708596187626,0.545291396457513,0.03830953068941337,brick3_q_v2_robust_mahalanobis_clipped,2026-03-18T05:10:36.278770+00:00
SBUX,,,10-Q,2024-12-29,2025-01-28,https://www.sec.gov/Archives/edgar/data/829224/000082922425000014/sbux-20241229.htm,92.44,181.8801260264182,1.8292407366006334,1.9373736884144324,2.1518998503608566,8,debt_to_assets,8.0,assets_growth_yoy,5.1628,net_margin,-1.3572,robust_mcd,0.0,7.360421010029114,0.0,-1.812413703527499,,,0.7211881866345373,-1.0814215194126502,-0.6744907594765953,1.866252051500794,-2.6413175430254157,-0.6744907594765952,8.0,-0.6744907594765953,0.0,0.967947634359464,-0.2697963037906381,5.162753426617786,-1.0565270172101664,-1.3572445259071375,8.0,-0.6744907594765953,0.43271291198072237,-0.2616738579038045,brick3_q_v2_robust_mahalanobis_clipped,2026-03-18T05:10:36.278770+00:00
AVGO,,,10-Q,2024-02-04,2024-03-14,https://www.sec.gov/Archives/edgar/data/1730168/000173016824000023/avgo-20240204.htm,92.37,180.78330690113617,4.648354350813797,,4.648354350813797,4,assets_growth_yoy,8.0,debt_to_assets,-8.0,accrual_ratio,-2.2183,robust_mcd,,8.0,,,-8.0,,-2.2183055232206828,0.37511188003450413,,,,,,,,,,8.0,,,-8.0,,-2.2183055232206828,0.37511188003450413,brick3_q_v2_robust_mahalanobis_clipped,2026-03-18T05:10:36.278770+00:00
AVGO,,,10-Q,2024-05-05,2024-06-13,https://www.sec.gov/Archives/edgar/data/1730168/000173016824000080/avgo-20240505.htm,92.29,180.25729375533464,4.980582539475929,,4.980582539475929,4,assets_growth_yoy,8.0,debt_to_assets,-8.0,ocf_to_net_income,2.3099,robust_mcd,,8.0,,,-8.0,,-1.6124540820866837,2.309876075817031,,,,,,,,,,8.0,,,-8.0,,-1.6124540820866837,2.309876075817031,brick3_q_v2_robust_mahalanobis_clipped,2026-03-18T05:10:36.278770+00:00
MSTR,,,10-Q,2024-03-31,2024-05-01,https://www.sec.gov/Archives/edgar/data/1050446/000095017024051230/mstr-20240331.htm,92.21,177.34754070789288,0.9784873913533436,2.835235941283994,1.5903766170899614,8,assets_growth_yoy,3.8612,net_margin,-2.9107,ocf_to_net_income,-1.3836,robust_mcd,-1.42229421569101,1.1019625513480455,0.11180142058992033,0.48224172062743315,-1.6368145266508447,1.6368145266508454,0.8297157004238503,-0.6062544688447997,-1.1760696273275537,8.0,-2.539115683678845,-8.0,0.20756817008423276,-0.054481219689485876,-0.15498784075667496,-2.54966498873516,-1.3238043803456276,3.8611775308088276,-0.9485654211175857,-2.9106549676235405,-0.8990614479568136,0.9602962281147128,0.4358342839516402,-1.383618676800944,brick3_q_v2_robust_mahalanobis_clipped,2026-03-18T05:10:36.278770+00:00
ADP,,,10-Q,2024-03-31,2024-05-02,https://www.sec.gov/Archives/edgar/data/8670/000000867024000014/adp-20240331.htm,92.14,167.28364961981592,1.1816163623409637,0.7550069934908357,0.9040554410235785,8,net_margin,2.1937,revenue_growth_yoy,-1.7588,accrual_ratio,-1.0777,robust_mcd,-2.9146050818400537,0.0283088879267018,0.484469953018723,4.1879836229028875,-0.0763282378561758,0.07632823785618002,-1.1472713212970742,0.5376355560299136,-0.025171621468573126,-0.2520714289829216,0.07842630993067227,-0.7977236923147534,1.2596008824380505,-1.132962843425397,-0.9734512287184055,1.5206479406479116,-1.7588316976914615,-0.08384323883714759,0.3220524957835027,2.193700696815831,0.45804341026151474,-0.4073881946564509,-1.0777432842656067,0.9308405098771129,brick3_q_v2_robust_mahalanobis_clipped,2026-03-18T05:10:36.278770+00:00
PCAR,,,10-Q,2025-09-30,2025-10-30,https://www.sec.gov/Archives/edgar/data/75362/000119312525258509/pcar-20250930.htm,92.06,167.09015522577678,1.936816810829492,1.1202121918410002,1.6044683634867805,7,ocf_to_net_income,3.2353,revenue_growth_yoy,-2.5854,accrual_ratio,-1.8865,robust_mcd,-1.6546922995508717,-1.2849619014359688,-1.3041594817127575,-0.3628968810488209,,1.4334468408948022,-3.117086988834397,4.400473282328826,-3.98148832933481,-0.6289398854407279,-1.4545107942743978,-0.19840887560973505,,-0.04993274778900571,-0.04067641924327747,1.487528291195048,-2.585410711464447,-1.0225530950378723,-1.3643000067374138,-0.29710167887318656,,0.840095005421279,-1.8865227609979491,3.235295285875315,brick3_q_v2_robust_mahalanobis_clipped,2026-03-18T05:10:36.278770+00:00
CEG,,,10-Q,2024-03-31,2024-05-09,https://www.sec.gov/Archives/edgar/data/1868275/000186827524000026/ceg-20240331.htm,91.98,165.41597062725674,2.763658274219977,2.3691397192286185,2.5776139921626315,8,net_income_growth_yoy,5.1613,assets_growth_yoy,4.9325,debt_to_assets,2.3217,robust_mcd,-1.4530274728046049,8.0,3.268768745379835,2.071438320398169,3.3742503962943466,-3.311901689773021,0.44163383537116063,0.1882457337386765,-2.423190461831573,0.33117008192525693,8.0,1.3315708806212954,0.7429933244496603,-0.6278453961719207,2.559406901209969,-2.936940707619271,-1.841092668415392,4.932468032770102,5.161261247227901,1.7754913444874196,2.321747567556472,-2.238279172332581,1.288743061706684,-1.0618288428045026,brick3_q_v2_robust_mahalanobis_clipped,2026-03-18T05:10:36.278770+00:00
APP,,,10-Q,2025-03-31,2025-05-07,https://www.sec.gov/Archives/edgar/data/1751008/000175100825000053/app-20250331.htm,91.9,163.36459112057656,0.6969652331698459,1.6903465819280508,1.0202278268394562,8,revenue_growth_yoy,2.3605,net_margin,1.4272,debt_to_assets,1.2462,robust_mcd,-0.05980765092871815,-0.2347818055388394,-0.29813471141567655,2.1735387896917335,1.2942206002312424,-1.2942206002312417,-0.01541180614408372,-0.20560590117723102,5.99099529103897,0.11208724114804144,2.5072983586074296,0.3078079558518909,1.1742572694745264,-1.1415657495421687,-2.196862116089295,0.09189867367208364,2.360513525858357,-0.09603418686408706,0.824038516593566,1.4272464561557965,1.246235267928556,-1.2331586599556126,-0.8879919301221683,-0.08660407123750516,brick3_q_v2_robust_mahalanobis_clipped,2026-03-18T05:10:36.278770+00:00
AVGO,,,10-Q,2024-08-04,2024-09-11,https://www.sec.gov/Archives/edgar/data/1730168/000173016824000099/avgo-20240804.htm,91.83,163.3232921708626,5.30460706501154,,5.30460706501154,4,assets_growth_yoy,8.0,debt_to_assets,-7.4572,ocf_to_net_income,4.4774,robust_mcd,,8.0,,,-7.4571577662844595,,-1.2838405397191917,4.477429954042511,,,,,,,,,,8.0,,,-7.4571577662844595,,-1.2838405397191917,4.477429954042511,brick3_q_v2_robust_mahalanobis_clipped,2026-03-18T05:10:36.278770+00:00
SBUX,,,10-Q,2025-03-30,2025-04-29,https://www.sec.gov/Archives/edgar/data/829224/000082922425000034/sbux-20250330.htm,91.75,161.73626606730818,1.3947190400805702,2.2609787585004337,2.3933165277280306,8,debt_to_assets,7.7739,equity_to_assets,-3.8855,ocf_to_net_income,2.7913,robust_mcd,0.09564497819051236,-0.8005749731564447,-1.1111574888926017,-3.643657129096572,,,-0.08770526432584799,2.6295744068214426,0.6744907594765952,-0.5801493144247275,-1.2632347241983186,-0.6744907594765952,7.773916344781708,-3.8855136010913314,0.20220793038415422,3.0338266341700377,0.3271832907049455,-0.7124047096637578,-1.1719883830148885,-2.4559905812485807,7.773916344781708,-3.8855136010913314,0.028260013558152906,2.7912752977608806,brick3_q_v2_robust_mahalanobis_clipped,2026-03-18T05:10:36.278770+00:00
NFLX,,,10-Q,2024-06-30,2024-07-19,https://www.sec.gov/Archives/edgar/data/1065280/000106528024000200/nflx-20240630.htm,91.67,156.3038691254909,1.9697526781226387,0.9549720575734282,1.5599008022697487,8,accrual_ratio,2.4101,revenue_growth_yoy,2.2491,ocf_to_net_income,-2.0878,robust_mcd,2.940359408893949,-2.4290800336428804,1.1543027657669422,1.3164785443481224,-1.0707154172160342,1.0707154172160342,3.0857220565511203,-2.6906477813460263,1.212317571611713,-0.9799895575810058,1.006568634570823,1.7255181564899928,0.0393962763320568,0.09558206780602213,1.3967869890671134,-1.1836172071286992,2.2491426739810545,-1.8494438432181306,1.0952091132884947,1.4800943892048706,-0.6266707397967978,0.6806620774520293,2.4101480295575173,-2.0878355516590954,brick3_q_v2_robust_mahalanobis_clipped,2026-03-18T05:10:36.278770+00:00
CTSH,,,10-Q,2025-03-31,2025-05-01,https://www.sec.gov/Archives/edgar/data/1058290/000105829025000125/ctsh-20250331.htm,91.6,155.58140528843103,1.6074334899595253,0.7063889961974146,1.238992560844665,8,net_margin,3.0954,assets_growth_yoy,1.4308,equity_to_assets,1.386,robust_mcd,0.98485124997976,2.3082934549398875,0.44816848155533834,4.695668614637856,-1.541012575142525,1.5410125751425225,0.6789591560115553,-0.6615018122667582,-0.08023131610016025,0.11453954681481504,0.241363474842521,0.6950860441101944,-0.9780748312764023,1.1535695936199686,1.4329932881490546,-0.9552538746661996,0.5588182235477919,1.4307918916898585,0.36544647887021137,3.0954355864267913,-1.3158374775960757,1.386035382533501,0.9805728088665551,-0.7790026372265348,brick3_q_v2_robust_mahalanobis_clipped,2026-03-18T05:10:36.278770+00:00
APP,,,10-Q,2022-03-31,2022-05-13,https://www.sec.gov/Archives/edgar/data/1751008/000175100822000010/app-20220331.htm,91.52,152.5204284516081,,2.916971208674078,2.916971208674078,7,assets_growth_yoy,8.0,net_income_growth_yoy,-8.0,net_margin,-2.5551,robust_mcd,,,,,,,,,,8.0,-8.0,-2.5551419326405114,0.38627257201909304,-0.09454882180794696,-0.142933047380932,-1.2399020868700665,,8.0,-8.0,-2.5551419326405114,0.38627257201909304,-0.09454882180794696,-0.142933047380932,-1.2399020868700665,brick3_q_v2_robust_mahalanobis_clipped,2026-03-18T05:10:36.278770+00:00
FANG,,,10-Q,2023-06-30,2023-08-03,https://www.sec.gov/Archives/edgar/data/1539838/000153983823000101/fang-20230630.htm,91.44,149.10519658838376,1.0313121407279777,1.6947337826092226,1.2330213109474373,8,revenue_growth_yoy,-2.1756,net_income_growth_yoy,-1.8279,assets_growth_yoy,1.678,robust_mcd,-1.6609584012720433,1.8210615020948888,-1.947168529170627,-0.2311668620241372,-0.5380619977499331,-0.19322971486278506,-0.5156527229982691,1.3431973956511374,-2.9474707370633833,1.4634806479719071,-1.6489924085226841,3.316162300602384,-0.4284515169002915,0.5558711844439477,-1.4364382552059214,1.761003210163261,-2.1755633355885795,1.6780291604456963,-1.82789808091145,1.1877648030264714,-0.4942178054100764,0.10641064485990805,-0.88396693588133,1.510319721455987,brick3_q_v2_robust_mahalanobis_clipped,2026-03-18T05:10:36.278770+00:00
MELI,,,10-Q,2023-09-30,2023-11-02,https://www.sec.gov/Archives/edgar/data/1099590/000109959023000033/meli-20230930.htm,91.36,145.00934219453532,1.3779817537350443,2.1945320087199978,1.4795891758445654,8,revenue_growth_yoy,2.1985,accrual_ratio,-2.024,ocf_to_net_income,1.5727,robust_mcd,0.12074931622221471,0.15644274855911808,0.5843315302468788,2.5489375326561183,-2.526439437128734,2.5264394371287358,-1.7420420394776823,0.8184719884608727,5.315147951406163,2.218339376629807,2.621658528698094,-0.29135767204021185,0.9515594011141567,-1.007209725690235,-2.447000238998162,2.703983175183153,2.1985087702957946,0.9812013997873937,1.3992623296273647,1.4128194507775862,-1.1352399018315777,1.1129797720011474,-2.024025319285874,1.5726764631497847,brick3_q_v2_robust_mahalanobis_clipped,2026-03-18T05:10:36.278770+00:00
MELI,,,10-Q,2022-06-30,2022-08-04,https://www.sec.gov/Archives/edgar/data/1099590/000156276222000334/meli-20220630x10q.htm,91.29,143.36659008539507,3.7847054143328385,1.9737012551720041,2.6409819256150344,8,assets_growth_yoy,7.8535,equity_to_assets,3.8301,debt_to_assets,-3.7107,robust_mcd,,8.0,-0.28815015785652237,0.7857609452985835,-6.89818431175632,6.919673346794791,-2.7325480680238123,0.8686210705998431,2.1691903059873407,7.633652296473053,1.1068106618786853,-0.6744907594765952,1.0705129600378738,-0.8043529629763297,-0.5405133932856487,1.7900867012605062,2.1691903059873407,7.853460918589221,0.2698341700375607,0.201660263388512,-3.710705403038642,3.8300628228863425,-1.855734198128547,1.2372073228641083,brick3_q_v2_robust_mahalanobis_clipped,2026-03-18T05:10:36.278770+00:00
PAYX,,,10-Q,2025-08-31,2025-09-30,https://www.sec.gov/Archives/edgar/data/723531/000119312525224997/payx-20250831.htm,91.21,141.15322894852082,1.829152543969236,0.6744907594765952,1.329374465777685,8,debt_to_assets,2.1859,assets_growth_yoy,2.1519,net_margin,-1.8756,robust_mcd,1.6336827363408897,3.136797510458661,,-1.8755577461395836,2.185920222704756,-2.185920222704762,1.0417583644541633,-0.7444310049818375,,0.6744907594765952,-0.6744907594765952,,,-0.6744907594765952,-0.6744907594765952,0.6744907594765952,1.6336827363408897,2.1518748100658347,-0.6744907594765952,-1.8755577461395836,2.185920222704756,-1.5813484374134954,0.35525871488185984,-0.1768622991984644,brick3_q_v2_robust_mahalanobis_clipped,2026-03-18T05:10:36.278770+00:00
PEP,,,10-Q,2024-06-15,2024-07-11,https://www.sec.gov/Archives/edgar/data/77476/000007747624000042/pep-20240615.htm,91.13,141.1179064918314,0.8529043763870356,,0.8529043763870356,8,revenue_growth_yoy,-1.9779,net_margin,1.4754,assets_growth_yoy,-1.4639,robust_mcd,-1.9778502102367002,-1.4638839678966573,-0.1884647892763461,1.4753666443990356,-0.5455121393360225,0.5448547548698597,0.37638752484094407,-0.2509149802407201,,,,,,,,,-1.9778502102367002,-1.4638839678966573,-0.1884647892763461,1.4753666443990356,-0.5455121393360225,0.5448547548698597,0.37638752484094407,-0.2509149802407201,brick3_q_v2_robust_mahalanobis_clipped,2026-03-18T05:10:36.278770+00:00
PYPL,,,10-Q,2025-03-31,2025-04-29,https://www.sec.gov/Archives/edgar/data/1633917/000163391725000064/pypl-20250331.htm,91.06,139.80176247028902,1.225986065001517,0.7536194047279967,1.0370394008921089,8,revenue_growth_yoy,-2.2289,assets_growth_yoy,-1.0159,accrual_ratio,0.9484,robust_mcd,-3.2560344596549378,-1.1437010959313978,0.8025377490448966,0.5539807565043533,0.8784250099185591,-0.8784250099185597,1.110538311655785,-1.184246127383647,-0.6882650429065467,-0.8242528974969072,0.6756723335802529,1.25860833123522,0.6794087288441852,-0.6138849261614971,0.705289590104895,-0.5835733874944695,-2.2289266929555813,-1.0159218165576016,0.7517915828590391,0.8358317863967,0.7988184974888095,-0.7726089764157347,0.9484388230354289,-0.9439770314279761,brick3_q_v2_robust_mahalanobis_clipped,2026-03-18T05:10:36.278770+00:00
AMGN,,,10-Q,2021-09-30,2021-11-03,https://www.sec.gov/Archives/edgar/data/318154/000031815421000045/amgn-20210930.htm,90.98,139.80015974631738,,1.0429395756428164,1.0429395756428164,6,net_margin,2.8823,equity_to_assets,-1.3785,net_income_growth_yoy,-0.7465,robust_mcd,,,,,,,,,,-0.665289911980413,-0.7465330598456779,2.8823499171400515,,-1.3785345581940498,-0.4548435546061324,0.13008645209057343,,-0.665289911980413,-0.7465330598456779,2.8823499171400515,,-1.3785345581940498,-0.4548435546061324,0.13008645209057343,brick3_q_v2_robust_mahalanobis_clipped,2026-03-18T05:10:36.278770+00:00
STX,,,10-Q,2022-09-30,2022-10-27,https://www.sec.gov/Archives/edgar/data/1137789/000113778922000123/stx-20220930.htm,90.9,137.7514790327166,4.534805640373375,1.3187932967330869,2.559057059320194,8,debt_to_assets,4.4844,equity_to_assets,-4.4036,ocf_to_net_income,3.9066,robust_mcd,,,,-4.163083383231561,6.4046867154323825,-6.4046867154324065,0.50325721643354,5.198314171336984,-0.08639940657911081,-1.7191779143636254,-2.607591018883177,-0.6744907594765952,1.6039771936369396,-1.401987258896719,0.4876093485055202,1.9691134735230083,-0.08639940657911081,-1.7191779143636254,-2.607591018883177,-2.7676463337295742,4.484402906714205,-4.403606932818131,0.4969980692623321,3.9066338922113935,brick3_q_v2_robust_mahalanobis_clipped,2026-03-18T05:10:36.278770+00:00
MAR,,,10-Q,2021-09-30,2021-11-03,https://www.sec.gov/Archives/edgar/data/1048286/000162828021021326/mar-20210930.htm,90.82,135.5393064848088,,1.1824113206507003,1.1824113206507003,7,net_income_growth_yoy,2.1675,revenue_growth_yoy,2.0894,equity_to_assets,-1.8346,robust_mcd,,,,,,,,,2.089387646658191,-0.9146683571845464,2.167469938145451,-0.5411950717516829,,-1.8346254322793507,0.6241706074891762,0.10536219104650418,2.089387646658191,-0.9146683571845464,2.167469938145451,-0.5411950717516829,,-1.8346254322793507,0.6241706074891762,0.10536219104650418,brick3_q_v2_robust_mahalanobis_clipped,2026-03-18T05:10:36.278770+00:00
EXC,,,10-Q,2021-09-30,2021-11-03,https://www.sec.gov/Archives/edgar/data/1109357/000110935721000110/exc-20210930.htm,90.75,134.98806503290055,,1.0804698167258953,1.0804698167258953,4,revenue_growth_yoy,-2.3612,debt_to_assets,0.8383,equity_to_assets,-0.7182,robust_mcd,,,,,,,,,-2.361174406938637,-0.40428645002175057,,,0.8382539679144071,-0.7181644420287866,,,-2.361174406938637,-0.40428645002175057,,,0.8382539679144071,-0.7181644420287866,,,brick3_q_v2_robust_mahalanobis_clipped,2026-03-18T05:10:36.278770+00:00
QCOM,,,10-Q,2022-06-26,2022-07-27,https://www.sec.gov/Archives/edgar/data/804328/000172894922000040/qcom-20220626.htm,90.67,134.974262120673,1.300385706270767,,1.300385706270767,4,net_margin,2.778,debt_to_assets,-2.1507,ocf_to_net_income,-0.2303,robust_mcd,,,,2.777956870885277,-2.1507170267938505,,-0.04254822265545782,-0.23032070474848335,,,,,,,,,,,,2.777956870885277,-2.1507170267938505,,-0.04254822265545782,-0.23032070474848335,brick3_q_v2_robust_mahalanobis_clipped,2026-03-18T05:10:36.278770+00:00
PAYX,,,10-Q,2023-08-31,2023-09-28,https://www.sec.gov/Archives/edgar/data/723531/000095017023050438/payx-20230831.htm,90.59,133.12438438253724,4.517447416550313,0.6744907594765951,3.694799138034158,4,debt_to_assets,6.5373,equity_to_assets,-4.1922,assets_growth_yoy,2.0927,robust_mcd,-1.9570214936271433,3.0381604356552265,,,6.5373038684593725,-6.53730386845951,,,,0.6744907594765951,,,,-0.6744907594765951,,,-1.9570214936271433,2.092692565183774,,,6.5373038684593725,-4.192178624866344,,,brick3_q_v2_robust_mahalanobis_clipped,2026-03-18T05:10:36.278770+00:00
FANG,,,10-Q,2025-09-30,2025-11-05,https://www.sec.gov/Archives/edgar/data/1539838/000153983825000147/fang-20250930.htm,90.52,127.48637550748562,0.541535576755997,1.5405151566811397,0.7285480100959313,8,revenue_growth_yoy,2.2052,ocf_to_net_income,1.4132,equity_to_assets,-0.5379,robust_mcd,0.34998445343275264,-0.1231242307196025,-0.0940987312509951,-1.0522715365257478,-0.22582026518143958,-1.0441960051470391,-0.37491709922935257,1.067872292561046,4.987924872455825,0.7650856017259838,1.4618109601655092,2.2118004956771555,-0.517125498724042,0.22155223855670883,-0.22761384700376164,1.9312077391401303,2.2051606210419816,0.23215970225863203,0.5282651453156065,0.2533572763554136,-0.34234235859848056,-0.5378967076655399,-0.3159957983391162,1.4132064711926797,brick3_q_v2_robust_mahalanobis_clipped,2026-03-18T05:10:36.278770+00:00
AMD,,,10-Q,2021-09-25,2021-10-27,https://www.sec.gov/Archives/edgar/data/2488/000000248821000178/amd-20210925.htm,90.44,126.99634835593226,,2.271227837850321,2.271227837850321,5,equity_to_assets,8.0,ocf_to_net_income,-1.5103,assets_growth_yoy,1.1714,robust_mcd,,,,,,,,,,1.1713879735811277,0.0,,,8.0,-0.6744907594765952,-1.5102604561938806,,1.1713879735811277,0.0,,,8.0,-0.6744907594765952,-1.5102604561938806,brick3_q_v2_robust_mahalanobis_clipped,2026-03-18T05:10:36.278770+00:00
APP,,,10-Q,2022-09-30,2022-11-10,https://www.sec.gov/Archives/edgar/data/1751008/000175100822000020/app-20220930.htm,90.36,122.95080696807959,1.4897084876452726,1.8505667952688112,1.6053094613007595,8,net_income_growth_yoy,5.8163,assets_growth_yoy,2.1454,revenue_growth_yoy,-2.0901,robust_mcd,-3.1198587710305605,,4.360575471748124,1.1233050832435636,0.013440926527271907,-0.013280940289870355,-0.6763878488948142,1.1211103717827042,-0.5453869922945584,2.1453899300532275,8.0,-0.6137108317947247,0.4492219567451862,-0.17218781504977504,0.16547374395052922,2.7131630922624894,-2.0900700595361594,2.1453899300532275,5.816345283048875,0.42849871722824817,0.18775333861443766,-0.07684369019383222,-0.3396432117566768,1.7579314599746183,brick3_q_v2_robust_mahalanobis_clipped,2026-03-18T05:10:36.278770+00:00
MDLZ,,,10-Q,2022-06-30,2022-07-26,https://www.sec.gov/Archives/edgar/data/1103982/000110398222000012/mdlz-20220630.htm,90.29,122.46025030401535,2.0279870172041576,0.3062085239874144,1.2461576269239645,8,revenue_growth_yoy,1.9908,assets_growth_yoy,-1.8291,ocf_to_net_income,1.4756,robust_mcd,3.4833658490669053,-2.713857766159701,-1.692718795200837,-1.4270407207627283,-1.5830885623260835,1.8499289746443737,-1.3073575484171893,2.1665379210554443,-0.24809845870472427,-0.5019182107745476,-0.4102492615936193,0.0,0.13519669121919028,0.16704819221790013,0.5478847800110427,0.4392725973782908,1.9907801259582536,-1.8290819440056394,-1.1797309817579498,-0.8562244324576369,-0.8957744609079739,1.1767766616737843,-0.5652606170458965,1.475631791584583,brick3_q_v2_robust_mahalanobis_clipped,2026-03-18T05:10:36.278770+00:00
BKNG,,,10-Q,2021-09-30,2021-11-03,https://www.sec.gov/Archives/edgar/data/1075531/000107553121000053/bkng-20210930.htm,90.21,119.78218344205692,,1.0443730193442506,1.0443730193442506,4,revenue_growth_yoy,2.1655,debt_to_assets,0.9276,equity_to_assets,-0.8088,robust_mcd,,,,,,,,,2.165504775012202,-0.275592821041369,,,0.927588098129443,-0.8088063831939886,,,2.165504775012202,-0.275592821041369,,,0.927588098129443,-0.8088063831939886,,,brick3_q_v2_robust_mahalanobis_clipped,2026-03-18T05:10:36.278770+00:00
APP,,,10-Q,2023-03-31,2023-05-10,https://www.sec.gov/Archives/edgar/data/1751008/000175100823000048/app-20230331.htm,90.13,119.73918987424545,1.3668458866139173,2.2073125337867348,1.6899436631352844,8,ocf_to_net_income,-4.6973,assets_growth_yoy,-2.988,revenue_growth_yoy,-2.0528,robust_mcd,-2.1639523453746015,-4.374346818691604,0.4689222617173076,0.08725921565173074,0.051562582218730287,-0.051418397116939435,-1.2418602843452975,-2.495445187795127,-1.8861842981132746,-0.9083686046823362,2.217524117860034,-1.4881635920458323,0.3489283446813631,-0.18595994523404386,-2.6233713676769908,-8.0,-2.0528451264700704,-2.987955533087897,1.168363004174398,-0.5429099074272944,0.17050888720378343,-0.10523501636378121,-1.7944647176779749,-4.697267112677077,brick3_q_v2_robust_mahalanobis_clipped,2026-03-18T05:10:36.278770+00:00
ADBE,,,10-Q,2022-06-03,2022-06-29,https://www.sec.gov/Archives/edgar/data/796343/000079634322000157/adbe-20220603.htm,90.05,118.81920236149475,1.3566797783155828,,1.3566797783155828,5,net_margin,-2.6932,debt_to_assets,1.4502,equity_to_assets,-1.4502,robust_mcd,,,,-2.693215600241326,1.450174338796954,-1.4501743387969457,-0.6109072370375979,0.5789273767050901,,,,,,,,,,,,-2.693215600241326,1.450174338796954,-1.4501743387969457,-0.6109072370375979,0.5789273767050901,brick3_q_v2_robust_mahalanobis_clipped,2026-03-18T05:10:36.278770+00:00
FANG,,,10-Q,2025-06-30,2025-08-06,https://www.sec.gov/Archives/edgar/data/1539838/000153983825000127/fang-20250630.htm,89.98,118.78338268678506,1.3004174466057838,2.283024228873765,1.5684391141964418,8,assets_growth_yoy,6.6003,ocf_to_net_income,1.9518,revenue_growth_yoy,1.7782,robust_mcd,0.358282428181065,5.667127598009927,-0.7329241037516235,-2.0177134668436554,-0.07099944948570486,-0.2672815807404026,0.17320133711935543,1.1158096087145382,3.9080680902131766,8.0,-0.9054175233488524,0.6744907594765952,-0.45315578705303355,0.315917688009718,-0.8014757525764319,3.205668230312311,1.7781966929939097,6.600276558805956,-0.8019214715905151,-0.9408317763155551,-0.22386198451263634,-0.034001873240354336,-0.21666949875895952,1.9517530573536472,brick3_q_v2_robust_mahalanobis_clipped,2026-03-18T05:10:36.278770+00:00
TSLA,,,10-Q,2024-03-31,2024-04-24,https://www.sec.gov/Archives/edgar/data/1318605/000162828024017503/tsla-20240331.htm,89.9,117.70440338803776,1.3561537089835163,1.1434077825344398,1.1880561974630566,8,revenue_growth_yoy,-2.0768,ocf_to_net_income,-1.9227,accrual_ratio,1.3791,robust_mcd,-2.4725124743435365,-0.5533276062721931,-0.678961888892875,-1.1667180220227429,-1.2046425660125277,1.1782448158771495,1.4347576988470587,-2.1600645996000463,-1.483143078134108,1.7189185764533652,-1.1409236772818452,-0.7051076363576082,-0.545415349629692,0.6915365851291773,1.295548255931856,-1.566669101357865,-2.076764715859765,0.3555708668180303,-0.8637466042484632,-0.9820738677566889,-0.9409516794593934,0.9835615235779607,1.3790739216809778,-1.922706400303174,brick3_q_v2_robust_mahalanobis_clipped,2026-03-18T05:10:36.278770+00:00
AEP,,,10-Q,2024-06-30,2024-07-30,https://www.sec.gov/Archives/edgar/data/4904/000000490424000081/aep-20240630.htm,89.82,116.28097278151805,0.7864979565277459,0.5603440909640467,0.599905910062696,7,net_margin,2.6311,assets_growth_yoy,-0.7189,revenue_growth_yoy,-0.2724,robust_mcd,-0.40909203295508006,-0.9580635285592423,,3.4018312979711256,0.003643136869120467,0.17757683744029648,-0.32744753735480414,-0.22783132454455213,-0.06724593614968297,-0.36012099812572834,,1.4750765554412164,0.6319355247488262,-0.6091683804482915,0.2330296341189665,0.5458316077156151,-0.2723535942329212,-0.7188865163858367,,2.6311294009591615,0.2549600920210028,-0.13712124971513873,-0.10325666876529588,0.08163384835951479,brick3_q_v2_robust_mahalanobis_clipped,2026-03-18T05:10:36.278770+00:00
MAR,,,10-Q,2022-09-30,2022-11-03,https://www.sec.gov/Archives/edgar/data/1048286/000162828022028021/mar-20220930.htm,89.75,116.23392645493638,1.541696938031798,1.0911191956318904,1.1668116606948868,7,revenue_growth_yoy,-2.0952,net_income_growth_yoy,1.9063,accrual_ratio,-1.5782,robust_mcd,-4.3712802349743765,1.1760009635192488,0.2791638678372553,0.521645028422915,,0.13235986626678997,-2.534085678113301,1.7773429270886985,1.3189731545018137,-0.18571112439629672,4.346941601242701,0.511121603329191,,-1.1199563809869133,-0.1442557939096388,0.01087471105667799,-2.0951788791839006,0.6313161283530305,1.9062749611994336,0.5174356583854254,,-0.36856663263469136,-1.5781537244318362,1.0707556406758902,brick3_q_v2_robust_mahalanobis_clipped,2026-03-18T05:10:36.278770+00:00
FANG,,,10-Q,2023-03-31,2023-05-03,https://www.sec.gov/Archives/edgar/data/1539838/000153983823000045/fang-20230331.htm,89.67,114.53874934939125,0.8998140647753563,1.3181818930835705,0.885012489799564,8,net_margin,2.0166,assets_growth_yoy,1.3632,revenue_growth_yoy,-1.262,robust_mcd,-1.2910586172964504,1.662142842397074,-1.7037140775431885,0.17629232779599016,-0.2666744186768597,0.5517083597576233,0.635394123059508,-0.9115277516761564,-1.2183744916359849,0.9148517287925277,-0.46128223143543823,4.776986249161443,-0.5522447836915422,0.6874435919711412,-1.0658761895789683,0.8683958784015173,-1.2619849670322643,1.3632263969552556,-1.2067413391000883,2.0165698963421717,-0.3809025646827327,0.6060024526430305,-0.04511400199588256,-0.19955829964508692,brick3_q_v2_robust_mahalanobis_clipped,2026-03-18T05:10:36.278770+00:00
FANG,,,10-Q,2024-03-31,2024-05-02,https://www.sec.gov/Archives/edgar/data/1539838/000153983824000094/fang-20240331.htm,89.59,114.28567611467031,0.5641371902584048,1.251688020405433,0.6948617201402278,8,net_margin,2.6758,ocf_to_net_income,-0.5976,debt_to_assets,-0.5487,robust_mcd,-0.20867474681910494,-0.4615057369784008,-0.5831552603002983,0.06671806608867069,-0.527565968635253,0.487027432863835,0.7889265245792887,-1.3895237858023868,0.8399230893007296,-0.2060090024729672,-0.04143230033059366,6.589542521608184,-0.580370656337723,0.626280691652041,-0.5397337604271065,0.5902121411141183,0.2107643876288289,-0.35930704317622736,-0.36646607631241646,2.6758478482964763,-0.548687843716241,0.5427287363791173,0.2574624105767306,-0.5976294150357847,brick3_q_v2_robust_mahalanobis_clipped,2026-03-18T05:10:36.278770+00:00
MDLZ,,,10-Q,2024-03-31,2024-04-30,https://www.sec.gov/Archives/edgar/data/1103982/000110398224000055/mdlz-20240331.htm,89.51,113.836173293604,2.0539587751045065,0.6043009858067097,1.4432366088232635,8,debt_to_assets,2.787,equity_to_assets,-2.6997,revenue_growth_yoy,-1.6798,robust_mcd,-2.4490378642718933,1.072102712339786,-0.6915428994332034,1.2690431924391417,4.482471816740703,-4.437454115642258,1.0169519821791613,-1.013065617789908,-0.525968306822795,-0.30859050562124474,-0.878574109396617,1.557777920319923,0.24383957996079209,-0.09311845014823113,0.7136585012918039,-0.5128805128922711,-1.6798100412922539,0.5198254251553736,-0.7663553834185688,1.384537083591454,2.7870189220287385,-2.699719849444647,0.8956345898242182,-0.8129915758308532,brick3_q_v2_robust_mahalanobis_clipped,2026-03-18T05:10:36.278770+00:00
MDLZ,,,10-Q,2024-06-30,2024-07-30,https://www.sec.gov/Archives/edgar/data/1103982/000110398224000092/mdlz-20240630.htm,89.44,110.58119805900898,1.433784037625042,0.5974915001946263,1.0811241135934069,8,revenue_growth_yoy,-2.0131,debt_to_assets,1.3012,equity_to_assets,-1.2826,robust_mcd,-2.838458195853221,-0.6350721028460103,-0.7396291725440628,-1.3636533345411908,1.9921172207675018,-2.022530484659195,-0.519029867309316,1.3597819224798382,-0.7750819895646598,-0.5580703030350137,-0.9988143103375419,-0.8893179503199301,0.2648502673017405,-0.17265964856083554,0.1814290905946884,0.9397084418426,-2.0131077133377966,-0.6042713829216118,-0.8433032276614545,-1.1739191808526865,1.3012104393811972,-1.2825821502198513,-0.2388462841477142,1.191752530224943,brick3_q_v2_robust_mahalanobis_clipped,2026-03-18T05:10:36.278770+00:00
BKNG,,,10-Q,2022-06-30,2022-08-03,https://www.sec.gov/Archives/edgar/data/1075531/000107553122000032/bkng-20220630.htm,89.36,108.78161055668814,4.140699104294187,1.6680148516265416,3.132426803932077,4,debt_to_assets,5.1942,equity_to_assets,-5.0864,revenue_growth_yoy,1.8709,robust_mcd,-0.06399533098350593,-0.49880108619324404,,,8.0,-8.0,,,4.773218870491791,-0.19731186320810218,,,0.9855833194220214,-0.7159453533842524,,,1.870890349606613,-0.3782053969991873,,,5.194233327768808,-5.086378141353701,,,brick3_q_v2_robust_mahalanobis_clipped,2026-03-18T05:10:36.278770+00:00
EA,,,10-Q,2023-09-30,2023-11-07,https://www.sec.gov/Archives/edgar/data/712515/000071251523000048/ea-20230930.htm,89.28,107.27842426224056,1.0616243093964448,0.7686930649587368,0.7293242467684689,8,revenue_growth_yoy,-1.5916,net_margin,1.5172,accrual_ratio,-0.945,robust_mcd,-2.214970489947262,-0.3067879113908518,0.09516054763099902,1.3597321506247684,0.09722213468888295,-0.09722213468888466,-2.177477550184101,2.1444215560158084,-0.6564755262736778,-0.6888141335046787,0.21668949274953497,1.753508494421673,-0.3490088552521947,0.62543877300586,0.9036935822686716,-0.9559156621936034,-1.5915725044778282,-0.45959840023638254,0.1437721256784134,1.5172426881435301,-0.08127026128754812,0.19184222838901327,-0.9450090972029921,0.9042866687320437,brick3_q_v2_robust_mahalanobis_clipped,2026-03-18T05:10:36.278770+00:00
MELI,,,10-Q,2022-09-30,2022-11-04,https://www.sec.gov/Archives/edgar/data/1099590/000156276222000430/meli-20220930x10q.htm,89.21,105.70223520442934,2.6163206057456017,1.9326739411276006,2.049683413087981,8,assets_growth_yoy,6.569,ocf_to_net_income,2.3017,accrual_ratio,-1.9904,robust_mcd,,6.605471781564562,-0.21300752809406961,0.4914563195682833,-3.332825079781906,3.3430891338489266,-2.3828332543116786,1.945561143049786,1.8783439582727846,6.51435531606417,0.7723682197510067,-0.21012770560749597,1.0435375368846076,-0.8051262478663805,-1.40169975998257,2.83583278459179,1.8783439582727846,6.569025195364405,0.18114277104396095,0.21082270949797155,-1.5822800331153004,1.6838029811628037,-1.9903798565800352,2.3016697996665876,brick3_q_v2_robust_mahalanobis_clipped,2026-03-18T05:10:36.278770+00:00
FANG,,,10-Q,2023-09-30,2023-11-08,https://www.sec.gov/Archives/edgar/data/1539838/000153983823000134/fang-20230930.htm,89.13,105.54131743338837,0.7572244070596041,1.3501200073524897,0.9943826471767585,8,net_margin,2.2332,accrual_ratio,-1.2501,net_income_growth_yoy,-1.0331,robust_mcd,-0.5700678083651316,0.7072720572119423,-1.2445936136113565,0.4266280651457051,-0.4808463439092138,0.870628661081449,-1.1870098130841729,0.570748894067862,-1.2483206414657726,0.7659705250113522,-0.7158192720453487,4.942986265753682,-0.4417332816393626,0.6410408717696469,-1.3447906332335569,0.7002985679011977,-0.841368941605388,0.7307514443317062,-1.0330838769849533,2.2331713453888957,-0.46520111900127337,0.7787935453567281,-1.2501221411439265,0.6225687636011963,brick3_q_v2_robust_mahalanobis_clipped,2026-03-18T05:10:36.278770+00:00
PEP,,,10-Q,2023-03-25,2023-04-25,https://www.sec.gov/Archives/edgar/data/77476/000007747623000023/pep-20230325.htm,89.05,104.9983500629673,1.6819484197073886,,1.6819484197073886,8,assets_growth_yoy,8.0,revenue_growth_yoy,-1.5758,net_income_growth_yoy,-1.3721,robust_mcd,-1.5757654034188366,8.0,-1.3721329409143186,-1.1488999679673975,-0.01295527755648232,0.00654863468853346,0.5682769698691019,-0.7710081632444388,,,,,,,,,-1.5757654034188366,8.0,-1.3721329409143186,-1.1488999679673975,-0.01295527755648232,0.00654863468853346,0.5682769698691019,-0.7710081632444388,brick3_q_v2_robust_mahalanobis_clipped,2026-03-18T05:10:36.278770+00:00
NVDA,,,10-Q,2023-10-29,2023-11-21,https://www.sec.gov/Archives/edgar/data/1045810/000104581023000227/nvda-20231029.htm,88.97,104.7144468960407,1.9780248413077213,,1.9780248413077213,8,net_income_growth_yoy,5.0526,equity_to_assets,2.5731,debt_to_assets,-2.5731,robust_mcd,1.5673404213321025,0.0,5.052576124664299,1.584203345630038,-2.5731260134158918,2.57312601341591,-2.3876024442560806,0.0862243677474488,,,,,,,,,1.5673404213321025,0.0,5.052576124664299,1.584203345630038,-2.5731260134158918,2.57312601341591,-2.3876024442560806,0.0862243677474488,brick3_q_v2_robust_mahalanobis_clipped,2026-03-18T05:10:36.278770+00:00
ADBE,,,10-Q,2022-09-02,2022-09-28,https://www.sec.gov/Archives/edgar/data/796343/000079634322000196/adbe-20220902.htm,88.9,103.3473022706454,0.9931337880500116,,0.9931337880500116,5,net_margin,-2.5095,ocf_to_net_income,1.0634,accrual_ratio,-0.8391,robust_mcd,,,,-2.5095493641865425,0.27683587322002595,-0.2768358732200206,-0.8390867378486782,1.0633610917747904,,,,,,,,,,,,-2.5095493641865425,0.27683587322002595,-0.2768358732200206,-0.8390867378486782,1.0633610917747904,brick3_q_v2_robust_mahalanobis_clipped,2026-03-18T05:10:36.278770+00:00
PCAR,,,10-Q,2023-09-30,2023-11-02,https://www.sec.gov/Archives/edgar/data/75362/000095017023058179/pcar-20230930.htm,88.82,101.60117999472541,1.761314869094868,0.762437012483446,1.3084485794671292,7,net_margin,2.3093,assets_growth_yoy,2.3021,accrual_ratio,-1.1585,robust_mcd,-0.0048855089241122375,2.9550483493147772,0.6126862022881062,3.4624445806736914,,1.643201758842916,-1.9967967728139024,1.6541409108065697,2.321782379427076,1.322756986755366,0.6521092689169349,0.579502955178198,,0.0017282243899779573,0.09901555755237272,-0.36016371516419726,0.9257816464163632,2.3021318042910126,0.6284554289396377,2.309267930475494,,0.9866123450617408,-1.1584718406673924,0.8484190604182629,brick3_q_v2_robust_mahalanobis_clipped,2026-03-18T05:10:36.278770+00:00
PEP,,,10-Q,2024-03-23,2024-04-23,https://www.sec.gov/Archives/edgar/data/77476/000007747624000017/pep-20240323.htm,88.74,100.60665834611945,0.8275999397319193,,0.8275999397319193,8,revenue_growth_yoy,-1.9779,assets_growth_yoy,-1.4639,ocf_to_net_income,-0.8477,robust_mcd,-1.9778502102367002,-1.4638839678966573,-0.1884647892763461,-0.7984824216371161,-0.27951830649360104,0.2847867762410211,0.7801403006431948,-0.847672745430717,,,,,,,,,-1.9778502102367002,-1.4638839678966573,-0.1884647892763461,-0.7984824216371161,-0.27951830649360104,0.2847867762410211,0.7801403006431948,-0.847672745430717,brick3_q_v2_robust_mahalanobis_clipped,2026-03-18T05:10:36.278770+00:00
PCAR,,,10-Q,2025-06-30,2025-07-31,https://www.sec.gov/Archives/edgar/data/75362/000095017025100887/pcar-20250630.htm,88.67,99.24187158334556,0.9248974122091165,0.7109687636414719,0.8301121987518902,7,revenue_growth_yoy,-2.0082,net_income_growth_yoy,-1.4308,equity_to_assets,0.6718,robust_mcd,-1.723522619603058,-0.4637615029156747,-1.3893872446082882,-0.14304245551376535,,1.1734057349760956,-0.7279004254392979,0.8532619024076363,-2.435230911130426,-0.12895061081226206,-1.4930292024834009,-0.5283228685214765,,-0.0806203477639738,-0.03403914728686691,0.27658825749189675,-2.0082059362140052,-0.32983714607430964,-1.4308440277583334,-0.29715462071684984,,0.6717953018800678,-0.4503559141783255,0.6225924444413405,brick3_q_v2_robust_mahalanobis_clipped,2026-03-18T05:10:36.278770+00:00
PEP,,,10-Q,2024-09-07,2024-10-08,https://www.sec.gov/Archives/edgar/data/77476/000007747624000052/pep-20240907.htm,88.59,97.6697035040481,0.9001726321230112,,0.9001726321230112,8,revenue_growth_yoy,-1.9779,assets_growth_yoy,-1.4639,accrual_ratio,-1.4266,robust_mcd,-1.9778502102367002,-1.4638839678966573,-0.1884647892763461,0.18367978216643122,-0.48731810934484504,0.4749925092603028,-1.4265993705045832,0.9985923182982249,,,,,,,,,-1.9778502102367002,-1.4638839678966573,-0.1884647892763461,0.18367978216643122,-0.48731810934484504,0.4749925092603028,-1.4265993705045832,0.9985923182982249,brick3_q_v2_robust_mahalanobis_clipped,2026-03-18T05:10:36.278770+00:00
NVDA,,,10-Q,2023-07-30,2023-08-28,https://www.sec.gov/Archives/edgar/data/1045810/000104581023000175/nvda-20230730.htm,88.51,95.29559392755596,1.0948815314844238,1.6941586495781955,1.3162211741388383,8,net_income_growth_yoy,6.2315,revenue_growth_yoy,1.5673,net_margin,1.4536,robust_mcd,1.5673404213321025,0.0,5.052576124664299,1.4535527861624096,-0.09615770235594316,0.09615770235594316,-0.15745290602992146,-0.3358146089747701,,0.8159703785159823,8.0,,-0.6744907594765952,0.6744907594765946,0.0,0.0,1.5673404213321025,0.32638815140639293,6.231545674798579,1.4535527861624096,-0.327490925204204,0.32749092520420375,-0.09447174361795287,-0.20148876538486207,brick3_q_v2_robust_mahalanobis_clipped,2026-03-18T05:10:36.278770+00:00
PAYX,,,10-Q,2022-08-31,2022-09-29,https://www.sec.gov/Archives/edgar/data/723531/000095017022019048/payx-20220831.htm,88.43,95.17051046398,5.267470656645609,0.6744907594765956,3.889630092270239,4,debt_to_assets,-5.7784,assets_growth_yoy,-5.0698,equity_to_assets,3.1972,robust_mcd,-1.5130713390750683,-8.0,,,-5.778405643753662,5.7784056437537075,,,,-0.6744907594765952,,,,-0.674490759476596,,,-1.5130713390750683,-5.069796303790638,,,-5.778405643753662,3.197247082461586,,,brick3_q_v2_robust_mahalanobis_clipped,2026-03-18T05:10:36.278770+00:00
CEG,,,10-Q,2023-03-31,2023-05-04,https://www.sec.gov/Archives/edgar/data/1868275/000186827523000032/ceg-20230331.htm,88.36,94.91114494328673,,1.8703320882128862,1.8703320882128862,8,ocf_to_net_income,-8.0,accrual_ratio,2.097,revenue_growth_yoy,1.3205,robust_mcd,,,,,,,,,1.320481098602929,-0.6954717596325716,-0.482603805224103,-1.2333478267483655,0.625150270367878,-0.5086355232449582,2.0969664218822865,-8.0,1.320481098602929,-0.6954717596325716,-0.482603805224103,-1.2333478267483655,0.625150270367878,-0.5086355232449582,2.0969664218822865,-8.0,brick3_q_v2_robust_mahalanobis_clipped,2026-03-18T05:10:36.278770+00:00
STX,,,10-Q,2022-12-30,2023-01-25,https://www.sec.gov/Archives/edgar/data/1137789/000113778923000010/stx-20221230.htm,88.28,94.17363406755267,4.7137213472293755,0.6744907594765953,2.4902388588934175,7,ocf_to_net_income,-5.0698,equity_to_assets,-4.2217,debt_to_assets,4.2217,robust_mcd,,,,-2.1558530911251346,6.586512283127539,-6.58651228312755,-0.23972907876665633,-8.0,,-0.6744907594765952,0.6744907594765953,,0.6744907594765952,-0.6744907594765952,-0.6744907594765952,-0.6744907594765952,,-0.6744907594765952,0.6744907594765953,-2.1558530911251346,4.221703673667162,-4.221703673667168,-0.4136337510506318,-5.069796303790638,brick3_q_v2_robust_mahalanobis_clipped,2026-03-18T05:10:36.278770+00:00
WMT,,,10-Q,2024-07-31,2024-08-30,https://www.sec.gov/Archives/edgar/data/104169/000010416924000141/wmt-20240731.htm,88.2,93.8603894999201,1.4958703708333267,0.7120324097744154,1.179508603646345,7,assets_growth_yoy,-2.668,revenue_growth_yoy,-1.8623,equity_to_assets,1.2167,robust_mcd,-1.862303266729145,-3.456946148466268,-1.2404986805506086,0.24776780835352358,,2.272994118254785,-0.6270990505422669,0.7634835229366885,,-1.4845052622831123,-1.1783316584194439,,,-0.3677357269468216,-0.5295894012226993,0.0,-1.862303266729145,-2.667969793993006,-1.2156318716981427,0.24776780835352358,,1.2167021801741422,-0.5880951908144398,0.4580901137620131,brick3_q_v2_robust_mahalanobis_clipped,2026-03-18T05:10:36.278770+00:00
PCAR,,,10-Q,2025-03-31,2025-05-01,https://www.sec.gov/Archives/edgar/data/75362/000095017025061813/pcar-20250331.htm,88.13,93.24059656675475,0.9976728188674874,0.6314557762663374,0.8511860018270274,7,revenue_growth_yoy,-1.8958,net_income_growth_yoy,-1.8755,net_margin,-0.8056,robust_mcd,-1.6593958740958161,-0.7752196227936586,-2.311470119916221,-1.1539359394877555,,0.6884753544840866,0.17216143035489506,0.22305139093997892,-2.250479987771175,-0.11216416772003657,-1.2215808169950182,-0.2830584998409412,,0.0,0.012847247015746858,0.5400597145214441,-1.8958295195659596,-0.5099974407642098,-1.8755143987477398,-0.8055849636290299,,0.41308521269045195,0.10843575701923577,0.349854720372565,brick3_q_v2_robust_mahalanobis_clipped,2026-03-18T05:10:36.278770+00:00
PCAR,,,10-Q,2022-09-30,2022-10-28,https://www.sec.gov/Archives/edgar/data/75362/000156459022035704/pcar-10q_20220930.htm,88.05,92.74945110080229,1.8320395445829247,0.7894976766435694,1.3508164671655247,7,net_income_growth_yoy,2.942,revenue_growth_yoy,1.6606,net_margin,1.392,robust_mcd,1.7960304577382153,1.544637903263827,3.337284771105267,2.044466457206788,,1.3257653617294,-1.3891253336801699,1.3869665273568081,1.4574031358633914,0.5906274266746366,2.3491098013502807,0.41328320489846654,,0.15425477810370172,0.3043335305534565,-0.25747185906105197,1.6605795289882859,1.163033712628151,2.9420147832032724,1.3919931562834593,,0.8571611282791207,-0.7117417879867194,0.729191172789664,brick3_q_v2_robust_mahalanobis_clipped,2026-03-18T05:10:36.278770+00:00
AMGN,,,10-Q,2021-03-31,2021-04-28,https://www.sec.gov/Archives/edgar/data/318154/000031815421000019/amgn-20210331.htm,87.97,92.51377685174387,,0.7783551512396528,0.7783551512396528,7,net_margin,2.1551,equity_to_assets,-0.851,revenue_growth_yoy,-0.6745,robust_mcd,,,,,,,,,-0.6744907594765952,-0.6551219718252594,-0.6734387766256771,2.1550862353468765,,-0.8509840485479693,0.32853666331380427,-0.1108276035413876,-0.6744907594765952,-0.6551219718252594,-0.6734387766256771,2.1550862353468765,,-0.8509840485479693,0.32853666331380427,-0.1108276035413876,brick3_q_v2_robust_mahalanobis_clipped,2026-03-18T05:10:36.278770+00:00
SBUX,,,10-Q,2025-06-29,2025-07-29,https://www.sec.gov/Archives/edgar/data/829224/000082922425000058/sbux-20250629.htm,87.9,91.38156619688797,1.178732346706804,1.2841836116996328,1.401671721459719,8,debt_to_assets,4.0931,ocf_to_net_income,2.1402,net_margin,-1.8058,robust_mcd,0.3469635981569014,-0.6744907594765952,-0.6744907594765952,-2.5599571374112764,,,-0.6359301135875821,2.180561712131874,0.6744907594765952,0.0,-2.0772212440937547,-0.6744907594765952,4.093092184014124,-0.6744907594765952,0.0,2.079683187059398,0.47797446268477894,-0.40469445568595713,-1.235582953323459,-1.8057705862374038,4.093092184014124,-0.6744907594765952,-0.3815580681525493,2.1402103021028838,brick3_q_v2_robust_mahalanobis_clipped,2026-03-18T05:10:36.278770+00:00
WBD,,,10-Q,2023-06-30,2023-08-03,https://www.sec.gov/Archives/edgar/data/1437107/000143710723000144/disca-20230630.htm,87.82,89.77298507136364,0.8180294067510174,1.2315528299072849,0.9514481050017716,8,net_margin,-2.295,assets_growth_yoy,-2.079,ocf_to_net_income,-1.4215,robust_mcd,-0.6267304052527242,-2.3919029136430456,0.3144042387395299,-0.7638976484525499,0.9065829642355357,-0.06967439158965603,-0.3514207976592002,-1.1196218944358982,0.0,-1.609620850308123,0.9199563195170427,-4.591753083795123,0.3279519442685367,-0.20899250179106701,0.3199067101175279,-1.874241229460859,-0.3760382431516345,-2.0789900883090766,0.556625071050535,-2.2950398225895787,0.6751305562487361,-0.12540163567022045,-0.08288979454850895,-1.4214696284458825,brick3_q_v2_robust_mahalanobis_clipped,2026-03-18T05:10:36.278770+00:00
PCAR,,,10-Q,2024-03-31,2024-05-02,https://www.sec.gov/Archives/edgar/data/75362/000095017024052081/pcar-20240331.htm,87.74,87.89139338193604,0.9099992144716992,0.5303995471722441,0.7581593475519173,7,net_margin,1.9162,revenue_growth_yoy,-0.9535,assets_growth_yoy,0.8553,robust_mcd,-1.3557060231549887,0.9757789719960611,0.5088033324531352,2.4211462840843208,,0.4996824261634521,0.27243412304259507,-0.3364433404073418,-0.35013244963922274,0.6744907594765952,1.109351427711666,1.1586999942235305,,0.08665230697685836,0.2226079964801783,-0.11086189569765745,-0.9534765937486823,0.8552636869882748,0.7490225705565476,1.9161677681400047,,0.3344703784888146,0.2525036724176284,-0.24621076252346805,brick3_q_v2_robust_mahalanobis_clipped,2026-03-18T05:10:36.278770+00:00
PEP,,,10-Q,2025-03-22,2025-04-24,https://www.sec.gov/Archives/edgar/data/77476/000007747625000019/pep-20250322.htm,87.66,86.24791905811723,2.3684646934734426,,2.3684646934734426,8,assets_growth_yoy,8.0,net_income_growth_yoy,-5.2988,net_margin,-1.3858,robust_mcd,-0.9631470209990245,8.0,-5.298780089456533,-1.3858294132897613,0.9385315057054309,-0.909663241369374,0.6431798939784514,-0.8085863829889645,,,,,,,,,-0.9631470209990245,8.0,-5.298780089456533,-1.3858294132897613,0.9385315057054309,-0.909663241369374,0.6431798939784514,-0.8085863829889645,brick3_q_v2_robust_mahalanobis_clipped,2026-03-18T05:10:36.278770+00:00
AEP,,,10-Q,2022-06-30,2022-07-27,https://www.sec.gov/Archives/edgar/data/4904/000000490422000074/aep-20220630.htm,87.59,85.1239385059042,1.946364702920449,0.5647240147772304,0.9404724044673217,7,ocf_to_net_income,1.9148,revenue_growth_yoy,1.8187,equity_to_assets,1.2312,robust_mcd,2.7564422800802966,-0.5762914194128231,,,-2.158910093067262,2.293815019121414,,,0.41198695052415574,0.28365667310380477,,0.11646309469616743,0.6349861248214266,-0.362674622691872,0.22848299286188048,1.9148176447413066,1.8186601482578402,-0.23231218240617196,,0.11646309469616743,-1.0413516059117864,1.2312191623960997,0.22848299286188048,1.9148176447413066,brick3_q_v2_robust_mahalanobis_clipped,2026-03-18T05:10:36.278770+00:00
MELI,,,10-Q,2023-03-31,2023-05-04,https://www.sec.gov/Archives/edgar/data/1099590/000109959023000013/meli-20230331.htm,87.51,84.38406214988164,0.8670872675095046,2.0981264460194473,1.1412345674436524,8,net_income_growth_yoy,2.8224,revenue_growth_yoy,1.6148,ocf_to_net_income,1.4925,robust_mcd,,-0.38045293241769973,1.2953034705300481,2.223859995038378,-0.7179010322651708,0.7178538789303063,-0.7093080183326734,0.02493154505225508,1.6148466173265432,1.778869191708683,5.11307636282864,-0.3852833130548957,0.955300865180675,-0.832239650198951,-2.4116511876885913,3.6937443801685976,1.6148466173265432,0.48327591723285335,2.822412627449485,1.1802026718010685,-0.04862027328683244,0.09781646727860338,-1.3902452860750407,1.492456679098792,brick3_q_v2_robust_mahalanobis_clipped,2026-03-18T05:10:36.278770+00:00
CEG,,,10-Q,2022-03-31,2022-05-12,https://www.sec.gov/Archives/edgar/data/1868275/000186827522000044/ceg-20220331.htm,87.43,83.50335963489955,,1.94023468106976,1.94023468106976,8,ocf_to_net_income,8.0,net_income_growth_yoy,1.8544,net_margin,-1.3966,robust_mcd,,,,,,,,,-1.3694403894587381,-0.8152359425773571,1.8543654388729818,-1.3966137828272953,0.6787593948165282,-0.45324507630663186,-0.9542174236985457,8.0,-1.3694403894587381,-0.8152359425773571,1.8543654388729818,-1.3966137828272953,0.6787593948165282,-0.45324507630663186,-0.9542174236985457,8.0,brick3_q_v2_robust_mahalanobis_clipped,2026-03-18T05:10:36.278770+00:00
TEAM,,,10-Q,2025-03-31,2025-05-02,https://www.sec.gov/Archives/edgar/data/1650372/000165037225000022/team-20250331.htm,87.36,82.4098797862027,,4.214190950881009,4.214190950881009,6,net_income_growth_yoy,-8.0,ocf_to_net_income,-8.0,accrual_ratio,-7.1005,robust_mcd,,,,,,,,,,0.7772990681884805,-8.0,,0.7345839200650877,-0.6727208889725527,-7.100541828059933,-8.0,,0.7772990681884805,-8.0,,0.7345839200650877,-0.6727208889725527,-7.100541828059933,-8.0,brick3_q_v2_robust_mahalanobis_clipped,2026-03-18T05:10:36.278770+00:00
CEG,,,10-Q,2022-09-30,2022-11-08,https://www.sec.gov/Archives/edgar/data/1868275/000186827522000094/ceg-20220930.htm,87.28,81.9821181557813,,1.192946431763679,1.192946431763679,8,net_income_growth_yoy,-3.1865,revenue_growth_yoy,1.4676,ocf_to_net_income,-1.2291,robust_mcd,,,,,,,,,1.4675685038535413,-0.498634398368103,-3.186485614975871,-1.0171951613912302,0.7168261119079713,-0.4836419228405094,0.9440907960931562,-1.2291289446790514,1.4675685038535413,-0.498634398368103,-3.186485614975871,-1.0171951613912302,0.7168261119079713,-0.4836419228405094,0.9440907960931562,-1.2291289446790514,brick3_q_v2_robust_mahalanobis_clipped,2026-03-18T05:10:36.278770+00:00
AEP,,,10-Q,2023-06-30,2023-07-27,https://www.sec.gov/Archives/edgar/data/4904/000000490423000104/aep-20230630.htm,87.2,81.11522881836832,1.0414316157130603,0.5217184883743273,0.7463812632315416,8,revenue_growth_yoy,-1.7108,assets_growth_yoy,-0.9639,debt_to_assets,0.8966,robust_mcd,-2.243258317513646,-1.4717843315799253,,1.0413056784639645,1.0446051988274876,-0.9103798420952619,0.31131599290293865,-0.26737194860819874,-0.9120071219183883,-0.20195359049632497,-0.41397415898245155,0.0,0.6744907594765952,-0.6455709366051773,0.49542569515181245,0.8303256443638692,-1.710757839275543,-0.9638520351464851,-0.41397415898245155,0.6247834070783786,0.8965594230871305,-0.8044562798992281,0.3849598738024882,0.17170708858062847,brick3_q_v2_robust_mahalanobis_clipped,2026-03-18T05:10:36.278770+00:00
ADP,,,10-Q,2025-03-31,2025-05-01,https://www.sec.gov/Archives/edgar/data/8670/000000867025000015/adp-20250331.htm,87.12,81.11297265649537,1.5289216625267934,1.0231409702258192,1.0574633028176972,8,net_margin,1.5948,accrual_ratio,-1.5874,ocf_to_net_income,1.2207,robust_mcd,-1.8346568373435812,-0.917413666333894,-1.403724452468957,2.9217456031001263,-1.4630541653754574,1.463054165375458,-1.3841095591659247,0.8436148510509505,-0.11755607262331266,-1.6435231863776478,-0.053855847610922276,-0.39559222513079073,1.1646004184215017,-1.1312681843347752,-1.8923022951783015,1.7864295321293024,-1.1478165314554738,-1.2078574743513955,-0.863777010525743,1.5948104718077594,-0.41199233185667367,0.42532522549136476,-1.5873866535708756,1.2207407234822911,brick3_q_v2_robust_mahalanobis_clipped,2026-03-18T05:10:36.278770+00:00
INTU,,,10-Q,2025-04-30,2025-05-22,https://www.sec.gov/Archives/edgar/data/896878/000089687825000022/intu-20250430.htm,87.05,81.06394242141882,1.4081735338252024,0.8129012993153905,0.8061917546078846,8,net_margin,2.1756,accrual_ratio,-2.0692,debt_to_assets,0.962,robust_mcd,0.14972401665349008,-0.02540564136452298,-0.07439493929714308,3.1762576342763027,2.274917606698094,-2.2749176066981036,-3.1761005675339904,0.11367025807997153,0.6744907594765951,-0.48188628883888895,0.7364693896658877,0.6744907594765952,-1.0074271167443694,2.5197093284438443,-0.40873675187694253,0.0,0.35963071378273215,-0.20799790035426938,0.24995079228806927,2.1755508843564195,0.9619797173211084,-0.35706683264132444,-2.0691550412711712,0.06820215484798291,brick3_q_v2_robust_mahalanobis_clipped,2026-03-18T05:10:36.278770+00:00
FANG,,,10-Q,2022-09-30,2022-11-08,https://www.sec.gov/Archives/edgar/data/1539838/000153983822000167/fang-20220930.htm,86.97,81.0599156238201,1.143944225261896,1.4205536670820944,1.0032316753859472,8,net_margin,2.1819,accrual_ratio,-2.1713,debt_to_assets,-1.5032,robust_mcd,-0.825815220578793,-0.077651607809114,-0.9781404973833007,0.7952091117554917,-2.2005359173238204,1.6460986166598706,-1.9209835293887623,0.7071193011960156,0.929875108251661,0.1964043278230234,1.8797037599568487,4.261959262521295,-0.4570915042919579,0.6919654203026371,-2.546826767292698,0.400603186216634,-0.12353908904661137,0.031970766443740965,0.1649972055527592,2.1819091720618133,-1.5031581521110753,1.2644453381169771,-2.1713208245503366,0.5845128552042629,brick3_q_v2_robust_mahalanobis_clipped,2026-03-18T05:10:36.278770+00:00
EA,,,10-Q,2024-12-31,2025-02-05,https://www.sec.gov/Archives/edgar/data/712515/000071251525000015/ea-20241231.htm,86.89,81.03628951165693,1.3481134003420272,0.8027935637566687,0.9682620066510179,8,ocf_to_net_income,2.2682,accrual_ratio,-1.8937,revenue_growth_yoy,-1.7872,robust_mcd,-2.5289338573442293,-0.3613415458494046,-0.6419129168564597,-0.051033113146019986,1.0777406352735999,-1.0777406352735999,-2.5329611635113443,2.513243335481561,-0.6744907594765952,-0.5147730811683824,-0.1823198512575309,0.6744907594765952,-0.8525137020094514,0.6881712188401777,-0.9348755351592559,1.9007136026653604,-1.7871566181971756,-0.4227141599769957,-0.4580756906168882,0.2391764359030261,0.30563890036037933,-0.3713758936280888,-1.893726912170509,2.2682314423550807,brick3_q_v2_robust_mahalanobis_clipped,2026-03-18T05:10:36.278770+00:00
TSLA,,,10-Q,2025-03-31,2025-04-23,https://www.sec.gov/Archives/edgar/data/1318605/000162828025018911/tsla-20250331.htm,86.82,80.93961555052277,1.4368703488616936,1.38424524890128,1.3255252529472927,8,ocf_to_net_income,2.7599,assets_growth_yoy,-1.7993,net_margin,-1.6143,robust_mcd,-1.117501718762165,-3.422084507828898,-0.8473239756503131,-2.008323853427723,-1.0783054195907633,1.0471251187562534,0.6191723666563148,1.3551258302211187,-1.7003150998518237,0.6349978623568642,-1.4587061622135584,-1.023202573014395,-0.49990663204377067,0.6219297999949771,-0.2679526969454903,4.866951164789359,-1.3506270711980286,-1.7992515597545928,-1.0918768502756113,-1.6142753412623918,-0.8469459045719662,0.8770469912517429,0.2643223412155928,2.759855964048415,brick3_q_v2_robust_mahalanobis_clipped,2026-03-18T05:10:36.278770+00:00
CEG,,,10-Q,2022-06-30,2022-08-04,https://www.sec.gov/Archives/edgar/data/1868275/000186827522000067/ceg-20220630.htm,86.74,80.22157721353096,,1.4650852567479804,1.4650852567479804,8,ocf_to_net_income,-6.21,net_margin,-1.4994,net_income_growth_yoy,-1.1072,robust_mcd,,,,,,,,,0.9935158787719757,-0.6655882987876428,-1.1071725823574636,-1.4994191244252923,0.6914952662055186,-0.43972081777032385,0.11375373485745771,-6.210016350808169,0.9935158787719757,-0.6655882987876428,-1.1071725823574636,-1.4994191244252923,0.6914952662055186,-0.43972081777032385,0.11375373485745771,-6.210016350808169,brick3_q_v2_robust_mahalanobis_clipped,2026-03-18T05:10:36.278770+00:00
AMD,,,10-Q,2022-06-25,2022-08-03,https://www.sec.gov/Archives/edgar/data/2488/000000248822000123/amd-20220625.htm,86.66,77.02346601928161,3.70909213235734,1.8697963037906384,3.124130580302089,5,assets_growth_yoy,8.0,equity_to_assets,5.0698,ocf_to_net_income,1.5097,robust_mcd,,,,,,8.0,0.6110983839301617,2.5161780131418587,,8.0,-0.6744907594765952,,,0.6744907594765952,0.0,0.0,,8.0,-0.6744907594765952,,,5.069796303790638,0.366659030358097,1.5097068078851152,brick3_q_v2_robust_mahalanobis_clipped,2026-03-18T05:10:36.278770+00:00
PAYX,,,10-Q,2025-02-28,2025-03-26,https://www.sec.gov/Archives/edgar/data/723531/000095017025045216/payx-20250228.htm,86.58,76.73548385643035,2.161357689444348,0.9514079887188805,0.996617229001572,8,assets_growth_yoy,3.6445,revenue_growth_yoy,1.5359,net_income_growth_yoy,-0.6745,robust_mcd,2.110119722197566,4.026088919508328,,,-1.2546110580357483,1.2546110580357497,,,0.6744907594765951,3.0721639298294794,-0.6744907594765952,-0.6744907594765945,0.6744907594765952,-1.1666461825385899,0.0,0.6744907594765952,1.5358681371091776,3.644518923636788,-0.6744907594765952,-0.6744907594765945,-0.48297033103081094,0.28610816180601384,0.0,0.6744907594765952,brick3_q_v2_robust_mahalanobis_clipped,2026-03-18T05:10:36.278770+00:00
INTU,,,10-Q,2023-01-31,2023-02-23,https://www.sec.gov/Archives/edgar/data/896878/000089687823000010/intu-20230131.htm,86.51,76.23230378222578,1.6509155146889853,0.3579892695274958,1.2281263116269674,7,assets_growth_yoy,-3.1006,net_margin,2.0845,ocf_to_net_income,0.9484,robust_mcd,,-4.626618845504572,0.5642639767788103,2.0844734939429066,1.562530393299284,-1.5625303932993018,-0.02493718729009913,1.1310543127079233,,-0.8116125226503834,0.41878321578248967,,0.0,0.0,0.2430491192555065,0.6744907594765952,,-3.1006163163628964,0.5060716723802821,2.0844734939429066,0.9375182359795704,-0.9375182359795811,0.08225733532814314,0.948428891415392,brick3_q_v2_robust_mahalanobis_clipped,2026-03-18T05:10:36.278770+00:00
WMT,,,10-Q,2025-07-31,2025-08-29,https://www.sec.gov/Archives/edgar/data/104169/000010416925000137/wmt-20250731.htm,86.43,75.725620396532,0.716445182431919,0.5171027539416473,0.5945331885541438,7,net_margin,1.8446,revenue_growth_yoy,-0.8087,assets_growth_yoy,0.6368,robust_mcd,-0.8086518901875931,1.511035550126039,0.02667888042477108,1.8445703319484732,,0.7238671499734345,-0.03246243021064146,-0.06785004415248096,,-0.6744907594765952,0.590030328961348,,,-0.4553553990484105,0.19114652274528737,-0.6744907594765952,-0.8086518901875931,0.6368250262849853,0.2520194598394019,1.8445703319484732,,0.2521781303646965,0.05698115097173008,-0.31050633028212665,brick3_q_v2_robust_mahalanobis_clipped,2026-03-18T05:10:36.278770+00:00
PAYX,,,10-Q,2023-02-28,2023-03-30,https://www.sec.gov/Archives/edgar/data/723531/000095017023010925/payx-20230228.htm,86.35,75.07226134033048,0.839583559891247,0.6744907594765952,0.8347013190292271,4,revenue_growth_yoy,-1.7723,assets_growth_yoy,-0.9956,equity_to_assets,-0.3827,robust_mcd,-1.772345122434288,-1.2096187380160845,,,0.18818518955730967,-0.18818518955730582,,,,-0.6744907594765953,,,,-0.6744907594765952,,,-1.772345122434288,-0.9955675466002888,,,0.18818518955730967,-0.3827074175250216,,,brick3_q_v2_robust_mahalanobis_clipped,2026-03-18T05:10:36.278770+00:00
PCAR,,,10-Q,2024-09-30,2024-10-30,https://www.sec.gov/Archives/edgar/data/75362/000095017024118960/pcar-20240930.htm,86.28,73.54257434021416,1.6697349269016915,0.47634892534562095,1.1826559000008312,7,ocf_to_net_income,1.8648,revenue_growth_yoy,-1.6471,accrual_ratio,-1.6116,robust_mcd,-1.5900201389546582,0.5952394732435381,-1.9285419449588455,0.5821647262610196,,1.2565961625450215,-2.630512164014494,3.1050698783342634,-1.7327474744760643,0.5442534172391656,-0.884864196189245,-0.08454453397464733,,-0.000545945961632134,-0.08315225153276537,0.004334658045827186,-1.6471110731632206,0.574845050841789,-1.5110708454510053,0.31548102216675283,,0.75373931914236,-1.6115681990218025,1.8647757902188888,brick3_q_v2_robust_mahalanobis_clipped,2026-03-18T05:10:36.278770+00:00
INTU,,,10-Q,2024-04-30,2024-05-23,https://www.sec.gov/Archives/edgar/data/896878/000089687824000026/intu-20240430.htm,86.2,72.79169724584314,0.8800332652713397,0.667626305266118,0.7517679990928345,8,net_margin,2.1017,accrual_ratio,-1.667,assets_growth_yoy,-0.8091,robust_mcd,-0.14335541471043733,-0.8880162939952423,-0.16036574818252308,3.053092971062602,0.07266389989950138,-0.07266389989950493,-2.5598827892540337,-0.09022510516687408,0.6744907594765954,-0.6906735766705099,-0.6536989756436506,0.6744907594765952,-0.3941560874621581,1.5163033891520716,-0.32758518960437943,-0.40961170464298385,0.1837830549643758,-0.8090792070653493,-0.3576990391669741,2.101652086428199,-0.1140640950451624,0.5629230157211257,-1.666963749394172,-0.217979744957318,brick3_q_v2_robust_mahalanobis_clipped,2026-03-18T05:10:36.278770+00:00
PYPL,,,10-Q,2021-03-31,2021-05-06,https://www.sec.gov/Archives/edgar/data/1633917/000163391721000100/pypl-20210331.htm,86.12,72.12632536226847,,1.6293276292659225,1.6293276292659225,8,net_income_growth_yoy,8.0,revenue_growth_yoy,1.2628,assets_growth_yoy,1.2047,robust_mcd,,,,,,,,,1.262815545403338,1.2046599365596284,8.0,1.2025810937457253,0.6654974667814634,-0.29879298230048096,0.22755856994007007,0.1727154393966737,1.262815545403338,1.2046599365596284,8.0,1.2025810937457253,0.6654974667814634,-0.29879298230048096,0.22755856994007007,0.1727154393966737,brick3_q_v2_robust_mahalanobis_clipped,2026-03-18T05:10:36.278770+00:00
CMCSA,,,10-Q,2022-06-30,2022-07-28,https://www.sec.gov/Archives/edgar/data/1166691/000116669122000030/cmcsa-20220630.htm,86.04,71.96667578930332,1.4664476614025088,0.40937072754153736,1.0290655146757264,7,assets_growth_yoy,-2.1775,revenue_growth_yoy,-1.6144,net_margin,-0.9612,robust_mcd,-2.3615254833617487,-3.1137113942764274,-1.3707369906135076,-1.6868320063292528,,-0.7826230153533111,-0.43871560578645175,0.5109891340968618,-0.49362838097954836,-0.7732785211687822,-0.11719334680950327,0.12732451534594677,,-0.0921378835111988,-0.17413541737216853,1.0878970276036137,-1.6143666424088685,-2.1775382450333693,-0.8693195330919058,-0.9611693976591729,,-0.5064289626164662,-0.3328835304207385,0.7417522914995625,brick3_q_v2_robust_mahalanobis_clipped,2026-03-18T05:10:36.278770+00:00
CTSH,,,10-Q,2023-03-31,2023-05-04,https://www.sec.gov/Archives/edgar/data/1058290/000105829023000133/ctsh-20230331.htm,85.97,71.28151804567872,1.009355233776006,0.4469357568762584,0.7602316502952304,8,net_margin,1.5619,equity_to_assets,1.1388,debt_to_assets,-1.0397,robust_mcd,-1.5214586612987269,0.7913519353689535,-1.0957499171036311,2.215689588125583,-1.1063167552482538,1.106316755248257,0.11996206717442262,-0.11799619064021977,-0.3118755108555191,-0.24155792720876515,-0.16391589872873719,0.5813286627928375,-0.9397501452945167,1.1875303204700058,0.09218229886796452,-0.05734529079172147,-1.0376254011214439,0.37818799033786604,-0.7230163097536736,1.5619452179924849,-1.039690111266759,1.1388021813369564,0.10885015985183938,-0.09373583070082045,brick3_q_v2_robust_mahalanobis_clipped,2026-03-18T05:10:36.278770+00:00
ADP,,,10-Q,2023-03-31,2023-05-01,https://www.sec.gov/Archives/edgar/data/8670/000000867023000017/adp-20230331.htm,85.89,69.87903764690864,1.2777011881159306,1.0641636151187859,1.0509174967485295,8,net_margin,2.0192,assets_growth_yoy,-1.8957,accrual_ratio,-1.5317,robust_mcd,,-1.8552391784797138,-0.09215039125231723,3.6802195748745774,0.4113783183708058,-0.41137831837080474,-1.5269434836337001,0.9665990518295944,0.12221364487112957,-1.9564182723474195,0.07466050251203706,-0.4724104617397959,1.2356630587886261,-1.1310533161267204,-1.5388394362776319,1.9820502282869277,0.12221364487112957,-1.8957108160267961,-0.025426033746575517,2.0191675602288277,0.741092214537934,-0.6992483174731711,-1.5317018646912728,1.3727795224125279,brick3_q_v2_robust_mahalanobis_clipped,2026-03-18T05:10:36.278770+00:00
QCOM,,,10-Q,2021-03-28,2021-04-28,https://www.sec.gov/Archives/edgar/data/804328/000172894921000043/qcom-20210328.htm,85.81,69.56478517372956,,1.4798422988363302,1.4798422988363302,7,accrual_ratio,-8.0,assets_growth_yoy,1.0099,revenue_growth_yoy,-0.6745,robust_mcd,,,,,,,,,-0.6744907594765953,1.0099145729011225,0.0,0.6744907594765951,0.0,,-8.0,0.0,-0.6744907594765953,1.0099145729011225,0.0,0.6744907594765951,0.0,,-8.0,0.0,brick3_q_v2_robust_mahalanobis_clipped,2026-03-18T05:10:36.278770+00:00
TSLA,,,10-Q,2025-06-30,2025-07-24,https://www.sec.gov/Archives/edgar/data/1318605/000162828025035806/tsla-20250630.htm,85.74,68.98002602151696,1.0925513971313294,0.9553498010554061,0.9619215427177502,8,assets_growth_yoy,-2.1792,revenue_growth_yoy,-1.5278,net_margin,-1.0195,robust_mcd,-1.0987980836062259,-4.032545234104209,-0.31016738996157117,-0.9678963065412609,-0.9318526331819722,0.9063138529375976,0.10452424695078409,0.3883134297670153,-2.1712294199475353,0.6007057894059227,-0.8991904945181729,-1.0967951082580005,-0.4957709382711674,0.5337177459372421,-0.1756224801072854,1.6697664319979226,-1.5277706181427497,-2.179244824700156,-0.5457766317842119,-1.0194558272279568,-0.7574199552176503,0.7572754101374554,-0.007534443872443716,0.9008946306593782,brick3_q_v2_robust_mahalanobis_clipped,2026-03-18T05:10:36.278770+00:00
PEP,,,10-Q,2023-09-09,2023-10-10,https://www.sec.gov/Archives/edgar/data/77476/000007747623000058/pep-20230909.htm,85.66,68.73654981731887,1.7120518409867969,,1.7120518409867969,8,assets_growth_yoy,8.0,accrual_ratio,-1.5165,net_margin,1.3188,robust_mcd,-0.6744907594765952,8.0,-0.6744907594765952,1.3188420297552437,-0.21146273074629432,0.20261002409280612,-1.516534757755381,1.0979836665914582,,,,,,,,,-0.6744907594765952,8.0,-0.6744907594765952,1.3188420297552437,-0.21146273074629432,0.20261002409280612,-1.516534757755381,1.0979836665914582,brick3_q_v2_robust_mahalanobis_clipped,2026-03-18T05:10:36.278770+00:00
NFLX,,,10-Q,2025-03-31,2025-04-18,https://www.sec.gov/Archives/edgar/data/1065280/000106528025000176/nflx-20250331.htm,85.58,68.49695155945975,0.7949691245394843,0.6404277204072492,0.7004831671348359,8,net_margin,2.069,equity_to_assets,1.2615,debt_to_assets,-1.2165,robust_mcd,0.17877732623352327,0.2706441592665276,-0.21336640019888486,1.4584615116914625,-2.008837560816163,2.008837560816179,0.16382698097288562,-0.05700149632024903,0.4103574280618384,-0.03907343754978425,0.28762051996776034,2.984785691201553,-0.027957177322203174,0.1404133957489395,0.7290682106313602,-0.5041459027745546,0.2714093669648493,0.14675712054000284,-0.012971632132226768,2.068991183495499,-1.2164854074185791,1.2614678947892832,0.38992347283627543,-0.23585925890197126,brick3_q_v2_robust_mahalanobis_clipped,2026-03-18T05:10:36.278770+00:00
EXC,,,10-Q,2023-09-30,2023-11-02,https://www.sec.gov/Archives/edgar/data/1109357/000110935723000097/exc-20230930.htm,85.51,68.46366652186322,0.679463724970229,0.971875418103883,0.6681964766426048,4,revenue_growth_yoy,1.6446,debt_to_assets,0.4757,assets_growth_yoy,0.4645,robust_mcd,1.1731463871151084,0.9086837424816133,,,0.34312547787086717,0.29289929241332685,,,2.35180438592418,-0.20181068928543858,,,0.6744907594765953,-0.659395837729318,,,1.6446095866387371,0.46448596977479256,,,0.47567159051315844,-0.0880187596437311,,,brick3_q_v2_robust_mahalanobis_clipped,2026-03-18T05:10:36.278770+00:00
EA,,,10-Q,2021-09-30,2021-11-09,https://www.sec.gov/Archives/edgar/data/712515/000071251521000148/ea-20210930.htm,85.43,67.41845496024406,,1.1616473414124195,1.1616473414124195,8,ocf_to_net_income,-2.224,accrual_ratio,1.7296,revenue_growth_yoy,1.481,robust_mcd,,,,,,,,,1.4810218163425442,0.37556516392402567,0.763525256610731,1.0057578664263795,-0.6469472222804717,1.0667485516986897,1.7296146508903574,-2.223998203126157,1.4810218163425442,0.37556516392402567,0.763525256610731,1.0057578664263795,-0.6469472222804717,1.0667485516986897,1.7296146508903574,-2.223998203126157,brick3_q_v2_robust_mahalanobis_clipped,2026-03-18T05:10:36.278770+00:00
TSLA,,,10-Q,2021-09-30,2021-10-25,https://www.sec.gov/Archives/edgar/data/1318605/000095017021002253/tsla-20210930.htm,85.35,66.78121348571203,,1.6679203414984063,1.6679203414984063,8,net_income_growth_yoy,8.0,assets_growth_yoy,1.4259,revenue_growth_yoy,1.4144,robust_mcd,,,,,,,,,1.4144044992625862,1.4258635838282099,8.0,0.3679759721993458,-0.1703625548090116,0.371319984744681,-0.9236996849855575,0.6697364521578576,1.4144044992625862,1.4258635838282099,8.0,0.3679759721993458,-0.1703625548090116,0.371319984744681,-0.9236996849855575,0.6697364521578576,brick3_q_v2_robust_mahalanobis_clipped,2026-03-18T05:10:36.278770+00:00
FANG,,,10-Q,2021-03-31,2021-05-07,https://www.sec.gov/Archives/edgar/data/1539838/000153983821000069/fang-20210331.htm,85.27,65.99506897714481,,1.1749663915970692,1.1749663915970692,8,net_income_growth_yoy,3.0308,revenue_growth_yoy,1.3218,ocf_to_net_income,1.2515,robust_mcd,,,,,,,,,1.3217732605541754,-1.0796100897295786,3.0307773229946613,1.241598068450042,-0.47049347575036476,0.7101470263202122,-0.293873588916129,1.2514583000613897,1.3217732605541754,-1.0796100897295786,3.0307773229946613,1.241598068450042,-0.47049347575036476,0.7101470263202122,-0.293873588916129,1.2514583000613897,brick3_q_v2_robust_mahalanobis_clipped,2026-03-18T05:10:36.278770+00:00
PAYX,,,10-Q,2024-08-31,2024-10-01,https://www.sec.gov/Archives/edgar/data/723531/000095017024110834/payx-20240831.htm,85.2,65.52077397650335,1.7285163237205388,0.6744907594765954,1.141801378984776,6,debt_to_assets,-1.7658,revenue_growth_yoy,-1.6177,assets_growth_yoy,-1.3287,robust_mcd,-1.617684270044612,-1.7648116747959082,,,-1.7657846750208175,1.765784675020818,,,,-0.6744907594765952,,,,-0.6744907594765958,-0.6744907594765952,0.6744907594765958,-1.617684270044612,-1.328683308668183,,,-1.7657846750208175,0.7896745012218525,-0.6744907594765952,0.6744907594765958,brick3_q_v2_robust_mahalanobis_clipped,2026-03-18T05:10:36.278770+00:00
MELI,,,10-Q,2024-06-30,2024-08-02,https://www.sec.gov/Archives/edgar/data/1099590/000109959024000026/meli-20240630.htm,85.12,65.12404644438668,0.8958048439158912,2.134243636729578,1.1150267044716866,8,accrual_ratio,-2.1224,ocf_to_net_income,1.3614,revenue_growth_yoy,1.3412,robust_mcd,-0.32776592378901365,-0.09573880981118867,0.04924560920513792,2.1761613045047645,-1.5596538613610915,1.5596538613610977,-1.1004082809322333,0.29781110036260244,3.8445685921833372,2.0344956381346506,2.456299492310275,-0.33007936500413515,0.8878733580020048,-0.9083267422903488,-3.6555035815580537,2.956802324353819,1.3411678825999267,0.7563549693671471,1.0120671624471926,1.1736650367012047,-0.5806429736158529,0.572461619900519,-2.1224464011825614,1.3614075899590892,brick3_q_v2_robust_mahalanobis_clipped,2026-03-18T05:10:36.278770+00:00
COST,,,10-Q,2024-05-12,2024-06-06,https://www.sec.gov/Archives/edgar/data/909832/000090983224000029/cost-20240512.htm,85.04,64.84310093961032,1.0148399382091844,,1.0148399382091844,8,ocf_to_net_income,2.3196,accrual_ratio,-2.0447,net_margin,1.9017,robust_mcd,-0.19731751715445237,-1.308258734567535,-0.09107889485074261,1.9017230234562095,-0.048548667597410645,0.20747939786607644,-2.0447005254923036,2.3196127446887465,,,,,,,,,-0.19731751715445237,-1.308258734567535,-0.09107889485074261,1.9017230234562095,-0.048548667597410645,0.20747939786607644,-2.0447005254923036,2.3196127446887465,brick3_q_v2_robust_mahalanobis_clipped,2026-03-18T05:10:36.278770+00:00
DXCM,,,10-Q,2022-09-30,2022-10-27,https://www.sec.gov/Archives/edgar/data/1093557/000109355722000171/dxcm-20220930.htm,84.97,64.80178525941926,3.667938097693161,0.41444877734270263,2.326445769122169,6,debt_to_assets,4.9186,accrual_ratio,-4.2994,ocf_to_net_income,2.9324,robust_mcd,,-1.6970003037533603,-0.7440348876739595,,8.0,-0.7344046318351543,-6.497671512784067,4.334517250112427,,-0.048511350688679414,0.3007245032310641,,0.29656217725277545,-0.009607117496148983,-1.002092890792229,0.8291946245953187,,-1.0376047225274878,-0.32613113131195004,,4.91862487090111,-0.44448562609955217,-4.299440063987332,2.932388199905583,brick3_q_v2_robust_mahalanobis_clipped,2026-03-18T05:10:36.278770+00:00
MELI,,,10-Q,2025-09-30,2025-10-30,https://www.sec.gov/Archives/edgar/data/1099590/000109959025000051/meli-20250930.htm,84.89,63.15446865639338,0.9806619561181079,2.7634549633442234,1.4854880734670015,8,ocf_to_net_income,4.618,assets_growth_yoy,3.0149,accrual_ratio,-1.7139,robust_mcd,-0.3019185741565309,1.3977848155090689,-0.786460017062674,-0.4096803432001119,-0.5433443313935762,0.5433443313935777,-1.4036046782580816,2.4591585579712425,3.8061207080129202,5.440602598743664,-0.04422512294920159,-0.6439400712273926,1.1104696053542915,-1.0267349259127025,-2.179318243850345,7.85622843070327,1.3412971387112498,3.0149119288029067,-0.48956605941728504,-0.5033842344110242,0.11818124330557095,-0.08468737152893441,-1.713890104494987,4.617986507064053,brick3_q_v2_robust_mahalanobis_clipped,2026-03-18T05:10:36.278770+00:00
MU,,,10-Q,2023-03-02,2023-03-29,https://www.sec.gov/Archives/edgar/data/723125/000072312523000022/mu-20230302.htm,84.81,62.981322111436526,4.755463751243617,,4.755463751243617,6,debt_to_assets,8.0,equity_to_assets,-8.0,assets_growth_yoy,-7.6739,robust_mcd,,-7.673867736782129,-2.6109010192881654,,8.0,-8.0,0.41627366660786624,-1.8317400847835472,,,,,,,,,,-7.673867736782129,-2.6109010192881654,,8.0,-8.0,0.41627366660786624,-1.8317400847835472,brick3_q_v2_robust_mahalanobis_clipped,2026-03-18T05:10:36.278770+00:00
FANG,,,10-Q,2024-06-30,2024-08-07,https://www.sec.gov/Archives/edgar/data/1539838/000153983824000150/fang-20240630.htm,84.73,60.64702289562863,0.9807465876918916,1.3580589314223257,1.0153344329356355,8,debt_to_assets,2.5042,net_margin,1.4193,assets_growth_yoy,1.1971,robust_mcd,-0.004083302993619685,1.1311612105449007,-0.32441492671106875,-0.06968337662417567,4.294159831668041,-1.9273582532545444,0.06685059817573018,-0.02826120156305243,2.555914252223322,1.2959527525267132,1.1605137682585356,3.6526712131837273,-0.18079921426081652,0.2426315991220104,-0.9436530877513681,0.8323355640521123,1.019915719093157,1.1970778273376257,0.269556551276773,1.4192584592989856,2.504176213296498,-1.0593623123039224,-0.3373508761951092,0.3159775046830135,brick3_q_v2_robust_mahalanobis_clipped,2026-03-18T05:10:36.278770+00:00
MRVL,,,10-Q,2022-10-29,2022-12-02,https://www.sec.gov/Archives/edgar/data/1835632/000183563222000053/mrvl-20221029.htm,84.66,60.438425691559154,5.852042360579597,4.021813915796251,4.587907659508972,6,net_income_growth_yoy,8.0,ocf_to_net_income,8.0,accrual_ratio,-6.6716,robust_mcd,,,,,3.7027646530957057,-3.7054047892226816,-8.0,8.0,,1.2798272921105551,8.0,,-0.6744907594765952,1.49764109241657,-4.678924350773789,8.0,,1.2798272921105551,8.0,,1.9518624880667852,-1.624186436566981,-6.671569740309516,8.0,brick3_q_v2_robust_mahalanobis_clipped,2026-03-18T05:10:36.278770+00:00
PAYX,,,10-Q,2025-11-30,2025-12-22,https://www.sec.gov/Archives/edgar/data/723531/000119312525328698/payx-20251130.htm,84.58,59.97882401874463,1.312042128816153,0.6744907594765956,1.1214547102412538,8,debt_to_assets,2.1697,equity_to_assets,-1.5716,assets_growth_yoy,1.3496,robust_mcd,1.2556461471356173,1.7996919229864223,,-0.8431325143184343,2.1696832542035436,-2.169683254203546,-0.137733458326052,0.8087243505394575,,0.6744907594765952,-0.6744907594765952,,,-0.6744907594765953,-0.6744907594765974,0.6744907594765953,1.2556461471356173,1.3496114575824916,-0.6744907594765952,-0.8431325143184343,2.1696832542035436,-1.5716062563127655,-0.35243637878627015,0.7550309141143126,brick3_q_v2_robust_mahalanobis_clipped,2026-03-18T05:10:36.278770+00:00
COST,,,10-Q,2023-02-12,2023-03-09,https://www.sec.gov/Archives/edgar/data/909832/000090983223000014/cost-20230212.htm,84.5,59.27059531802844,1.722464917140488,,1.722464917140488,8,assets_growth_yoy,2.5942,equity_to_assets,2.545,accrual_ratio,-2.0516,robust_mcd,-0.9792122881402576,2.5941847314175392,1.051789746847701,1.2139392639544744,-2.010076489960964,2.5450213995885003,-2.0515972361670807,1.3338981810473876,,,,,,,,,-0.9792122881402576,2.5941847314175392,1.051789746847701,1.2139392639544744,-2.010076489960964,2.5450213995885003,-2.0515972361670807,1.3338981810473876,brick3_q_v2_robust_mahalanobis_clipped,2026-03-18T05:10:36.278770+00:00
EA,,,10-Q,2023-06-30,2023-08-08,https://www.sec.gov/Archives/edgar/data/712515/000071251523000037/ea-20230630.htm,84.43,59.01299327884197,1.3463499011505047,0.7145296527998536,0.8269883405435872,8,net_margin,1.7825,accrual_ratio,-1.4214,assets_growth_yoy,-0.985,robust_mcd,0.7989300289154476,-1.1075897222655546,0.028603847936109348,1.8003591508928731,1.0501738583849216,-1.0501738583849176,-3.0313649410481682,1.9036038013760455,0.2844599564178956,-0.801080416801866,0.20863144172485307,1.755730794787644,-0.2821513841672987,0.6572535419191338,0.9935393864723424,-0.7333903001077948,0.5931419999164268,-0.9849860000800792,0.10061488545160684,1.7825078084507813,0.5172437613640335,-0.36720289826329705,-1.4214032100399638,0.8488061607825094,brick3_q_v2_robust_mahalanobis_clipped,2026-03-18T05:10:36.278770+00:00
NFLX,,,10-Q,2024-09-30,2024-10-18,https://www.sec.gov/Archives/edgar/data/1065280/000106528024000287/nflx-20240930.htm,84.35,58.517730453812945,0.8939588767459161,0.8158535846736823,0.8247322404264602,8,net_margin,1.3715,debt_to_assets,1.3273,equity_to_assets,-1.2864,robust_mcd,0.9682730344665001,0.19151088646682413,0.5791872079417452,1.0550441813829599,2.1518670457751505,-2.1518670457751505,-0.011205976926445574,0.042715635232553575,1.3338606967505275,-0.29061007043945897,0.9024578887651558,1.8461080226062903,0.09038470736608066,0.011696446966890066,1.0564747842887825,-0.9952360602062723,1.114508099380111,-0.0013374962956891195,0.7084954802711094,1.371469717872292,1.3272741104115227,-1.2864416486783343,0.4158663275596457,-0.3724650429429768,brick3_q_v2_robust_mahalanobis_clipped,2026-03-18T05:10:36.278770+00:00
NFLX,,,10-Q,2025-06-30,2025-07-18,https://www.sec.gov/Archives/edgar/data/1065280/000106528025000323/nflx-20250630.htm,84.27,57.43660181824909,2.614154102495606,0.7387180864630596,1.8623761198319828,8,ocf_to_net_income,-4.4667,accrual_ratio,3.7422,equity_to_assets,1.7269,robust_mcd,0.5381239675248748,0.47982813014890124,0.7142843745277048,1.3721647240203092,-2.8357814165237545,2.835781416523733,5.458042740206023,-6.679226050489547,0.6376371165492055,-0.01603576250604286,1.009472536586272,1.8564020015589044,-0.010123169310805454,0.06358585765500328,1.1684936172042526,-1.1479946303339907,0.577929227134607,0.2814825730869236,0.8323596393511317,1.5658596350357472,-1.705518117638575,1.726903192976241,3.742223091005315,-4.466733482427324,brick3_q_v2_robust_mahalanobis_clipped,2026-03-18T05:10:36.278770+00:00
PYPL,,,10-Q,2023-03-31,2023-05-09,https://www.sec.gov/Archives/edgar/data/1633917/000163391723000072/pypl-20230331.htm,84.19,57.264776412214545,1.2837004316167118,0.459874566972085,0.8783197607031521,8,net_margin,-1.8384,net_income_growth_yoy,1.1635,accrual_ratio,1.033,robust_mcd,-0.6182320778322348,-0.8682887062124423,1.1413277483912156,-3.3661549771492045,0.9443990453112483,-0.9443990453112483,1.5134157344433674,-0.8733861182827342,0.09541514259118826,-0.426764791319692,1.196692605820073,0.4533433688483529,0.566662381196096,-0.4180237082219967,0.3123497986617315,0.20974473911755,-0.33277318966286557,-0.6916791402553422,1.1634736913627586,-1.8383556387501814,0.7933043796651874,-0.7338489104755477,1.032989360130713,-0.44013377532262044,brick3_q_v2_robust_mahalanobis_clipped,2026-03-18T05:10:36.278770+00:00
SBUX,,,10-Q,2023-04-02,2023-05-02,https://www.sec.gov/Archives/edgar/data/829224/000082922423000037/sbux-20230402.htm,84.12,57.24711503737355,2.262955218323127,0.6744907594765953,1.3416802250212019,8,ocf_to_net_income,-3.7568,accrual_ratio,2.668,revenue_growth_yoy,-1.349,robust_mcd,-1.3489815189531906,0.6744907594765952,-1.3489815189531904,0.3965907002265382,,,3.99700999589156,-5.811676816437687,,-0.6744907594765962,-0.6744907594765952,,0.6744907594765952,-0.6744907594765952,0.6744907594765952,-0.6744907594765953,-1.3489815189531906,0.13489815189531862,-1.0791852151625523,0.3965907002265382,0.6744907594765952,-0.6744907594765952,2.668002301325574,-3.75680239365325,brick3_q_v2_robust_mahalanobis_clipped,2026-03-18T05:10:36.278770+00:00
HON,,,10-Q,2024-09-30,2024-10-24,https://www.sec.gov/Archives/edgar/data/773840/000077384024000099/hon-20240930.htm,84.04,56.922928977661805,3.420864707699215,0.5849178227171798,2.194569213395754,5,equity_to_assets,-5.0826,assets_growth_yoy,2.9361,accrual_ratio,-1.3367,robust_mcd,,4.1138249115748025,-0.4665588355653987,,,-8.0,-2.4442680408076325,2.079671750548241,,1.1695676053784516,-0.4740031460556877,,,-0.7065387352102176,0.32456057195993726,-0.249919054981605,,2.936121989096262,-0.4695365597615143,,,-5.082615494084087,-1.3367365957006045,1.1478354283363026,brick3_q_v2_robust_mahalanobis_clipped,2026-03-18T05:10:36.278770+00:00
CHTR,,,10-Q,2022-06-30,2022-07-29,https://www.sec.gov/Archives/edgar/data/1091667/000109166722000090/chtr-20220630.htm,83.96,56.513824728790276,1.0930237676740915,0.6427505265690001,0.7317952319863229,7,equity_to_assets,-2.1635,net_margin,1.4555,revenue_growth_yoy,-0.6745,robust_mcd,-0.8351937195888086,0.4346131052314385,-0.41864937793849716,2.3811971234475884,,-2.9090696001156315,-0.3459004271707758,-0.32654302022590037,-0.43355129427025263,-0.4866612548984181,0.6083175581628845,0.06683868167674642,,-1.045072213002105,-0.2879710840136367,1.5708415999589571,-0.6745367494613862,0.06610336117949583,-0.007862603497944515,1.4554537467392514,,-2.1634706452702206,-0.32272868990792014,0.4324108278480427,brick3_q_v2_robust_mahalanobis_clipped,2026-03-18T05:10:36.278770+00:00
QCOM,,,10-Q,2023-03-26,2023-05-03,https://www.sec.gov/Archives/edgar/data/804328/000080432823000023/qcom-20230326.htm,83.89,56.423899286336955,1.468637508503763,0.6744907594765952,0.9514053966350863,7,assets_growth_yoy,-3.3122,net_margin,-1.7669,net_income_growth_yoy,0.5114,robust_mcd,-0.13647073844394977,-5.969996633951867,0.4026624607945632,-1.7669206228571461,-1.2885861569075834,,0.04554547127844202,0.6702804752927889,,0.6744907594765952,0.6744907594765952,,0.6744907594765952,,0.6744907594765952,-0.6744907594765952,-0.13647073844394977,-3.3122016765804823,0.511393780267376,-1.7669206228571461,-0.5033553903539119,,0.29712358655770327,0.13237198138503525,brick3_q_v2_robust_mahalanobis_clipped,2026-03-18T05:10:36.278770+00:00
PCAR,,,10-Q,2022-06-30,2022-08-02,https://www.sec.gov/Archives/edgar/data/75362/000156459022027473/pcar-10q_20220630.htm,83.81,55.378982968288376,0.9124097144465212,0.3149280913850925,0.5894241824789912,7,net_margin,1.3291,revenue_growth_yoy,1.1405,equity_to_assets,0.8406,robust_mcd,1.5795028054946119,-0.12127369152180689,0.6732148821046672,2.2319236373055253,,1.3071030865868287,-0.36760617875369506,0.10624371935851278,0.48211339989106133,0.0710341141207187,0.6242622252591326,-0.025132192500442144,,0.14087797267282534,0.773714586002285,-0.087362149249182,1.1405470432531917,-0.04435056926479665,0.6536338193664533,1.3291013053831382,,0.8406130410212274,0.08892212714869702,0.02880137191543486,brick3_q_v2_robust_mahalanobis_clipped,2026-03-18T05:10:36.278770+00:00
HON,,,10-Q,2025-06-30,2025-07-24,https://www.sec.gov/Archives/edgar/data/773840/000077384025000064/hon-20250630.htm,83.73,54.846615127213724,2.1162749421618066,0.6173206562627371,1.3014846317665476,5,equity_to_assets,-5.1532,assets_growth_yoy,0.9348,net_income_growth_yoy,-0.2045,robust_mcd,,1.216651027768328,-0.10978769030416849,,,-8.0,-0.7028134558323457,0.5521225369041912,,0.5119663027178257,-0.34656232389544467,,,-0.8830209294777196,0.5851227559862258,-0.7599309692364697,,0.9347771377481271,-0.20449754374067897,,,-5.153208371791088,-0.1876389711049171,0.02730113444792681,brick3_q_v2_robust_mahalanobis_clipped,2026-03-18T05:10:36.278770+00:00
HON,,,10-Q,2024-03-31,2024-04-25,https://www.sec.gov/Archives/edgar/data/773840/000077384024000051/hon-20240331.htm,83.65,54.42193746595356,2.6291008841597394,0.7199203582810665,1.86542867380827,5,equity_to_assets,-5.0013,assets_growth_yoy,2.4869,accrual_ratio,0.8123,robust_mcd,,4.140518296078202,-0.43190464014338925,,,-8.0,0.28589357514758523,-0.28718790942952055,,0.006547279726391407,-0.10392778793426141,,,-0.5031923857417201,1.6018882486343837,-1.3840460893685758,,2.4869298895374774,-0.3007138992597381,,,-5.001276954296688,0.8122914445423046,-0.7259311814051426,brick3_q_v2_robust_mahalanobis_clipped,2026-03-18T05:10:36.278770+00:00
HON,,,10-Q,2025-03-31,2025-04-29,https://www.sec.gov/Archives/edgar/data/773840/000077384025000037/hon-20250331.htm,83.58,54.38535605819694,2.2212456872139112,0.7990297510392476,1.6523593127440457,5,equity_to_assets,-5.0698,assets_growth_yoy,1.3896,ocf_to_net_income,-0.8033,robust_mcd,,1.8903826677980051,-0.23471166582134637,,,-8.0,0.438139264737646,-0.5429948377125584,,0.6384032894788159,-0.17102846142894462,,,-0.6744907594765952,1.31736314240722,-1.193863102404662,,1.3895909164703295,-0.20923838406438566,,,-5.069796303790638,0.7898288158054756,-0.8033421435893998,brick3_q_v2_robust_mahalanobis_clipped,2026-03-18T05:10:36.278770+00:00
HON,,,10-Q,2024-06-30,2024-07-25,https://www.sec.gov/Archives/edgar/data/773840/000077384024000082/hon-20240630.htm,83.5,54.356142485905096,2.526030743747169,0.49139353711561073,1.489872921599288,5,equity_to_assets,-5.0705,assets_growth_yoy,2.1573,net_income_growth_yoy,-0.1743,robust_mcd,,3.4053902778440404,-0.2912746245217194,,,-8.0,-0.48991890014712924,0.4435699162229576,,0.2850552590780113,0.0012630272357205888,,,-0.6762554235291501,0.7227754702752051,-0.7716185054599666,,2.1572562703376286,-0.1742595638187434,,,-5.07050216941166,-0.004841151978195513,-0.042505452450212144,brick3_q_v2_robust_mahalanobis_clipped,2026-03-18T05:10:36.278770+00:00
ADI,,,10-Q,2022-04-30,2022-05-18,https://www.sec.gov/Archives/edgar/data/6281/000000628122000168/adi-20220430.htm,83.42,53.6942323258844,2.843579386889955,0.9514630634018012,1.5595322970809762,5,equity_to_assets,5.2468,net_income_growth_yoy,1.4633,assets_growth_yoy,-0.8266,robust_mcd,,,,,,8.0,-0.1117579242095188,-0.41898023646034643,,-0.8266456679670411,1.4633016526518463,,,1.1168936703152443,0.7710162996741863,0.5794580264006881,,-0.8266456679670411,1.4633016526518463,,,5.246757468126098,0.24135176534396327,-0.019604931315932578,brick3_q_v2_robust_mahalanobis_clipped,2026-03-18T05:10:36.278770+00:00
CHTR,,,10-Q,2024-03-31,2024-04-26,https://www.sec.gov/Archives/edgar/data/1091667/000109166724000085/chtr-20240331.htm,83.35,52.994510288114924,1.0058818041337925,0.7560102011107536,0.6059437291014265,7,net_margin,-1.2762,revenue_growth_yoy,-1.1577,ocf_to_net_income,0.4112,robust_mcd,-1.5049654509804353,1.1060694218899452,-0.6146451760602634,-1.9282613038106233,,0.2878777636267732,0.8173331577607963,-0.7820203548077097,-0.6367214619133059,-0.7805697363135607,-0.03180827938915597,-0.2981485624090041,,-1.1043308507155372,-0.23949063198728016,2.201001885047431,-1.1576678553535835,0.35141375860854274,-0.3815104173918204,-1.2762162072499756,,-0.26900568211015097,0.3946036418615657,0.41118854113434666,brick3_q_v2_robust_mahalanobis_clipped,2026-03-18T05:10:36.278770+00:00
PCAR,,,10-Q,2024-06-30,2024-07-31,https://www.sec.gov/Archives/edgar/data/75362/000095017024088553/pcar-20240630.htm,83.27,52.833517915411846,1.011293560534969,0.2934275406187811,0.6506410120138268,7,revenue_growth_yoy,-1.1774,net_income_growth_yoy,-1.1729,net_margin,0.9171,robust_mcd,-1.4952172615988286,0.2623257300276057,-1.7573953949148515,1.4823364708540654,,1.2513392631744567,-0.4034350876023618,0.4270057155726129,-0.7005769529892117,0.3258718489009741,-0.29618519602348503,0.06922525532395568,,0.018954801240505817,0.24564190385406284,-0.3975368259992725,-1.1773611381549818,0.28774417757695303,-1.1729113153583048,0.9170919846420215,,0.7583854784008763,-0.14380429101979192,0.0971886989438587,brick3_q_v2_robust_mahalanobis_clipped,2026-03-18T05:10:36.278770+00:00
EA,,,10-Q,2025-12-31,2026-02-03,https://www.sec.gov/Archives/edgar/data/712515/000162828026005101/ea-20251231.htm,83.19,52.11165176477607,3.523907519218592,1.2811226641481948,2.374710712449346,7,ocf_to_net_income,5.7584,accrual_ratio,-2.887,equity_to_assets,-2.2842,robust_mcd,,-0.3108404182388548,-1.320599828023489,-3.023572258490208,4.1211201196142895,-4.278497844979848,-3.612722165183456,8.0,,-0.6524595023465094,-1.9152606399156658,0.6744907594765952,-0.8238720682622493,0.7073622387456668,-1.7984245083081971,2.39598893198248,,-0.44748805188191665,-1.5584641527803598,-1.5443470513034867,2.143123244463674,-2.2841538114896416,-2.8870031024333525,5.758395572792992,brick3_q_v2_robust_mahalanobis_clipped,2026-03-18T05:10:36.278770+00:00
ADBE,,,10-Q,2024-08-30,2024-09-25,https://www.sec.gov/Archives/edgar/data/796343/000079634324000208/adbe-20240830.htm,83.11,51.61746260772455,2.3073495908784776,,2.3073495908784776,8,equity_to_assets,-7.0965,debt_to_assets,7.0965,assets_growth_yoy,-2.1413,robust_mcd,-0.38381050232340175,-2.141251397337479,-0.5090885927573126,0.9007259698753197,7.09653235019177,-7.096532350191778,-0.27589907899649463,0.054956485354262896,,,,,,,,,-0.38381050232340175,-2.141251397337479,-0.5090885927573126,0.9007259698753197,7.09653235019177,-7.096532350191778,-0.27589907899649463,0.054956485354262896,brick3_q_v2_robust_mahalanobis_clipped,2026-03-18T05:10:36.278770+00:00
ADI,,,10-Q,2022-07-30,2022-08-17,https://www.sec.gov/Archives/edgar/data/6281/000000628122000224/adi-20220730.htm,83.04,50.893093904810925,4.317850617106462,0.26979630379063807,1.6623447436745813,5,equity_to_assets,5.0698,ocf_to_net_income,2.2417,accrual_ratio,-1.0002,robust_mcd,,,,,,8.0,-1.2173403278981993,3.7362115234211872,,0.0,0.0,,,0.6744907594765952,-0.6744907594765952,0.0,,0.0,0.0,,,5.069796303790638,-1.0002005005295576,2.241726914052712,brick3_q_v2_robust_mahalanobis_clipped,2026-03-18T05:10:36.278770+00:00
CMCSA,,,10-Q,2023-03-31,2023-04-27,https://www.sec.gov/Archives/edgar/data/1166691/000116669123000024/cmcsa-20230331.htm,82.96,50.77347652289962,1.466120469905644,0.48809814051892747,0.9661421693286696,7,equity_to_assets,-3.3708,assets_growth_yoy,-1.0377,revenue_growth_yoy,-0.8785,robust_mcd,-1.1350200103679329,-1.0548688264173478,-0.16439334045754025,0.8123302973181064,,-5.486256799563671,0.773914067966411,-0.8360599472484992,-0.49362298219497786,-1.0119015019682447,-0.03568601026056869,0.7260093653006586,,-0.19773514671302445,-0.22778144568125686,0.7239505315137614,-0.8784611990987509,-1.0376818966377066,-0.11291040837875163,0.7778019245111273,,-3.3708481384234124,0.37323586250734386,-0.21205575574359492,brick3_q_v2_robust_mahalanobis_clipped,2026-03-18T05:10:36.278770+00:00
CSX,,,10-Q,2023-03-31,2023-04-20,https://www.sec.gov/Archives/edgar/data/277948/000027794823000027/csx-20230331.htm,82.88,50.1368894822213,1.9266752744023161,0.23056558595775284,1.2320063276229523,5,debt_to_assets,4.5672,ocf_to_net_income,-0.7048,accrual_ratio,0.5835,robust_mcd,,-0.09005023980245873,-0.2097254228219416,,7.319358926114119,,0.8508301072167169,-1.1634116760563458,,-0.41322816820544495,0.10140669625961618,,0.43891222798970053,,0.18251001838514916,-0.016770818948853364,,-0.21932141116365322,-0.08527257518931847,,4.567180246864352,,0.5835020716840897,-0.7047553332133487,brick3_q_v2_robust_mahalanobis_clipped,2026-03-18T05:10:36.278770+00:00
MU,,,10-Q,2022-12-01,2022-12-22,https://www.sec.gov/Archives/edgar/data/723125/000072312522000072/mu-20221201.htm,82.81,50.02732223950817,5.834890375787216,,5.834890375787216,4,debt_to_assets,8.0,equity_to_assets,-8.0,ocf_to_net_income,-6.1948,robust_mcd,,,,,8.0,-8.0,1.1448053610552231,-6.1947561420936434,,,,,,,,,,,,,8.0,-8.0,1.1448053610552231,-6.1947561420936434,brick3_q_v2_robust_mahalanobis_clipped,2026-03-18T05:10:36.278770+00:00
INTU,,,10-Q,2023-10-31,2023-11-28,https://www.sec.gov/Archives/edgar/data/896878/000089687823000041/intu-20231031.htm,82.73,50.01940868131494,1.9903192069913818,1.0574872337529992,1.4999741300919036,8,net_income_growth_yoy,5.7103,assets_growth_yoy,-1.4887,ocf_to_net_income,-1.4296,robust_mcd,-1.3489815189531904,-2.0431171158697414,8.0,0.7367321073662553,0.39070762534708525,-0.39070762534708275,1.0866490495094987,-1.9256586135381994,-0.6744907594765952,-0.6571826164636972,2.2757338821419157,0.6744907594765952,-0.6554412351944607,1.1524709530999295,1.684524132002356,-0.6855635321684447,-1.0791852151625523,-1.4887433161073238,5.710293552856767,0.7118355682103912,-0.027751918869533182,0.2265638060317222,1.3257990825066417,-1.4296205809902975,brick3_q_v2_robust_mahalanobis_clipped,2026-03-18T05:10:36.278770+00:00
CHTR,,,10-Q,2025-09-30,2025-10-31,https://www.sec.gov/Archives/edgar/data/1091667/000109166725000168/chtr-20250930.htm,82.65,49.95895520924301,1.0529284058740713,1.3090985558639499,0.9899004200081397,7,ocf_to_net_income,2.7947,revenue_growth_yoy,-1.2467,net_margin,-1.0163,robust_mcd,-1.033018173170913,0.87599399623387,-0.771171325583683,-1.512127041620026,,0.5599035549674957,-1.018911714106528,1.5993730354359827,-1.5671028673126328,-0.6082350688402326,-0.5796192392876899,-0.27267890024502034,,-1.2779471029406373,-0.2703906553532153,4.587716057068221,-1.2466520508276009,0.2823023702042289,-0.6945504910652858,-1.0163477850700238,,-0.17523670819575748,-0.7195032906052029,2.794710244088878,brick3_q_v2_robust_mahalanobis_clipped,2026-03-18T05:10:36.278770+00:00
COST,,,10-Q,2022-05-08,2022-06-02,https://www.sec.gov/Archives/edgar/data/909832/000090983222000014/cost-20220508.htm,82.58,49.33617944411996,4.5717405655054595,,4.5717405655054595,5,debt_to_assets,-8.0,equity_to_assets,8.0,accrual_ratio,-3.8688,robust_mcd,,,,0.04664698871594329,-8.0,8.0,-3.8688120216275133,2.9432438171838426,,,,,,,,,,,,0.04664698871594329,-8.0,8.0,-3.8688120216275133,2.9432438171838426,brick3_q_v2_robust_mahalanobis_clipped,2026-03-18T05:10:36.278770+00:00
CHTR,,,10-Q,2022-09-30,2022-10-28,https://www.sec.gov/Archives/edgar/data/1091667/000109166722000115/chtr-20220930.htm,82.5,49.32090224443722,2.252155336131042,0.6964687608027539,1.5842694922616951,7,net_income_growth_yoy,-4.3654,ocf_to_net_income,1.8184,assets_growth_yoy,1.4752,robust_mcd,-1.923159302604662,2.5958954713928937,-7.182614844577038,-0.21671207285728922,,-1.44692881854399,-0.9117916909699164,1.4879851519715013,-0.42312548301828956,-0.20583337587005263,-0.1396816306758996,0.193264744337722,,-1.0561136846836976,-0.5431639010413635,2.3140985059922525,-1.323145774770113,1.475203932487715,-4.365441559016582,-0.05272134597928471,,-1.290602764999873,-0.7643405749984953,1.8184304935798017,brick3_q_v2_robust_mahalanobis_clipped,2026-03-18T05:10:36.278770+00:00
EA,,,10-Q,2022-12-31,2023-02-07,https://www.sec.gov/Archives/edgar/data/712515/000071251523000008/ea-20221231.htm,82.42,48.86569295353922,4.1489418704961105,1.2508409729681973,2.783880656447743,8,ocf_to_net_income,5.5245,accrual_ratio,-5.1637,assets_growth_yoy,-4.7662,robust_mcd,-0.45382455535552607,-7.741474463649042,2.7562948911263514,-1.7277660801606762,2.2560874868386516,-2.25608748683864,-8.0,8.0,-0.6744907594765951,-0.3033764294408277,4.2501476304888675,0.6744907594765953,-0.7292019910291928,0.6545157998662341,-0.9092490637504798,1.8112553502167859,-0.5420910370039538,-4.766235249965756,3.353835986871358,-0.7668633443057675,1.0619716956915137,-1.0918461721566903,-5.1636996255001915,5.524502140086714,brick3_q_v2_robust_mahalanobis_clipped,2026-03-18T05:10:36.278770+00:00
CTSH,,,10-Q,2022-06-30,2022-07-28,https://www.sec.gov/Archives/edgar/data/1058290/000105829022000241/ctsh-20220630.htm,82.34,48.041085712048165,2.244576743620153,0.4584153766084064,1.411872979603872,8,equity_to_assets,3.0795,debt_to_assets,-2.9426,assets_growth_yoy,1.7137,robust_mcd,-1.0131267202679526,2.9886206648652305,-1.9471162268951605,1.9687208188743734,-4.3805041469641575,4.380504146964221,-0.6770238367408361,0.6009973873892923,-0.38949651938672486,-0.19857691877254308,0.1797896776227704,0.18183054708052165,-0.7857145357233336,1.12788923856085,0.6796233650002607,-0.12440221072024726,-0.7636746399154615,1.7137416314101208,-1.096353865087988,1.2539647101568325,-2.9425883024678274,3.079458183602873,-0.13436495604439735,0.3108375481454765,brick3_q_v2_robust_mahalanobis_clipped,2026-03-18T05:10:36.278770+00:00
AAPL,,,10-Q,2022-03-26,2022-04-29,https://www.sec.gov/Archives/edgar/data/320193/000032019322000059/aapl-20220326.htm,82.27,47.8160664682393,,1.9906556966368083,1.9906556966368083,6,accrual_ratio,-8.0,ocf_to_net_income,1.833,equity_to_assets,-0.762,robust_mcd,,,,,,,,,,-0.6744907594765952,0.0,,0.6744907594765953,-0.7620005539521665,-8.0,1.832952106915493,,-0.6744907594765952,0.0,,0.6744907594765953,-0.7620005539521665,-8.0,1.832952106915493,brick3_q_v2_robust_mahalanobis_clipped,2026-03-18T05:10:36.278770+00:00
WBD,,,10-Q,2021-06-30,2021-08-03,https://www.sec.gov/Archives/edgar/data/1437107/000143710721000166/disca-20210630.htm,82.19,47.65001661955988,,0.6022007960255689,0.6022007960255689,8,net_margin,1.714,net_income_growth_yoy,1.4235,assets_growth_yoy,-0.5102,robust_mcd,,,,,,,,,0.05070494021587904,-0.510197034122132,1.4235080070969988,1.7140248295043838,0.29761862284194124,-0.2573115013847664,0.42903390129206,-0.13520753174638958,0.05070494021587904,-0.510197034122132,1.4235080070969988,1.7140248295043838,0.29761862284194124,-0.2573115013847664,0.42903390129206,-0.13520753174638958,brick3_q_v2_robust_mahalanobis_clipped,2026-03-18T05:10:36.278770+00:00
KLAC,,,10-Q,2022-03-31,2022-04-29,https://www.sec.gov/Archives/edgar/data/319201/000031920122000012/klac-20220331.htm,82.11,47.53626591859209,,2.0887003406640354,2.0887003406640354,6,accrual_ratio,-8.0,ocf_to_net_income,2.8376,assets_growth_yoy,1.1371,robust_mcd,,,,,,,,,,1.1371160356859935,0.17717332343573672,,0.33893302373419715,-0.04136412058134328,-8.0,2.837615540546941,,1.1371160356859935,0.17717332343573672,,0.33893302373419715,-0.04136412058134328,-8.0,2.837615540546941,brick3_q_v2_robust_mahalanobis_clipped,2026-03-18T05:10:36.278770+00:00
ADBE,,,10-Q,2025-02-28,2025-03-26,https://www.sec.gov/Archives/edgar/data/796343/000079634325000059/adbe-20250228.htm,82.04,46.523300088414004,2.7942922496881053,1.6113583884665532,2.2536696292518252,8,equity_to_assets,-4.8,debt_to_assets,4.5302,accrual_ratio,3.4829,robust_mcd,-0.6663539837055725,-1.0894440301401997,1.7370521052712076,0.9334693663213665,8.0,-8.0,0.9137285913151737,-1.0142899207513245,-0.6744907594765953,-0.6744907594765952,0.8108529138427393,0.6744907594765959,-0.6744907594765952,0.0,7.336661746954537,-2.045389409028768,-0.6696086940139816,-0.923462721874758,1.3665724286998202,0.8298779235834582,4.5302036962093615,-4.8,3.482901853570919,-1.4267297160623018,brick3_q_v2_robust_mahalanobis_clipped,2026-03-18T05:10:36.278770+00:00
ISRG,,,10-Q,2023-03-31,2023-04-20,https://www.sec.gov/Archives/edgar/data/1035267/000103526723000092/isrg-20230331.htm,81.96,46.480694923580536,2.2060079880400534,0.9037953499136847,1.4405069915555255,6,debt_to_assets,2.848,assets_growth_yoy,-2.5333,equity_to_assets,1.777,robust_mcd,,-3.589718003143291,-0.16736587671360773,,5.755297050097986,,0.8658101153394692,-0.6518488949059124,,-0.9487971504876113,-0.3132815727461572,,-1.512851989851382,1.776984562168757,0.550423882028619,-0.32043294219958157,,-2.533349662081019,-0.22573215512662753,,2.848037434118239,1.776984562168757,0.7396556220151291,-0.51928251382338,brick3_q_v2_robust_mahalanobis_clipped,2026-03-18T05:10:36.278770+00:00
COST,,,10-Q,2023-11-26,2023-12-20,https://www.sec.gov/Archives/edgar/data/909832/000090983223000065/cost-20231126.htm,81.88,46.34340054177995,0.8213060558086228,,0.8213060558086228,8,net_margin,1.4035,equity_to_assets,1.3312,debt_to_assets,-1.0773,robust_mcd,-0.6744907594765952,0.9598469859704718,0.6744907594765952,1.403450799710058,-1.0773303103038179,1.3312226461430987,0.18802527474122535,-0.26159091064711987,,,,,,,,,-0.6744907594765952,0.9598469859704718,0.6744907594765952,1.403450799710058,-1.0773303103038179,1.3312226461430987,0.18802527474122535,-0.26159091064711987,brick3_q_v2_robust_mahalanobis_clipped,2026-03-18T05:10:36.278770+00:00
COST,,,10-Q,2022-11-20,2022-12-29,https://www.sec.gov/Archives/edgar/data/909832/000090983222000035/cost-20221120.htm,81.8,46.261442174076144,3.8705601744030522,,3.8705601744030522,5,equity_to_assets,8.0,debt_to_assets,-7.293,accrual_ratio,1.7214,robust_mcd,,,,-0.6459465397161956,-7.293032755871562,8.0,1.7214431421972125,-1.692378434230291,,,,,,,,,,,,-0.6459465397161956,-7.293032755871562,8.0,1.7214431421972125,-1.692378434230291,brick3_q_v2_robust_mahalanobis_clipped,2026-03-18T05:10:36.278770+00:00
TTWO,,,10-Q,2022-09-30,2022-11-08,https://www.sec.gov/Archives/edgar/data/946581/000162828022028716/ttwo-20220930.htm,81.73,45.95595504454573,3.21218691819951,3.1037264940401443,2.994534760206761,6,assets_growth_yoy,8.0,net_income_growth_yoy,-8.0,ocf_to_net_income,-1.0085,robust_mcd,,8.0,-8.0,,0.8640811475431234,-0.8228335070650111,-0.7822262758009659,-0.8039805787879604,,8.0,-8.0,,-0.23146797467862978,0.552738188620468,0.5228037491684268,-1.315349051773344,,8.0,-8.0,,0.4258614986544221,-0.2726048287908195,-0.26021426581320883,-1.0085279679821137,brick3_q_v2_robust_mahalanobis_clipped,2026-03-18T05:10:36.278770+00:00
AMZN,,,10-Q,2024-03-31,2024-05-01,https://www.sec.gov/Archives/edgar/data/1018724/000101872424000083/amzn-20240331.htm,81.65,45.89109499993356,1.871910258714441,1.2404689063502214,1.541548327436901,5,equity_to_assets,4.8208,net_income_growth_yoy,2.2588,ocf_to_net_income,0.3754,robust_mcd,,-0.3241057930493831,0.7100672709158351,,,8.0,-0.1700064023105054,0.15537182729648025,,0.5062542429536652,4.581855529703125,,,0.05192653097444446,-0.3569155923908189,0.705392635729054,,0.008038221351836239,2.258782574430751,,,4.8207706123897776,-0.24477007834263081,0.3753801506695097,brick3_q_v2_robust_mahalanobis_clipped,2026-03-18T05:10:36.278770+00:00
PEP,,,10-Q,2023-06-17,2023-07-13,https://www.sec.gov/Archives/edgar/data/77476/000007747623000046/pep-20230617.htm,81.57,45.806897810816146,1.3092911888948529,,1.3092911888948529,8,assets_growth_yoy,8.0,net_margin,0.6862,revenue_growth_yoy,-0.6745,robust_mcd,-0.6744907594765952,8.0,-0.6744907594765952,0.6861797427757379,-0.053396002132682446,0.05169700226594038,0.1886826153060569,-0.1453926297252144,,,,,,,,,-0.6744907594765952,8.0,-0.6744907594765952,0.6861797427757379,-0.053396002132682446,0.05169700226594038,0.1886826153060569,-0.1453926297252144,brick3_q_v2_robust_mahalanobis_clipped,2026-03-18T05:10:36.278770+00:00
VRSK,,,10-Q,2023-03-31,2023-05-03,https://www.sec.gov/Archives/edgar/data/1442145/000143774923012195/vrsk20230331_10q.htm,81.5,45.450357824124275,5.880615764178844,3.007463853472089,4.7313549998961415,6,ocf_to_net_income,7.3791,debt_to_assets,5.3527,equity_to_assets,-5.3186,robust_mcd,,-2.771855977877475,-4.640160356288014,,8.0,-8.0,-3.871678250907573,8.0,,-2.1916924063127987,-2.51531117085803,,1.3816716666592959,-1.2964158170641458,-4.2119774503474785,6.447714609590786,,-2.5397905492516046,-3.7902206821160203,,5.352668666663718,-5.318566326825658,-4.007797930683536,7.3790858438363145,brick3_q_v2_robust_mahalanobis_clipped,2026-03-18T05:10:36.278770+00:00
EA,,,10-Q,2022-09-30,2022-11-08,https://www.sec.gov/Archives/edgar/data/712515/000071251522000068/ea-20220930.htm,81.42,45.2885078511013,2.0928412563429246,0.7454607436445193,1.5538890512635626,8,assets_growth_yoy,-4.8953,accrual_ratio,4.1917,ocf_to_net_income,-1.2061,robust_mcd,-1.0901238020231396,-8.0,-0.03234061326054194,0.3266552232878129,-0.23906763271816636,0.2390676327181659,5.689679599218578,-1.1257955475169936,-0.3569912421429053,-0.2383233324410948,-0.036886777054084996,0.9039157183158575,-0.4116685372688057,0.7446494652047702,1.9447338429858414,-1.3265170337427945,-0.7968707780710459,-4.895329332976438,-0.034159078777959165,0.5575594212990307,-0.3081079945384221,0.4413003657128076,4.191701296725483,-1.206084142007314,brick3_q_v2_robust_mahalanobis_clipped,2026-03-18T05:10:36.278770+00:00
PAYX,,,10-Q,2023-11-30,2023-12-21,https://www.sec.gov/Archives/edgar/data/723531/000095017023072195/payx-20231130.htm,81.34,45.272882409152345,2.260770938963131,1.00403715275609,1.788594652120276,4,assets_growth_yoy,2.5449,equity_to_assets,-1.6501,debt_to_assets,1.6501,robust_mcd,-1.3092094291557022,3.1327025721995128,,,2.300585877248647,-2.300585877248663,,,,1.66312993931508,,,0.6744907594765952,-0.6744907594765952,,,-1.3092094291557022,2.5448735190457397,,,1.6501478301398262,-1.6501478301398358,,,brick3_q_v2_robust_mahalanobis_clipped,2026-03-18T05:10:36.278770+00:00
COST,,,10-Q,2023-05-07,2023-06-01,https://www.sec.gov/Archives/edgar/data/909832/000090983223000028/cost-20230507.htm,81.26,45.22701604744492,1.3573391144201787,,1.3573391144201787,8,ocf_to_net_income,2.4111,accrual_ratio,-1.9984,equity_to_assets,1.5232,robust_mcd,-0.6744907594765952,0.9598469859704718,0.6744907594765952,-1.4072460901719765,-1.2099453315530095,1.523219784507289,-1.9983975202262272,2.411075683979265,,,,,,,,,-0.6744907594765952,0.9598469859704718,0.6744907594765952,-1.4072460901719765,-1.2099453315530095,1.523219784507289,-1.9983975202262272,2.411075683979265,brick3_q_v2_robust_mahalanobis_clipped,2026-03-18T05:10:36.278770+00:00
CSX,,,10-Q,2022-09-30,2022-10-21,https://www.sec.gov/Archives/edgar/data/277948/000027794822000045/csx-20220930.htm,81.19,45.02380390485487,3.8839413332661743,0.3863776417097491,2.441165672735822,5,assets_growth_yoy,4.6787,debt_to_assets,3.6967,ocf_to_net_income,2.5238,robust_mcd,,7.670068050062378,-0.21901879825548223,,5.82117629291057,,-1.698780984952712,4.0106625401497284,,0.1916844262427085,0.2734386494236388,,0.5099248516821232,,-0.6633073083081443,0.2935329728921305,,4.67871460053451,-0.022035819183833794,,3.696675716419191,,-1.284591514294885,2.5238107132466894,brick3_q_v2_robust_mahalanobis_clipped,2026-03-18T05:10:36.278770+00:00
MDLZ,,,10-Q,2025-03-31,2025-04-29,https://www.sec.gov/Archives/edgar/data/1103982/000110398225000127/mdlz-20250331.htm,81.11,44.89706385748343,1.7386713343711195,0.8291838692931408,1.372860046024025,8,assets_growth_yoy,-4.5483,net_income_growth_yoy,-1.5005,net_margin,-1.1677,robust_mcd,-1.0032473928928676,-6.532995215868643,-1.516561373686335,-1.4965737639415975,1.325828965719415,-1.3375987842378108,0.34249922462914534,0.3540659539931431,-0.7802398663505381,-1.5711524034466844,-1.4763381542684069,-0.6744907594765952,0.2610601868416874,-0.16974042060611572,-0.020163023159031093,1.680286140196068,-0.9140443822759359,-4.548258090899859,-1.5004720859191638,-1.1677405621555965,0.899921454168324,-0.8704554387851327,0.19743432551387477,0.8845540284743131,brick3_q_v2_robust_mahalanobis_clipped,2026-03-18T05:10:36.278770+00:00
KLAC,,,10-Q,2021-03-31,2021-04-30,https://www.sec.gov/Archives/edgar/data/319201/000031920121000017/klac-20210331.htm,81.03,44.73797083350981,,2.632044425345688,2.632044425345688,6,net_income_growth_yoy,8.0,accrual_ratio,-5.7905,ocf_to_net_income,1.4206,robust_mcd,,,,,,,,,,-0.023192997415287027,8.0,,0.46968266235437295,-0.088298441364126,-5.790505299108819,1.4205871518315236,,-0.023192997415287027,8.0,,0.46968266235437295,-0.088298441364126,-5.790505299108819,1.4205871518315236,brick3_q_v2_robust_mahalanobis_clipped,2026-03-18T05:10:36.278770+00:00
TMUS,,,10-Q,2022-06-30,2022-07-29,https://www.sec.gov/Archives/edgar/data/1283699/000128369922000117/tmus-20220630.htm,80.96,44.66942901635132,4.177144228406422,2.056940233477659,3.2346842682215042,5,ocf_to_net_income,-8.0,accrual_ratio,-4.6121,net_income_growth_yoy,-2.4532,robust_mcd,,-1.0960556245478033,-3.0869426227660983,,,0.7027228947182118,-8.0,-8.0,,-0.19237150147210097,-1.5024649020823628,,,-0.12011827306476959,0.46974649076906405,-8.0,,-0.7345819753175222,-2.453151534492604,,,0.37358642760501926,-4.612101403692375,-8.0,brick3_q_v2_robust_mahalanobis_clipped,2026-03-18T05:10:36.278770+00:00
MU,,,10-Q,2023-06-01,2023-06-29,https://www.sec.gov/Archives/edgar/data/723125/000072312523000041/mu-20230601.htm,80.88,44.559624695218524,3.7791927301996022,,3.7791927301996022,6,debt_to_assets,8.0,equity_to_assets,-8.0,assets_growth_yoy,-3.4997,robust_mcd,,-3.4996884886527666,-0.9682051299057851,,8.0,-8.0,0.5436333357408514,-1.6636294268982108,,,,,,,,,,-3.4996884886527666,-0.9682051299057851,,8.0,-8.0,0.5436333357408514,-1.6636294268982108,brick3_q_v2_robust_mahalanobis_clipped,2026-03-18T05:10:36.278770+00:00
TSLA,,,10-Q,2024-06-30,2024-07-24,https://www.sec.gov/Archives/edgar/data/1318605/000162828024032662/tsla-20240630.htm,80.8,44.31323220300097,0.8539477448461796,0.7247320776114243,0.6767146679693847,8,net_margin,-1.2696,revenue_growth_yoy,-0.9408,net_income_growth_yoy,-0.9334,robust_mcd,-1.3510146812055264,-0.653614594796538,-0.6931458361220961,-1.32735746913977,-1.1267323382936887,1.1226226131728951,0.373730287616176,-0.18336413842274704,-0.32554761139391425,1.4405860898525902,-1.2938759680387726,-1.1829339048790983,-0.42235363509819285,0.6155108334282194,0.16213207064106452,0.35491650755954335,-0.9408278532808815,0.18406567906311327,-0.9334378888887667,-1.2695880434355014,-0.8449808570154904,0.9197779012750248,0.28909100082613143,0.03194811997016911,brick3_q_v2_robust_mahalanobis_clipped,2026-03-18T05:10:36.278770+00:00
COST,,,10-Q,2025-05-11,2025-06-05,https://www.sec.gov/Archives/edgar/data/909832/000090983225000033/cost-20250511.htm,80.72,44.29270661967001,1.1606841347084136,,1.1606841347084136,8,ocf_to_net_income,2.0303,net_margin,1.6115,accrual_ratio,-1.3133,robust_mcd,0.249022343197773,0.8269378201784681,-0.6744907594765952,1.6115105012510125,-1.2979175692343041,1.2819823966333361,-1.3132997647602287,2.0303119229355904,,,,,,,,,0.249022343197773,0.8269378201784681,-0.6744907594765952,1.6115105012510125,-1.2979175692343041,1.2819823966333361,-1.3132997647602287,2.0303119229355904,brick3_q_v2_robust_mahalanobis_clipped,2026-03-18T05:10:36.278770+00:00
PAYX,,,10-Q,2024-02-29,2024-04-02,https://www.sec.gov/Archives/edgar/data/723531/000095017024040129/payx-20240229.htm,80.65,44.20883380522588,1.6710958995203122,1.1211341810352542,1.3383829543645651,6,ocf_to_net_income,2.075,assets_growth_yoy,-1.999,revenue_growth_yoy,-1.331,robust_mcd,-1.3310089432869274,-1.877201657568466,,,1.7380864986129247,-1.7380864986129305,,,,-2.181696672967478,,,0.6744907594765952,-0.6744907594765952,0.0,2.0749927132556025,-1.3310089432869274,-1.9989996637280707,,,1.312648202958393,-1.3126482029583963,0.0,2.0749927132556025,brick3_q_v2_robust_mahalanobis_clipped,2026-03-18T05:10:36.278770+00:00
CSCO,,,10-Q,2024-04-27,2024-05-21,https://www.sec.gov/Archives/edgar/data/858877/000085887724000007/csco-20240427.htm,80.57,43.79421463128909,3.8015241151085486,,3.8015241151085486,6,net_income_growth_yoy,-8.0,debt_to_assets,4.936,equity_to_assets,-4.936,robust_mcd,,3.9395054370365,-8.0,,4.936022734685558,-4.9360227346855465,-0.07648627140877946,0.9211075128349051,,,,,,,,,,3.9395054370365,-8.0,,4.936022734685558,-4.9360227346855465,-0.07648627140877946,0.9211075128349051,brick3_q_v2_robust_mahalanobis_clipped,2026-03-18T05:10:36.278770+00:00
AMZN,,,10-Q,2024-06-30,2024-08-02,https://www.sec.gov/Archives/edgar/data/1018724/000101872424000130/amzn-20240630.htm,80.49,43.62812463971141,1.7894002354494298,0.7107391957886827,1.272929251822555,5,equity_to_assets,4.7512,net_income_growth_yoy,0.9037,assets_growth_yoy,0.3913,robust_mcd,,0.17624207740902537,-0.08348735556811375,,,7.915463337871023,-0.6194410655743586,0.1523673408246293,,0.7139867727720373,2.3843674384592863,,,0.00487752691564477,0.17750900392698543,-0.27295523686946,,0.3913399555542301,0.9036545620428463,,,4.751229013488872,-0.300661037773821,-0.017761690253006432,brick3_q_v2_robust_mahalanobis_clipped,2026-03-18T05:10:36.278770+00:00
WBD,,,10-Q,2023-09-30,2023-11-08,https://www.sec.gov/Archives/edgar/data/1437107/000143710723000173/disca-20230930.htm,80.42,43.55100300499256,1.274261543583399,1.5546498808244238,1.3298091511146157,8,ocf_to_net_income,-5.8684,assets_growth_yoy,-1.2277,net_margin,-1.0983,robust_mcd,-0.7991354200141573,-1.0507710911699657,0.38412607561764944,-0.08478340650294104,0.02009352096470422,1.0507042837478595,-0.9694019610395865,-5.8350765896103285,-0.5168528578906005,-1.4931542717184065,1.0217385424228507,-2.618560160192498,0.302535128090505,-0.23686277085443028,0.32921450279750203,-5.9182808126285975,-0.6862223951647346,-1.227724363389342,0.63917106233973,-1.0982941079787638,0.13307016381502454,0.5356774619069437,-0.44995537550475107,-5.868358278817636,brick3_q_v2_robust_mahalanobis_clipped,2026-03-18T05:10:36.278770+00:00
ADP,,,10-Q,2025-09-30,2025-10-31,https://www.sec.gov/Archives/edgar/data/8670/000000867025000047/adp-20250930.htm,80.34,43.472591526008564,1.1657557733962063,0.8202566987720392,0.7751202855457133,8,revenue_growth_yoy,-1.3036,ocf_to_net_income,-1.2326,accrual_ratio,1.057,robust_mcd,-1.8346568373435812,0.15772245371445373,-1.120971697103738,-0.11516677692325235,-2.0056354180815603,2.00563541808156,0.9600075580645885,-1.1262500278569159,-0.506901132684981,0.13803645743598345,-0.04783972054276646,-0.7504210552174603,1.30812060310995,-1.2162379768983105,1.2024529033522988,-1.392043740934563,-1.303554555480141,0.1498480552030656,-0.6917189064793493,-0.36926848824093556,-0.6801330096049562,0.7168860600896116,1.0569856961796726,-1.2325675130879747,brick3_q_v2_robust_mahalanobis_clipped,2026-03-18T05:10:36.278770+00:00
EA,,,10-Q,2025-09-30,2025-10-31,https://www.sec.gov/Archives/edgar/data/712515/000162828025047811/ea-20250930.htm,80.26,43.4548233226388,1.5871182761308797,0.9387068664833882,1.2495123655782179,7,assets_growth_yoy,-2.0498,net_margin,-1.576,debt_to_assets,1.4653,robust_mcd,,-2.1963835053726606,-1.1596582771042239,-2.4337727909578173,2.5528481650822488,-2.5528481650822537,-0.10983609343166469,0.10448093588528819,,-1.829872740106295,-1.8928059556189836,-0.28925230229936283,-0.16601155168540732,0.19712468790873253,1.061214969036985,-1.1346658587279517,,-2.0497791992661147,-1.4529173485101277,-1.5759645954944355,1.4653042783751864,-1.4528590238858592,0.35858433155579517,-0.3911777819600078,brick3_q_v2_robust_mahalanobis_clipped,2026-03-18T05:10:36.278770+00:00
ADBE,,,10-Q,2025-08-29,2025-09-24,https://www.sec.gov/Archives/edgar/data/796343/000079634325000107/adbe-20250829.htm,80.19,43.102712303154235,2.4424820393701774,,2.4424820393701774,8,debt_to_assets,8.0,equity_to_assets,-8.0,accrual_ratio,-1.0219,robust_mcd,-0.32780514440336905,-0.6744907594765952,0.6744907594765952,0.21019448265035257,8.0,-8.0,-1.0219028658638356,0.6309723030906685,,,,,,,,,-0.32780514440336905,-0.6744907594765952,0.6744907594765952,0.21019448265035257,8.0,-8.0,-1.0219028658638356,0.6309723030906685,brick3_q_v2_robust_mahalanobis_clipped,2026-03-18T05:10:36.278770+00:00
DDOG,,,10-Q,2023-03-31,2023-05-05,https://www.sec.gov/Archives/edgar/data/1561550/000156155023000023/ddog-20230331.htm,80.11,43.00342177239241,,3.44463755529096,3.44463755529096,6,net_income_growth_yoy,-8.0,ocf_to_net_income,-8.0,accrual_ratio,-2.6709,robust_mcd,,,,,,,,,,1.396542533177619,-8.0,,-0.20062440849780794,0.399760514022306,-2.6708978760480275,-8.0,,1.396542533177619,-8.0,,-0.20062440849780794,0.399760514022306,-2.6708978760480275,-8.0,brick3_q_v2_robust_mahalanobis_clipped,2026-03-18T05:10:36.278770+00:00
ISRG,,,10-Q,2023-06-30,2023-07-24,https://www.sec.gov/Archives/edgar/data/1035267/000103526723000159/isrg-20230630.htm,80.03,42.55424299811845,1.8292275994754417,0.76176581025759,1.2464390653206474,6,debt_to_assets,2.638,equity_to_assets,1.8858,assets_growth_yoy,-1.4335,robust_mcd,,-1.9950053729591715,1.1093442565796519,,5.203874864533935,,-0.48020160721828836,0.357711896086161,,-0.5911776053455509,0.3624452096987617,,-1.2109336118667182,1.885767563954531,-0.3609357989967669,0.15933507168321176,,-1.4334742659137232,0.8105846378272958,,2.637951473973674,1.885767563954531,-0.4324952839296798,0.2783611663249813,brick3_q_v2_robust_mahalanobis_clipped,2026-03-18T05:10:36.278770+00:00
SBUX,,,10-Q,2021-03-28,2021-04-27,https://www.sec.gov/Archives/edgar/data/829224/000082922421000053/sbux-20210328.htm,79.95,42.48306404182947,,1.6800173778832561,1.6800173778832561,8,net_income_growth_yoy,8.0,debt_to_assets,2.0677,revenue_growth_yoy,0.6745,robust_mcd,,,,,,,,,0.6744907594765953,-0.6744907594765952,8.0,-0.6744907594765953,2.0676852256830727,-0.6744907594765952,0.0,0.6744907594765952,0.6744907594765953,-0.6744907594765952,8.0,-0.6744907594765953,2.0676852256830727,-0.6744907594765952,0.0,0.6744907594765952,brick3_q_v2_robust_mahalanobis_clipped,2026-03-18T05:10:36.278770+00:00
EA,,,10-Q,2025-06-30,2025-08-01,https://www.sec.gov/Archives/edgar/data/712515/000071251525000030/ea-20250630.htm,79.88,41.99535501476396,1.4091328703289485,0.9444454026246273,1.1803471141265964,8,assets_growth_yoy,-2.1028,debt_to_assets,1.3259,equity_to_assets,-1.3037,robust_mcd,-1.1830574681585204,-2.3529169953559044,-0.748330120422091,-1.5171644001944602,2.3343102726779645,-2.3343102726779645,0.3716076469184685,-0.4313657862262139,-0.9085367702229654,-1.7276269389918653,-1.2673833299342323,-0.22124815167981363,-0.18680906608882744,0.2422986251174087,1.2513406140172127,-1.7503197249446925,-1.0732491889842986,-2.1028009728102885,-0.9559514042269476,-0.9987979007886015,1.3258625371712478,-1.3036667135598152,0.7235008337579663,-0.9589473617136053,brick3_q_v2_robust_mahalanobis_clipped,2026-03-18T05:10:36.278770+00:00
SNPS,,,10-Q,2025-04-30,2025-05-28,https://www.sec.gov/Archives/edgar/data/883241/000088324125000017/snps-20250430.htm,79.8,41.84477563495883,4.205298059648766,1.8398729588808382,3.1542458831717277,6,assets_growth_yoy,8.0,debt_to_assets,4.8,equity_to_assets,-4.5219,robust_mcd,,8.0,-0.06097400755132229,,8.0,-8.0,0.5416065066977555,-0.6292078436435157,,8.0,0.740870215803079,,0.0,0.6951550099470194,1.0028202546358955,-0.6003922728990355,,8.0,0.25976368179043824,,4.8,-4.521937996021192,0.7260920058730115,-0.6176816153457236,brick3_q_v2_robust_mahalanobis_clipped,2026-03-18T05:10:36.278770+00:00
AEP,,,10-Q,2024-09-30,2024-11-06,https://www.sec.gov/Archives/edgar/data/4904/000000490424000100/aep-20240930.htm,79.72,41.19116989445041,0.9906674347483427,0.5502526121856908,0.677849712303767,8,net_margin,1.3044,net_income_growth_yoy,-1.1163,ocf_to_net_income,1.0996,robust_mcd,-0.611040886926813,-0.15480460235366844,-1.6800013791768595,1.606197177916221,-0.49822581830935897,0.6366800242358946,-1.4846017652579828,1.2537878238099434,-0.7165561453041807,-0.328104283602062,-0.2707163588678285,0.8518170869496284,0.6244089182089623,-0.6011487508607307,0.1409602651254557,0.8683090885666775,-0.65324699027776,-0.22412447485302586,-1.116287371053247,1.304445141529584,-0.04917192370203047,0.14154851419724446,-0.8343769531046074,1.099596329712637,brick3_q_v2_robust_mahalanobis_clipped,2026-03-18T05:10:36.278770+00:00
HON,,,10-Q,2025-09-30,2025-10-23,https://www.sec.gov/Archives/edgar/data/773840/000077384025000105/hon-20250930.htm,79.65,41.003793966541444,2.593244268198762,0.42802537821615233,1.6632558829566009,5,equity_to_assets,-4.3973,ocf_to_net_income,1.1881,accrual_ratio,-1.1121,robust_mcd,,0.8148937308779267,1.3151580160342264,,,-6.736196930456289,-2.058580927939929,2.041391735685439,,0.17739006727793322,0.6744907594765952,,,-0.8888658815192505,0.30757885050459305,-0.09180133230238977,,0.5598922654379292,1.0588911134111738,,,-4.397264510881473,-1.1121170165621201,1.1881145084903075,brick3_q_v2_robust_mahalanobis_clipped,2026-03-18T05:10:36.278770+00:00
PEP,,,10-Q,2025-09-06,2025-10-09,https://www.sec.gov/Archives/edgar/data/77476/000007747625000053/pep-20250906.htm,79.57,40.90373103099091,1.767309116703329,,1.767309116703329,8,assets_growth_yoy,6.7512,net_income_growth_yoy,-3.546,accrual_ratio,-0.9769,robust_mcd,-0.6744907594765952,6.751186050898452,-3.545963239951198,-0.7059823759540275,0.3288143654467981,-0.31332508006533205,-0.9768969201941932,0.8418141416400365,,,,,,,,,-0.6744907594765952,6.751186050898452,-3.545963239951198,-0.7059823759540275,0.3288143654467981,-0.31332508006533205,-0.9768969201941932,0.8418141416400365,brick3_q_v2_robust_mahalanobis_clipped,2026-03-18T05:10:36.278770+00:00
ADBE,,,10-Q,2025-05-30,2025-06-25,https://www.sec.gov/Archives/edgar/data/796343/000079634325000073/adbe-20250530.htm,79.49,40.62476571855026,2.257236938014259,,2.257236938014259,8,debt_to_assets,8.0,equity_to_assets,-8.0,assets_growth_yoy,-0.6745,robust_mcd,-0.32780514440336905,-0.6744907594765952,0.6744907594765952,-0.09384622636959068,8.0,-8.0,-0.16809519616782312,-0.11916741822009876,,,,,,,,,-0.32780514440336905,-0.6744907594765952,0.6744907594765952,-0.09384622636959068,8.0,-8.0,-0.16809519616782312,-0.11916741822009876,brick3_q_v2_robust_mahalanobis_clipped,2026-03-18T05:10:36.278770+00:00
ADBE,,,10-Q,2024-05-31,2024-06-26,https://www.sec.gov/Archives/edgar/data/796343/000079634324000150/adbe-20240531.htm,79.41,40.37804601267758,2.1662205559031946,,2.1662205559031946,8,equity_to_assets,-6.2042,debt_to_assets,6.2042,assets_growth_yoy,-2.1413,robust_mcd,-0.38381050232340175,-2.141251397337479,-0.5090885927573126,0.7692849073137956,6.204197930997113,-6.204197930997142,0.48161545840605235,-0.6363177270932631,,,,,,,,,-0.38381050232340175,-2.141251397337479,-0.5090885927573126,0.7692849073137956,6.204197930997113,-6.204197930997142,0.48161545840605235,-0.6363177270932631,brick3_q_v2_robust_mahalanobis_clipped,2026-03-18T05:10:36.278770+00:00
ABNB,,,10-Q,2023-03-31,2023-05-09,https://www.sec.gov/Archives/edgar/data/1559720/000155972023000010/abnb-20230331.htm,79.34,40.08610939057543,,3.6603403270529236,3.6603403270529236,6,net_income_growth_yoy,8.0,ocf_to_net_income,8.0,accrual_ratio,-4.1914,robust_mcd,,,,,,,,,,0.8356686481918465,8.0,,0.5425911778809058,-0.3923683072089669,-4.191413829035821,8.0,,0.8356686481918465,8.0,,0.5425911778809058,-0.3923683072089669,-4.191413829035821,8.0,brick3_q_v2_robust_mahalanobis_clipped,2026-03-18T05:10:36.278770+00:00
NFLX,,,10-Q,2023-09-30,2023-10-20,https://www.sec.gov/Archives/edgar/data/1065280/000106528023000273/nflx-20230930.htm,79.26,39.5787335763763,,0.5295954769327365,0.5295954769327365,8,net_margin,1.5424,ocf_to_net_income,-0.9525,accrual_ratio,0.8865,robust_mcd,,,,,,,,,0.2956335595717765,-0.3823668977264064,-0.007093628470200738,1.54241251028642,0.06664437738272219,0.103654835163524,0.886469748404642,-0.9524882584561991,0.2956335595717765,-0.3823668977264064,-0.007093628470200738,1.54241251028642,0.06664437738272219,0.103654835163524,0.886469748404642,-0.9524882584561991,brick3_q_v2_robust_mahalanobis_clipped,2026-03-18T05:10:36.278770+00:00
SBUX,,,10-Q,2022-07-03,2022-08-02,https://www.sec.gov/Archives/edgar/data/829224/000082922422000039/sbux-20220703.htm,79.18,38.987560512720314,0.7327323470067606,0.6744907594765953,0.7286109352749008,8,net_margin,1.2327,accrual_ratio,-0.8313,revenue_growth_yoy,-0.6745,robust_mcd,-0.6744907594765953,-0.6744907594765952,-0.6744907594765952,1.2327199876712174,,,-0.9357738690170836,0.20442794692247715,,-0.6744907594765952,-0.6744907594765952,,0.6744907594765953,-0.6744907594765952,-0.6744907594765952,0.6744907594765955,-0.6744907594765953,-0.6744907594765952,-0.6744907594765952,1.2327199876712174,0.6744907594765953,-0.6744907594765952,-0.8312606252008883,0.3924530719441245,brick3_q_v2_robust_mahalanobis_clipped,2026-03-18T05:10:36.278770+00:00
CEG,,,10-Q,2024-06-30,2024-08-06,https://www.sec.gov/Archives/edgar/data/1868275/000186827524000054/ceg-20240630.htm,79.11,38.38734585086544,1.8642973283382558,0.9679673427428029,1.5057653341000747,8,assets_growth_yoy,4.8812,debt_to_assets,1.5848,equity_to_assets,-1.5522,robust_mcd,-0.015837722153090865,8.0,-0.31924267701545095,1.7488657185679357,2.1486398526195973,-2.081387993599756,0.47416908098162813,-0.1262355817685871,-0.5134018343196715,0.2029252184707131,-0.15238001736362897,0.42397216698652795,0.7391641929415038,-0.7583656689278733,2.166514985390196,-2.7870146575423096,-0.2148633670197231,4.881170087388285,-0.25249761315472213,1.2189082979353727,1.5848495887483598,-1.552179063731003,1.1511074427450554,-1.1905472120780762,brick3_q_v2_robust_mahalanobis_clipped,2026-03-18T05:10:36.278770+00:00
AMGN,,,10-Q,2022-06-30,2022-08-05,https://www.sec.gov/Archives/edgar/data/318154/000031815422000041/amgn-20220630.htm,79.03,37.32927617458258,2.8849998664216985,1.0638185792391783,2.080048458157136,5,net_income_growth_yoy,5.8026,equity_to_assets,-3.699,ocf_to_net_income,0.5159,robust_mcd,,0.3186620557981452,8.0,,,-5.4028016222226665,-0.2869873273969946,0.41654832669068814,,-0.5117207231728537,2.5064957399982744,,,-1.143226681938949,-0.49278205778094336,0.6648676933048719,,-0.013491055790254364,5.80259829599931,,,-3.6989716461091793,-0.3693052195505741,0.5158760733363617,brick3_q_v2_robust_mahalanobis_clipped,2026-03-18T05:10:36.278770+00:00
COST,,,10-Q,2024-11-24,2024-12-19,https://www.sec.gov/Archives/edgar/data/909832/000090983224000079/cost-20241124.htm,78.95,37.08270730207523,0.7974269261353415,,0.7974269261353415,8,net_margin,1.4448,ocf_to_net_income,-1.3711,assets_growth_yoy,-1.3083,robust_mcd,-0.19731751715445237,-1.308258734567535,-0.09107889485074261,1.4447908802462903,-0.41512038032030124,0.5398718810016231,1.0118966424030378,-1.3710804785387494,,,,,,,,,-0.19731751715445237,-1.308258734567535,-0.09107889485074261,1.4447908802462903,-0.41512038032030124,0.5398718810016231,1.0118966424030378,-1.3710804785387494,brick3_q_v2_robust_mahalanobis_clipped,2026-03-18T05:10:36.278770+00:00
AMZN,,,10-Q,2024-09-30,2024-11-01,https://www.sec.gov/Archives/edgar/data/1018724/000101872424000161/amzn-20240930.htm,78.87,36.57266037367679,1.746685164842265,0.7746945397033054,1.2375365309783168,5,equity_to_assets,4.3459,assets_growth_yoy,0.983,net_income_growth_yoy,0.3861,robust_mcd,,0.8464819906149287,-0.2331789576389163,,,7.214265866879576,-0.2682893082292681,-0.17120970084863657,,1.1878045135066946,1.314945549494247,,,0.043277899234797336,0.6411172967373918,-0.6863274395433959,,0.983010999771635,0.3860708452143491,,,4.345870679821664,0.09547333375739586,-0.3772567963265403,brick3_q_v2_robust_mahalanobis_clipped,2026-03-18T05:10:36.278770+00:00
TSLA,,,10-Q,2023-09-30,2023-10-23,https://www.sec.gov/Archives/edgar/data/1318605/000162828023034847/tsla-20230930.htm,78.8,36.51063864680272,1.0851071538862134,0.7063001062013279,0.8024440395524572,8,ocf_to_net_income,1.137,revenue_growth_yoy,-1.0299,net_margin,-0.9198,robust_mcd,-2.006724758241356,-0.5839819059481937,-0.7869088978058499,-1.1983414980421372,-0.8768528101560339,0.8697507074118969,-0.961624764827188,1.3966718886570515,0.43543009367572844,1.4924699581043863,-1.0643607950886298,-0.5020678251893499,-0.3604307051814334,0.595786685998555,-0.45225144773914056,0.7476033386333987,-1.0298628174745224,0.2465988396728383,-0.8978896567189618,-0.9198320289010222,-0.6702839681661937,0.7601650988465601,-0.757875437991969,1.1370444686475905,brick3_q_v2_robust_mahalanobis_clipped,2026-03-18T05:10:36.278770+00:00
MELI,,,10-Q,2021-03-31,2021-05-06,https://www.sec.gov/Archives/edgar/data/1099590/000156276221000200/meli-20210331x10q.htm,78.72,36.448045106934856,,2.141146981713336,2.141146981713336,7,ocf_to_net_income,5.5861,accrual_ratio,3.246,debt_to_assets,1.8549,robust_mcd,,,,,,,,,,0.22123007979596826,-1.6854282533893072,-0.8230993710722626,1.8548674868352886,-1.5713094660854743,3.245984345446182,5.586109869368869,,0.22123007979596826,-1.6854282533893072,-0.8230993710722626,1.8548674868352886,-1.5713094660854743,3.245984345446182,5.586109869368869,brick3_q_v2_robust_mahalanobis_clipped,2026-03-18T05:10:36.278770+00:00
CSCO,,,10-Q,2024-10-26,2024-11-19,https://www.sec.gov/Archives/edgar/data/858877/000085887724000030/csco-20241026.htm,78.64,36.4400991958866,3.4989689917901905,,3.4989689917901905,6,net_income_growth_yoy,-8.0,assets_growth_yoy,3.9395,debt_to_assets,3.6578,robust_mcd,,3.9395054370365,-8.0,,3.6578269703984785,-3.6578269703984785,0.8186987804117344,-0.9199557924959505,,,,,,,,,,3.9395054370365,-8.0,,3.6578269703984785,-3.6578269703984785,0.8186987804117344,-0.9199557924959505,brick3_q_v2_robust_mahalanobis_clipped,2026-03-18T05:10:36.278770+00:00
DXCM,,,10-Q,2023-06-30,2023-07-27,https://www.sec.gov/Archives/edgar/data/1093557/000109355723000174/dxcm-20230630.htm,78.57,35.8430097423852,2.2313944431937,0.9612076517536678,1.7092355165186979,6,debt_to_assets,4.9666,net_income_growth_yoy,1.7387,equity_to_assets,-1.617,robust_mcd,,1.147620685507672,1.4040828897185125,,7.943684864193639,-2.429077328209957,-0.3934798410374736,-0.07042105049494453,,2.1146801893363265,2.2405930636975055,,0.5009387420583807,-0.3989872534577218,-0.05837416425137225,0.45367249772070023,,1.5344444870391338,1.7386869593101097,,4.966586415339536,-1.6170412983090627,-0.25943757032303305,0.13921636879131338,brick3_q_v2_robust_mahalanobis_clipped,2026-03-18T05:10:36.278770+00:00
AAPL,,,10-Q,2021-03-27,2021-04-29,https://www.sec.gov/Archives/edgar/data/320193/000032019321000056/aapl-20210327.htm,78.49,35.778030706457386,,2.7039977426288395,2.7039977426288395,6,ocf_to_net_income,7.9049,accrual_ratio,-3.9377,equity_to_assets,-3.144,robust_mcd,,,,,,,,,,-0.09590841119869886,-0.4670542831496861,,0.6744907594765952,-3.143975815127526,-3.9376500455531733,7.904907141267357,,-0.09590841119869886,-0.4670542831496861,,0.6744907594765952,-3.143975815127526,-3.9376500455531733,7.904907141267357,brick3_q_v2_robust_mahalanobis_clipped,2026-03-18T05:10:36.278770+00:00
CRWD,,,10-Q,2022-10-31,2022-11-30,https://www.sec.gov/Archives/edgar/data/1535527/000153552722000025/crwd-20221031.htm,78.41,35.72167142142974,3.8856586420379515,0.6255863992423002,2.457701195392866,6,debt_to_assets,-4.716,assets_growth_yoy,-3.754,equity_to_assets,2.3469,robust_mcd,,-6.70633742552528,0.5283841454879248,,-8.0,3.911426048786964,-2.171858829043429,-1.9959454033841129,,0.6744907594765952,-0.04504522831931318,,0.2099281336552777,0.0,-1.480660999781099,-1.343393274221516,,-3.7540061515245298,0.2990123959650296,,-4.716028746537889,2.346855629272178,-1.8953796973384969,-1.7349245517190741,brick3_q_v2_robust_mahalanobis_clipped,2026-03-18T05:10:36.278770+00:00
TSLA,,,10-Q,2023-06-30,2023-07-24,https://www.sec.gov/Archives/edgar/data/1318605/000095017023033872/tsla-20230630.htm,78.33,35.533856190178014,0.7317252071477103,0.8672401676100497,0.7263165893023937,8,assets_growth_yoy,1.2568,revenue_growth_yoy,1.1328,ocf_to_net_income,-1.0508,robust_mcd,-0.3886964182946172,0.5927416091785124,-0.8556372311903457,-0.27990649648755733,-0.8713944881029125,0.8735486870317977,0.2861269136743514,-1.7057498132215883,3.414972784440654,2.2527870453093155,0.010355305589309003,-0.18534328070339304,-0.330019917228205,0.6732669559474713,-0.0027460872712889205,-0.0684299643907618,1.1327712627994913,1.2567597836308337,-0.5092402164784838,-0.24208121017389161,-0.6548446597530295,0.7934359945980671,0.17057771329609525,-1.0508218736892576,brick3_q_v2_robust_mahalanobis_clipped,2026-03-18T05:10:36.278770+00:00
CEG,,,10-Q,2025-03-31,2025-05-06,https://www.sec.gov/Archives/edgar/data/1868275/000186827525000044/ceg-20250331.htm,78.26,35.18306102161474,1.0528806804624777,0.7586471945516462,0.6876763107199475,8,net_income_growth_yoy,-1.1198,net_margin,-1.0839,ocf_to_net_income,0.6975,robust_mcd,1.000522723029731,-0.2941478877486734,-0.6960431901328248,-1.0844841069891984,-1.3927001335470217,1.3847068987285887,-1.0234504872445036,1.54699001627928,0.18373145769187596,-0.571931355631094,-1.7554830570567332,-1.082921932251491,0.6594645020335025,-0.6183452428812599,0.620534998602793,-0.5767650102644196,0.6738062168945891,-0.40526127490164165,-1.1198191369023882,-1.0838592370941154,-0.5718342793148119,0.5834860420846492,-0.36585629290558497,0.6974880056618,brick3_q_v2_robust_mahalanobis_clipped,2026-03-18T05:10:36.278770+00:00
BKR,,,10-Q,2023-03-31,2023-04-19,https://www.sec.gov/Archives/edgar/data/1701605/000170160523000049/bkr-20230331.htm,78.18,34.32854188257763,3.48918862943369,2.042229836503045,2.788731442060461,5,net_income_growth_yoy,8.0,accrual_ratio,5.0459,assets_growth_yoy,0.5391,robust_mcd,,1.2746659594657648,8.0,,,0.19525600074983093,7.845271569544173,0.13074961740868285,,-0.5643360126430466,8.0,,,0.1748187967833676,0.8469633856493812,-0.6250309874394291,,0.5390651706222402,8.0,,,0.1870811191632456,5.045948295986256,-0.17156262453056195,brick3_q_v2_robust_mahalanobis_clipped,2026-03-18T05:10:36.278770+00:00
MAR,,,10-Q,2022-06-30,2022-08-02,https://www.sec.gov/Archives/edgar/data/1048286/000162828022020126/mar-20220630.htm,78.1,34.250819758904804,1.1207009487853872,0.9192872235284215,0.6632804593898142,7,assets_growth_yoy,1.417,revenue_growth_yoy,1.0752,net_margin,0.6796,robust_mcd,-0.2922173731489093,2.624673472995288,-0.452576465898146,0.9350683361956317,,1.7924666184672557,-1.3684410671288936,0.37946330766358694,3.126341109225943,-0.39448793871009724,0.8319300651760335,0.2964489050556736,,-1.0345149438139205,0.6744907594765952,-0.07679684324068849,1.0752060198010316,1.4170089083131336,0.06122614653152586,0.6796205637396485,,0.6616739935547851,-0.5512683364866982,0.19695924730187675,brick3_q_v2_robust_mahalanobis_clipped,2026-03-18T05:10:36.278770+00:00
HON,,,10-Q,2022-09-30,2022-10-27,https://www.sec.gov/Archives/edgar/data/773840/000077384022000071/hon-20220930.htm,78.03,34.04173807471893,3.3949681664626454,0.5085620350016776,2.0421575474687543,5,equity_to_assets,3.8417,assets_growth_yoy,-3.426,net_income_growth_yoy,1.4373,robust_mcd,,-5.160734474177647,2.0755657412181896,,,6.5860655275949735,-1.9261493798481744,1.226325709474243,,-0.8238843430566981,0.47987479189229143,,,-0.2748123785082274,0.5480608846180498,-0.41617777693312114,,-3.4259944217292673,1.4372893614878302,,,3.8417143651536927,-0.9364652740616847,0.5693243149112973,brick3_q_v2_robust_mahalanobis_clipped,2026-03-18T05:10:36.278770+00:00
GILD,,,10-Q,2024-03-31,2024-05-08,https://www.sec.gov/Archives/edgar/data/882095/000088209524000013/gild-20240331.htm,77.95,33.49700790789878,3.2965650216087874,3.839644140855063,3.5137966693072977,5,net_income_growth_yoy,-8.0,ocf_to_net_income,-3.9881,accrual_ratio,-3.8806,robust_mcd,,-0.9316191390189645,-8.0,,,-0.3976310365831352,-2.2010247747604232,-4.952550157681414,,-1.9685199693346385,-8.0,,,-0.2883334800960724,-6.400044588568123,-2.5413226662764803,,-1.3463794711452342,-8.0,,,-0.35391201398831007,-3.8806327002835035,-3.9880591611194403,brick3_q_v2_robust_mahalanobis_clipped,2026-03-18T05:10:36.278770+00:00
ISRG,,,10-Q,2022-09-30,2022-10-21,https://www.sec.gov/Archives/edgar/data/1035267/000103526722000169/isrg-20220930.htm,77.87,33.24139349248372,2.12563446233613,0.6207750192456427,1.3057231245035883,6,debt_to_assets,2.283,assets_growth_yoy,-2.0565,equity_to_assets,1.6618,robust_mcd,,-3.3915129320735655,-0.6860966656927161,,4.6629393113568245,,-0.8771901161907436,1.0104332863668017,,-0.053862839687927495,-0.4297671189991819,,-1.2868501474950638,1.6617590530327457,-0.20937496984837956,0.08303598641055741,,-2.05645289511931,-0.5835648470153024,,2.283023527816069,1.6617590530327457,-0.610064057653798,0.639474366384304,brick3_q_v2_robust_mahalanobis_clipped,2026-03-18T05:10:36.278770+00:00
MSTR,,,10-Q,2023-06-30,2023-08-01,https://www.sec.gov/Archives/edgar/data/1050446/000095017023036448/mstr-20230630.htm,77.79,33.21369349110971,0.9865944933146175,1.092805564125808,0.7888000469108901,8,net_income_growth_yoy,1.2636,net_margin,1.2349,ocf_to_net_income,1.2312,robust_mcd,-0.4014992663369135,-0.1844859177580179,0.9647099557099119,1.1992076729814123,-0.7218184621985179,0.7218184621985174,1.1422480199910994,2.5569681893425495,-0.5534535437214504,2.134408972618011,1.7120172253263066,1.2883965655623821,0.7005157602372595,-0.6681789867722712,0.9281083351333046,-0.7573651236354779,-0.46228097729072826,0.7430720383923938,1.2636328635564698,1.2348832300138002,-0.1528847732242069,0.16581948261020196,1.0565921460479815,1.2312348641513386,brick3_q_v2_robust_mahalanobis_clipped,2026-03-18T05:10:36.278770+00:00
CHTR,,,10-Q,2023-09-30,2023-10-27,https://www.sec.gov/Archives/edgar/data/1091667/000109166723000143/chtr-20230930.htm,77.72,33.15731009674345,0.922808711164194,0.8335123031092244,0.7928612547166691,7,ocf_to_net_income,1.6086,revenue_growth_yoy,-1.1555,assets_growth_yoy,0.8572,robust_mcd,-1.4642061006102487,1.7953570341673424,-0.8481340181582979,0.40699057244129966,,-0.10077808823327074,-0.802980762184374,1.0412144023545256,-0.6925059926795126,-0.5500867832640605,-0.2405234151543258,-0.27441603245938945,,-1.3860610605688206,-0.2312927325920974,2.459700105046364,-1.1555260574379542,0.8571795071947812,-0.6050897769567091,0.134427930481024,,-0.6148912771674907,-0.5743055503474633,1.608608683431261,brick3_q_v2_robust_mahalanobis_clipped,2026-03-18T05:10:36.278770+00:00
ABNB,,,10-Q,2023-09-30,2023-11-01,https://www.sec.gov/Archives/edgar/data/1559720/000155972023000020/abnb-20230930.htm,77.64,33.032855399559324,4.187993535891637,1.4746985547026625,3.0391377241469826,6,accrual_ratio,5.4059,equity_to_assets,3.4687,debt_to_assets,-3.4074,robust_mcd,,3.611164677116146,-0.2283224448135653,,-5.768317382973021,5.768549370535315,8.0,-1.7516073399117762,,2.096572669102561,3.9831533225278157,,0.13404997729763915,0.019038244710773717,1.5148490908082386,-1.1005280237689474,,3.0053278739107117,1.4562678621229872,,-3.4073704388647568,3.468744920205498,5.405939636323295,-1.4911756134546446,brick3_q_v2_robust_mahalanobis_clipped,2026-03-18T05:10:36.278770+00:00
AVGO,,,10-Q,2022-05-01,2022-06-09,https://www.sec.gov/Archives/edgar/data/1730168/000173016822000081/avgo-20220501.htm,77.56,32.99336495749372,5.601065262872519,0.7205779202808016,1.4319117993076662,4,debt_to_assets,3.7042,assets_growth_yoy,-0.6745,accrual_ratio,0.6745,robust_mcd,,,,,5.601065262872519,,,,,-0.6744907594765952,,,0.8588394026934209,,0.6744907594765952,-0.6744907594765952,,-0.6744907594765952,,,3.7041749188008795,,0.6744907594765952,-0.6744907594765952,brick3_q_v2_robust_mahalanobis_clipped,2026-03-18T05:10:36.278770+00:00
CMCSA,,,10-Q,2023-06-30,2023-07-27,https://www.sec.gov/Archives/edgar/data/1166691/000116669123000032/cmcsa-20230630.htm,77.49,32.85489747887581,1.0142959563761094,0.4241943129541805,0.7782552990073379,7,equity_to_assets,-2.751,net_margin,0.9586,ocf_to_net_income,0.5338,robust_mcd,-0.26667245252097427,-0.03454581211615189,0.6697087556251995,1.3248831963127392,,-4.355064074886717,-0.018429789282127455,0.43076761388885687,-0.30619791312754396,-0.8937670181256556,0.12251309915905989,0.4091811060974239,,-0.3448857080486825,-0.20441972560240726,0.6883956205184905,-0.2824826367636022,-0.37823429451995344,0.4508304930387437,0.9586023602266132,,-2.7509927281515028,-0.09282576381023938,0.5338188165407103,brick3_q_v2_robust_mahalanobis_clipped,2026-03-18T05:10:36.278770+00:00
BKR,,,10-Q,2022-09-30,2022-10-20,https://www.sec.gov/Archives/edgar/data/1701605/000170160522000151/bkr-20220930.htm,77.41,32.43328984922363,3.6659959509877553,3.3929560627912756,3.556779995709163,5,ocf_to_net_income,-8.0,net_income_growth_yoy,-7.7984,assets_growth_yoy,-1.024,robust_mcd,,-1.0854861733479626,-8.0,,,0.5090714099335069,0.7354221716573046,-8.0,,-0.9318167640084234,-7.495891483847156,,,0.17259497577734123,0.36447709032345665,-8.0,,-1.024018409612147,-7.798356593538863,,,0.3744808362710406,0.5870441391237654,-8.0,brick3_q_v2_robust_mahalanobis_clipped,2026-03-18T05:10:36.278770+00:00
AXON,,,10-Q,2021-03-31,2021-05-07,https://www.sec.gov/Archives/edgar/data/1069183/000155837021006312/axon-20210331x10q.htm,77.33,32.18188182547266,,3.2987768030111426,3.2987768030111426,6,net_income_growth_yoy,-8.0,accrual_ratio,-3.6258,assets_growth_yoy,2.7327,robust_mcd,,,,,,,,,,2.732707331423283,-8.0,,-1.2947507902032793,1.7990875148178807,-3.6257673107481008,-2.340347870874314,,2.732707331423283,-8.0,,-1.2947507902032793,1.7990875148178807,-3.6257673107481008,-2.340347870874314,brick3_q_v2_robust_mahalanobis_clipped,2026-03-18T05:10:36.278770+00:00
AMZN,,,10-Q,2023-09-30,2023-10-27,https://www.sec.gov/Archives/edgar/data/1018724/000101872423000018/amzn-20230930.htm,77.26,32.087377854456044,1.9472553464246225,1.0755533586781358,1.3320815513195483,5,equity_to_assets,4.0267,net_income_growth_yoy,2.0732,accrual_ratio,-0.3051,robust_mcd,,-0.5925779505330717,0.9805102098441787,,,6.831545791059704,-0.878919104280659,0.45272367640549904,,0.4290803124572894,3.712185543350182,,,-0.1806711091651629,0.555708788720662,-0.5001210396973822,,-0.18391464533692722,2.0731803432465803,,,4.026659030969757,-0.3050679470801306,0.0715857899643465,brick3_q_v2_robust_mahalanobis_clipped,2026-03-18T05:10:36.278770+00:00
FTNT,,,10-Q,2022-09-30,2022-11-07,https://www.sec.gov/Archives/edgar/data/1262039/000126203922000038/ftnt-20220930.htm,77.18,31.986019776539177,4.583939020827713,1.6032744513819608,3.391673193049412,6,debt_to_assets,5.5377,equity_to_assets,-5.4662,assets_growth_yoy,-5.2924,robust_mcd,,-8.0,1.9919293414815629,,8.0,-8.0,-0.9243128873718728,0.5873918961128404,,-1.2309733288703655,0.9197746430578758,,1.8443321219991056,-1.6654778484608734,-3.1713202291848637,0.7877685367186802,,-5.292389331548146,1.563067462112088,,5.537732848799642,-5.46619113938435,-1.8231158240970693,0.6675425523551763,brick3_q_v2_robust_mahalanobis_clipped,2026-03-18T05:10:36.278770+00:00
AMZN,,,10-Q,2025-03-31,2025-05-02,https://www.sec.gov/Archives/edgar/data/1018724/000101872425000036/amzn-20250331.htm,77.1,31.82596519247275,2.1584782459274026,0.7020554759584694,1.5599891879871701,5,equity_to_assets,3.9335,accrual_ratio,1.6195,assets_growth_yoy,1.0358,robust_mcd,,0.925817931717343,-0.06633312480274667,,,6.42859669490094,2.2869535086401602,-1.0846899695758225,,1.2008884400310302,1.031577791290365,,,0.19090494265582358,0.618253053349894,-0.46865315246523387,,1.0358461350428179,0.37283124163449805,,,3.9335199940028933,1.6194733265240537,-0.8382752427315872,brick3_q_v2_robust_mahalanobis_clipped,2026-03-18T05:10:36.278770+00:00
CTSH,,,10-Q,2025-06-30,2025-07-31,https://www.sec.gov/Archives/edgar/data/1058290/000105829025000267/ctsh-20250630.htm,77.02,31.77836638236153,1.165545786830029,0.4679884738218889,0.8529169216095973,8,equity_to_assets,1.6344,debt_to_assets,-1.6084,net_margin,1.3048,robust_mcd,0.9277615005870065,1.7476059481516582,0.08799289032957497,2.299217547430757,-1.9943031312228854,1.9943031312228836,0.12860402946817626,-0.14457811622728992,-0.14931238792959295,0.024062433526405237,0.0343136275040847,-0.18674701224216295,-1.0294904706353707,1.0946469372456955,0.48007672288745623,-0.7452581986043433,0.49693194518036665,1.058188542301557,0.06652118519937886,1.304831723561589,-1.6083780669878796,1.6344406536320084,0.26919310683588826,-0.3848501491781113,brick3_q_v2_robust_mahalanobis_clipped,2026-03-18T05:10:36.278770+00:00
INTU,,,10-Q,2022-01-31,2022-03-02,https://www.sec.gov/Archives/edgar/data/896878/000089687822000010/intu-20220131.htm,76.95,31.685137122771938,,1.3671709108810965,1.3671709108810965,8,net_income_growth_yoy,5.3094,assets_growth_yoy,3.244,net_margin,-0.6745,robust_mcd,,,,,,,,,0.674490759476595,3.244013407682961,5.309447355972413,-0.6744907594765953,0.0,0.0,0.36043424496361176,0.6744907594765952,0.674490759476595,3.244013407682961,5.309447355972413,-0.6744907594765953,0.0,0.0,0.36043424496361176,0.6744907594765952,brick3_q_v2_robust_mahalanobis_clipped,2026-03-18T05:10:36.278770+00:00
PYPL,,,10-Q,2025-06-30,2025-07-29,https://www.sec.gov/Archives/edgar/data/1633917/000163391725000161/pypl-20250630.htm,76.87,31.53008205159828,0.5755633716892385,0.5457942890980614,0.5603989031444008,8,assets_growth_yoy,-1.3509,revenue_growth_yoy,-1.1069,debt_to_assets,0.5089,robust_mcd,-1.5400872402956642,-1.3050239354062785,0.04444383108864684,0.2608206598577685,0.3440854441857323,-0.3440854441857342,0.33511453920427464,-0.4308458792898084,-0.45713106794859554,-1.4196975174298279,-0.03256835508366881,0.18783925056707795,0.7561051777581753,-0.7114323577766403,0.40060151069729844,-0.4009790755232069,-1.1069047713568367,-1.3508933682156983,0.013638956619720581,0.23162809614149227,0.5088933376147096,-0.49102420962209664,0.36130932780148417,-0.4188991577831678,brick3_q_v2_robust_mahalanobis_clipped,2026-03-18T05:10:36.278770+00:00
SNPS,,,10-Q,2025-07-31,2025-09-09,https://www.sec.gov/Archives/edgar/data/883241/000088324125000024/snps-20250731.htm,76.79,31.43532202377293,2.8611379161199277,2.0024455265348986,2.2854001151475942,6,assets_growth_yoy,8.0,debt_to_assets,2.0998,equity_to_assets,-1.2632,robust_mcd,,8.0,-1.2614225514917743,,3.9493062815544486,-2.8170207450789606,0.16648651570481837,0.9725914028895637,,8.0,-0.6744907594765952,,-0.6744907594765952,1.0674655790608167,1.2377361875035486,0.36048987369183494,,8.0,-1.0266498346857027,,2.099787465142031,-1.2632262154230496,0.5949863844243105,0.7277507912104721,brick3_q_v2_robust_mahalanobis_clipped,2026-03-18T05:10:36.278770+00:00
NVDA,,,10-Q,2024-04-28,2024-05-29,https://www.sec.gov/Archives/edgar/data/1045810/000104581024000124/nvda-20240428.htm,76.72,31.29673265338088,1.1817841472889188,0.674490759476595,0.9985470591019531,8,equity_to_assets,1.5001,debt_to_assets,-1.5001,net_margin,1.3052,robust_mcd,0.43736317874249997,1.6876107982198794,0.10524995393715704,1.3052236789699665,-2.0505355216157097,2.0505355216157137,1.0494358271846582,-0.7683186980257647,,0.6744907594765952,0.6744907594765951,,-0.6744907594765952,0.6744907594765941,0.6744907594765952,-0.6744907594765952,0.43736317874249997,1.2823627827225657,0.33294627615293226,1.3052236789699665,-1.5001176167600638,1.5001176167600658,0.8994578001014331,-0.7307875226060969,brick3_q_v2_robust_mahalanobis_clipped,2026-03-18T05:10:36.278770+00:00
CSCO,,,10-Q,2024-01-27,2024-02-20,https://www.sec.gov/Archives/edgar/data/858877/000085887724000003/csco-20240127.htm,76.64,31.267335277251224,3.4917969340720276,,3.4917969340720276,6,net_income_growth_yoy,-8.0,assets_growth_yoy,3.9395,debt_to_assets,-3.5765,robust_mcd,,3.9395054370365,-8.0,,-3.5764932165423895,3.576493216542339,0.8458502999798956,-1.0124394343310439,,,,,,,,,,3.9395054370365,-8.0,,-3.5764932165423895,3.576493216542339,0.8458502999798956,-1.0124394343310439,brick3_q_v2_robust_mahalanobis_clipped,2026-03-18T05:10:36.278770+00:00
CTSH,,,10-Q,2023-09-30,2023-11-02,https://www.sec.gov/Archives/edgar/data/1058290/000105829023000330/ctsh-20230930.htm,76.56,30.919862484085613,1.319589427533204,0.47475426983292673,0.9363861091795384,8,equity_to_assets,1.1853,net_margin,-1.1632,accrual_ratio,-1.1411,robust_mcd,-0.6455142970616214,0.6361717980253818,-1.1973085928998395,-1.9283137504240027,-1.1943494383512845,1.194349438351277,-1.8061265566487785,1.9545815485034468,-0.617285062544294,-0.370367137327847,-0.6131216366491876,-0.015493645988102192,-0.7841329987853473,1.1716652214897099,-0.1436430404712265,-0.08232541540769947,-0.6342226032546905,0.23355622388409028,-0.9636338103995787,-1.1631857086496424,-1.0302628625249097,1.18527575160665,-1.1411331501777575,1.1398187629389882,brick3_q_v2_robust_mahalanobis_clipped,2026-03-18T05:10:36.278770+00:00
MRVL,,,10-Q,2025-08-02,2025-08-29,https://www.sec.gov/Archives/edgar/data/1835632/000183563225000189/mrvl-20250802.htm,76.48,30.85425624793675,2.8510378043976545,1.7050478305192183,2.57279496786472,6,debt_to_assets,5.6405,net_income_growth_yoy,3.4858,equity_to_assets,-3.3843,robust_mcd,,1.5650921198076129,1.2696805676899603,,5.64053786956341,-5.640537869563296,-0.41106424792253066,2.5793141518391187,,1.0407898995194802,6.809958493600015,,,0.0,0.6744907594765952,0.0,,1.3553712316923598,3.4857917380539822,,5.64053786956341,-3.3843227217379774,0.0231577550371197,1.5475884911034712,brick3_q_v2_robust_mahalanobis_clipped,2026-03-18T05:10:36.278770+00:00
MRVL,,,10-Q,2025-11-01,2025-12-03,https://www.sec.gov/Archives/edgar/data/1835632/000183563225000197/mrvl-20251101.htm,76.41,30.56430326814529,2.9735945974441527,0.6744907594765952,2.1613418677926473,6,debt_to_assets,4.9833,accrual_ratio,2.8374,equity_to_assets,-2.7201,robust_mcd,,1.5650921198076129,1.2696805676899603,,4.983285880415748,-4.98323175541983,4.279267003060057,0.7610102582717067,,0.6744907594765953,0.6744907594765952,,,0.6744907594765953,0.6744907594765952,-0.6744907594765951,,1.2088515756752058,1.0316046444046143,,4.983285880415748,-2.7201427494612593,2.837356505626672,0.1868098511723859,brick3_q_v2_robust_mahalanobis_clipped,2026-03-18T05:10:36.278770+00:00
ROP,,,10-Q,2022-03-31,2022-05-04,https://www.sec.gov/Archives/edgar/data/882835/000088283522000025/rop-20220331.htm,76.33,30.40436336329654,,2.469598180049704,2.469598180049704,6,net_income_growth_yoy,8.0,accrual_ratio,4.453,ocf_to_net_income,-1.2918,robust_mcd,,,,,,,,,,0.007168526806187082,8.0,,-0.3467741528501563,0.7187821768771985,4.453030814337369,-1.291833409427312,,0.007168526806187082,8.0,,-0.3467741528501563,0.7187821768771985,4.453030814337369,-1.291833409427312,brick3_q_v2_robust_mahalanobis_clipped,2026-03-18T05:10:36.278770+00:00
PLTR,,,10-Q,2023-03-31,2023-05-09,https://www.sec.gov/Archives/edgar/data/1321655/000132165523000044/pltr-20230331.htm,76.25,30.389421234587076,3.6521806114351825,2.6614403585888406,2.8918719904811376,6,ocf_to_net_income,8.0,net_income_growth_yoy,3.4916,debt_to_assets,-2.281,robust_mcd,,-0.4370540605590172,3.991303776757437,,-3.030530025283587,1.8683136832181724,4.585882122792879,8.0,,0.31992868819009457,2.7419545620078445,,-1.1565955252656237,1.3399981656432682,-2.410165210426214,8.0,,-0.1342609610593725,3.4915640908576,,-2.2809562252764017,1.6569874761882106,1.7874631895052415,8.0,brick3_q_v2_robust_mahalanobis_clipped,2026-03-18T05:10:36.278770+00:00
SBUX,,,10-Q,2024-03-31,2024-04-30,https://www.sec.gov/Archives/edgar/data/829224/000082922424000024/sbux-20240331.htm,76.18,30.377886181685128,1.7311967159282045,1.6700285619986366,1.7970585222048432,8,assets_growth_yoy,4.4052,debt_to_assets,2.4225,equity_to_assets,-2.2812,robust_mcd,-0.09296602629574424,7.360421010029114,-0.02768295567022269,-1.5636330846145134,,,-0.6615012762529793,0.6809759427066537,-0.6826659026433151,-0.027682804319460564,-0.7034968455196191,-0.054261622017125595,2.422471940358858,-2.281219468569708,-3.8319010596516514,3.356528852909354,-0.32884597683477257,4.405179484289684,-0.29800851160998126,-0.9598844995755582,2.422471940358858,-2.281219468569708,-1.9296611896124483,1.751197106787734,brick3_q_v2_robust_mahalanobis_clipped,2026-03-18T05:10:36.278770+00:00
MDLZ,,,10-Q,2021-09-30,2021-11-02,https://www.sec.gov/Archives/edgar/data/1103982/000110398221000018/mdlz-20210930.htm,76.1,29.775170280811743,,0.5067371789567534,0.5067371789567534,8,net_margin,1.2138,ocf_to_net_income,-0.6748,accrual_ratio,0.6177,robust_mcd,,,,,,,,,-0.4041659215890216,-0.5800119936275274,-0.30520788269511273,1.21375920928357,0.1756410978193997,0.08263323455998753,0.617662186620232,-0.6748159054591756,-0.4041659215890216,-0.5800119936275274,-0.30520788269511273,1.21375920928357,0.1756410978193997,0.08263323455998753,0.617662186620232,-0.6748159054591756,brick3_q_v2_robust_mahalanobis_clipped,2026-03-18T05:10:36.278770+00:00
DDOG,,,10-Q,2022-09-30,2022-11-04,https://www.sec.gov/Archives/edgar/data/1561550/000156155022000045/ddog-20220930.htm,76.02,29.406282385588046,,2.917517154071439,2.917517154071439,6,net_income_growth_yoy,-8.0,ocf_to_net_income,-5.34,assets_growth_yoy,2.1818,robust_mcd,,,,,,,,,,2.1817622336314146,-8.0,,0.01651438651579447,0.28864017015065224,-1.678201649548736,-5.339984484582037,,2.1817622336314146,-8.0,,0.01651438651579447,0.28864017015065224,-1.678201649548736,-5.339984484582037,brick3_q_v2_robust_mahalanobis_clipped,2026-03-18T05:10:36.278770+00:00
FTNT,,,10-Q,2022-06-30,2022-08-05,https://www.sec.gov/Archives/edgar/data/1262039/000126203922000029/ftnt-20220630.htm,75.94,29.381525393993307,4.112880820329424,1.3796264974893948,3.019579091193412,6,debt_to_assets,5.5091,equity_to_assets,-5.4176,assets_growth_yoy,-5.1525,robust_mcd,,-8.0,0.14464715118521976,,8.0,-8.0,-0.5304019142867021,0.002235856504623327,,-0.8813555338435581,0.36314231604850655,,1.7727005154040303,-1.5440510261466187,-2.558865030930266,1.1576445625633898,,-5.152542213537423,0.2320452171305345,,5.509080206161612,-5.417620410458648,-1.3417871609441276,0.4643993389281299,brick3_q_v2_robust_mahalanobis_clipped,2026-03-18T05:10:36.278770+00:00
META,,,10-Q,2025-09-30,2025-10-30,https://www.sec.gov/Archives/edgar/data/1326801/000162828025047240/meta-20250930.htm,75.87,28.990135161599643,3.408620181219799,2.5955385125449357,2.8414344668119296,6,ocf_to_net_income,8.0,net_income_growth_yoy,-5.922,accrual_ratio,-1.4019,robust_mcd,,-0.3114674427285917,-8.0,,1.7001700391184749,-1.7001700391184604,-0.7399135663532697,8.0,,1.0259762396994854,-2.8048852234987893,,-0.6685245509675118,0.6789221369740314,-2.394922924129796,8.0,,0.22351003024263913,-5.921954089399516,,0.7526922030840801,-0.7485331686814637,-1.4019173094638804,8.0,brick3_q_v2_robust_mahalanobis_clipped,2026-03-18T05:10:36.278770+00:00
TMUS,,,10-Q,2023-06-30,2023-07-27,https://www.sec.gov/Archives/edgar/data/1283699/000128369923000134/tmus-20230630.htm,75.79,28.870482851170326,3.1331421617815733,1.9588620843926001,2.6634301308259842,5,net_income_growth_yoy,8.0,equity_to_assets,-2.0969,accrual_ratio,1.607,robust_mcd,,-1.2529994752224203,8.0,,,-3.2407538108920115,2.270494003234996,-0.9014635195584405,,-0.6744907594765952,8.0,,,-0.38119579002818804,0.6117956070457942,-0.12682826541242195,,-1.0215959889240902,8.0,,,-2.096930602546482,1.6070146447593152,-0.5916094179000331,brick3_q_v2_robust_mahalanobis_clipped,2026-03-18T05:10:36.278770+00:00
CHTR,,,10-Q,2023-03-31,2023-04-28,https://www.sec.gov/Archives/edgar/data/1091667/000109166723000084/chtr-20230331.htm,75.71,28.569199145457958,1.6038272525059187,0.7770143108486037,1.0175874747903146,7,net_income_growth_yoy,-3.3094,net_margin,-0.986,equity_to_assets,-0.9014,robust_mcd,-1.0763791094668123,1.1351474648429754,-5.096801422342158,-1.5175835631125894,,-0.7564333050463644,0.7775441340540415,-0.8669017686764895,-0.14120051862666216,-0.5232313422122796,-0.6283371371519241,-0.18851321856537498,,-1.1189313382414132,-0.41216876398391955,2.4267178571586525,-0.7023076731307522,0.47179594202087327,-3.3094157082660645,-0.9859554252937035,,-0.9014325183243839,0.30165897483885706,0.4505460816575674,brick3_q_v2_robust_mahalanobis_clipped,2026-03-18T05:10:36.278770+00:00
CSGP,,,10-Q,2024-03-31,2024-04-24,https://www.sec.gov/Archives/edgar/data/1057352/000105735224000059/csgp-20240331.htm,75.64,28.52247916890639,3.060409376440233,2.257231493771029,2.703194945645347,6,ocf_to_net_income,8.0,net_income_growth_yoy,-4.903,equity_to_assets,1.27,robust_mcd,,-0.4876663928731233,-6.7467834494160455,,-1.1306150836472817,1.1306150836472828,0.866776249057663,8.0,,-0.36893410149478667,-2.137214287231574,,-1.288483574626568,1.4791824163192104,-0.26957458295403347,8.0,,-0.44017347632178866,-4.902955784542257,,-1.193762480038996,1.270042016716054,0.41223591625298445,8.0,brick3_q_v2_robust_mahalanobis_clipped,2026-03-18T05:10:36.278770+00:00
TSLA,,,10-Q,2023-03-31,2023-04-24,https://www.sec.gov/Archives/edgar/data/1318605/000095017023013890/tsla-20230331.htm,75.56,28.280128589298215,1.3525701360304214,0.7757214319640984,1.0033081685491247,8,ocf_to_net_income,-2.2117,assets_growth_yoy,1.2892,revenue_growth_yoy,-1.0164,robust_mcd,-2.240327826064293,0.8180097116762783,-0.8738608695157057,-0.4140872074740108,-0.9670295244032058,1.0215469393950036,1.0506992423004333,-3.4349997674144404,0.8194859978856507,1.995997327240174,-0.862046510678688,0.36573886066202466,-0.4927579231326187,0.661537926982049,0.6314295471307859,-0.37677736200079587,-1.0164022964843156,1.2892047579018366,-0.8691351259808986,-0.1021567802195966,-0.7773208838949709,0.8775433344298218,0.8829913642325744,-2.2117108052489827,brick3_q_v2_robust_mahalanobis_clipped,2026-03-18T05:10:36.278770+00:00
WMT,,,10-Q,2023-10-31,2023-11-30,https://www.sec.gov/Archives/edgar/data/104169/000010416923000132/wmt-20231031.htm,75.48,28.275122984964785,,0.9780818367155327,0.9780818367155327,7,ocf_to_net_income,4.616,assets_growth_yoy,-0.6918,revenue_growth_yoy,0.6745,robust_mcd,,,,,,,,,0.6744907594765952,-0.6917989024894933,-0.0725896616353662,-0.6744907594765952,,-0.08858095779609769,-0.02861454345964524,4.616007272674936,0.6744907594765952,-0.6917989024894933,-0.0725896616353662,-0.6744907594765952,,-0.08858095779609769,-0.02861454345964524,4.616007272674936,brick3_q_v2_robust_mahalanobis_clipped,2026-03-18T05:10:36.278770+00:00
TTWO,,,10-Q,2022-06-30,2022-08-09,https://www.sec.gov/Archives/edgar/data/946581/000162828022021685/ttwo-20220630.htm,75.4,28.25984338023661,,2.2093964769004386,2.2093964769004386,6,assets_growth_yoy,8.0,net_income_growth_yoy,-2.2807,ocf_to_net_income,-1.2703,robust_mcd,,,,,,,,,,8.0,-2.280703258036237,,-0.29045347604157695,0.612346654216856,0.802590459738228,-1.2702850133697323,,8.0,-2.280703258036237,,-0.29045347604157695,0.612346654216856,0.802590459738228,-1.2702850133697323,brick3_q_v2_robust_mahalanobis_clipped,2026-03-18T05:10:36.278770+00:00
MELI,,,10-Q,2024-09-30,2024-11-07,https://www.sec.gov/Archives/edgar/data/1099590/000109959024000042/meli-20240930.htm,75.33,28.140378580642196,1.0377554916449814,2.1740088387486534,1.0261995818026182,8,ocf_to_net_income,2.6776,accrual_ratio,-2.1879,assets_growth_yoy,1.5,robust_mcd,-1.3562467810816845,0.3290132252209486,-0.8213353548403028,0.7253158590912889,-0.8512755232079819,0.8512755232079832,-1.5944808505360584,1.7731008159736015,4.397074590736182,3.2563857807725265,0.02528378263862473,-0.7654801311034414,0.9111749804938768,-0.9242634209798479,-3.078109749263966,4.034298274000761,0.945081767645462,1.4999622474415797,-0.4826876998487318,0.12899746301339676,-0.14629532172723847,0.14105994553285067,-2.1879324100272215,2.6775797991844654,brick3_q_v2_robust_mahalanobis_clipped,2026-03-18T05:10:36.278770+00:00
TTWO,,,10-Q,2022-12-31,2023-02-07,https://www.sec.gov/Archives/edgar/data/946581/000162828023002448/ttwo-20221231.htm,75.25,27.76326557941981,1.786781960468711,2.6169932616229197,2.1188664809303943,6,assets_growth_yoy,8.0,net_income_growth_yoy,-2.5756,debt_to_assets,-0.7215,robust_mcd,,8.0,-0.9990413346246273,,-0.7046392327164446,0.7046392327164407,0.018465482138394315,-0.2939064806163586,,8.0,-4.940422906686181,,-0.7467225982610374,0.6744907594765952,0.08251340731384557,-1.2578098979998587,,8.0,-2.575593963449249,,-0.7214725789342817,0.6925798434205025,0.04408465220857482,-0.6794678475697586,brick3_q_v2_robust_mahalanobis_clipped,2026-03-18T05:10:36.278770+00:00
AEP,,,10-Q,2023-03-31,2023-05-04,https://www.sec.gov/Archives/edgar/data/4904/000000490423000072/aep-20230331.htm,75.17,27.73192000134447,1.854631050253466,0.5383006738526472,0.9921256834560721,8,net_income_growth_yoy,1.9085,assets_growth_yoy,-1.4117,debt_to_assets,1.3533,robust_mcd,-1.5919237597290965,-2.2531489430555083,,,1.870688541351632,-1.7027629568776272,,,-0.20042081669743583,-0.14949996307727917,1.908530102798111,-0.010571586669445448,0.5772531406200332,-0.4403501525734517,0.41088345497832196,0.6088961734071002,-1.0353225825164323,-1.4116893510642166,1.908530102798111,-0.010571586669445448,1.3533143810589925,-1.1977978351559568,0.41088345497832196,0.6088961734071002,brick3_q_v2_robust_mahalanobis_clipped,2026-03-18T05:10:36.278770+00:00
DDOG,,,10-Q,2022-06-30,2022-08-08,https://www.sec.gov/Archives/edgar/data/1561550/000156155022000038/ddog-20220630.htm,75.1,27.479542059136524,,2.1699136827823557,2.1699136827823557,6,ocf_to_net_income,-8.0,assets_growth_yoy,2.1633,accrual_ratio,-1.888,robust_mcd,,,,,,,,,,2.1632859828564777,0.6582037708750458,,0.0,0.3099987656782511,-1.8879935772843608,-8.0,,2.1632859828564777,0.6582037708750458,,0.0,0.3099987656782511,-1.8879935772843608,-8.0,brick3_q_v2_robust_mahalanobis_clipped,2026-03-18T05:10:36.278770+00:00
CRWD,,,10-Q,2023-04-30,2023-06-01,https://www.sec.gov/Archives/edgar/data/1535527/000153552723000014/crwd-20230430.htm,75.02,27.46827456893892,3.4825713521017927,2.0379934817922116,2.598369938723759,6,ocf_to_net_income,8.0,debt_to_assets,-3.0343,equity_to_assets,2.1052,robust_mcd,,-0.6706345257215358,1.7125348192470955,,-5.5187216508735535,3.908347725265102,1.0851893915034667,8.0,,1.2236025204864158,1.6841326904784146,,0.6922378620101808,-0.5995873388140225,0.02840047896423586,8.0,,0.0870602927616449,1.7011739677396231,,-3.0343378457200596,2.1051736996334522,0.6624738264877743,8.0,brick3_q_v2_robust_mahalanobis_clipped,2026-03-18T05:10:36.278770+00:00
CRWD,,,10-Q,2024-04-30,2024-06-05,https://www.sec.gov/Archives/edgar/data/1535527/000153552724000013/crwd-20240430.htm,74.94,27.41908585410975,4.085512771623049,2.11285889544088,3.1398480310673325,6,net_income_growth_yoy,8.0,equity_to_assets,4.2468,debt_to_assets,-3.3765,robust_mcd,,-0.34652044027614004,8.0,,-6.063933210740508,6.97538070684118,0.9488799601888671,2.1783623116915973,,0.797426110370475,8.0,,0.6547432652071542,0.1540459192999216,0.0,3.070938077767728,,0.11105817998250597,8.0,,-3.376462620361443,4.246846791824676,0.5693279761133202,2.53539261812205,brick3_q_v2_robust_mahalanobis_clipped,2026-03-18T05:10:36.278770+00:00
FANG,,,10-Q,2024-09-30,2024-11-07,https://www.sec.gov/Archives/edgar/data/1539838/000153983824000198/fang-20240930.htm,74.87,27.412724636181075,1.5535069697959547,1.7957244407242838,1.3910445843510342,8,assets_growth_yoy,8.0,ocf_to_net_income,1.3423,net_income_growth_yoy,-0.927,robust_mcd,-0.31275675567370603,8.0,-0.8180599072197221,-1.2213573337994275,0.13147110533323017,0.4552836832525842,0.09109202420440461,1.398034948884564,1.0332985735907485,8.0,-1.0905032136180905,1.981250963572901,-0.4060357919404476,0.5009811822812085,-0.09511594595297809,1.2586098548378974,0.2256653760320758,8.0,-0.9270372297790694,0.05968598514950396,-0.08353165357624094,0.4735626828640339,0.016608836141451526,1.3422649112658973,brick3_q_v2_robust_mahalanobis_clipped,2026-03-18T05:10:36.278770+00:00
PYPL,,,10-Q,2021-06-30,2021-07-29,https://www.sec.gov/Archives/edgar/data/1633917/000163391721000149/pypl-20210630.htm,74.79,27.282776856821265,,0.5146130061110903,0.5146130061110903,8,net_margin,1.2753,net_income_growth_yoy,-0.844,debt_to_assets,0.6745,robust_mcd,,,,,,,,,-0.0441923743924389,0.3451673322464633,-0.843959103441067,1.2753117645723389,0.6744907594765952,-0.4900647732064901,0.055342341506969574,0.3883756000463596,-0.0441923743924389,0.3451673322464633,-0.843959103441067,1.2753117645723389,0.6744907594765952,-0.4900647732064901,0.055342341506969574,0.3883756000463596,brick3_q_v2_robust_mahalanobis_clipped,2026-03-18T05:10:36.278770+00:00
CEG,,,10-Q,2025-09-30,2025-11-07,https://www.sec.gov/Archives/edgar/data/1868275/000186827525000092/ceg-20250930.htm,74.71,27.193236931485224,1.1899165465045805,0.6276648665170217,0.7918884133485681,8,ocf_to_net_income,1.3312,revenue_growth_yoy,-0.9816,equity_to_assets,0.9122,robust_mcd,-0.6975263094553747,0.9121338222962992,-0.19226409911769357,0.23264702604771242,-1.9157449302737048,1.9963422278141867,-1.6206795045247093,1.9519944525069632,-1.4077799611770552,0.0,-0.9318836128463995,0.5503270260310974,0.7611576669749377,-0.7139587324198933,0.25615821221505813,0.4000537204717328,-0.981627770144047,0.5472802933777795,-0.488111904609176,0.3597190260410664,-0.8449838913742478,0.9122218437205547,-0.8699444178288023,1.3312181596928712,brick3_q_v2_robust_mahalanobis_clipped,2026-03-18T05:10:36.278770+00:00
WMT,,,10-Q,2024-10-31,2024-12-06,https://www.sec.gov/Archives/edgar/data/104169/000010416924000178/wmt-20241031.htm,74.63,27.103071734445443,1.919394714104935,1.6996948177994142,1.8284861767947853,7,net_income_growth_yoy,8.0,ocf_to_net_income,1.4915,equity_to_assets,1.126,robust_mcd,-0.36597146694147065,-0.734391328503756,8.0,0.017666709596323552,,1.8766949915050448,-0.6955975884036618,1.745440913784288,-0.6744907594765951,-1.2198377578678572,8.0,-0.6744907594765952,,0.0,-0.2183470288295543,1.110697418945295,-0.4893791839555205,-0.9285699002493965,8.0,-0.25919627803284395,,1.1260169949030268,-0.5046973645740188,1.4915435158486907,brick3_q_v2_robust_mahalanobis_clipped,2026-03-18T05:10:36.278770+00:00
ADP,,,10-Q,2024-12-31,2025-01-30,https://www.sec.gov/Archives/edgar/data/8670/000000867025000007/adp-20241231.htm,74.56,27.01989903938874,0.5537874181640294,0.623789906973458,0.31506456359332,8,revenue_growth_yoy,-1.0743,assets_growth_yoy,0.407,equity_to_assets,-0.3032,robust_mcd,-2.2401143223634588,0.28079226365350063,-0.3370861736210236,0.22719504336825838,-0.34616860996995524,0.3461686099699535,-0.4089662310039747,0.24380809136211018,0.6744907594765952,0.596401081181963,0.0,-0.6744907594765952,1.093185721859351,-1.2772601743165644,0.6744907594765952,0.0,-1.074272289627437,0.4070357906648856,-0.20225170417261415,-0.13347927776968305,0.22957312276176728,-0.30320290374465364,0.024416565188253248,0.1462848548172661,brick3_q_v2_robust_mahalanobis_clipped,2026-03-18T05:10:36.278770+00:00
NFLX,,,10-Q,2023-06-30,2023-07-21,https://www.sec.gov/Archives/edgar/data/1065280/000106528023000198/nflx-20230630.htm,74.48,27.002079397086213,,0.4768354394580441,0.4768354394580441,8,net_margin,1.2296,accrual_ratio,0.9266,ocf_to_net_income,-0.6907,robust_mcd,,,,,,,,,-0.21886676908022037,0.16565616311618078,-0.32850774141459893,1.2295812266214212,0.06277758100422516,0.19200946295562257,0.9265644853471777,-0.6907200861249059,-0.21886676908022037,0.16565616311618078,-0.32850774141459893,1.2295812266214212,0.06277758100422516,0.19200946295562257,0.9265644853471777,-0.6907200861249059,brick3_q_v2_robust_mahalanobis_clipped,2026-03-18T05:10:36.278770+00:00
PYPL,,,10-Q,2021-09-30,2021-11-09,https://www.sec.gov/Archives/edgar/data/1633917/000163391721000169/pypl-20210930.htm,74.4,26.536727194078335,,0.5162287616377137,0.5162287616377137,8,net_margin,1.2236,debt_to_assets,0.6745,ocf_to_net_income,0.6307,robust_mcd,,,,,,,,,-0.20088530929696535,0.3872393486371165,-0.44214188476358146,1.2236495547653132,0.6744907594765952,-0.5073219030649755,0.06341139935543491,0.6306899337417275,-0.20088530929696535,0.3872393486371165,-0.44214188476358146,1.2236495547653132,0.6744907594765952,-0.5073219030649755,0.06341139935543491,0.6306899337417275,brick3_q_v2_robust_mahalanobis_clipped,2026-03-18T05:10:36.278770+00:00
KHC,,,10-Q,2025-06-28,2025-07-30,https://www.sec.gov/Archives/edgar/data/1637459/000163745925000152/khc-20250628.htm,74.33,26.38878565930049,2.8839498911289376,1.9340758113584402,2.414068157957193,6,accrual_ratio,-5.0632,assets_growth_yoy,-3.0966,net_income_growth_yoy,-2.5464,robust_mcd,,-0.9977194968228208,-1.9985495667338251,,2.814470302110396,-2.7523736103142507,-8.0,-0.7405863707923345,,-6.244976184943433,-3.368234767904063,,-0.6744907594765953,-0.003422517950763629,-0.6579201677145338,-0.6554104701612531,,-3.096622172071066,-2.5464236472019204,,1.4188858774755992,-1.6527931733688557,-5.0631680670858135,-0.706516010539902,brick3_q_v2_robust_mahalanobis_clipped,2026-03-18T05:10:36.278770+00:00
AMD,,,10-Q,2022-03-26,2022-05-04,https://www.sec.gov/Archives/edgar/data/2488/000000248822000078/amd-20220326.htm,74.25,26.192056416022755,,1.8697963037906384,1.8697963037906384,5,assets_growth_yoy,8.0,net_income_growth_yoy,-0.6745,equity_to_assets,0.6745,robust_mcd,,,,,,,,,,8.0,-0.6744907594765952,,,0.6744907594765952,0.0,0.0,,8.0,-0.6744907594765952,,,0.6744907594765952,0.0,0.0,brick3_q_v2_robust_mahalanobis_clipped,2026-03-18T05:10:36.278770+00:00
MAR,,,10-Q,2024-09-30,2024-11-04,https://www.sec.gov/Archives/edgar/data/1048286/000162828024044884/mar-20240930.htm,74.17,25.94731468101812,1.620356766056101,0.6820278793208807,1.1897517946901297,7,ocf_to_net_income,2.0028,equity_to_assets,-1.9993,accrual_ratio,-1.7803,robust_mcd,-0.6860581875539935,0.7179451059139657,-0.9435236704900405,-1.215596602475939,,-2.0639819256131937,-2.6334973314454393,3.0818945389001344,-0.10407293713714862,-0.48364239587897745,-0.9273811938346287,-0.47210460322201536,,-1.9023219380514516,-0.5005332724508214,0.38413881467112204,-0.45326408738725554,0.2373101051967884,-0.9370666798278758,-0.9181998027743696,,-1.999317930588497,-1.780311707847592,2.0027922492085293,brick3_q_v2_robust_mahalanobis_clipped,2026-03-18T05:10:36.278770+00:00
WBD,,,10-Q,2024-06-30,2024-08-07,https://www.sec.gov/Archives/edgar/data/1437107/000143710724000165/disca-20240630.htm,74.09,25.88497219909302,3.073887906706517,2.539871227733259,2.8602812351172138,6,net_income_growth_yoy,-5.2701,accrual_ratio,-3.9023,debt_to_assets,3.1536,robust_mcd,,-1.156350728154893,-3.4502489524681668,,4.970887447830646,-3.8959534122888724,-4.774819360559551,-0.195067538936973,,-2.0741198584736846,-8.0,,0.42758432713622535,-0.4008418394219186,-2.5934104180933772,-1.7432709232743504,,-1.5234583802824098,-5.2701493714809,,3.1535661995528774,-2.4979087831420905,-3.9022557835730813,-0.814348892671924,brick3_q_v2_robust_mahalanobis_clipped,2026-03-18T05:10:36.278770+00:00
NFLX,,,10-Q,2023-03-31,2023-04-21,https://www.sec.gov/Archives/edgar/data/1065280/000106528023000120/nflx-20230331.htm,74.02,25.877765350186923,,0.44399928706437786,0.44399928706437786,8,net_margin,1.244,net_income_growth_yoy,-0.7095,accrual_ratio,-0.5279,robust_mcd,,,,,,,,,-0.12737048702097617,0.17378365355041722,-0.7094784327069884,1.2439782875990981,-0.06196106396347984,0.25197132113259507,-0.5279045124292474,0.45554653811222046,-0.12737048702097617,0.17378365355041722,-0.7094784327069884,1.2439782875990981,-0.06196106396347984,0.25197132113259507,-0.5279045124292474,0.45554653811222046,brick3_q_v2_robust_mahalanobis_clipped,2026-03-18T05:10:36.278770+00:00
CRWD,,,10-Q,2024-07-31,2024-08-29,https://www.sec.gov/Archives/edgar/data/1535527/000153552724000020/crwd-20240731.htm,73.94,25.83980949816661,3.6966309429929667,3.720821552780361,3.444951575960174,6,equity_to_assets,4.8,net_income_growth_yoy,4.6674,debt_to_assets,-4.5302,robust_mcd,,-1.3946324504968755,2.9761535394253666,,-8.0,8.0,0.12385919314690665,1.685140474888651,,1.0998875329111693,7.204190802523108,,0.6744907594765952,0.0,-6.506003174802249,6.840357046969042,,-0.39682445713365755,4.667368444664463,,-4.5302036962093615,4.8,-2.5280857540327557,3.7472271037208076,brick3_q_v2_robust_mahalanobis_clipped,2026-03-18T05:10:36.278770+00:00
CHTR,,,10-Q,2023-06-30,2023-07-28,https://www.sec.gov/Archives/edgar/data/1091667/000109166723000108/chtr-20230630.htm,73.86,25.69079081624994,1.0825047251771136,0.80786651018789,0.8582707519285953,7,net_income_growth_yoy,-2.5328,revenue_growth_yoy,-1.0,ocf_to_net_income,0.8191,robust_mcd,-1.3967394645878353,1.654549659845647,-3.7258452443102246,0.18071446583053244,,-0.36780254327439965,0.1137661732830599,0.13811552510809705,-0.4048287641959693,-0.5727119424019548,-0.7433458015416249,-0.5503429158074684,,-1.386165817099669,-0.15702987231449914,1.840640457954044,-0.9999751844310889,0.7636450189466063,-2.5328454672027845,-0.11170848682466793,,-0.7751478528045074,0.005447755044036287,0.819125498246476,brick3_q_v2_robust_mahalanobis_clipped,2026-03-18T05:10:36.278770+00:00
NVDA,,,10-Q,2024-07-28,2024-08-28,https://www.sec.gov/Archives/edgar/data/1045810/000104581024000264/nvda-20240728.htm,73.79,25.647879352148717,1.606511757296841,0.6744907594765951,1.2162786589558647,8,equity_to_assets,2.4971,debt_to_assets,-2.4971,accrual_ratio,-1.4379,robust_mcd,0.43736317874249997,1.6876107982198794,0.10524995393715704,1.0787337077698456,-3.7122055243031453,3.712205524303177,-1.94685558716012,0.1718697839389049,,0.6744907594765952,0.6744907594765951,,-0.6744907594765955,0.6744907594765952,-0.6744907594765944,-0.674490759476595,0.43736317874249997,1.2823627827225657,0.33294627615293226,1.0787337077698456,-2.4971196183725253,2.497119618372544,-1.4379096560867097,-0.1666744334272951,brick3_q_v2_robust_mahalanobis_clipped,2026-03-18T05:10:36.278770+00:00
PCAR,,,10-Q,2023-03-31,2023-05-02,https://www.sec.gov/Archives/edgar/data/75362/000156459023006847/pcar-10q_20230331.htm,73.71,25.41293814595693,0.7406229947988533,0.4706480101615026,0.5829106055088724,7,assets_growth_yoy,1.3681,revenue_growth_yoy,0.9561,accrual_ratio,0.7378,robust_mcd,0.8476569302505498,1.9090749221012961,-0.4299249139046956,-0.14564176049512076,,-0.29357830220690145,0.7470657589986676,-0.8114183756347423,1.118874296942607,0.5566018384935956,0.327295749887647,0.010571586669445214,,0.0972036234995132,0.7240228160492174,-0.45996615958849285,0.9561438769273727,1.3680856886582158,-0.12703664838775855,-0.08315642162929436,,-0.13726553192433558,0.7378485818188875,-0.6708374892162425,brick3_q_v2_robust_mahalanobis_clipped,2026-03-18T05:10:36.278770+00:00
INTU,,,10-Q,2021-10-31,2021-11-18,https://www.sec.gov/Archives/edgar/data/896878/000089687821000260/intu-20211031.htm,73.63,25.26576421464136,,0.7176451508516066,0.7176451508516066,8,accrual_ratio,2.0001,equity_to_assets,0.8905,assets_growth_yoy,0.6914,robust_mcd,,,,,,,,,0.6744907594765952,0.6913892338818267,0.08075712926589748,-0.6744907594765952,-0.6744907594765952,0.8904887780961841,2.00013604537255,-0.054917741766608894,0.6744907594765952,0.6913892338818267,0.08075712926589748,-0.6744907594765952,-0.6744907594765952,0.8904887780961841,2.00013604537255,-0.054917741766608894,brick3_q_v2_robust_mahalanobis_clipped,2026-03-18T05:10:36.278770+00:00
ADI,,,10-Q,2021-05-01,2021-05-19,https://www.sec.gov/Archives/edgar/data/6281/000000628121000169/adi-20210501.htm,73.55,25.182094539290325,,1.8151795574244989,1.8151795574244989,5,assets_growth_yoy,8.0,ocf_to_net_income,0.3525,equity_to_assets,0.3363,robust_mcd,,,,,,,,,,8.0,-0.08705118322704987,,,0.3363434955032755,-0.29999455685251725,0.3525085515396521,,8.0,-0.08705118322704987,,,0.3363434955032755,-0.29999455685251725,0.3525085515396521,brick3_q_v2_robust_mahalanobis_clipped,2026-03-18T05:10:36.278770+00:00
CRWD,,,10-Q,2023-07-31,2023-08-31,https://www.sec.gov/Archives/edgar/data/1535527/000153552723000020/crwd-20230731.htm,73.48,25.10327945271842,3.332052822829336,2.706685395206867,2.866215367681665,6,ocf_to_net_income,8.0,debt_to_assets,-3.1767,equity_to_assets,2.7563,robust_mcd,,-0.5796013024591192,1.0255041474393867,,-5.744172468951957,4.593848406408983,0.04919061171656638,8.0,,5.663638995231545,1.2721833359072603,,0.6744907594765952,0.0,-0.6297992806258041,8.0,,1.9176948166171464,1.1241758228265362,,-3.1767071775805364,2.75630904384539,-0.22240534522038186,8.0,brick3_q_v2_robust_mahalanobis_clipped,2026-03-18T05:10:36.278770+00:00
ISRG,,,10-Q,2023-09-30,2023-10-20,https://www.sec.gov/Archives/edgar/data/1035267/000103526723000196/isrg-20230930.htm,73.4,25.085396143924072,1.396291974588892,0.6901797598054357,0.9543120089779499,6,debt_to_assets,1.7766,equity_to_assets,1.7328,accrual_ratio,-0.9518,robust_mcd,,-0.27268584302904764,0.5069690307887169,,3.793916368965486,,-1.2242612077378223,1.1836274224233865,,0.1993882416696192,0.13131009471001334,,-1.2494870860997491,1.7327749479724552,-0.5429926724097303,0.2851255159710468,,-0.0838562091495809,0.3567054563572355,,1.7765549869393917,1.7327749479724552,-0.9517537936065855,0.8242266598424506,brick3_q_v2_robust_mahalanobis_clipped,2026-03-18T05:10:36.278770+00:00
AXON,,,10-Q,2023-03-31,2023-05-09,https://www.sec.gov/Archives/edgar/data/1069183/000106918323000030/axon-20230331x10q.htm,73.32,24.93201955225416,2.8330969107349957,2.047096818536263,2.4524636740870753,6,assets_growth_yoy,6.8467,accrual_ratio,2.0113,debt_to_assets,1.8259,robust_mcd,,8.0,-0.4372502142457676,,3.1422768470469444,-3.1260851534851715,1.4433042243387078,-0.8496650252933806,,5.116836357563524,-0.6596143683036784,,-0.14873537043269822,0.34801362783050493,2.8633587455094482,-3.146022441577725,,6.846734543025409,-0.5261958758689319,,1.8258719600550872,-1.7364456409589006,2.0113260328070037,-1.7682079918071183,brick3_q_v2_robust_mahalanobis_clipped,2026-03-18T05:10:36.278770+00:00
ZS,,,10-Q,2024-01-31,2024-03-06,https://www.sec.gov/Archives/edgar/data/1713683/000171368324000041/zs-20240131.htm,73.25,24.78502887411921,1.9873369741976072,2.0789695825778916,1.8132858991298626,6,ocf_to_net_income,-8.0,accrual_ratio,-1.688,assets_growth_yoy,0.6197,robust_mcd,,0.9778020111955512,0.8056553621616124,,-0.6005492549633606,0.6005492549633608,-0.9394659619017584,-8.0,,0.08262237110095043,-0.22545257256349618,,0.691573235747633,-0.6632550798378094,-2.8109142362174606,-8.0,,0.6197301551577109,0.3932121882715689,,-0.08370025867896319,0.0950275210428927,-1.6880452716280392,-8.0,brick3_q_v2_robust_mahalanobis_clipped,2026-03-18T05:10:36.278770+00:00
MELI,,,10-Q,2021-09-30,2021-11-05,https://www.sec.gov/Archives/edgar/data/1099590/000156276221000420/meli-20210930x10q.htm,73.17,24.7833199477575,,2.0033566338942244,2.0033566338942244,7,net_income_growth_yoy,8.0,equity_to_assets,-1.9339,debt_to_assets,1.8722,robust_mcd,,,,,,,,,,0.7780777850267462,8.0,-0.6091315639807157,1.8721524748003533,-1.93393445537536,0.5484586920070315,-0.2817414660693648,,0.7780777850267462,8.0,-0.6091315639807157,1.8721524748003533,-1.93393445537536,0.5484586920070315,-0.2817414660693648,brick3_q_v2_robust_mahalanobis_clipped,2026-03-18T05:10:36.278770+00:00
SNPS,,,10-Q,2022-04-30,2022-05-20,https://www.sec.gov/Archives/edgar/data/883241/000088324122000011/snps-20220430.htm,73.09,24.77878065840379,1.0180239672005837,0.5425533001485495,0.597430102928549,8,assets_growth_yoy,-1.2261,net_margin,0.7787,equity_to_assets,-0.7725,robust_mcd,,-1.9184906364174035,-0.5666563694054125,1.747453560559732,-0.21811104677933682,-1.7437539384577478,-0.608219128276057,0.3234830905083972,-0.6744907594765953,-0.18747742701986206,0.6874628116092777,-0.6744907594765951,-0.6744907594765952,0.6844524976333465,-0.0702223918696416,0.6873389946264826,-0.6744907594765953,-1.2260853526583868,-0.06500869699953638,0.778675832545201,-0.40066293185824015,-0.7724713640213101,-0.3930204337134908,0.4690254521556314,brick3_q_v2_robust_mahalanobis_clipped,2026-03-18T05:10:36.278770+00:00
PYPL,,,10-Q,2023-06-30,2023-08-03,https://www.sec.gov/Archives/edgar/data/1633917/000163391723000117/pypl-20230630.htm,73.01,24.692034393086782,1.5386548020154451,1.5549847327636135,1.4868294329590357,8,net_income_growth_yoy,6.3762,assets_growth_yoy,-1.5217,accrual_ratio,1.0279,robust_mcd,-0.9897990170733805,-1.797248113480791,5.36202062395202,-1.266348262850922,0.278321206895859,-0.278321206895859,1.0981487994557368,-1.2390311855189933,0.13593847865194852,-1.1084153320346897,7.897545736366468,0.447634934904819,0.6383149598439762,-0.5842818455873435,0.9225475202135134,-0.7051990545061495,-0.5395040187832488,-1.5217150009023503,6.376230668917799,-0.5807549837486256,0.42231870807510585,-0.40070546237245286,1.0279082877588475,-1.0254983331138559,brick3_q_v2_robust_mahalanobis_clipped,2026-03-18T05:10:36.278770+00:00
MDLZ,,,10-Q,2022-09-30,2022-11-01,https://www.sec.gov/Archives/edgar/data/1103982/000110398222000018/mdlz-20220930.htm,72.94,24.621110626729745,2.832096975822804,0.3849363734112787,1.7938530002704125,8,debt_to_assets,3.9633,equity_to_assets,-3.528,ocf_to_net_income,2.7312,robust_mcd,0.17909645231061483,-0.883733784109183,-2.0170446160037736,-1.4673746542042734,6.449037228273961,-5.9165815603086624,-1.6051478500197758,4.138759661352189,-0.14630064381365965,-0.18397860889564788,-1.4472892159985347,0.0,0.23457052700695544,0.0549767469079998,0.392519955156156,0.619855289511276,0.04893761386090503,-0.603831714023769,-1.7891424560016782,-0.880424792522564,3.9632505477671587,-3.5279582374219975,-0.8060807279494031,2.731197912615824,brick3_q_v2_robust_mahalanobis_clipped,2026-03-18T05:10:36.278770+00:00
CRWD,,,10-Q,2022-07-31,2022-08-31,https://www.sec.gov/Archives/edgar/data/1535527/000153552722000018/crwd-20220731.htm,72.86,24.520327728490283,4.478641147092311,1.3274384826426686,2.8396596048831384,6,debt_to_assets,-4.5297,equity_to_assets,4.5251,assets_growth_yoy,-4.2097,robust_mcd,,-8.0,0.9023422497685177,,-8.0,8.0,-0.9011632748483577,-1.0683413579369943,,1.4756468078306288,0.06557210107016605,,0.6758262022614092,-0.6872805631278277,-0.699800349624682,-4.360504871941297,,-4.2097412768677485,0.567634190289177,,-4.529669519095436,4.525087774748869,-0.8206181047588874,-2.385206763538715,brick3_q_v2_robust_mahalanobis_clipped,2026-03-18T05:10:36.278770+00:00
AMD,,,10-Q,2022-09-24,2022-11-02,https://www.sec.gov/Archives/edgar/data/2488/000000248822000170/amd-20220924.htm,72.78,24.507137060657296,4.268213326201241,0.6744907594765952,1.968230883497468,5,ocf_to_net_income,5.0698,equity_to_assets,3.0339,assets_growth_yoy,0.6745,robust_mcd,,,,,,4.606785016316649,-0.19785496228707705,8.0,,0.6744907594765952,-0.6744907594765952,,,0.6744907594765955,-0.6744907594765952,0.6744907594765952,,0.6744907594765952,-0.6744907594765952,,,3.0338673135806276,-0.3885092811628843,5.069796303790638,brick3_q_v2_robust_mahalanobis_clipped,2026-03-18T05:10:36.278770+00:00
ADP,,,10-Q,2025-12-31,2026-01-29,https://www.sec.gov/Archives/edgar/data/8670/000000867026000011/adp-20251231.htm,72.71,24.249611446411404,0.4153675643778093,0.877149387578194,0.5380916555428717,8,assets_growth_yoy,1.161,revenue_growth_yoy,-0.9864,debt_to_assets,0.7354,robust_mcd,-0.9863581442295564,1.2311139551071448,-0.10750635332351828,0.5488392204485176,0.07411431441312982,-0.0741143144131324,0.1583962433611425,-0.1424979697263321,,1.0557763903322368,-0.3108198747562466,-0.6744907594765952,1.7273073926802578,-1.697160536325427,0.6744907594765952,0.0,-0.9863581442295564,1.1609789291971817,-0.1888317618966096,0.05950722847847251,0.7353915457199811,-0.7233328031780503,0.3648340498073236,-0.08549878183579926,brick3_q_v2_robust_mahalanobis_clipped,2026-03-18T05:10:36.278770+00:00
COST,,,10-Q,2025-11-23,2025-12-17,https://www.sec.gov/Archives/edgar/data/909832/000090983225000169/cost-20251123.htm,72.63,24.225239974019598,0.8737320020237372,,0.8737320020237372,8,debt_to_assets,-1.316,equity_to_assets,1.3073,net_margin,1.192,robust_mcd,0.249022343197773,0.8269378201784681,-0.6744907594765952,1.1919690470647646,-1.3159556499842349,1.3073170735644457,0.6301288606194638,-0.7940344621041525,,,,,,,,,0.249022343197773,0.8269378201784681,-0.6744907594765952,1.1919690470647646,-1.3159556499842349,1.3073170735644457,0.6301288606194638,-0.7940344621041525,brick3_q_v2_robust_mahalanobis_clipped,2026-03-18T05:10:36.278770+00:00
INTC,,,10-Q,2024-09-28,2024-11-01,https://www.sec.gov/Archives/edgar/data/50863/000005086324000149/intc-20240928.htm,72.55,24.169669845900383,3.138525058840418,2.210046099870323,2.6592149537361243,5,net_income_growth_yoy,-7.6788,accrual_ratio,-2.8704,equity_to_assets,-1.3371,robust_mcd,,-2.008021067226105,-8.0,,,-1.7788582015546814,-3.114462328472999,-0.7912836969483038,,0.6744907594765952,-7.197044166765587,,,-0.6744907594765952,-2.504204813632837,0.0,,-0.9350163365450248,-7.678817666706235,,,-1.337111224723447,-2.870359322536934,-0.47477021816898224,brick3_q_v2_robust_mahalanobis_clipped,2026-03-18T05:10:36.278770+00:00
TSLA,,,10-Q,2022-09-30,2022-10-24,https://www.sec.gov/Archives/edgar/data/1318605/000095017022019867/tsla-20220930.htm,72.47,24.15008381513447,1.0155019153331724,1.3112936558509611,0.8626120219347413,8,accrual_ratio,-1.6025,assets_growth_yoy,1.2811,equity_to_assets,1.0394,robust_mcd,-0.7106271657711,0.6097270682497955,-1.097416764932544,1.0929922061147785,-1.3093165136911378,1.3725130944074175,-1.6823598578698957,0.2490626516287097,2.4947579068399124,2.2880438867721966,2.378866025833922,0.8672185054177202,-0.27346815570330735,0.5398266111076894,-1.4826945358438988,0.16547361928904175,0.571526863273305,1.281053795658756,0.29309635137404255,1.0026827258359552,-0.8949771704960057,1.0394385010875262,-1.6024937290594972,0.2156270386928425,brick3_q_v2_robust_mahalanobis_clipped,2026-03-18T05:10:36.278770+00:00
GOOG,,,10-Q,2024-03-31,2024-04-26,https://www.sec.gov/Archives/edgar/data/1652044/000165204424000053/goog-20240331.htm,72.36,24.141202715543113,1.8370775898582365,0.5948656663739273,1.1482203890181646,8,equity_to_assets,1.777,debt_to_assets,-1.704,net_income_growth_yoy,1.4546,robust_mcd,,1.311597575501358,1.7636849509636725,,-2.196209777515641,2.1962097775156293,2.030431063350951,-1.524332394302168,0.6663156163098752,0.07265910038520912,0.9909881005674042,-0.6438738825955821,-0.9656773416947861,1.148260586459556,-0.14675005385522005,-0.12440064912378501,0.6663156163098752,0.8160221854548985,1.4546062108051652,-0.6438738825955821,-1.703996803187299,1.7770301010932001,1.1595586164684824,-0.9643596962308149,brick3_q_v2_robust_mahalanobis_clipped,2026-03-18T05:10:36.278770+00:00
GOOGL,,,10-Q,2024-03-31,2024-04-26,https://www.sec.gov/Archives/edgar/data/1652044/000165204424000053/goog-20240331.htm,72.36,24.141202715543113,1.8370775898582365,0.5948656663739273,1.1482203890181646,8,equity_to_assets,1.777,debt_to_assets,-1.704,net_income_growth_yoy,1.4546,robust_mcd,,1.311597575501358,1.7636849509636725,,-2.196209777515641,2.1962097775156293,2.030431063350951,-1.524332394302168,0.6663156163098752,0.07265910038520912,0.9909881005674042,-0.6438738825955821,-0.9656773416947861,1.148260586459556,-0.14675005385522005,-0.12440064912378501,0.6663156163098752,0.8160221854548985,1.4546062108051652,-0.6438738825955821,-1.703996803187299,1.7770301010932001,1.1595586164684824,-0.9643596962308149,brick3_q_v2_robust_mahalanobis_clipped,2026-03-18T05:10:36.278770+00:00
CSX,,,10-Q,2023-09-30,2023-10-20,https://www.sec.gov/Archives/edgar/data/277948/000027794823000053/csx-20230930.htm,72.24,23.972575075192054,3.5061683884593484,0.6962272184528583,2.3821919204567523,5,assets_growth_yoy,-4.4407,ocf_to_net_income,2.5469,debt_to_assets,2.4861,robust_mcd,,-6.828877618967627,-1.7158736146228402,,3.749361898008366,,-1.5109267722003836,3.725802038497526,,-0.858545786542643,-0.7615270869233811,,0.5910900198855619,,-0.49143602123997254,0.7785371776727332,,-4.440744885997633,-1.3341350035430564,,2.486053146759244,,-1.1031304718162191,2.5468960941676086,brick3_q_v2_robust_mahalanobis_clipped,2026-03-18T05:10:36.278770+00:00
GOOG,,,10-Q,2023-06-30,2023-07-26,https://www.sec.gov/Archives/edgar/data/1652044/000165204423000070/goog-20230630.htm,72.13,23.90353342706449,,0.733566962475266,0.733566962475266,7,accrual_ratio,-1.6106,equity_to_assets,1.2294,net_margin,-1.1256,robust_mcd,,,,,,,,,,0.0,-0.09014911872495107,-1.125580529506385,-0.7063251935932326,1.2293839606813812,-1.610637719830851,0.3728922149900608,,0.0,-0.09014911872495107,-1.125580529506385,-0.7063251935932326,1.2293839606813812,-1.610637719830851,0.3728922149900608,brick3_q_v2_robust_mahalanobis_clipped,2026-03-18T05:10:36.278770+00:00
GOOGL,,,10-Q,2023-06-30,2023-07-26,https://www.sec.gov/Archives/edgar/data/1652044/000165204423000070/goog-20230630.htm,72.13,23.90353342706449,,0.733566962475266,0.733566962475266,7,accrual_ratio,-1.6106,equity_to_assets,1.2294,net_margin,-1.1256,robust_mcd,,,,,,,,,,0.0,-0.09014911872495107,-1.125580529506385,-0.7063251935932326,1.2293839606813812,-1.610637719830851,0.3728922149900608,,0.0,-0.09014911872495107,-1.125580529506385,-0.7063251935932326,1.2293839606813812,-1.610637719830851,0.3728922149900608,brick3_q_v2_robust_mahalanobis_clipped,2026-03-18T05:10:36.278770+00:00
INTU,,,10-Q,2021-01-31,2021-02-23,https://www.sec.gov/Archives/edgar/data/896878/000089687821000059/intu-20210131.htm,72.01,23.778758942453692,,1.6854686554792164,1.6854686554792164,7,ocf_to_net_income,6.1939,assets_growth_yoy,3.3622,net_margin,-0.6745,robust_mcd,,,,,,,,,,3.3621893900834467,-0.48541282914709527,-0.6744907594765952,-0.43039194711913414,0.3017870859618766,0.3500827280474792,6.193925848518889,,3.3621893900834467,-0.48541282914709527,-0.6744907594765952,-0.43039194711913414,0.3017870859618766,0.3500827280474792,6.193925848518889,brick3_q_v2_robust_mahalanobis_clipped,2026-03-18T05:10:36.278770+00:00
SBUX,,,10-Q,2024-06-30,2024-07-30,https://www.sec.gov/Archives/edgar/data/829224/000082922424000042/sbux-20240630.htm,71.94,23.72095352984292,1.8592632983048707,1.3360386187024829,1.72030833498473,8,assets_growth_yoy,4.4638,equity_to_assets,-2.5425,debt_to_assets,2.3011,robust_mcd,-0.049923528848412974,7.360421010029114,-0.014131475136226798,1.1530989362200055,,,-1.5968980431784998,0.9811067964169657,-0.6010710597697009,0.11888874810611859,-0.6867507924249323,-0.14049528207444875,2.301104552679005,-2.542547866974191,-2.8197698878516055,1.4776807597398605,-0.2703825412169281,4.463808105259916,-0.283179202051709,0.6356612489022238,2.301104552679005,-2.542547866974191,-2.086046781047742,1.1797363817461237,brick3_q_v2_robust_mahalanobis_clipped,2026-03-18T05:10:36.278770+00:00
ZS,,,10-Q,2025-04-30,2025-05-29,https://www.sec.gov/Archives/edgar/data/1713683/000171368325000079/zs-20250430.htm,71.86,23.385452992384828,3.065244347069837,2.265810821954913,2.6081871926800364,6,ocf_to_net_income,-7.5397,net_income_growth_yoy,-3.2816,equity_to_assets,1.6901,robust_mcd,,-0.019739173944709577,-3.68523936080135,,-3.081543968635607,3.0815439686356116,-1.2905199829308787,-7.232879627470866,,0.6461632958618381,-2.6760928067464063,,0.602990948240232,-0.3970283734214361,-1.2725895074595663,-8.0,,0.2466218139779095,-3.2815807391793723,,-1.6077300018852716,1.6901150318127924,-1.2833477927423538,-7.539727776482519,brick3_q_v2_robust_mahalanobis_clipped,2026-03-18T05:10:36.278770+00:00
KHC,,,10-Q,2021-06-26,2021-08-04,https://www.sec.gov/Archives/edgar/data/1637459/000163745921000099/khc-20210626.htm,71.78,23.342726118203647,,2.213003744515678,2.213003744515678,6,ocf_to_net_income,-8.0,net_income_growth_yoy,2.2128,assets_growth_yoy,-1.2531,robust_mcd,,,,,,,,,,-1.2530731077544914,2.212761560642252,,-0.6744907594765952,-0.16641386005749775,0.9712831791632311,-8.0,,-1.2530731077544914,2.212761560642252,,-0.6744907594765952,-0.16641386005749775,0.9712831791632311,-8.0,brick3_q_v2_robust_mahalanobis_clipped,2026-03-18T05:10:36.278770+00:00
ADBE,,,10-Q,2023-03-03,2023-03-29,https://www.sec.gov/Archives/edgar/data/796343/000079634323000055/adbe-20230303.htm,71.7,23.251303358848368,0.774705583156139,,0.774705583156139,8,ocf_to_net_income,-1.0441,accrual_ratio,1.0271,net_margin,-0.8944,robust_mcd,-0.6799498217291966,0.39788019562762417,-0.49376048226285296,-0.8944492871606078,0.8301666676259477,-0.8301666676259477,1.0271256245068796,-1.0441459187100561,,,,,,,,,-0.6799498217291966,0.39788019562762417,-0.49376048226285296,-0.8944492871606078,0.8301666676259477,-0.8301666676259477,1.0271256245068796,-1.0441459187100561,brick3_q_v2_robust_mahalanobis_clipped,2026-03-18T05:10:36.278770+00:00
MELI,,,10-Q,2023-06-30,2023-08-03,https://www.sec.gov/Archives/edgar/data/1099590/000109959023000020/meli-20230630.htm,71.63,23.110533676695553,1.1025099305672568,2.0512920844862403,0.9895334909580112,8,accrual_ratio,-2.339,ocf_to_net_income,1.9784,net_margin,1.0531,robust_mcd,-1.3269298537161505,0.1805721798352187,0.16882592281565473,2.3339595068420476,-0.9844670788978405,0.984467078897838,-1.9989514248274278,0.8419063987058769,2.6668187006991926,2.3393637756847734,1.9373034486280785,-0.8681622732216394,0.9975346041749583,-1.0688013537975665,-2.849194975503416,3.6831575441803,0.2705695680499869,1.0440888181750405,0.8762169331406242,1.0531107948165728,-0.19166640566872095,0.1631597058196762,-2.339048845097823,1.978406856895646,brick3_q_v2_robust_mahalanobis_clipped,2026-03-18T05:10:36.278770+00:00
NFLX,,,10-Q,2025-09-30,2025-10-22,https://www.sec.gov/Archives/edgar/data/1065280/000106528025000406/nflx-20250930.htm,71.55,23.086184046052043,1.050809870403658,0.6323487788690088,0.6433619433477784,8,equity_to_assets,1.1778,debt_to_assets,-1.1633,revenue_growth_yoy,0.8645,robust_mcd,0.88400664477777,-0.28363207489069003,-1.3000882112269667,-0.19645547672511418,-1.913316831463581,1.913316831463585,-0.9953620906492953,0.920300802032261,0.8352335883469004,-0.3308016873042646,0.009092991150187585,1.6739837009429388,-0.03821916350235988,0.07460040152307866,0.9834546845371493,-1.1134040136451901,0.8644974222054223,-0.3024999198561199,-0.776415730276105,0.5517201943421071,-1.1632777642790924,1.1778302594873826,-0.2038353805747174,0.10681887576128052,brick3_q_v2_robust_mahalanobis_clipped,2026-03-18T05:10:36.278770+00:00
STX,,,10-Q,2021-12-31,2022-01-27,https://www.sec.gov/Archives/edgar/data/1137789/000113778922000014/stx-20211231.htm,71.47,23.065752136666497,,0.9513582981629767,0.9513582981629767,8,debt_to_assets,2.3841,equity_to_assets,-2.3758,net_income_growth_yoy,0.794,robust_mcd,,,,,,,,,-0.6744907594765952,-0.4548766942670859,0.7939976636488117,0.6744907594765952,2.3840841895445655,-2.3757851145840325,-0.22190425960347468,-0.03123694470265282,-0.6744907594765952,-0.4548766942670859,0.7939976636488117,0.6744907594765952,2.3840841895445655,-2.3757851145840325,-0.22190425960347468,-0.03123694470265282,brick3_q_v2_robust_mahalanobis_clipped,2026-03-18T05:10:36.278770+00:00
CSGP,,,10-Q,2025-06-30,2025-07-23,https://www.sec.gov/Archives/edgar/data/1057352/000105735225000097/csgp-20250630.htm,71.4,23.051615090072623,2.30811866239756,2.3281299275959157,2.3161231684769024,6,ocf_to_net_income,8.0,net_income_growth_yoy,-2.5226,assets_growth_yoy,1.7355,robust_mcd,,2.3548274588071694,-2.5466885133721235,,-0.4147834549912043,0.41478345499120667,0.11762909222365439,8.0,,0.8064088304146033,-2.486424978130617,,-1.2432271431078254,1.3108355122384538,0.12188310168399524,8.0,,1.735460007450143,-2.522583099275521,,-0.7461609302378528,0.7732042778901055,0.11933069600779073,8.0,brick3_q_v2_robust_mahalanobis_clipped,2026-03-18T05:10:36.278770+00:00
MRVL,,,10-Q,2024-11-02,2024-12-04,https://www.sec.gov/Archives/edgar/data/1835632/000183563224000200/mrvl-20241102.htm,71.32,22.90431606149314,2.297010019159771,0.6744907594765952,1.71991891501162,6,accrual_ratio,-4.0782,debt_to_assets,3.1022,equity_to_assets,-1.5915,robust_mcd,,-0.6744907594765952,-0.3168663544855398,,3.1022212743065753,-3.102221274306534,-6.347383866825044,-0.23887658555833846,,-0.6744907594765952,-0.6744907594765952,,,0.6744907594765953,-0.6744907594765952,-0.6744907594765952,,-0.6744907594765952,-0.45991611648196196,,3.1022212743065753,-1.5915364607932823,-4.078226623885665,-0.41312225512564116,brick3_q_v2_robust_mahalanobis_clipped,2026-03-18T05:10:36.278770+00:00
AMGN,,,10-Q,2023-03-31,2023-04-28,https://www.sec.gov/Archives/edgar/data/318154/000031815423000029/amgn-20230331.htm,71.24,22.869972979275726,3.688042705739113,1.97207674324628,3.0016563207419793,5,assets_growth_yoy,6.199,net_income_growth_yoy,4.238,accrual_ratio,2.2226,robust_mcd,,8.0,5.646473110410393,,,-0.43878645298673336,2.406369492313908,-1.9485844729845283,,3.4974233147488056,2.12538932589062,,,-1.1361764659190574,1.9468736643503755,-1.154520945322541,,6.198969325899522,4.2380395966024835,,,-0.717742458159663,2.222571161128495,-1.6309590619197332,brick3_q_v2_robust_mahalanobis_clipped,2026-03-18T05:10:36.278770+00:00
NVDA,,,10-Q,2024-10-27,2024-11-20,https://www.sec.gov/Archives/edgar/data/1045810/000104581024000316/nvda-20241027.htm,71.16,22.822548168241426,1.322556942715406,,1.322556942715406,8,accrual_ratio,-2.4111,debt_to_assets,-2.1836,equity_to_assets,2.1836,robust_mcd,0.43736317874249997,1.6876107982198794,0.10524995393715704,0.9049641339042289,-2.183632870320785,2.183632870320779,-2.4111379101392933,0.6668638261386257,,,,,,,,,0.43736317874249997,1.6876107982198794,0.10524995393715704,0.9049641339042289,-2.183632870320785,2.183632870320779,-2.4111379101392933,0.6668638261386257,brick3_q_v2_robust_mahalanobis_clipped,2026-03-18T05:10:36.278770+00:00
SBUX,,,10-Q,2021-06-27,2021-07-27,https://www.sec.gov/Archives/edgar/data/829224/000082922421000075/sbux-20210627.htm,71.09,22.740544389185153,,0.6744907594765951,0.6744907594765951,7,net_margin,-0.6745,debt_to_assets,0.6745,revenue_growth_yoy,0.6745,robust_mcd,,,,,,,,,0.6744907594765953,-0.6744907594765953,0.6744907594765952,-0.6744907594765954,0.6744907594765954,,0.6744907594765953,-0.6744907594765944,0.6744907594765953,-0.6744907594765953,0.6744907594765952,-0.6744907594765954,0.6744907594765954,,0.6744907594765953,-0.6744907594765944,brick3_q_v2_robust_mahalanobis_clipped,2026-03-18T05:10:36.278770+00:00
ODFL,,,10-Q,2023-06-30,2023-08-04,https://www.sec.gov/Archives/edgar/data/878927/000095017023038553/odfl-20230630.htm,71.01,22.7155631923156,4.4087997734098705,0.8762356721296861,2.9957741328977967,6,equity_to_assets,5.4126,debt_to_assets,-5.1721,net_income_growth_yoy,-5.1419,robust_mcd,,-1.0382630941973598,-8.0,,-8.0,8.0,-0.5960166752374029,0.8185188710244611,,-0.36803200268844977,-0.8548300991513054,,-0.9302328480166404,1.531393130607997,-1.447293373100811,0.12563257921291324,,-0.7701706575937958,-5.141932039660522,,-5.172093139206656,5.412557252243198,-0.9365273543827661,0.5413643542998419,brick3_q_v2_robust_mahalanobis_clipped,2026-03-18T05:10:36.278770+00:00
VRTX,,,10-Q,2024-06-30,2024-08-02,https://www.sec.gov/Archives/edgar/data/875320/000087532024000198/vrtx-20240630.htm,70.93,22.485477908024624,3.5111184286386803,2.1449672103987525,2.695729391707205,6,net_income_growth_yoy,-8.0,assets_growth_yoy,-3.3514,debt_to_assets,1.691,robust_mcd,,-5.066086454109876,-8.0,,3.3908730513777097,-3.3932157587710274,-0.05005932678037579,-1.1664759807930942,,-0.7793795434677269,-8.0,,-0.8587294777601217,1.1582346445061615,-0.946891334041113,-1.126568262617394,,-3.351403689853017,-8.0,,1.691032039722577,-1.5726355974601518,-0.4087921296846707,-1.1505128935228142,brick3_q_v2_robust_mahalanobis_clipped,2026-03-18T05:10:36.278770+00:00
ODFL,,,10-Q,2023-03-31,2023-05-08,https://www.sec.gov/Archives/edgar/data/878927/000095017023018765/odfl-20230331.htm,70.86,22.356585369116093,4.360590962885737,0.7269615560076388,2.757790223235682,6,equity_to_assets,5.3597,debt_to_assets,-5.2554,net_income_growth_yoy,-4.9467,robust_mcd,,-0.9044404594555798,-8.0,,-8.0,8.0,0.6189052916600926,-0.6402000261987476,,-0.17015064730787074,-0.366793825601854,,-1.1384605037115094,1.3993184003543921,-1.0952865698192251,0.19175938925098165,,-0.6107245345964961,-4.946717530240742,,-5.2553842014846035,5.359727360141757,-0.06677145293163456,-0.30741626001885586,brick3_q_v2_robust_mahalanobis_clipped,2026-03-18T05:10:36.278770+00:00
SNPS,,,10-Q,2025-01-31,2025-02-26,https://www.sec.gov/Archives/edgar/data/883241/000088324125000014/snps-20250131.htm,70.78,22.31134899613653,4.449058616032499,0.6871405936761305,2.9442914070899513,6,equity_to_assets,5.3549,debt_to_assets,-4.9615,assets_growth_yoy,4.231,robust_mcd,,6.86667814241529,-1.6262664963843465,,-8.0,8.0,0.9699975652570548,-1.2314094921383039,,0.2775845334119402,-0.6744907594765952,,-0.4038703014070052,1.387157469705326,0.7052497385793214,-0.6744907594765952,,4.23104069881395,-1.245556201621246,,-4.961548120562802,5.3548629878821306,0.8640984345859615,-1.0086419990736204,brick3_q_v2_robust_mahalanobis_clipped,2026-03-18T05:10:36.278770+00:00
TTWO,,,10-Q,2021-09-30,2021-11-04,https://www.sec.gov/Archives/edgar/data/946581/000162828021021561/ttwo-20210930.htm,70.7,22.146938724901744,,2.028821606892666,2.028821606892666,6,ocf_to_net_income,8.0,net_income_growth_yoy,-2.6532,equity_to_assets,0.6606,robust_mcd,,,,,,,,,,0.36829085098129055,-2.653166662232258,,-0.30596951060777,0.6605827315190221,0.18491988601565373,8.0,,0.36829085098129055,-2.653166662232258,,-0.30596951060777,0.6605827315190221,0.18491988601565373,8.0,brick3_q_v2_robust_mahalanobis_clipped,2026-03-18T05:10:36.278770+00:00
WBD,,,10-Q,2024-09-30,2024-11-07,https://www.sec.gov/Archives/edgar/data/1437107/000143710724000187/disca-20240930.htm,70.62,21.87879790663885,2.5497556747022494,2.3759852038762883,2.4490228295791105,6,ocf_to_net_income,7.6496,debt_to_assets,2.1912,net_income_growth_yoy,1.7921,robust_mcd,,-1.0228423913589828,0.6208111771090103,,3.391307388191383,-2.107449807590348,-0.15612328396377162,8.0,,-2.303834944853268,3.549137945139742,,0.39103180483948463,-0.3678228361866863,0.5200797412319605,7.124003951006588,,-1.5352394127566968,1.792141884321303,,2.1911971548506233,-1.4115990190288832,0.11435792611452125,7.649601580402635,brick3_q_v2_robust_mahalanobis_clipped,2026-03-18T05:10:36.278770+00:00
WBD,,,10-Q,2025-09-30,2025-11-06,https://www.sec.gov/Archives/edgar/data/1437107/000143710725000216/wbd-20250930.htm,70.55,21.825655401504655,1.8003410353800866,2.9036823565558634,2.099766882133987,6,ocf_to_net_income,-8.0,net_income_growth_yoy,-3.6995,assets_growth_yoy,-0.7202,robust_mcd,,-0.2695977458852067,-1.6651635033013195,,-0.09019305823905607,0.2702947313808164,-0.5067971734741217,-8.0,,-1.3961631350567858,-6.750949147147517,,0.3459413316163822,-0.3402642254916976,0.5887763000227949,-8.0,,-0.7202239015538383,-3.699477760839798,,0.08426069770311925,0.026071148631810787,-0.06856778407535502,-8.0,brick3_q_v2_robust_mahalanobis_clipped,2026-03-18T05:10:36.278770+00:00
MRVL,,,10-Q,2025-05-03,2025-05-30,https://www.sec.gov/Archives/edgar/data/1835632/000183563225000117/mrvl-20250503.htm,70.47,21.716272886470264,2.6576412415163766,1.570149678623899,2.415846578283516,6,debt_to_assets,4.4682,net_income_growth_yoy,3.89,equity_to_assets,-2.6809,robust_mcd,,1.5650921198076129,1.9432947237123133,,4.46817910748585,-4.468179107485804,1.4585428517248686,2.0425595388818114,,1.0407898995194802,6.809958493600015,,,0.0,0.0,0.0,,1.3553712316923598,3.889960231667394,,4.46817910748585,-2.6809074644914825,0.8751257110349212,1.225535723329087,brick3_q_v2_robust_mahalanobis_clipped,2026-03-18T05:10:36.278770+00:00
DDOG,,,10-Q,2022-03-31,2022-05-06,https://www.sec.gov/Archives/edgar/data/1561550/000156155022000026/ddog-20220331.htm,70.39,21.68468022487806,,2.669066645631133,2.669066645631133,6,ocf_to_net_income,8.0,net_income_growth_yoy,3.0662,accrual_ratio,-2.6882,robust_mcd,,,,,,,,,,1.8594125627040972,3.066238222134515,,-0.03149621684228873,0.36901942418441486,-2.688233447921479,8.0,,1.8594125627040972,3.066238222134515,,-0.03149621684228873,0.36901942418441486,-2.688233447921479,8.0,brick3_q_v2_robust_mahalanobis_clipped,2026-03-18T05:10:36.278770+00:00
ZS,,,10-Q,2025-01-31,2025-03-10,https://www.sec.gov/Archives/edgar/data/1713683/000171368325000033/zs-20250131.htm,70.32,21.624567777348798,2.396810308312261,1.8854410209638026,2.007345177123669,6,ocf_to_net_income,-7.9038,equity_to_assets,1.4024,debt_to_assets,-1.3851,robust_mcd,,-0.05409533533140688,0.4669695233448564,,-2.7581857973389257,2.7581857973389257,-0.3434253965194513,-8.0,,0.6744907594765952,0.6842770426290216,,0.6744907594765952,-0.6312468593953583,-0.8887200730571,-7.759420631748146,,0.23733910259179394,0.5538925310585225,,-1.3851151746127173,1.402412734645212,-0.5615432671345107,-7.903768252699258,brick3_q_v2_robust_mahalanobis_clipped,2026-03-18T05:10:36.278770+00:00
WBD,,,10-Q,2022-03-31,2022-04-26,https://www.sec.gov/Archives/edgar/data/1437107/000143710722000138/disca-20220331.htm,70.24,21.568085091546244,,0.9472626827292281,0.9472626827292281,8,net_income_growth_yoy,4.0808,net_margin,1.0297,accrual_ratio,0.9454,robust_mcd,,,,,,,,,0.1456626503535081,-0.5674219198848758,4.0808341263446115,1.0296609255601985,0.11475002837754104,0.017327109724429725,0.9453817878959446,-0.677062913692716,0.1456626503535081,-0.5674219198848758,4.0808341263446115,1.0296609255601985,0.11475002837754104,0.017327109724429725,0.9453817878959446,-0.677062913692716,brick3_q_v2_robust_mahalanobis_clipped,2026-03-18T05:10:36.278770+00:00
AMZN,,,10-Q,2023-06-30,2023-08-04,https://www.sec.gov/Archives/edgar/data/1018724/000101872423000012/amzn-20230630.htm,70.16,21.557495557807176,1.9554904947701595,1.8453187570677052,1.738506138257987,5,net_income_growth_yoy,4.7273,equity_to_assets,2.888,ocf_to_net_income,0.525,robust_mcd,,-0.7294407983955303,2.5455203093388903,,,4.953659559829675,-0.7710314602328788,0.7778003460538233,,0.5494173392899471,8.0,,,-0.2105539384657968,0.3207516061891993,0.14587090139358186,,-0.21789754332133937,4.727312185603334,,,2.887974160511486,-0.33431823366404756,0.5250285681897267,brick3_q_v2_robust_mahalanobis_clipped,2026-03-18T05:10:36.278770+00:00
ORLY,,,10-Q,2022-06-30,2022-08-08,https://www.sec.gov/Archives/edgar/data/898173/000089817322000037/orly-20220630x10q.htm,70.08,21.406402076976956,1.067942994880117,0.7101417600015633,0.9060747107997884,5,equity_to_assets,-3.1747,net_income_growth_yoy,-0.5537,accrual_ratio,-0.5432,robust_mcd,,0.07811579220378005,-0.9141161116149061,,,-4.221016040348002,-0.0697729102912031,0.056694119942693744,,-0.3442532439857122,-0.012988605073786635,,,-1.6052489656344235,-1.2532359108781428,0.33498207443575084,,-0.09083182227201686,-0.5536651089984582,,,-3.1747092104625705,-0.5431581105259791,0.1680093017399166,brick3_q_v2_robust_mahalanobis_clipped,2026-03-18T05:10:36.278770+00:00
AXON,,,10-Q,2023-06-30,2023-08-08,https://www.sec.gov/Archives/edgar/data/1069183/000155837023013981/axon-20230630x10q.htm,70.01,21.204138245340182,2.481118872078298,1.6788993793012847,2.122972250264555,6,assets_growth_yoy,6.7012,debt_to_assets,1.5756,equity_to_assets,-1.4575,robust_mcd,,8.0,-0.18342681159204755,,2.6260179152406598,-2.6155273831506007,0.8005908541894382,-0.6611502682970414,,4.753061708150831,-1.993131143099941,,0.0,0.27944118527202955,1.1328103483001777,-1.9149518909847287,,6.701224683260333,-0.9073085441952049,,1.5756107491443958,-1.4575399557815485,0.933478651833734,-1.1626709173721164,brick3_q_v2_robust_mahalanobis_clipped,2026-03-18T05:10:36.278770+00:00
AMZN,,,10-Q,2025-06-30,2025-08-01,https://www.sec.gov/Archives/edgar/data/1018724/000101872425000086/amzn-20250630.htm,69.93,21.0007541023462,1.496110572179171,0.5329619879687258,1.0399898139314074,5,equity_to_assets,3.2695,assets_growth_yoy,1.3531,accrual_ratio,-0.3654,robust_mcd,,1.2157168401243605,-0.1681337309453746,,,5.360637527752983,-0.6323943325064627,0.10367042956667287,,1.5590788317967952,0.6744907594765952,,,0.13289154632645492,0.0351770377543365,-0.2631717644894472,,1.3530616367933344,0.16891606522341332,,,3.2695391351823715,-0.365365784402143,-0.043066448055775156,brick3_q_v2_robust_mahalanobis_clipped,2026-03-18T05:10:36.278770+00:00
CSGP,,,10-Q,2022-09-30,2022-10-26,https://www.sec.gov/Archives/edgar/data/1057352/000105735222000121/csgp-20220930.htm,69.85,20.94467291634823,3.8633229024598386,0.7848027793863451,2.5727599782685897,6,equity_to_assets,5.3959,debt_to_assets,-5.2445,assets_growth_yoy,3.7478,robust_mcd,,5.533699789087749,0.13949527078712573,,-8.0,8.0,-0.5550806208132195,0.9516617340709382,,1.0689890181687594,0.21756524252537593,,-1.111335051746972,1.4897852852419624,0.44366156221388536,0.3774805164211151,,3.7478154807201536,0.1707232594824258,,-5.244534020698788,5.395914114096785,-0.15558374760237753,0.721989247011009,brick3_q_v2_robust_mahalanobis_clipped,2026-03-18T05:10:36.278770+00:00
CSGP,,,10-Q,2025-03-31,2025-05-01,https://www.sec.gov/Archives/edgar/data/1057352/000105735225000067/csgp-20250331.htm,69.78,20.85506635377649,2.771497366268624,2.6380279197648897,2.7181095876671306,6,net_income_growth_yoy,-7.2337,ocf_to_net_income,-4.3055,assets_growth_yoy,1.9043,robust_mcd,,2.700130369447954,-8.0,,-0.6387077471944628,0.6385001121231573,1.6031740817047713,-3.048471887141399,,0.7105782294743745,-6.084166891402685,,-1.2259209583582809,1.4178598514909593,0.1985876745668445,-6.191053913296196,,1.9043095134585222,-7.233666756561074,,-0.87359303165999,0.9502440078702781,1.0413395188496006,-4.305504697603318,brick3_q_v2_robust_mahalanobis_clipped,2026-03-18T05:10:36.278770+00:00
INTU,,,10-Q,2022-10-31,2022-11-29,https://www.sec.gov/Archives/edgar/data/896878/000089687822000036/intu-20221031.htm,69.7,20.771575877726338,2.2739481076861834,1.3455976014492634,1.670440327777466,7,ocf_to_net_income,5.0777,net_income_growth_yoy,-3.8095,assets_growth_yoy,1.481,robust_mcd,,0.03664299497528305,-5.65906291393979,-0.6411612828223733,0.6602249487338585,-0.6602249487338557,0.26031966459812256,8.0,,3.647579129734448,-1.0350340897573351,,-0.6889107199578293,1.0667852471389885,0.941143116716241,0.6941333053907401,,1.4810174488789491,-3.809451384266808,-0.6411612828223733,0.1205706812571834,0.030579129615281975,0.53264904544537,5.077653322156296,brick3_q_v2_robust_mahalanobis_clipped,2026-03-18T05:10:36.278770+00:00
CMCSA,,,10-Q,2025-06-30,2025-07-31,https://www.sec.gov/Archives/edgar/data/1166691/000116669125000036/cmcsa-20250630.htm,69.62,20.588666310776627,2.6168448426684376,1.34451800508268,1.983526804868502,5,net_income_growth_yoy,5.9671,equity_to_assets,2.4391,ocf_to_net_income,-0.8382,robust_mcd,,0.715661614140421,6.441745915710082,,,4.300012880882789,0.6039467086348311,-1.022857093974067,,-0.4252482829670187,5.255142511329814,,,-0.3521723593181873,0.12879901852850126,-0.5612278532698783,,0.2592976552974451,5.9671045539579755,,,2.4391387848023984,0.41388763259229916,-0.8382053976923916,brick3_q_v2_robust_mahalanobis_clipped,2026-03-18T05:10:36.278770+00:00
ADP,,,10-Q,2022-12-31,2023-02-02,https://www.sec.gov/Archives/edgar/data/8670/000000867023000008/adp-20221231.htm,69.55,20.580157299192518,1.207147268962382,0.5598835769912434,0.8408434780148331,8,assets_growth_yoy,-2.1806,equity_to_assets,-1.1787,debt_to_assets,1.0525,robust_mcd,,-3.184703002833707,1.0020445002277216,1.4825832438841888,1.0946999115440006,-1.0946999115439981,-0.3967114897498208,0.19458882295323687,0.6744907594765953,-0.6744907594765952,0.0,-0.6744907594765951,0.9893176430661836,-1.3047405105129612,0.0,0.16153818392101726,0.6744907594765953,-2.180618105490862,0.6012267001366329,0.6197536425398753,1.0525470041528737,-1.1787161511315833,-0.23802689384989245,0.181368567340349,brick3_q_v2_robust_mahalanobis_clipped,2026-03-18T05:10:36.278770+00:00
INSM,,,10-Q,2023-03-31,2023-05-04,https://www.sec.gov/Archives/edgar/data/1104506/000110450623000012/insm-20230331.htm,69.47,20.543963926000608,2.078635258154216,1.2581041909064357,1.7438983737850906,6,accrual_ratio,-4.7804,net_income_growth_yoy,-1.2848,ocf_to_net_income,-1.1941,robust_mcd,,0.21032698180137052,-0.8060462480927468,,0.8931495138259572,-0.8931495138259568,-8.0,-1.6691392913792646,,2.004703127180706,-2.002977472960973,,1.5472845839855431,-1.4631835835061546,0.04893343102510015,-0.48154294678013665,,0.9280774399531048,-1.2848187380400373,,1.1548035418897915,-1.1211631416980359,-4.78042662758996,-1.1941007535396135,brick3_q_v2_robust_mahalanobis_clipped,2026-03-18T05:10:36.278770+00:00
PLTR,,,10-Q,2024-03-31,2024-05-07,https://www.sec.gov/Archives/edgar/data/1321655/000132165524000071/pltr-20240331.htm,69.39,20.526999817132445,2.78917774763136,2.2172084912217964,2.5454074531195086,6,net_income_growth_yoy,6.1438,accrual_ratio,3.371,equity_to_assets,1.7332,robust_mcd,,1.1714130092767734,4.906390805345778,,-1.377537473684021,1.9669140470549566,5.396518061895561,1.9162930885310694,,2.2196361042805886,8.0,,-1.2557905744585764,1.3826111534100924,0.3328436755713233,-0.11236943961019596,,1.5907022472782995,6.143834483207467,,-1.3288387139938431,1.733192889597011,3.371048307365866,1.1048280772745631,brick3_q_v2_robust_mahalanobis_clipped,2026-03-18T05:10:36.278770+00:00
ALNY,,,10-Q,2025-03-31,2025-05-01,https://www.sec.gov/Archives/edgar/data/1178670/000117867025000052/alny-20250331.htm,69.31,20.523311796248834,1.9697344203149942,2.123084274990583,1.9392972352615632,6,ocf_to_net_income,7.351,accrual_ratio,1.5142,net_income_growth_yoy,1.2936,robust_mcd,,0.864863890771195,1.3681765030318056,,-0.2294428173091667,0.2294428173091671,1.1264804934686328,8.0,,0.2613637299639349,1.181739687491631,,1.4191839586144963,-1.4027428701792237,2.095855994865859,6.377619408828354,,0.6234638264482909,1.2936017768157357,,0.4300078930602985,-0.4234314576861893,1.5142306940275232,7.351047763531342,brick3_q_v2_robust_mahalanobis_clipped,2026-03-18T05:10:36.278770+00:00
TMUS,,,10-Q,2021-03-31,2021-05-04,https://www.sec.gov/Archives/edgar/data/1283699/000128369921000088/tmus-20210331.htm,69.24,20.51506166274159,,1.9421561617691663,1.9421561617691663,5,assets_growth_yoy,6.9463,ocf_to_net_income,2.2023,net_income_growth_yoy,-0.5197,robust_mcd,,,,,,,,,,6.9462954716267085,-0.5196785330604845,,,-0.02762959775524943,-0.014865508845229452,2.2023116975581587,,6.9462954716267085,-0.5196785330604845,,,-0.02762959775524943,-0.014865508845229452,2.2023116975581587,brick3_q_v2_robust_mahalanobis_clipped,2026-03-18T05:10:36.278770+00:00
CDNS,,,10-Q,2022-10-01,2022-10-24,https://www.sec.gov/Archives/edgar/data/813672/000081367222000054/cdns-20221001.htm,69.16,20.50244579804923,2.025269536449974,0.6744907594765948,1.052852597670756,5,equity_to_assets,-3.0993,assets_growth_yoy,0.6745,net_income_growth_yoy,0.6745,robust_mcd,,,,,,-4.715839210361749,-0.5805999775286808,0.7793694214594922,,0.6744907594765952,0.6744907594765952,,,-0.6744907594765923,-0.6744907594765952,-0.6744907594765955,,0.6744907594765952,0.6744907594765952,,,-3.0992998300076864,-0.6181562903078466,0.19782534908505706,brick3_q_v2_robust_mahalanobis_clipped,2026-03-18T05:10:36.278770+00:00
VRTX,,,10-Q,2022-06-30,2022-08-05,https://www.sec.gov/Archives/edgar/data/875320/000087532022000030/vrtx-20220630.htm,69.08,20.499766669338264,2.562853599319205,2.4611493789360654,2.5221719111659495,6,net_income_growth_yoy,8.0,assets_growth_yoy,1.751,accrual_ratio,-1.6265,robust_mcd,,1.4964050667087212,8.0,,-1.2802642312507495,1.2798899903896799,-1.5095835444317018,1.810978763134379,,2.133003713159323,8.0,,-1.0314993735406293,1.3837392554435037,-1.8017526399115726,0.4169012915613642,,1.751044525288962,8.0,,-1.1807582881667014,1.3214296964112093,-1.6264511826236503,1.2533477745051729,brick3_q_v2_robust_mahalanobis_clipped,2026-03-18T05:10:36.278770+00:00
QCOM,,,10-Q,2021-06-27,2021-07-28,https://www.sec.gov/Archives/edgar/data/804328/000172894921000066/qcom-20210627.htm,69.01,20.46085121988766,,0.6744907594765952,0.6744907594765952,7,ocf_to_net_income,0.6745,revenue_growth_yoy,-0.6745,assets_growth_yoy,0.6745,robust_mcd,,,,,,,,,-0.6744907594765953,0.6744907594765952,-0.6744907594765952,0.674490759476595,-0.6744907594765951,,-0.6744907594765951,0.6744907594765959,-0.6744907594765953,0.6744907594765952,-0.6744907594765952,0.674490759476595,-0.6744907594765951,,-0.6744907594765951,0.6744907594765959,brick3_q_v2_robust_mahalanobis_clipped,2026-03-18T05:10:36.278770+00:00
CRWD,,,10-Q,2024-10-31,2024-11-27,https://www.sec.gov/Archives/edgar/data/1535527/000153552724000026/crwd-20241031.htm,68.93,20.447251835930626,3.2529627316474303,2.5817468222308464,2.9373508852270667,6,equity_to_assets,5.0698,debt_to_assets,-4.4512,ocf_to_net_income,-3.9303,robust_mcd,,0.09037157917387256,-1.7812634612571703,,-7.654251954622909,8.0,-0.7746565844406573,-1.2172328103899703,,0.9613421602737493,-3.791394183875859,,0.35344111990297206,0.6744907594765952,-1.7098127098559035,-8.0,,0.43875981161382327,-2.5853157503046456,,-4.451174724812556,5.069796303790638,-1.1487190346067557,-3.9303396862339826,brick3_q_v2_robust_mahalanobis_clipped,2026-03-18T05:10:36.278770+00:00
BKR,,,10-Q,2021-06-30,2021-07-23,https://www.sec.gov/Archives/edgar/data/1701605/000170160521000087/bkr-20210630.htm,68.85,20.38580715475187,,1.9086546494065708,1.9086546494065708,5,ocf_to_net_income,-8.0,assets_growth_yoy,-0.9772,net_income_growth_yoy,0.3223,robust_mcd,,,,,,,,,,-0.9771663428499086,0.3223426733314144,,,-0.049790590454145606,-0.19397364039738418,-8.0,,-0.9771663428499086,0.3223426733314144,,,-0.049790590454145606,-0.19397364039738418,-8.0,brick3_q_v2_robust_mahalanobis_clipped,2026-03-18T05:10:36.278770+00:00
TMUS,,,10-Q,2023-03-31,2023-04-27,https://www.sec.gov/Archives/edgar/data/1283699/000128369923000087/tmus-20230331.htm,68.77,20.379532466418762,3.3646239105041014,1.1912677724727527,2.3345650665149376,5,net_income_growth_yoy,5.379,accrual_ratio,2.2791,equity_to_assets,-1.8898,robust_mcd,,-1.6875122396418025,6.189839236087542,,,-3.0196283030231705,3.8173558030944803,-2.1087839706735116,,-0.5941455383990067,4.162629536935004,,,-0.19508635717585038,-0.028226910629462643,0.9762505192244395,,-1.2501655591446843,5.378955356426527,,,-1.8898115246842424,2.2791227176049027,-0.874770174714331,brick3_q_v2_robust_mahalanobis_clipped,2026-03-18T05:10:36.278770+00:00
ADI,,,10-Q,2024-02-03,2024-02-21,https://www.sec.gov/Archives/edgar/data/6281/000000628124000034/adi-20240203.htm,68.7,20.352991153139637,2.2038617643999148,,2.2038617643999148,5,net_income_growth_yoy,-7.1786,equity_to_assets,1.6237,assets_growth_yoy,1.4367,robust_mcd,,1.4366658460981447,-7.178568145033064,,,1.6237144064022266,0.5378217009696321,-0.24253872349650504,,,,,,,,,,1.4366658460981447,-7.178568145033064,,,1.6237144064022266,0.5378217009696321,-0.24253872349650504,brick3_q_v2_robust_mahalanobis_clipped,2026-03-18T05:10:36.278770+00:00
ABNB,,,10-Q,2022-06-30,2022-08-03,https://www.sec.gov/Archives/edgar/data/1559720/000155972022000012/abnb-20220630.htm,68.62,20.32148954827025,,2.376160055575316,2.376160055575316,6,net_income_growth_yoy,8.0,accrual_ratio,-1.9012,assets_growth_yoy,1.7205,robust_mcd,,,,,,,,,,1.7205054357615244,8.0,,0.6112477319558226,-0.326284853634422,-1.9012386330754607,1.6976836790246685,,1.7205054357615244,8.0,,0.6112477319558226,-0.326284853634422,-1.9012386330754607,1.6976836790246685,brick3_q_v2_robust_mahalanobis_clipped,2026-03-18T05:10:36.278770+00:00
SNPS,,,10-Q,2024-07-31,2024-08-23,https://www.sec.gov/Archives/edgar/data/883241/000088324124000021/snps-20240731.htm,68.54,20.217015211245972,3.8178540842770077,0.687718208818346,2.565799734093543,6,equity_to_assets,5.4078,debt_to_assets,-5.1611,assets_growth_yoy,3.5025,robust_mcd,,5.837467709593891,-0.5138235349235791,,-8.0,8.0,0.23085451512172764,-0.32497874602285043,,0.0,-0.09551432616211741,,-0.9028563608034754,1.519621559438751,0.6744907594765952,-0.9338262470291371,,3.5024806257563346,-0.3464998514189945,,-5.16114254432139,5.4078486237755,0.40830901286367466,-0.5685177464253651,brick3_q_v2_robust_mahalanobis_clipped,2026-03-18T05:10:36.278770+00:00
MCHP,,,10-Q,2021-12-31,2022-02-03,https://www.sec.gov/Archives/edgar/data/827054/000082705422000025/mchp-20211231.htm,68.47,20.142243273054792,,2.790272827201452,2.790272827201452,5,net_income_growth_yoy,7.7553,ocf_to_net_income,3.2387,assets_growth_yoy,-1.6371,robust_mcd,,,,,,,,,,-1.6370752676684892,7.755339611283519,,,-0.33453915251841393,-0.9857212776237485,3.2386888269130885,,-1.6370752676684892,7.755339611283519,,,-0.33453915251841393,-0.9857212776237485,3.2386888269130885,brick3_q_v2_robust_mahalanobis_clipped,2026-03-18T05:10:36.278770+00:00
APP,,,10-Q,2022-06-30,2022-08-12,https://www.sec.gov/Archives/edgar/data/1751008/000175100822000016/app-20220630.htm,68.39,20.118896386714372,0.5802289518276726,1.4309832205766588,1.050145176858256,8,assets_growth_yoy,2.2682,net_income_growth_yoy,-1.5876,ocf_to_net_income,-1.4164,robust_mcd,,,-0.37786661008420436,0.0572912234369664,0.6476835346092437,-0.6475562708340343,1.022920637885871,-0.7280554341157164,-0.7350159817946675,2.2682179358144596,-3.402321720331145,-1.3459372845664574,0.45592540535593445,-0.16466137678524786,0.6268954529360379,-2.4488906070293206,-0.7350159817946675,2.2682179358144596,-1.5876486541829806,-0.5040001797644031,0.57098028290792,-0.45439831321451973,0.8645105639059378,-1.4163895032811582,brick3_q_v2_robust_mahalanobis_clipped,2026-03-18T05:10:36.278770+00:00
QCOM,,,10-Q,2023-06-25,2023-08-02,https://www.sec.gov/Archives/edgar/data/804328/000080432823000043/qcom-20230625.htm,68.31,20.116332314207682,1.0585579177947024,,1.0585579177947024,7,assets_growth_yoy,-2.6478,ocf_to_net_income,1.9718,debt_to_assets,-1.0843,robust_mcd,0.0,-2.647752937237636,0.0,-0.8740026038240346,-1.0843348976728056,,-0.8320367183107744,1.9717782675176658,,,,,,,,,0.0,-2.647752937237636,0.0,-0.8740026038240346,-1.0843348976728056,,-0.8320367183107744,1.9717782675176658,brick3_q_v2_robust_mahalanobis_clipped,2026-03-18T05:10:36.278770+00:00
GILD,,,10-Q,2023-03-31,2023-05-03,https://www.sec.gov/Archives/edgar/data/882095/000088209523000017/gild-20230331.htm,68.23,20.029624977699033,2.9317956963334764,1.9049535724555493,2.394121166719742,5,net_income_growth_yoy,8.0,ocf_to_net_income,-2.2872,equity_to_assets,0.7062,robust_mcd,,-0.2814091947319031,8.0,,,1.256278514327575,0.9580862170306101,-4.163204555577292,,-0.7314073618867257,8.0,,,-0.11885156960132445,-0.1476473709011493,0.5268615598885465,,-0.4614084615938322,8.0,,,0.7062264807560151,0.5157927818579064,-2.2871781093909567,brick3_q_v2_robust_mahalanobis_clipped,2026-03-18T05:10:36.278770+00:00
SNPS,,,10-Q,2022-01-31,2022-02-18,https://www.sec.gov/Archives/edgar/data/883241/000088324122000003/snps-20220131.htm,68.16,20.022452902254102,,0.43189322850467704,0.43189322850467704,8,revenue_growth_yoy,-0.6745,net_margin,0.6745,assets_growth_yoy,-0.6745,robust_mcd,,,,,,,,,-0.6744907594765953,-0.6744907594765952,0.6744907594765952,0.6744907594765953,-0.04199093174131316,0.04070109891312725,0.6744907594765952,0.0,-0.6744907594765953,-0.6744907594765952,0.6744907594765952,0.6744907594765953,-0.04199093174131316,0.04070109891312725,0.6744907594765952,0.0,brick3_q_v2_robust_mahalanobis_clipped,2026-03-18T05:10:36.278770+00:00
NVDA,,,10-Q,2021-10-31,2021-11-22,https://www.sec.gov/Archives/edgar/data/1045810/000104581021000163/nvda-20211031.htm,68.08,20.000830749766365,,0.6061121596383306,0.6061121596383306,8,net_income_growth_yoy,1.052,equity_to_assets,0.6773,revenue_growth_yoy,-0.6745,robust_mcd,,,,,,,,,-0.6744907594765952,0.6018112931718863,1.0520256020175858,0.6744907594765952,-0.45123916718877005,0.6773191933278426,-0.4164223203773804,0.3010981820699894,-0.6744907594765952,0.6018112931718863,1.0520256020175858,0.6744907594765952,-0.45123916718877005,0.6773191933278426,-0.4164223203773804,0.3010981820699894,brick3_q_v2_robust_mahalanobis_clipped,2026-03-18T05:10:36.278770+00:00
GILD,,,10-Q,2022-03-31,2022-05-04,https://www.sec.gov/Archives/edgar/data/882095/000088209522000013/gild-20220331.htm,68.0,19.90878269462612,,2.548502995751668,2.548502995751668,5,ocf_to_net_income,8.0,net_income_growth_yoy,-2.3523,assets_growth_yoy,-1.157,robust_mcd,,,,,,,,,,-1.1570052244767297,-2.3523051634742402,,,-0.1363116601261847,-1.096892930681185,8.0,,-1.1570052244767297,-2.3523051634742402,,,-0.1363116601261847,-1.096892930681185,8.0,brick3_q_v2_robust_mahalanobis_clipped,2026-03-18T05:10:36.278770+00:00
AMD,,,10-Q,2023-07-01,2023-08-02,https://www.sec.gov/Archives/edgar/data/2488/000000248823000139/amd-20230701.htm,67.93,19.90273191721282,1.8942255467248745,2.1325542655027614,1.9464617860373097,5,ocf_to_net_income,8.0,equity_to_assets,0.6596,assets_growth_yoy,-0.5935,robust_mcd,,-0.6744907594765952,0.0,,,0.20581472079383262,0.5908222533539454,8.0,,-0.4720135402315839,-0.5812307102086098,,,1.3401817758316175,-0.2693453012419965,8.0,,-0.5934998717785906,-0.23249228408344394,,,0.6595615428089466,0.24675523151556866,8.0,brick3_q_v2_robust_mahalanobis_clipped,2026-03-18T05:10:36.278770+00:00
PANW,,,10-Q,2024-01-31,2024-02-21,https://www.sec.gov/Archives/edgar/data/1327567/000132756724000005/panw-20240131.htm,67.85,19.870193222888933,3.2255833511247936,1.6772509715760922,2.421048389974652,6,net_income_growth_yoy,8.0,equity_to_assets,2.0679,assets_growth_yoy,1.4762,robust_mcd,,2.010749995661038,8.0,,-2.869507646127766,3.9036741966127178,2.2232693210498358,0.3462989472974013,,0.6744907594765952,8.0,,0.7032886308645748,-0.6857264391153809,0.0,0.0,,1.476246301187261,8.0,,-1.4403891353308296,2.0679139423214785,1.3339615926299013,0.20777936837844077,brick3_q_v2_robust_mahalanobis_clipped,2026-03-18T05:10:36.278770+00:00
BKR,,,10-Q,2022-06-30,2022-07-21,https://www.sec.gov/Archives/edgar/data/1701605/000170160522000113/bkr-20220630.htm,67.77,19.824085957463247,2.5021207336890496,2.1154844790859206,2.347466231847798,5,net_income_growth_yoy,-8.0,assets_growth_yoy,-1.873,equity_to_assets,1.1569,robust_mcd,,-2.334897943907921,-8.0,,,1.760638485455729,-0.39906456330784323,-0.016002675773756705,,-1.1800454661585622,-8.0,,,0.2512659396335457,-0.11349158844451841,-1.0326194011929775,,-1.8729569528081775,-8.0,,,1.1568894671268557,-0.2848353733625133,-0.42264936594144503,brick3_q_v2_robust_mahalanobis_clipped,2026-03-18T05:10:36.278770+00:00
DXCM,,,10-Q,2022-06-30,2022-07-28,https://www.sec.gov/Archives/edgar/data/1093557/000109355722000146/dxcm-20220630.htm,67.69,19.806407741094333,3.400018751469149,0.5689524711630645,2.1283914846641023,6,ocf_to_net_income,5.3851,accrual_ratio,-3.5089,net_income_growth_yoy,-1.858,robust_mcd,,-1.105365120190539,-2.7834652819496317,,0.7834917862884342,1.966757367216961,-5.761032953169322,8.0,,1.0440056601195924,-0.46968125901124563,,0.08497805635475995,0.22154075766564105,-0.13081478429129614,1.462694309535852,,-0.24561680806648645,-1.857951672774277,,0.5040862943149644,1.268670723396433,-3.508945685618112,5.385077723814341,brick3_q_v2_robust_mahalanobis_clipped,2026-03-18T05:10:36.278770+00:00
QCOM,,,10-Q,2024-06-23,2024-07-31,https://www.sec.gov/Archives/edgar/data/804328/000080432824000056/qcom-20240623.htm,67.62,19.756204073687375,0.9953649601969187,,0.9953649601969187,7,assets_growth_yoy,-2.0242,ocf_to_net_income,1.3866,accrual_ratio,-1.0899,robust_mcd,0.5068102119828596,-2.0241738062852686,-0.40873778630601687,-0.5484854350006574,-1.0028698348121274,,-1.089925561751207,1.3865520852402937,,,,,,,,,0.5068102119828596,-2.0241738062852686,-0.40873778630601687,-0.5484854350006574,-1.0028698348121274,,-1.089925561751207,1.3865520852402937,brick3_q_v2_robust_mahalanobis_clipped,2026-03-18T05:10:36.278770+00:00
KLAC,,,10-Q,2022-09-30,2022-10-28,https://www.sec.gov/Archives/edgar/data/319201/000162828022027311/klac-20220930.htm,67.54,19.739265312456986,3.7484349525706917,0.8348487701969026,2.408605928397514,6,debt_to_assets,5.1873,equity_to_assets,-5.0899,accrual_ratio,1.6897,robust_mcd,,-1.1078523965328912,-1.1782174404474701,,8.0,-8.0,2.083989401220858,-2.1205504772229333,,1.307959134177467,-0.1715284462681556,,0.9681435179778944,-0.7248325894713477,1.0983551426022002,-0.7382737906843505,,-0.1415277842487479,-0.7755418427757443,,5.187257407191158,-5.089933035788539,1.689735697773395,-1.5676398026075002,brick3_q_v2_robust_mahalanobis_clipped,2026-03-18T05:10:36.278770+00:00
AMGN,,,10-Q,2021-06-30,2021-08-04,https://www.sec.gov/Archives/edgar/data/318154/000031815421000034/amgn-20210630.htm,67.46,19.707096585234936,,1.4209328052657537,1.4209328052657537,7,ocf_to_net_income,3.7675,net_income_growth_yoy,-1.5305,assets_growth_yoy,-1.3766,robust_mcd,,,,,,,,,-0.7027025653846021,-1.3766497258519206,-1.5305167663205848,-0.48049156164072154,,-1.1589846894816132,-0.9297286163738345,3.7674557118069982,-0.7027025653846021,-1.3766497258519206,-1.5305167663205848,-0.48049156164072154,,-1.1589846894816132,-0.9297286163738345,3.7674557118069982,brick3_q_v2_robust_mahalanobis_clipped,2026-03-18T05:10:36.278770+00:00
AVGO,,,10-Q,2022-07-31,2022-09-08,https://www.sec.gov/Archives/edgar/data/1730168/000173016822000094/avgo-20220731.htm,67.39,19.674317535301203,4.275120503256956,0.7321076938952019,1.2669425767522646,4,debt_to_assets,2.8489,assets_growth_yoy,-0.8525,accrual_ratio,0.6919,robust_mcd,,,,,4.275120503256956,,,,,-0.8524751412485626,,,0.7095546175432037,,0.6919102573124457,-0.6744907594765952,,-0.8524751412485626,,,2.848894148971455,,0.6919102573124457,-0.6744907594765952,brick3_q_v2_robust_mahalanobis_clipped,2026-03-18T05:10:36.278770+00:00
MCHP,,,10-Q,2025-06-30,2025-08-07,https://www.sec.gov/Archives/edgar/data/827054/000082705425000133/mchp-20250630.htm,67.31,19.656965274667108,2.433516776867605,2.697880661972242,2.5392623309094597,5,ocf_to_net_income,-7.2783,net_income_growth_yoy,-2.427,assets_growth_yoy,-1.2926,robust_mcd,,-1.1805322792080777,-1.4268385576437321,,,2.0538719767861235,0.7091537723628994,-6.797187298337194,,-1.460677021829311,-3.927173342559894,,,0.020160742281228567,0.08139220319077481,-8.0,,-1.292590176256571,-2.426972471610197,,,1.2403874829841655,0.45804914469404956,-7.278312379002316,brick3_q_v2_robust_mahalanobis_clipped,2026-03-18T05:10:36.278770+00:00
TEAM,,,10-Q,2024-09-30,2024-11-01,https://www.sec.gov/Archives/edgar/data/1650372/000165037224000056/team-20240930.htm,67.23,19.64807811238277,,2.1517016840911207,2.1517016840911207,6,net_income_growth_yoy,-8.0,ocf_to_net_income,-1.7032,assets_growth_yoy,1.425,robust_mcd,,,,,,,,,,1.4250399174802555,-8.0,,0.8183444928905261,-0.8184073774042251,0.14524083488988299,-1.703177481881836,,1.4250399174802555,-8.0,,0.8183444928905261,-0.8184073774042251,0.14524083488988299,-1.703177481881836,brick3_q_v2_robust_mahalanobis_clipped,2026-03-18T05:10:36.278770+00:00
VRSK,,,10-Q,2024-03-31,2024-05-01,https://www.sec.gov/Archives/edgar/data/1442145/000143774924014064/vrsk20240331_10q.htm,67.15,19.63154633387155,3.0872033921304483,1.7570526111628635,2.524141703065959,6,net_income_growth_yoy,7.145,debt_to_assets,2.9898,equity_to_assets,-2.937,robust_mcd,,0.5311033057570549,8.0,,4.1246965486592355,-4.117732513957828,-1.3134025454554434,0.4362854389531286,,-0.23251032508091551,5.862410002104534,,1.2875098283763688,-1.1659638005884518,-1.4617820054270878,0.5321397053998242,,0.2256578534218667,7.144964000841814,,2.9898218605460887,-2.937025028610077,-1.3727543294441011,0.47462714553180685,brick3_q_v2_robust_mahalanobis_clipped,2026-03-18T05:10:36.278770+00:00
ZS,,,10-Q,2024-10-31,2024-12-05,https://www.sec.gov/Archives/edgar/data/1713683/000171368324000150/zs-20241031.htm,67.08,19.60223846479986,2.400614468703566,1.7814827451063033,1.9489520300693657,6,ocf_to_net_income,-8.0,equity_to_assets,1.2343,debt_to_assets,-1.0273,robust_mcd,,0.4863453728835903,0.35804246837630455,,-2.2969733017767617,2.2969733017767626,0.9653523674079788,-8.0,,0.6908583149766159,0.46796503669648754,,0.8773315544818954,-0.3596596579746177,-0.2930819065082043,-8.0,,0.5681505497208006,0.4020114957043778,,-1.0272513592732988,1.2343201178762104,0.4619786578415055,-8.0,brick3_q_v2_robust_mahalanobis_clipped,2026-03-18T05:10:36.278770+00:00
BKNG,,,10-Q,2023-09-30,2023-11-02,https://www.sec.gov/Archives/edgar/data/1075531/000107553123000061/bkng-20230930.htm,67.0,19.59625278625827,3.8140782688733657,1.5191833963483952,2.6849729803936366,4,equity_to_assets,-4.802,debt_to_assets,4.6953,assets_growth_yoy,0.8359,robust_mcd,-0.7038244648991347,0.9643542157699018,,,6.776613354786868,-6.811521040037558,,,2.0723397480717685,0.643164241721575,,,1.573400785108882,-1.7878288104913551,,,0.4066412202892266,0.8358782261505711,,,4.695328326915673,-4.8020441482190765,,,brick3_q_v2_robust_mahalanobis_clipped,2026-03-18T05:10:36.278770+00:00
ISRG,,,10-Q,2021-06-30,2021-07-21,https://www.sec.gov/Archives/edgar/data/1035267/000103526721000119/isrg-20210630.htm,66.92,19.58412468621917,,2.145974192177323,2.145974192177323,6,net_income_growth_yoy,8.0,equity_to_assets,2.2051,debt_to_assets,-1.5539,robust_mcd,,,,,,,,,,0.6802208266137526,8.0,,-1.5538979921547103,2.2050958723019844,-0.388525980808941,0.048104481184549866,,0.6802208266137526,8.0,,-1.5538979921547103,2.2050958723019844,-0.388525980808941,0.048104481184549866,brick3_q_v2_robust_mahalanobis_clipped,2026-03-18T05:10:36.278770+00:00
ALNY,,,10-Q,2024-09-30,2024-10-31,https://www.sec.gov/Archives/edgar/data/1178670/000117867024000053/alny-20240930.htm,66.85,19.49182302134236,2.7275287182922145,1.7042587779840173,2.2866334343017147,6,net_income_growth_yoy,-4.7756,ocf_to_net_income,-4.4692,accrual_ratio,-2.8159,robust_mcd,,0.8501696974227796,-4.386466136745684,,-0.07540672581370876,0.07540672581370897,-4.700316429008601,-6.277406594948807,,0.10985137117986583,-5.359232088255097,,1.4501422316839765,-1.5388561296984604,0.010684631563032985,-1.7567862155236724,,0.554042366925614,-4.775572517349449,,0.5348128571853654,-0.5702984163911587,-2.8159160047799476,-4.4691584431787525,brick3_q_v2_robust_mahalanobis_clipped,2026-03-18T05:10:36.278770+00:00
PYPL,,,10-Q,2022-09-30,2022-11-04,https://www.sec.gov/Archives/edgar/data/1633917/000163391722000167/pypl-20220930.htm,66.77,19.472462470050374,0.6338878637775288,0.3802657427848234,0.5134209388670425,8,net_margin,1.0478,net_income_growth_yoy,0.7687,assets_growth_yoy,-0.5657,robust_mcd,-0.3169981505008612,-0.9086362771290757,0.97886656019688,0.8902683590173859,0.39444102459380964,-0.3944410245938044,-0.5171842557670229,0.6702672584213909,0.0,-0.05130355849544964,0.45344143313202667,1.284203916575293,0.6360771525893693,-0.37118619027916494,0.19018076513404172,0.05573292607324212,-0.19019889030051673,-0.5657031896756253,0.7686965093709386,1.0478425820405488,0.4910954757920335,-0.3851390908679486,-0.234238247406597,0.4244535254821314,brick3_q_v2_robust_mahalanobis_clipped,2026-03-18T05:10:36.278770+00:00
INTC,,,10-Q,2023-09-30,2023-10-27,https://www.sec.gov/Archives/edgar/data/50863/000005086323000103/intc-20230930.htm,66.69,19.46773747331454,2.0589146855787996,2.148938414359546,1.9657461660058153,5,ocf_to_net_income,8.0,net_income_growth_yoy,-1.0643,assets_growth_yoy,-0.7496,robust_mcd,,-1.0577890239160364,-0.6744907594765952,,,-0.31627637475220144,-0.24601726974916713,8.0,,-0.2873850728964186,-1.6489984255833448,,,0.4753605661632509,0.33294800715471506,8.0,,-0.7496274435081892,-1.0642938259192951,,,0.0003784016139795343,-0.01443115898761424,8.0,brick3_q_v2_robust_mahalanobis_clipped,2026-03-18T05:10:36.278770+00:00
BKR,,,10-Q,2021-09-30,2021-10-22,https://www.sec.gov/Archives/edgar/data/1701605/000170160521000113/bkr-20210930.htm,66.62,19.465547538693347,,2.1954631140535175,2.1954631140535175,5,ocf_to_net_income,8.0,net_income_growth_yoy,1.8159,assets_growth_yoy,-1.0467,robust_mcd,,,,,,,,,,-1.0467473622137642,1.8159356373551336,,,0.0,0.11463257069868897,8.0,,-1.0467473622137642,1.8159356373551336,,,0.0,0.11463257069868897,8.0,brick3_q_v2_robust_mahalanobis_clipped,2026-03-18T05:10:36.278770+00:00
INTC,,,10-Q,2024-03-30,2024-04-26,https://www.sec.gov/Archives/edgar/data/50863/000005086324000076/intc-20240330.htm,66.54,19.42777939194368,2.454727965940239,1.9942275791996615,2.1444184069163117,5,net_income_growth_yoy,-8.0,accrual_ratio,1.0321,assets_growth_yoy,-0.8895,robust_mcd,,-2.008021067226105,-8.0,,,0.2660681677057268,1.0930723138268028,0.9064782809425596,,0.7881837770481004,-8.0,,,0.003577783353972093,0.9406117759071436,0.23876455968909127,,-0.8895391295164228,-8.0,,,0.16107201396502488,1.0320880986589391,0.6393927924411723,brick3_q_v2_robust_mahalanobis_clipped,2026-03-18T05:10:36.278770+00:00
MSFT,,,10-Q,2023-12-31,2024-01-30,https://www.sec.gov/Archives/edgar/data/789019/000095017024008814/msft-20231231.htm,66.46,19.39501582247531,2.4687112534723257,1.442727029877257,2.058317564034298,6,assets_growth_yoy,6.2834,accrual_ratio,2.2066,ocf_to_net_income,-1.8554,robust_mcd,,6.619792658845654,0.6080499066288527,,-0.9232055893601416,0.9232055893601435,3.095258559084066,-2.642755217555096,,5.778811952424999,0.4964855197725662,,-0.4884091973877745,0.3446191007791757,0.873545649422431,-0.6744907594765953,,6.283400376277392,0.5634241518863381,,-0.7492870325711947,0.6917709939277564,2.206573395219412,-1.8554494343236956,brick3_q_v2_robust_mahalanobis_clipped,2026-03-18T05:10:36.278770+00:00
DASH,,,10-Q,2023-09-30,2023-11-01,https://www.sec.gov/Archives/edgar/data/1792789/000162828023035973/dash-20230930.htm,66.38,19.359104684438826,1.981654199052455,2.0373341099301574,1.7980775315514226,6,ocf_to_net_income,-6.8565,accrual_ratio,-1.477,net_income_growth_yoy,1.2097,robust_mcd,,-0.7414222692359193,1.408888672033948,,1.082686730983407,-1.06795200048476,-1.4948117603867614,-6.094163761189935,,-0.3190172644719471,0.9108595428291515,,-0.6030850411862091,0.9407796977046406,-1.4502631133889976,-8.0,,-0.5724602673303304,1.2096770203520295,,0.4083780221155605,-0.26445932120899973,-1.4769923015876558,-6.8564982567139605,brick3_q_v2_robust_mahalanobis_clipped,2026-03-18T05:10:36.278770+00:00
AMGN,,,10-Q,2025-03-31,2025-05-02,https://www.sec.gov/Archives/edgar/data/318154/000031815425000020/amgn-20250331.htm,66.31,19.236334341406756,2.2865350157027557,2.3494532639765686,2.311702315012281,5,net_income_growth_yoy,8.0,ocf_to_net_income,-1.0925,accrual_ratio,1.0307,robust_mcd,,-0.8967735327434995,8.0,,,-0.03059897868471598,1.1543479525703615,-1.350954614515203,,-0.9440909100967552,8.0,,,-1.253156977425984,0.8451203104598987,-0.7048981219002066,,-0.9157004836848017,8.0,,,-0.5196221781812232,1.0306568957261764,-1.0925320174692044,brick3_q_v2_robust_mahalanobis_clipped,2026-03-18T05:10:36.278770+00:00
ROST,,,10-Q,2023-07-29,2023-09-06,https://www.sec.gov/Archives/edgar/data/745732/000074573223000059/rost-20230729.htm,66.23,19.172854081282665,0.39073955963816703,3.3348981518953194,1.3761132986074252,5,assets_growth_yoy,3.2,equity_to_assets,-2.7193,accrual_ratio,-0.3535,robust_mcd,,0.0,0.0,,,0.8012070747233444,-0.5892132079371348,0.563277515530356,,8.0,0.6744907594765952,,,-8.0,0.0,0.0,,3.2,0.26979630379063807,,,-2.7192757551659934,-0.3535279247622809,0.3379665093182136,brick3_q_v2_robust_mahalanobis_clipped,2026-03-18T05:10:36.278770+00:00
CTSH,,,10-Q,2024-03-31,2024-05-02,https://www.sec.gov/Archives/edgar/data/1058290/000105829024000116/ctsh-20240331.htm,66.15,19.12623461805477,0.8237310559536769,1.059166904426632,0.9165654872337468,8,accrual_ratio,1.4035,equity_to_assets,1.3905,debt_to_assets,-1.317,robust_mcd,-0.7941578044112506,-0.39818255436204003,-0.5025434210357165,-0.008932720727414592,-1.5192846883368603,1.5192846883368603,0.8966182131958768,-0.9508443572233961,-0.7578291965099344,-0.8602939245820803,-0.3286288209181163,0.5850260788154313,-1.013613272300445,1.1974016632224769,2.1637240674764344,-1.5668182115881366,-0.7796263612507242,-0.5830271024500562,-0.43297758098867645,0.2286507990897238,-1.317016121922294,1.390531478291107,1.4034605549080998,-1.1972338989692923,brick3_q_v2_robust_mahalanobis_clipped,2026-03-18T05:10:36.278770+00:00
AEP,,,10-Q,2022-09-30,2022-10-27,https://www.sec.gov/Archives/edgar/data/4904/000000490422000093/aep-20220930.htm,66.08,19.059053699545355,1.528784705512177,0.5961874575395523,0.8347383536837197,7,ocf_to_net_income,2.2013,assets_growth_yoy,-1.823,revenue_growth_yoy,0.7614,robust_mcd,0.9454341741945836,-3.1914021507505117,,,-0.957898424226116,1.0204040728774963,,,0.48528308589947655,0.22964560089336886,,0.26260807007156545,0.6224107629104528,-0.3679844709678684,-0.004052854122306603,2.201327357911827,0.7613737388765408,-1.8229830500929594,,0.26260807007156545,-0.32577474937148854,0.46504865533935047,-0.004052854122306603,2.201327357911827,brick3_q_v2_robust_mahalanobis_clipped,2026-03-18T05:10:36.278770+00:00
ORLY,,,10-Q,2022-09-30,2022-11-08,https://www.sec.gov/Archives/edgar/data/898173/000089817322000049/orly-20220930x10q.htm,66.0,18.983675080163806,1.6071387694414372,0.8705031039201657,1.3066340387065762,5,equity_to_assets,-2.8325,accrual_ratio,-1.8145,ocf_to_net_income,1.1638,robust_mcd,,1.082417784111467,-0.10522288772430008,,,-3.656509625667312,-1.4933685019919067,1.6981750477122006,,0.06101386026135969,0.036565403289701544,,,-1.5965695094200867,-2.2961313336626223,0.3622354129670577,,0.6738562145714241,-0.04850757131869942,,,-2.832533579168422,-1.8144736346601928,1.1637991938141434,brick3_q_v2_robust_mahalanobis_clipped,2026-03-18T05:10:36.278770+00:00
GOOG,,,10-Q,2025-03-31,2025-04-25,https://www.sec.gov/Archives/edgar/data/1652044/000165204425000043/goog-20250331.htm,65.88,18.902471539204402,1.2909844662506866,0.6209259284826502,0.9756909518781689,8,assets_growth_yoy,2.0625,equity_to_assets,1.1115,debt_to_assets,-1.0431,robust_mcd,,2.890975316574518,0.8495664124857554,1.171296549202653,-1.130587607873688,1.1305876078736903,0.9175277236367018,-0.9463500461078006,0.6607164760466439,0.8197269835069323,0.6948898905966334,0.0,-0.9117882216567164,1.0828849904105224,0.3950409597799827,-0.4023599058637703,0.6607164760466439,2.0624759833474835,0.7876958037301065,0.7027779295215918,-1.0430678533868993,1.1115065608884231,0.7085330180940141,-0.7287539900101885,brick3_q_v2_robust_mahalanobis_clipped,2026-03-18T05:10:36.278770+00:00
GOOGL,,,10-Q,2025-03-31,2025-04-25,https://www.sec.gov/Archives/edgar/data/1652044/000165204425000043/goog-20250331.htm,65.88,18.902471539204402,1.2909844662506866,0.6209259284826502,0.9756909518781689,8,assets_growth_yoy,2.0625,equity_to_assets,1.1115,debt_to_assets,-1.0431,robust_mcd,,2.890975316574518,0.8495664124857554,1.171296549202653,-1.130587607873688,1.1305876078736903,0.9175277236367018,-0.9463500461078006,0.6607164760466439,0.8197269835069323,0.6948898905966334,0.0,-0.9117882216567164,1.0828849904105224,0.3950409597799827,-0.4023599058637703,0.6607164760466439,2.0624759833474835,0.7876958037301065,0.7027779295215918,-1.0430678533868993,1.1115065608884231,0.7085330180940141,-0.7287539900101885,brick3_q_v2_robust_mahalanobis_clipped,2026-03-18T05:10:36.278770+00:00
CMCSA,,,10-Q,2023-09-30,2023-10-26,https://www.sec.gov/Archives/edgar/data/1166691/000116669123000040/cmcsa-20230930.htm,65.77,18.769194346594563,1.7828891035966472,0.8950332195270174,1.3703236393908784,7,net_income_growth_yoy,5.0043,ocf_to_net_income,1.4875,equity_to_assets,-1.1968,robust_mcd,-0.28815227453647874,0.7050524354107569,6.4853253586281685,0.6196063868771128,,-1.715337514007853,-0.9326932799277275,1.7340564757884331,-0.6084053113201107,-0.5024522175567742,2.782712969754942,0.4587158957096464,,-0.4189072388250111,-0.37646649142951666,1.1175724120931212,-0.41625348924993155,0.22205057422374447,5.004280403078878,0.5552501904101262,,-1.1967654039347162,-0.7102025645284431,1.4874628503103084,brick3_q_v2_robust_mahalanobis_clipped,2026-03-18T05:10:36.278770+00:00
AVGO,,,10-Q,2023-07-30,2023-09-06,https://www.sec.gov/Archives/edgar/data/1730168/000173016823000077/avgo-20230730.htm,65.69,18.768155513380332,2.3098751523702745,0.8370004759013338,1.2277032204657548,5,accrual_ratio,-4.5302,debt_to_assets,1.1608,assets_growth_yoy,-0.2698,robust_mcd,,0.0,,,0.4936420542569073,,-8.0,0.7458585552241908,,-0.6744907594765952,0.0,,2.1615301010768833,,0.6744907594765952,-0.6744907594765952,,-0.26979630379063807,0.0,,1.1607972729848977,,-4.5302036962093615,0.1777188293438764,brick3_q_v2_robust_mahalanobis_clipped,2026-03-18T05:10:36.278770+00:00
SNPS,,,10-Q,2022-07-31,2022-08-19,https://www.sec.gov/Archives/edgar/data/883241/000088324122000014/snps-20220731.htm,65.61,18.680032318823624,1.3045019589158444,0.6616156243518208,0.8063763691389156,8,assets_growth_yoy,-1.3131,ocf_to_net_income,1.0907,net_income_growth_yoy,-0.8221,robust_mcd,,-2.1884433932100036,-1.3807597254584563,-0.2686236700035339,1.5949821515448588,-1.861580487131443,-0.835682329726743,1.0014419553358718,0.6744907594765952,0.0,0.015988550318405865,-0.6744907594765953,-0.9825394455112817,0.9386741641040677,-0.7821730758045176,1.2245682401231024,0.6744907594765952,-1.313066035926002,-0.8220604151477113,-0.4309705057927584,0.5639735127224025,-0.7414786266372387,-0.8142786281578528,1.090692469250764,brick3_q_v2_robust_mahalanobis_clipped,2026-03-18T05:10:36.278770+00:00
QCOM,,,10-Q,2024-12-29,2025-02-05,https://www.sec.gov/Archives/edgar/data/804328/000080432825000011/qcom-20241229.htm,65.54,18.595632174103176,0.8785437645363166,0.4817791139118538,0.7198379042865314,7,assets_growth_yoy,-1.2145,debt_to_assets,-0.8483,accrual_ratio,0.8403,robust_mcd,0.5068102119828596,-2.0241738062852686,-0.40873778630601687,0.6507936972708132,-0.9642333855353048,,0.950797962718261,-0.644259501655692,0.6744907594765954,0.0,0.0,0.6744907594765952,-0.6744907594765952,,0.6744907594765952,-0.6744907594765952,0.5738824309803539,-1.214504283771161,-0.24524267178361012,0.6602725221531259,-0.8483363351118209,,0.8402750814215947,-0.6563520047840532,brick3_q_v2_robust_mahalanobis_clipped,2026-03-18T05:10:36.278770+00:00
PYPL,,,10-Q,2024-09-30,2024-10-29,https://www.sec.gov/Archives/edgar/data/1633917/000163391724000110/pypl-20240930.htm,65.46,18.593416123725792,1.3286559718303388,0.3378027201712104,0.9238602177692227,8,ocf_to_net_income,1.8996,debt_to_assets,1.3754,equity_to_assets,-1.3691,robust_mcd,-1.3702205804965581,0.4792195093547484,-0.2171483576881528,-0.24349066437474284,1.822240961631362,-1.822240961631372,-2.0086124169439588,2.666074322521817,-0.0636740286364488,0.0809896298134711,-0.3093487405844641,0.08454453397464755,0.7051721289560414,-0.6893551770172838,-0.019488013871119966,0.749849508516206,-0.8476019597525144,0.3199275575382375,-0.2540285108466773,-0.11227658503498666,1.3754134285612336,-1.3690866477857366,-1.2129626557148232,1.8995843969195725,brick3_q_v2_robust_mahalanobis_clipped,2026-03-18T05:10:36.278770+00:00
NVDA,,,10-Q,2021-05-02,2021-05-26,https://www.sec.gov/Archives/edgar/data/1045810/000104581021000064/nvda-20210502.htm,65.34,18.449409090889915,,0.7777659324852358,0.7777659324852358,8,assets_growth_yoy,1.5007,revenue_growth_yoy,0.6745,net_income_growth_yoy,-0.6745,robust_mcd,,,,,,,,,0.6744907594765952,1.500692143545721,-0.6744907594765952,0.6744907594765952,-0.6744907594765952,0.6744907594765949,0.6744907594765952,-0.6744907594765951,0.6744907594765952,1.500692143545721,-0.6744907594765952,0.6744907594765952,-0.6744907594765952,0.6744907594765949,0.6744907594765952,-0.6744907594765951,brick3_q_v2_robust_mahalanobis_clipped,2026-03-18T05:10:36.278770+00:00
NVDA,,,10-Q,2021-08-01,2021-08-20,https://www.sec.gov/Archives/edgar/data/1045810/000104581021000131/nvda-20210801.htm,65.34,18.449409090889915,,0.777765932485236,0.777765932485236,8,assets_growth_yoy,1.5007,ocf_to_net_income,-0.6745,revenue_growth_yoy,0.6745,robust_mcd,,,,,,,,,0.6744907594765952,1.500692143545721,-0.6744907594765952,0.6744907594765952,-0.6744907594765952,0.6744907594765945,0.6744907594765952,-0.6744907594765958,0.6744907594765952,1.500692143545721,-0.6744907594765952,0.6744907594765952,-0.6744907594765952,0.6744907594765945,0.6744907594765952,-0.6744907594765958,brick3_q_v2_robust_mahalanobis_clipped,2026-03-18T05:10:36.278770+00:00
WBD,,,10-Q,2021-09-30,2021-11-03,https://www.sec.gov/Archives/edgar/data/1437107/000143710721000183/disca-20210930.htm,65.23,18.42625025645988,,1.1684356649675143,1.1684356649675143,8,ocf_to_net_income,5.7664,net_income_growth_yoy,-1.694,net_margin,-0.6327,robust_mcd,,,,,,,,,0.1604855162190467,-0.49808427551940715,-1.6939991505358856,-0.6327416910412134,0.26980811093459495,-0.2922136628885898,-0.03377942784309855,5.766373484758278,0.1604855162190467,-0.49808427551940715,-1.6939991505358856,-0.6327416910412134,0.26980811093459495,-0.2922136628885898,-0.03377942784309855,5.766373484758278,brick3_q_v2_robust_mahalanobis_clipped,2026-03-18T05:10:36.278770+00:00
AMAT,,,10-Q,2024-01-28,2024-02-27,https://www.sec.gov/Archives/edgar/data/6951/000000695124000012/amat-20240128.htm,65.15,18.35102978562449,2.416760788871288,,2.416760788871288,6,debt_to_assets,-4.2387,equity_to_assets,4.2387,assets_growth_yoy,-3.6508,robust_mcd,,-3.650843034612218,-0.720362121106157,,-4.2387432194745855,4.238743219474578,0.8078961306805519,-0.8439770078796375,,,,,,,,,,-3.650843034612218,-0.720362121106157,,-4.2387432194745855,4.238743219474578,0.8078961306805519,-0.8439770078796375,brick3_q_v2_robust_mahalanobis_clipped,2026-03-18T05:10:36.278770+00:00
WDC,,,10-Q,2022-04-01,2022-05-04,https://www.sec.gov/Archives/edgar/data/106040/000010604022000040/wdc-20220401.htm,65.07,18.332927587663118,4.814031657659445,0.6744907594765953,2.240375017486189,6,ocf_to_net_income,5.0698,accrual_ratio,-4.5302,debt_to_assets,-1.2466,robust_mcd,,,,,-1.6280633153188924,1.628063315318889,-8.0,8.0,,0.6744907594765951,-0.6744907594765953,,-0.6744907594765952,0.6744907594765953,0.6744907594765954,0.6744907594765952,,0.6744907594765951,-0.6744907594765953,,-1.2466342929819734,1.2466342929819714,-4.5302036962093615,5.069796303790638,brick3_q_v2_robust_mahalanobis_clipped,2026-03-18T05:10:36.278770+00:00
WMT,,,10-Q,2024-04-30,2024-06-07,https://www.sec.gov/Archives/edgar/data/104169/000010416924000105/wmt-20240430.htm,65.0,18.325383158878513,,0.7645791608443286,0.7645791608443286,7,accrual_ratio,1.0815,assets_growth_yoy,-1.0281,ocf_to_net_income,-0.9196,robust_mcd,,,,,,,,,-0.674490759476595,-1.0280990570605275,0.8198911801923504,-0.6744907594765951,,-0.1540459192999216,1.0814617940005993,-0.9195746564037117,-0.674490759476595,-1.0280990570605275,0.8198911801923504,-0.6744907594765951,,-0.1540459192999216,1.0814617940005993,-0.9195746564037117,brick3_q_v2_robust_mahalanobis_clipped,2026-03-18T05:10:36.278770+00:00
PANW,,,10-Q,2022-04-30,2022-05-20,https://www.sec.gov/Archives/edgar/data/1327567/000132756722000016/panw-20220430.htm,64.92,18.30387899957817,2.1731218334729263,1.8025367079734138,2.016269862925499,6,ocf_to_net_income,-6.3425,debt_to_assets,1.6104,accrual_ratio,-1.3962,robust_mcd,,-0.582184144158266,1.6903564673054876,,1.3397734277330584,-1.055828390728926,-1.2929900559383485,-7.07759851497347,,0.0646344026071675,0.6615187073439128,,2.016285836372488,-1.2819977562305822,-1.551019106167542,-5.23976443911879,,-0.3234567254520926,1.2788213633208576,,1.6103783911888303,-1.1462961369295885,-1.3962016760300258,-6.342464884631598,brick3_q_v2_robust_mahalanobis_clipped,2026-03-18T05:10:36.278770+00:00
AXON,,,10-Q,2021-09-30,2021-11-15,https://www.sec.gov/Archives/edgar/data/1069183/000155837021016019/axon-20210930x10q.htm,64.84,18.300220780366985,,2.1395285278670593,2.1395285278670593,6,net_income_growth_yoy,8.0,assets_growth_yoy,1.591,equity_to_assets,1.4438,robust_mcd,,,,,,,,,,1.590985031926975,8.0,,-0.963521774462175,1.4438458171009396,0.25130496778859074,-0.5875135759236743,,1.590985031926975,8.0,,-0.963521774462175,1.4438458171009396,0.25130496778859074,-0.5875135759236743,brick3_q_v2_robust_mahalanobis_clipped,2026-03-18T05:10:36.278770+00:00
VRSK,,,10-Q,2022-06-30,2022-08-02,https://www.sec.gov/Archives/edgar/data/1442145/000143774922018437/vrsk20220630_10q.htm,64.76,18.029215195633526,3.7816605813670434,0.6335717833172413,2.5224250621471227,6,debt_to_assets,4.9904,equity_to_assets,-4.8775,assets_growth_yoy,-1.8263,robust_mcd,,-2.5872872987965843,1.4973005780395188,,8.0,-8.0,1.1046236560107539,-1.5007519553554016,,-0.684846507659092,0.3929812775105975,,0.4758893496570586,-0.19377992343959563,1.5561341897990508,-0.49779945183805385,,-1.8263109823415873,1.0555728578279502,,4.9903557398628235,-4.877511969375838,1.2852278695260728,-1.0995709539484626,brick3_q_v2_robust_mahalanobis_clipped,2026-03-18T05:10:36.278770+00:00
BKR,,,10-Q,2023-09-30,2023-10-26,https://www.sec.gov/Archives/edgar/data/1701605/000170160523000078/bkr-20230930.htm,64.69,18.024943493133243,2.8165101857069823,1.7450475187238392,2.3641007552914624,5,net_income_growth_yoy,8.0,assets_growth_yoy,2.0136,accrual_ratio,-0.9145,robust_mcd,,3.2649695061614064,8.0,,,-0.06629381496122504,-1.6233988017285985,1.1278888056836798,,0.1365397371288279,8.0,,,-0.014279732183454278,0.14890227263914113,0.42551585166777256,,2.0135975985483747,8.0,,,-0.04548818185011673,-0.9144783719815026,0.8469396240773169,brick3_q_v2_robust_mahalanobis_clipped,2026-03-18T05:10:36.278770+00:00
CEG,,,10-Q,2024-09-30,2024-11-04,https://www.sec.gov/Archives/edgar/data/1868275/000186827524000069/ceg-20240930.htm,64.61,17.99960808434243,0.6788801447344786,1.0495650695665524,0.6408770095373135,8,accrual_ratio,1.2828,net_margin,0.9781,ocf_to_net_income,-0.6851,robust_mcd,0.4216900443362878,1.1532095225348096,0.03586871470343017,1.001654561785148,-0.9680339345568518,0.9945600988439323,0.7015885905025117,0.15443569061285647,0.14820841534865853,-0.2657423482322105,1.575389172523704,0.9427478932739005,0.6794050547116937,-0.6859701124367554,2.1546114893243127,-1.9444460706811835,0.31229739274123614,0.5856287742280015,0.6516768978315397,0.978091894380649,-0.30905833884943357,0.3223480143316571,1.2827977500312322,-0.6851170139047595,brick3_q_v2_robust_mahalanobis_clipped,2026-03-18T05:10:36.278770+00:00
MDLZ,,,10-Q,2024-09-30,2024-10-29,https://www.sec.gov/Archives/edgar/data/1103982/000110398224000104/mdlz-20240930.htm,64.53,17.964907133133718,0.8470935343928419,0.43284513965384447,0.656125269307752,8,ocf_to_net_income,0.8456,revenue_growth_yoy,-0.8402,accrual_ratio,-0.7576,robust_mcd,-0.9700741814081211,-0.5469315137640328,-0.389454058853178,-0.31688541708352624,0.9441076051439414,-0.9910268367115339,-1.4311607695227158,1.187107892655686,-0.6453755721881838,-0.6727829955946155,-0.6661813714652115,-0.48294285080923427,0.24401615522903136,-0.16535349605183444,0.2526890718949099,0.3334196039977348,-0.8401947377201461,-0.5972721064962659,-0.5001449838979914,-0.38330839057380944,0.6640710251779773,-0.660757500447654,-0.7576208329556655,0.8456325771925055,brick3_q_v2_robust_mahalanobis_clipped,2026-03-18T05:10:36.278770+00:00
IDXX,,,10-Q,2022-06-30,2022-08-02,https://www.sec.gov/Archives/edgar/data/874716/000087471622000033/idxx-20220630.htm,64.46,17.96340618244312,3.43132263542654,0.5181964045886115,2.1976482701901223,6,debt_to_assets,5.1783,equity_to_assets,-5.0698,net_income_growth_yoy,-1.4244,robust_mcd,,-2.297895871088547,-2.062892263241145,,8.0,-8.0,-0.0221431268845173,0.20500455134503193,,0.3188593816322336,-0.4666228089602036,,0.945759555622746,-0.6744907594765952,0.5423409470395517,-0.1611049748003385,,-1.2511937700002347,-1.4243844815287685,,5.178303822249099,-5.069796303790638,0.2036505026851103,0.05856074088688375,brick3_q_v2_robust_mahalanobis_clipped,2026-03-18T05:10:36.278770+00:00
GILD,,,10-Q,2021-09-30,2021-11-03,https://www.sec.gov/Archives/edgar/data/882095/000088209521000029/gild-20210930.htm,64.38,17.896217252046103,,1.8561180870567462,1.8561180870567462,5,net_income_growth_yoy,8.0,accrual_ratio,-0.7411,equity_to_assets,-0.3863,robust_mcd,,,,,,,,,,0.11140358228622935,8.0,,,-0.3863132874107305,-0.74109363022171,-0.04177993536506052,,0.11140358228622935,8.0,,,-0.3863132874107305,-0.74109363022171,-0.04177993536506052,brick3_q_v2_robust_mahalanobis_clipped,2026-03-18T05:10:36.278770+00:00
VRTX,,,10-Q,2024-09-30,2024-11-05,https://www.sec.gov/Archives/edgar/data/875320/000087532024000223/vrtx-20240930.htm,64.3,17.87837814669486,3.839427997946263,1.2236271925707476,2.559768854506014,6,debt_to_assets,3.8395,equity_to_assets,-3.7507,accrual_ratio,2.8365,robust_mcd,,-3.0273874987365854,-0.4237241215403078,,6.908450811629738,-6.908450811629693,2.8287844149333288,-2.939770329207925,,-0.6229418966678131,-0.2527550302838133,,-0.7640357848171111,0.9860053748582105,2.8480144377734615,-1.8680106310240758,,-2.0656092579090766,-0.35533648503771,,3.839456173050998,-3.7506683370345315,2.8364764240693816,-2.5110664499343853,brick3_q_v2_robust_mahalanobis_clipped,2026-03-18T05:10:36.278770+00:00
MAR,,,10-Q,2024-03-31,2024-05-01,https://www.sec.gov/Archives/edgar/data/1048286/000162828024019494/mar-20240331.htm,64.23,17.788996219471233,0.942905624790007,0.47134764005561297,0.6644901939758058,7,equity_to_assets,-2.0785,net_income_growth_yoy,-0.8931,net_margin,-0.6799,robust_mcd,-0.545366157128354,1.0918996763935187,-0.9954927181855558,-1.1692616687355397,,-2.391848814074744,0.3174949059252795,-0.08897543308705703,-0.04059152942950266,-0.6322005395330923,-0.7393900979452908,0.054261622017125956,,-1.6084916989588387,0.12527808100177704,0.09921991150366359,-0.3434563060488135,0.40225959002287426,-0.8930516700894499,-0.6798523524344734,,-2.0785059680283817,0.24060817595587852,-0.013697295250768779,brick3_q_v2_robust_mahalanobis_clipped,2026-03-18T05:10:36.278770+00:00
INTC,,,10-Q,2024-06-29,2024-08-02,https://www.sec.gov/Archives/edgar/data/50863/000005086324000124/intc-20240629.htm,64.15,17.749317375026582,2.440995708412919,2.152978320073803,2.1996793487495765,5,net_income_growth_yoy,-8.0,ocf_to_net_income,-1.315,assets_growth_yoy,-0.8895,robust_mcd,,-2.008021067226105,-8.0,,,0.571641665326103,0.3274770112688741,-1.2978387982435133,,0.7881837770481004,-8.0,,,0.019527312458522367,0.6163711062792611,-1.3408094045831305,,-0.8895391295164228,-8.0,,,0.3507959241790708,0.4430346492730289,-1.3150270407793603,brick3_q_v2_robust_mahalanobis_clipped,2026-03-18T05:10:36.278770+00:00
ZS,,,10-Q,2024-04-30,2024-06-07,https://www.sec.gov/Archives/edgar/data/1713683/000171368324000075/zs-20240430.htm,64.07,17.592738363132092,2.457703857951788,2.069204902750857,2.072515758080998,6,ocf_to_net_income,8.0,accrual_ratio,-1.732,net_income_growth_yoy,1.1335,robust_mcd,,1.055045199356026,1.6700774598689974,,-1.130083335830427,1.1300833358304294,-1.760933816824846,8.0,,0.6744907594765952,0.32860484330099493,,1.2062832622401298,-0.5171306211879989,-1.6887199302994227,8.0,,0.9028234234042536,1.1334884132417962,,-0.19553669660220419,0.4711977530230581,-1.7320482622146767,8.0,brick3_q_v2_robust_mahalanobis_clipped,2026-03-18T05:10:36.278770+00:00
MCHP,,,10-Q,2024-12-31,2025-02-06,https://www.sec.gov/Archives/edgar/data/827054/000082705425000019/mchp-20241231.htm,63.99,17.584225117902474,2.0222282044750255,2.2528736024595775,2.1144863636688465,5,ocf_to_net_income,-7.4898,net_income_growth_yoy,-2.2078,assets_growth_yoy,-0.6706,robust_mcd,,-0.6679508361130033,-1.9531273391335526,,,-0.17129593072160967,0.1690487616986541,-7.1497181547083075,,-0.6744907594765952,-2.5898772528212928,,,0.0,0.0,-8.0,,-0.67056680545844,-2.2078273046086485,,,-0.10277755843296581,0.10142925701919246,-7.489830892824984,brick3_q_v2_robust_mahalanobis_clipped,2026-03-18T05:10:36.278770+00:00
WDC,,,10-Q,2021-12-31,2022-02-03,https://www.sec.gov/Archives/edgar/data/106040/000010604022000018/wdc-20211231.htm,63.92,17.546011209848526,,1.5802975302517746,1.5802975302517746,6,net_income_growth_yoy,8.0,assets_growth_yoy,-0.8941,equity_to_assets,0.3345,robust_mcd,,,,,,,,,,-0.8941048246861045,8.0,,0.0,0.3345391525184143,0.22190425960347468,0.03123694470265282,,-0.8941048246861045,8.0,,0.0,0.3345391525184143,0.22190425960347468,0.03123694470265282,brick3_q_v2_robust_mahalanobis_clipped,2026-03-18T05:10:36.278770+00:00
MELI,,,10-Q,2021-06-30,2021-08-05,https://www.sec.gov/Archives/edgar/data/1099590/000156276221000313/meli-20210630x10q.htm,63.84,17.47956770542613,,0.9749392151855103,0.9749392151855103,7,equity_to_assets,-1.7337,debt_to_assets,1.6748,accrual_ratio,1.1102,robust_mcd,,,,,,,,,,0.05446616829610132,-0.2585264780075078,-0.9415500266582939,1.6747732359964163,-1.7337303550295158,1.1101860135948358,-1.0513422287159016,,0.05446616829610132,-0.2585264780075078,-0.9415500266582939,1.6747732359964163,-1.7337303550295158,1.1101860135948358,-1.0513422287159016,brick3_q_v2_robust_mahalanobis_clipped,2026-03-18T05:10:36.278770+00:00
TSLA,,,10-Q,2025-09-30,2025-10-23,https://www.sec.gov/Archives/edgar/data/1318605/000162828025045968/tsla-20250930.htm,63.76,17.331235709378234,1.523364953640845,0.8454194084871729,1.2103572217248721,8,ocf_to_net_income,2.885,assets_growth_yoy,-2.564,net_income_growth_yoy,-0.8572,robust_mcd,-0.5175983129963395,-4.491353829736546,-0.5106837380415591,-0.904036068648966,-0.8669512953734881,0.8685434009751241,-1.1565422787511928,2.8712107046035427,0.09130838789489512,0.32698675065014315,-1.377043551295113,-0.7560360265145857,-0.5352575171401608,0.5308722255021872,-0.24009190863773455,2.9057589002625637,-0.27403563263984565,-2.5640175975818704,-0.8572276633429806,-0.8448360517952139,-0.7342737840801572,0.7334749307859493,-0.7899621307058095,2.885029982867151,brick3_q_v2_robust_mahalanobis_clipped,2026-03-18T05:10:36.278770+00:00
MAR,,,10-Q,2025-03-31,2025-05-06,https://www.sec.gov/Archives/edgar/data/1048286/000162828025022485/mar-20250331.htm,63.69,17.196965309270652,0.8558243841983787,0.6028630454739401,0.66167343391727,7,equity_to_assets,-2.251,accrual_ratio,0.7565,revenue_growth_yoy,-0.5624,robust_mcd,-0.7107786355866202,0.6410430549591468,-0.23322560146619947,-0.5643597940006996,,-2.469734028183716,0.8276917464090682,-0.5439378287831999,-0.33973194179199556,-0.3133901075426316,0.1763060102528883,0.3237600116286449,,-1.922921062870069,0.6496753545648621,-0.4942568296664889,-0.5623599580687704,0.2592697899584354,-0.06941295677856434,-0.2091118717489618,,-2.2510088420582575,0.7564851896713858,-0.5240654291365154,brick3_q_v2_robust_mahalanobis_clipped,2026-03-18T05:10:36.278770+00:00
ALNY,,,10-Q,2024-06-30,2024-08-01,https://www.sec.gov/Archives/edgar/data/1178670/000117867024000041/alny-20240630.htm,63.61,17.19256500367422,2.553913614801212,1.6599476323186826,2.1457196018232474,6,ocf_to_net_income,-6.1675,net_income_growth_yoy,2.3949,assets_growth_yoy,1.9374,robust_mcd,,2.655907535441956,2.499696607428446,,0.1230411056102839,-0.1230411056102842,-1.9217953347163022,-8.0,,0.8596694656633126,2.2378066604484133,,1.4685029624946282,-1.5953213446733276,0.37955714988714734,-3.4188282107452665,,1.9374123075304985,2.3949406286364328,,0.6612258483640217,-0.7119532012355017,-1.0012543408749222,-6.167531284298106,brick3_q_v2_robust_mahalanobis_clipped,2026-03-18T05:10:36.278770+00:00
ZS,,,10-Q,2021-01-31,2021-03-04,https://www.sec.gov/Archives/edgar/data/1713683/000171368321000037/zs-20210131.htm,63.53,17.093744770342894,,1.8684603563627176,1.8684603563627176,6,assets_growth_yoy,5.9757,equity_to_assets,-1.5439,ocf_to_net_income,-0.9917,robust_mcd,,,,,,,,,,5.97569419852126,-0.8506636607932477,,0.8857338693272534,-1.5439248404028008,-0.9630610548620707,-0.9916845142696723,,5.97569419852126,-0.8506636607932477,,0.8857338693272534,-1.5439248404028008,-0.9630610548620707,-0.9916845142696723,brick3_q_v2_robust_mahalanobis_clipped,2026-03-18T05:10:36.278770+00:00
VRSK,,,10-Q,2022-09-30,2022-11-01,https://www.sec.gov/Archives/edgar/data/1442145/000143774922025374/vrsk20220930_10q.htm,63.45,17.06681496492016,3.2093297745939933,0.5836296910391341,2.125628784026673,6,debt_to_assets,5.026,equity_to_assets,-4.9214,assets_growth_yoy,-1.9873,robust_mcd,,-2.590102295607654,-0.4987715662294261,,8.0,-8.0,-0.09635935929220252,0.07074542643468017,,-1.083038691600644,-0.22202841316074223,,0.564876289446259,-0.3035722724049849,0.769029336425814,-0.5592331431963603,,-1.9872768540048498,-0.38807430500195256,,5.025950515778503,-4.921428908961993,0.2497961189950041,-0.18124600141773603,brick3_q_v2_robust_mahalanobis_clipped,2026-03-18T05:10:36.278770+00:00
AMAT,,,10-Q,2021-05-02,2021-05-27,https://www.sec.gov/Archives/edgar/data/6951/000000695121000023/amat-20210502.htm,63.34,17.03505205446325,,0.5058680696074465,0.5058680696074465,8,equity_to_assets,-0.6745,ocf_to_net_income,0.6745,revenue_growth_yoy,-0.6745,robust_mcd,,,,,,,,,-0.6744907594765952,0.0,0.6744907594765952,-0.6744907594765952,0.0,-0.6744907594765955,-0.6744907594765951,0.6744907594765954,-0.6744907594765952,0.0,0.6744907594765952,-0.6744907594765952,0.0,-0.6744907594765955,-0.6744907594765951,0.6744907594765954,brick3_q_v2_robust_mahalanobis_clipped,2026-03-18T05:10:36.278770+00:00
AMAT,,,10-Q,2021-08-01,2021-08-26,https://www.sec.gov/Archives/edgar/data/6951/000000695121000034/amat-20210801.htm,63.34,17.03505205446325,,0.5058680696074465,0.5058680696074465,8,equity_to_assets,-0.6745,revenue_growth_yoy,-0.6745,net_income_growth_yoy,0.6745,robust_mcd,,,,,,,,,-0.6744907594765952,0.0,0.6744907594765952,-0.6744907594765952,0.0,-0.6744907594765959,-0.6744907594765952,0.6744907594765948,-0.6744907594765952,0.0,0.6744907594765952,-0.6744907594765952,0.0,-0.6744907594765959,-0.6744907594765952,0.6744907594765948,brick3_q_v2_robust_mahalanobis_clipped,2026-03-18T05:10:36.278770+00:00
EA,,,10-Q,2021-06-30,2021-08-10,https://www.sec.gov/Archives/edgar/data/712515/000071251521000118/ea-20210630.htm,63.22,17.02411614711315,,0.8480224228591444,0.8480224228591444,8,accrual_ratio,1.5705,ocf_to_net_income,-1.431,net_income_growth_yoy,-1.1297,robust_mcd,,,,,,,,,-0.6462789535685884,0.06805317423030866,-1.1296801337565456,0.413321625486268,-0.5245870062203078,1.000738884405717,1.5705327851136008,-1.4309868200918183,-0.6462789535685884,0.06805317423030866,-1.1296801337565456,0.413321625486268,-0.5245870062203078,1.000738884405717,1.5705327851136008,-1.4309868200918183,brick3_q_v2_robust_mahalanobis_clipped,2026-03-18T05:10:36.278770+00:00
CSGP,,,10-Q,2025-09-30,2025-10-29,https://www.sec.gov/Archives/edgar/data/1057352/000105735225000120/csgp-20250930.htm,63.15,17.018437133699216,3.081502709790666,2.6844328239395114,2.510852015551297,6,ocf_to_net_income,-5.1429,net_income_growth_yoy,-5.1097,equity_to_assets,-1.587,robust_mcd,,1.836999696917948,-5.079635288012667,,3.3492453885359192,-3.4795692221914725,-0.7370593288329372,-4.006507334253056,,1.0154952476802237,-5.154839007409421,,-1.2688274410937894,1.2517569695822521,0.5680861385657622,-6.84759213930562,,1.5083979172228583,-5.109716775771368,,1.5020162566840356,-1.5870387454819823,-0.21500114187345742,-5.1429412562740815,brick3_q_v2_robust_mahalanobis_clipped,2026-03-18T05:10:36.278770+00:00
QCOM,,,10-Q,2023-12-24,2024-01-31,https://www.sec.gov/Archives/edgar/data/804328/000080432824000017/qcom-20231224.htm,63.07,17.018156687634864,0.9449185175744719,0.6744907594765952,0.73371366442505,7,assets_growth_yoy,-1.3189,debt_to_assets,-0.9576,accrual_ratio,0.9184,robust_mcd,0.0,-2.647752937237636,0.0,0.8948724144766366,-1.1462592518544488,,1.081063555569128,-0.8444814638834541,,0.6744907594765952,0.6744907594765952,,-0.6744907594765952,,0.6744907594765951,-0.6744907594765952,0.0,-1.3188554585519434,0.26979630379063807,0.8948724144766366,-0.9575518549033073,,0.9184344371321147,-0.7764851821207106,brick3_q_v2_robust_mahalanobis_clipped,2026-03-18T05:10:36.278770+00:00
TMUS,,,10-Q,2021-06-30,2021-08-03,https://www.sec.gov/Archives/edgar/data/1283699/000128369921000150/tmus-20210630.htm,62.99,16.999252631139335,,1.9909029593986662,1.9909029593986662,5,net_income_growth_yoy,8.0,ocf_to_net_income,1.0943,accrual_ratio,0.393,robust_mcd,,,,,,,,,,-0.19514332465704265,8.0,,,-0.2720682531486521,0.3929547742528425,1.0943484449347949,,-0.19514332465704265,8.0,,,-0.2720682531486521,0.3929547742528425,1.0943484449347949,brick3_q_v2_robust_mahalanobis_clipped,2026-03-18T05:10:36.278770+00:00
EA,,,10-Q,2022-06-30,2022-08-09,https://www.sec.gov/Archives/edgar/data/712515/000071251522000036/ea-20220630.htm,62.91,16.99812311440369,,0.7615465316709302,0.7615465316709302,8,accrual_ratio,2.3085,ocf_to_net_income,-0.9294,net_margin,0.8936,robust_mcd,,,,,,,,,0.0,-0.1006767979298049,0.7202785761097489,0.8936374886606437,-0.40664507348024115,0.733296434643925,2.3084872144000275,-0.9293506681430502,0.0,-0.1006767979298049,0.7202785761097489,0.8936374886606437,-0.40664507348024115,0.733296434643925,2.3084872144000275,-0.9293506681430502,brick3_q_v2_robust_mahalanobis_clipped,2026-03-18T05:10:36.278770+00:00
WDAY,,,10-Q,2022-07-31,2022-08-25,https://www.sec.gov/Archives/edgar/data/1327811/000132781122000154/wday-20220731.htm,62.84,16.891021861779198,2.0005131477906466,1.5840357865175838,1.8339222032814215,6,assets_growth_yoy,5.7286,net_income_growth_yoy,-2.4385,accrual_ratio,1.2149,robust_mcd,,8.0,-1.136076618306986,,0.5998693972988296,-0.5998693972988317,1.6010883000826746,-0.06617517375655879,,2.3214341636659483,-4.392255050827985,,0.20116947165435814,-0.19774638686768523,0.6355562036447906,-1.7560534424447365,,5.72857366546638,-2.4385479913153856,,0.440389427041041,-0.43902019312637314,1.2148754615075208,-0.7421264812318299,brick3_q_v2_robust_mahalanobis_clipped,2026-03-18T05:10:36.278770+00:00
CHTR,,,10-Q,2022-03-31,2022-04-29,https://www.sec.gov/Archives/edgar/data/1091667/000109166722000066/chtr-20220331.htm,62.76,16.832271024526413,,0.8164644826457934,0.8164644826457934,7,ocf_to_net_income,2.3419,equity_to_assets,-1.0693,revenue_growth_yoy,-0.7862,robust_mcd,,,,,,,,,-0.7861569570045855,-0.5810126693405094,0.5801583018014802,0.0,,-1.0693405968838785,-0.3566545437185329,2.3419283097715673,-0.7861569570045855,-0.5810126693405094,0.5801583018014802,0.0,,-1.0693405968838785,-0.3566545437185329,2.3419283097715673,brick3_q_v2_robust_mahalanobis_clipped,2026-03-18T05:10:36.278770+00:00
CHTR,,,10-Q,2025-06-30,2025-07-25,https://www.sec.gov/Archives/edgar/data/1091667/000109166725000127/chtr-20250630.htm,62.68,16.730782317210785,0.5390741368221103,1.1023126777582293,0.4836097588993754,7,ocf_to_net_income,1.4826,revenue_growth_yoy,-0.7221,net_margin,0.4413,robust_mcd,-0.5930032088147068,0.6451888216532573,-0.07588483507057786,1.1035938239047363,,1.0534185549078203,-0.11665529908767572,0.18577441431599742,-0.9157175093727828,-0.669733883766263,-0.22098794947992234,-0.5522506606566716,,-1.234663655677412,-0.6949722843337303,3.4278628010208236,-0.7220889290379373,0.11921973948544917,-0.13392608083431565,0.4412560300801731,,0.13818567067372733,-0.3479820931860975,1.482609768997928,brick3_q_v2_robust_mahalanobis_clipped,2026-03-18T05:10:36.278770+00:00
DASH,,,10-Q,2025-03-31,2025-05-07,https://www.sec.gov/Archives/edgar/data/1792789/000162828025023171/dash-20250331.htm,62.61,16.71802067493093,2.0322625140245805,2.342885451556775,1.779016775413151,6,net_income_growth_yoy,8.0,ocf_to_net_income,1.8315,assets_growth_yoy,0.3321,robust_mcd,,-0.09774110427679292,8.0,,0.7314548411246033,-0.7274093820793942,1.1817477576249504,1.4552219990417412,,0.9768386295391012,8.0,,-0.5524158285025783,0.6980966567971228,-1.434087710467415,2.395873884034434,,0.33209078924956476,8.0,,0.21790657327373064,-0.15720696652878735,0.13541357038800417,1.8314827530388182,brick3_q_v2_robust_mahalanobis_clipped,2026-03-18T05:10:36.278770+00:00
FAST,,,10-Q,2023-09-30,2023-10-17,https://www.sec.gov/Archives/edgar/data/815556/000081555623000049/fast-20230930.htm,62.53,16.687793576231748,1.8355096769448138,0.7816496202261878,1.1723044330796415,5,equity_to_assets,2.9053,assets_growth_yoy,-0.9772,accrual_ratio,-0.8784,robust_mcd,,-1.1060112248260203,-0.604815743033098,,,3.9495341467110694,-1.8753179936977002,1.6418692764561806,,-0.7840139077389284,-0.2750121773486568,,,1.3388393836825925,0.6171015561640135,-0.8932810761967475,,-0.9772122979911836,-0.47289431675932153,,,2.9052562414996785,-0.8783501737530146,0.6278091353950094,brick3_q_v2_robust_mahalanobis_clipped,2026-03-18T05:10:36.278770+00:00
CSX,,,10-Q,2023-06-30,2023-07-20,https://www.sec.gov/Archives/edgar/data/277948/000027794823000043/csx-20230630.htm,62.45,16.554962684435633,1.4993254583066606,0.4364856121187836,1.07418951983151,5,debt_to_assets,2.5973,net_income_growth_yoy,-1.1754,assets_growth_yoy,-0.998,robust_mcd,,-1.2737204025563404,-1.468792019903911,,3.967344655990363,,-0.1944541741585053,0.5923160389241839,,-0.5844169408474524,-0.7352814301494156,,0.5421847197419539,,-0.1335911499824096,0.18695381987268633,,-0.9979990178727852,-1.1753877840021127,,2.597280681490999,,-0.170108964488067,0.4301711513035849,brick3_q_v2_robust_mahalanobis_clipped,2026-03-18T05:10:36.278770+00:00
WDC,,,10-Q,2022-09-30,2022-11-02,https://www.sec.gov/Archives/edgar/data/106040/000010604022000065/wdc-20220930.htm,62.37,16.47272055971887,1.88358146085292,1.2467386363245623,1.7486727756082576,6,net_income_growth_yoy,-4.3496,accrual_ratio,3.5077,ocf_to_net_income,-0.9033,robust_mcd,,,,,-0.769067310905297,0.8533391192356701,5.1062342415568125,-0.8056851717139007,,-0.6158973443617363,-4.349550023010911,,-0.01651438651579447,0.33890335970988444,1.1099109250617052,-1.0496557792873418,,-0.6158973443617363,-4.349550023010911,,-0.468046141149496,0.6475648154253558,3.5077049149587696,-0.9032734147432772,brick3_q_v2_robust_mahalanobis_clipped,2026-03-18T05:10:36.278770+00:00
AMGN,,,10-Q,2023-06-30,2023-08-04,https://www.sec.gov/Archives/edgar/data/318154/000031815423000053/amgn-20230630.htm,62.3,16.44827290893532,1.7941744875555243,1.3917153868310084,1.506403338569981,5,assets_growth_yoy,6.4409,ocf_to_net_income,0.5144,equity_to_assets,-0.4149,robust_mcd,,8.0,0.37744658828420424,,,0.22340341974453845,0.10609579156271733,0.2639266381861614,,4.102170499994854,-0.2981731123874723,,,-1.3724243503529399,-0.29557434111290387,0.8902346303068729,,6.440868199997942,0.1071987080155336,,,-0.41492768829445287,-0.05457226150753115,0.514449835034446,brick3_q_v2_robust_mahalanobis_clipped,2026-03-18T05:10:36.278770+00:00
MDLZ,,,10-Q,2021-06-30,2021-07-27,https://www.sec.gov/Archives/edgar/data/1103982/000110398221000013/mdlz-20210630.htm,62.22,16.382195216973074,,0.43167209061005507,0.43167209061005507,8,net_margin,0.8685,net_income_growth_yoy,0.7614,assets_growth_yoy,-0.5741,robust_mcd,,,,,,,,,-0.34873959747522193,-0.5741461022085593,0.7614350430633358,0.8684899573124688,0.18445777563640614,0.11385430733640502,0.4786461723729384,-0.12360776947510545,-0.34873959747522193,-0.5741461022085593,0.7614350430633358,0.8684899573124688,0.18445777563640614,0.11385430733640502,0.4786461723729384,-0.12360776947510545,brick3_q_v2_robust_mahalanobis_clipped,2026-03-18T05:10:36.278770+00:00
KLAC,,,10-Q,2023-03-31,2023-04-28,https://www.sec.gov/Archives/edgar/data/319201/000031920123000020/klac-20230331.htm,62.14,16.28680758252308,2.4797042072868583,2.2565386617797762,2.3162561945009092,6,accrual_ratio,-3.7525,debt_to_assets,2.9385,equity_to_assets,-2.8895,robust_mcd,,-2.9621081787053836,-1.0062595634301867,,4.380153464542351,-4.388439841255696,-0.9208881423486815,1.2203760534388528,,0.5563634593733761,-0.3558496104176538,,0.7760465086835161,-0.6411880297606374,-8.0,3.2097843624434743,,-1.5547195234738795,-0.7460955822251736,,2.9385106821988174,-2.8895391166576725,-3.752532885409209,2.0161393770407017,brick3_q_v2_robust_mahalanobis_clipped,2026-03-18T05:10:36.278770+00:00
SNPS,,,10-Q,2024-04-30,2024-05-24,https://www.sec.gov/Archives/edgar/data/883241/000088324124000016/snps-20240430.htm,62.07,16.28512265524082,3.1225348817660428,0.8717667310456226,2.157760086876639,6,debt_to_assets,-5.0698,equity_to_assets,4.8564,assets_growth_yoy,0.9092,robust_mcd,,1.8376670131901829,-0.9083819355959891,,-8.0,6.8588296996326275,0.6197950995570404,-0.5105355426204149,,-0.4835065095092671,-0.7111886937210826,,-0.6744907594765952,1.8527536764822867,0.8341699876079083,-0.6744907594765952,,0.9091976041104028,-0.8295046388460265,,-5.069796303790638,4.856399290372491,0.7055450547773876,-0.576117629362887,brick3_q_v2_robust_mahalanobis_clipped,2026-03-18T05:10:36.278770+00:00
ADBE,,,10-Q,2023-06-02,2023-06-28,https://www.sec.gov/Archives/edgar/data/796343/000079634323000153/adbe-20230602.htm,61.99,16.229738806065683,0.3506134377350073,,0.3506134377350073,8,revenue_growth_yoy,-0.6745,net_margin,-0.6651,equity_to_assets,-0.6289,robust_mcd,-0.6744907594765952,0.0,0.0,-0.6650602628358655,0.6289465389549853,-0.6289465389549932,0.09319550726124246,-0.11426789439637641,,,,,,,,,-0.6744907594765952,0.0,0.0,-0.6650602628358655,0.6289465389549853,-0.6289465389549932,0.09319550726124246,-0.11426789439637641,brick3_q_v2_robust_mahalanobis_clipped,2026-03-18T05:10:36.278770+00:00
MELI,,,10-Q,2025-03-31,2025-05-08,https://www.sec.gov/Archives/edgar/data/1099590/000109959025000028/meli-20250331.htm,61.91,16.169651045996883,0.7284650187670823,1.2510573924898352,0.4403088784681685,8,assets_growth_yoy,1.7335,revenue_growth_yoy,0.6623,net_margin,0.5916,robust_mcd,-0.7528410907204617,0.713431097146278,-0.42882033327601543,1.0125300267221102,-0.8416010165744328,0.8416010165744332,0.3329791695276356,-0.9039163995952916,2.7850884576807533,3.2636061645206147,0.6511373362120881,-0.03971608825027596,0.907663129456702,-0.8572835828536042,-0.6086571739112455,0.8953072070333986,0.6623307286400244,1.7335011240960128,0.003162734519225996,0.5916315807331558,-0.1418953581619788,0.16204717680321817,-0.04367536784791687,-0.1842269569438154,brick3_q_v2_robust_mahalanobis_clipped,2026-03-18T05:10:36.278770+00:00
TEAM,,,10-Q,2024-12-31,2025-01-31,https://www.sec.gov/Archives/edgar/data/1650372/000165037225000009/team-20241231.htm,61.84,16.010738446342835,,1.8005621757607522,1.8005621757607522,6,ocf_to_net_income,-6.7481,assets_growth_yoy,1.4248,net_income_growth_yoy,0.9542,robust_mcd,,,,,,,,,,1.4248205030479413,0.9542368592141495,,0.496467816943739,-0.6744907594765952,-0.5053068914657571,-6.748050224416329,,1.4248205030479413,0.9542368592141495,,0.496467816943739,-0.6744907594765952,-0.5053068914657571,-6.748050224416329,brick3_q_v2_robust_mahalanobis_clipped,2026-03-18T05:10:36.278770+00:00
CRWD,,,10-Q,2023-10-31,2023-11-29,https://www.sec.gov/Archives/edgar/data/1535527/000153552723000026/crwd-20231031.htm,61.76,16.000319525156527,3.6053106795226264,1.1872832251349243,2.4758091198808887,6,ocf_to_net_income,6.0333,equity_to_assets,3.3573,debt_to_assets,-3.2582,robust_mcd,,-1.4128352008926037,1.018055328326787,,-5.577213062925723,5.536479344458694,-0.9632796521638239,7.12400148836813,,0.9968218652522685,0.0725896616353662,,0.22035746889766034,0.08858095779609745,-1.3481130218772845,4.397236375350869,,-0.4489723744346548,0.6398690616502187,,-3.2581848501963693,3.3573199897936554,-1.1172130000492082,6.033295443161226,brick3_q_v2_robust_mahalanobis_clipped,2026-03-18T05:10:36.278770+00:00
ADP,,,10-Q,2023-09-30,2023-11-02,https://www.sec.gov/Archives/edgar/data/8670/000000867023000040/adp-20230930.htm,61.68,15.981501174559499,0.7380418474545044,0.8902207358489627,0.5234217037391203,8,ocf_to_net_income,-1.2512,accrual_ratio,1.1709,net_margin,-0.6335,robust_mcd,,-0.4178731481463392,-0.3408548820752017,-0.35253393015807344,-0.8607744563093299,0.8607744563093208,1.136875082927436,-1.1966069762558298,0.47990656520480757,-0.18730495194524505,-0.1672410341275861,-1.0549363033639,1.2701538445804208,-1.4071523948057836,1.2219157089695711,-1.3331550837943882,0.47990656520480757,-0.32564586966590153,-0.2714093428961555,-0.6334948794404042,-0.008403135953429564,-0.04639628413672103,1.17089133334429,-1.251226219271253,brick3_q_v2_robust_mahalanobis_clipped,2026-03-18T05:10:36.278770+00:00
CDNS,,,10-Q,2024-09-30,2024-10-30,https://www.sec.gov/Archives/edgar/data/813672/000081367224000192/cdns-20240930.htm,61.6,15.96067531047322,1.827522414956618,1.4582151340187957,1.5858604225066963,5,assets_growth_yoy,5.2212,equity_to_assets,-1.5196,net_income_growth_yoy,-1.0522,robust_mcd,,4.590192844379724,-1.443320409675954,,,-2.6936104831923635,0.2634153983295067,0.14707293920554107,,6.167659935560911,-0.46540292046581305,,,0.24131540849443925,-0.3458038419730147,0.07089356359980098,,5.221179680852199,-1.0521534139918975,,,-1.5196401265176425,0.01972770220849815,0.11660118896324503,brick3_q_v2_robust_mahalanobis_clipped,2026-03-18T05:10:36.278770+00:00
AXON,,,10-Q,2025-03-31,2025-05-07,https://www.sec.gov/Archives/edgar/data/1069183/000106918325000077/axon-20250331.htm,61.53,15.942351360504452,1.7104844408823527,1.47440712968812,1.6160535164046597,6,assets_growth_yoy,6.0794,accrual_ratio,0.7835,debt_to_assets,0.7704,robust_mcd,,6.560567028449665,-0.5766197932126216,,1.2112131515046551,-1.2160711661886547,0.47369660995143553,-0.2247388959870835,,5.357727390660106,-0.7833041645602576,,0.10927928672012945,-0.005928453115492295,1.2481334645734412,-1.3420700184992933,,6.079431173333841,-0.6592935417516761,,0.7704396055908449,-0.7320140809593898,0.7834713518002379,-0.6716713449919675,brick3_q_v2_robust_mahalanobis_clipped,2026-03-18T05:10:36.278770+00:00
PLTR,,,10-Q,2023-06-30,2023-08-08,https://www.sec.gov/Archives/edgar/data/1321655/000132165523000090/pltr-20230630.htm,61.45,15.877217711938515,2.6803594063922205,1.8010848721550277,2.2109558568119976,6,ocf_to_net_income,6.546,net_income_growth_yoy,2.2119,debt_to_assets,-1.6943,robust_mcd,,0.864516469289036,2.3580670361157856,,-2.2183982305569456,1.332118551712851,1.3090561506787046,8.0,,1.23995634747531,1.9925492011718486,,-0.9082150221008585,1.4180139253749464,-0.8827030191400952,4.365071717667107,,1.0146924205635455,2.211859902138211,,-1.6943249471745108,1.3664767011776893,0.43235248275118465,6.546028687066843,brick3_q_v2_robust_mahalanobis_clipped,2026-03-18T05:10:36.278770+00:00
KLAC,,,10-Q,2022-12-31,2023-01-27,https://www.sec.gov/Archives/edgar/data/319201/000031920123000010/klac-20221231.htm,61.37,15.865439700747789,2.9476774535598516,0.6675689372549066,1.7731202437338986,6,equity_to_assets,-5.1131,debt_to_assets,5.0125,ocf_to_net_income,-0.2241,robust_mcd,,-0.7791360273595362,-0.2268703911869719,,8.0,-8.0,0.306562597973368,-0.3734957048392343,,1.3911749589504185,0.4279915536211328,,0.5313647353910435,-0.7826358418099308,-0.8722465337569142,0.0,,0.08898836716444569,0.03507438673627,,5.012545894156418,-5.113054336723972,-0.1649610547187449,-0.22409742290354057,brick3_q_v2_robust_mahalanobis_clipped,2026-03-18T05:10:36.278770+00:00
TMUS,,,10-Q,2023-09-30,2023-10-25,https://www.sec.gov/Archives/edgar/data/1283699/000128369923000151/tmus-20230930.htm,61.3,15.85162194269549,1.8728477972861506,1.4863686422652083,1.6253397637618257,5,net_income_growth_yoy,4.0759,equity_to_assets,-2.1612,assets_growth_yoy,-1.3483,robust_mcd,,-1.6319750170143283,3.4586440757683747,,,-3.3058058238990693,-0.387151547983117,-0.580662521765863,,-0.9227775683893329,5.0018757192767485,,,-0.44420399692249,0.7154669788506163,-0.34751894788685306,,-1.3482960375643303,4.075936733171725,,,-2.1611650931084374,0.053895862750376305,-0.487405092214259,brick3_q_v2_robust_mahalanobis_clipped,2026-03-18T05:10:36.278770+00:00
TMUS,,,10-Q,2022-09-30,2022-10-27,https://www.sec.gov/Archives/edgar/data/1283699/000128369922000141/tmus-20220930.htm,61.22,15.849893386268588,2.4512378152277114,0.7551673332903881,1.6690542046879127,5,accrual_ratio,-4.5406,ocf_to_net_income,2.54,equity_to_assets,-0.7386,robust_mcd,,0.16645236695363871,-0.09030199932543027,,,-1.126110279607623,-8.0,2.8733244302518663,,0.22405521728408428,-0.7059651185322446,,,-0.15733016672920447,0.6484713610304337,2.0400148028759735,,0.18949350708581694,-0.336567247008156,,,-0.7385982344562556,-4.540611455587826,2.540000579301509,brick3_q_v2_robust_mahalanobis_clipped,2026-03-18T05:10:36.278770+00:00
AMGN,,,10-Q,2024-03-31,2024-05-03,https://www.sec.gov/Archives/edgar/data/318154/000031815424000020/amgn-20240331.htm,61.14,15.848400036878367,2.435536179835208,2.4380304292370125,2.355887104129189,5,ocf_to_net_income,-6.1584,net_income_growth_yoy,-4.1011,equity_to_assets,-0.7276,robust_mcd,,0.4862702327522961,-5.2476110360142965,,,-0.4148025599367263,1.098276141728221,-4.930720928744499,,-0.5040423466671291,-2.3813654013580283,,,-1.1967146164674283,0.10802978169247701,-8.0,,0.090145200984526,-4.101112782151789,,,-0.7275673825490071,0.7021775977139233,-6.1584325572467,brick3_q_v2_robust_mahalanobis_clipped,2026-03-18T05:10:36.278770+00:00
MPWR,,,10-Q,2023-09-30,2023-11-08,https://www.sec.gov/Archives/edgar/data/1280452/000143774923030929/mpwr20230930_10q.htm,61.06,15.830812283876734,3.6007222605995834,1.108610434985042,2.468899107176693,6,assets_growth_yoy,-4.3951,equity_to_assets,2.7402,debt_to_assets,-2.5451,robust_mcd,,-8.0,-1.4283066669732354,,-3.4569977984153817,3.4569977984153955,-2.2567478481458867,3.0052834516475992,,1.0123381738280541,-0.38098501132507745,,-1.1771554607206094,1.6650399669453613,-2.042427283593542,0.37371671349760827,,-4.395064730468778,-1.0093780047139722,,-2.5450608633374725,2.7402146658273816,-2.1710196223249487,1.9526567563876027,brick3_q_v2_robust_mahalanobis_clipped,2026-03-18T05:10:36.278770+00:00
EA,,,10-Q,2023-12-31,2024-02-06,https://www.sec.gov/Archives/edgar/data/712515/000071251524000007/ea-20231231.htm,60.99,15.795276067445041,1.5349240290411221,0.7393687863135519,1.0678640606273608,8,accrual_ratio,-3.2021,ocf_to_net_income,3.1967,revenue_growth_yoy,-0.5644,robust_mcd,-0.9407157349481792,-0.154483828802319,0.254721334539751,-0.17397920808926493,0.9333894604989378,-0.9333894604989392,-4.682842350074242,4.205870854877343,0.0,-0.6744907594765952,0.6744907594765952,0.6744907594765952,-0.6444975957101242,0.5829123053833088,-0.9810796746866853,1.6829884362985108,-0.5644294409689075,-0.36248660107202946,0.42262910451448865,0.16540877893707912,0.3022346380153129,-0.32686875414604,-3.20213727991922,3.1967178874458098,brick3_q_v2_robust_mahalanobis_clipped,2026-03-18T05:10:36.278770+00:00
DASH,,,10-Q,2024-03-31,2024-05-01,https://www.sec.gov/Archives/edgar/data/1792789/000162828024019605/dash-20240331.htm,60.91,15.772636630369758,1.7833469066103713,2.400244626509997,1.7768819123576176,6,ocf_to_net_income,-6.5517,net_income_growth_yoy,1.2734,debt_to_assets,0.8467,robust_mcd,,0.11124253446912771,1.0640630702144067,,1.8102420427829489,-1.7737934230186179,0.35456587432629,-5.586174494850836,,0.9683058335392803,1.5873000338750858,,-0.5986816860516698,0.7686501190534246,-2.478530086540521,-8.0,,0.45406785409718875,1.2733578556786784,,0.8466725512491013,-0.7568160061898008,-0.7786725100204346,-6.551704696910502,brick3_q_v2_robust_mahalanobis_clipped,2026-03-18T05:10:36.278770+00:00
PLTR,,,10-Q,2021-03-31,2021-05-12,https://www.sec.gov/Archives/edgar/data/1321655/000119312521159222/d158374d10q.htm,60.83,15.757661814769026,,1.8730409796608842,1.8730409796608842,6,accrual_ratio,-3.7529,net_income_growth_yoy,-2.9597,ocf_to_net_income,-2.0561,robust_mcd,,,,,,,,,,0.4582447754104525,-2.959656814240916,,-0.7718772789458141,1.2395021981018606,-3.75290781554223,-2.0560569957240302,,0.4582447754104525,-2.959656814240916,,-0.7718772789458141,1.2395021981018606,-3.75290781554223,-2.0560569957240302,brick3_q_v2_robust_mahalanobis_clipped,2026-03-18T05:10:36.278770+00:00
MU,,,10-Q,2024-02-29,2024-03-21,https://www.sec.gov/Archives/edgar/data/723125/000072312524000007/mu-20240229.htm,60.76,15.714819923999995,3.0213023525960847,1.1574315369130928,2.008236263630321,6,debt_to_assets,4.5302,equity_to_assets,-4.5124,accrual_ratio,1.7968,robust_mcd,,0.25491808743071337,0.8213458973124789,,8.0,-8.0,0.6429685564756582,0.40858157435765957,,0.6744907594765952,0.6744907594765952,,-0.6744907594765952,0.7190200991811713,3.5276060843910058,-0.6744907594765952,,0.4227471562490661,0.7626038421781254,,4.5302036962093615,-4.512391960327531,1.7968235676417974,-0.024647359176042327,brick3_q_v2_robust_mahalanobis_clipped,2026-03-18T05:10:36.278770+00:00
AMAT,,,10-Q,2022-05-01,2022-05-26,https://www.sec.gov/Archives/edgar/data/6951/000000695122000022/amat-20220501.htm,60.68,15.662256803594072,4.273298928568771,0.7653784632161256,2.178331186196908,6,equity_to_assets,-5.0698,debt_to_assets,4.8,assets_growth_yoy,0.9541,robust_mcd,,,,,8.0,-8.0,-0.5589378198242151,0.5342578944508694,,0.9541115353528998,0.6744907594765952,,0.0,-0.6744907594765955,-0.7095875935023452,1.5795901314883178,,0.9541115353528998,0.6744907594765952,,4.8,-5.069796303790638,-0.6191977292954671,0.9523907892658487,brick3_q_v2_robust_mahalanobis_clipped,2026-03-18T05:10:36.278770+00:00
INSM,,,10-Q,2021-09-30,2021-10-28,https://www.sec.gov/Archives/edgar/data/1104506/000110450621000015/insm-20210930.htm,60.6,15.333945647113275,,1.6503140083347698,1.6503140083347698,6,assets_growth_yoy,3.7925,accrual_ratio,2.9257,net_income_growth_yoy,-2.3619,robust_mcd,,,,,,,,,,3.7924944757744274,-2.3619187822324443,,0.293702299263187,-0.05373431665407849,2.925735351302338,-0.4742988247821444,,3.7924944757744274,-2.3619187822324443,,0.293702299263187,-0.05373431665407849,2.925735351302338,-0.4742988247821444,brick3_q_v2_robust_mahalanobis_clipped,2026-03-18T05:10:36.278770+00:00
WDC,,,10-Q,2025-03-28,2025-05-02,https://www.sec.gov/Archives/edgar/data/106040/000010604025000026/wdc-20250328.htm,60.52,15.261444520040234,3.046391792981096,0.6744907594765951,1.7702174208587695,6,assets_growth_yoy,-4.911,debt_to_assets,2.8248,equity_to_assets,-1.9035,robust_mcd,,-7.735420160514313,-0.28808827464944214,,5.157737798303645,-3.6220956242787845,-0.7875267087935647,0.6874821913468286,,-0.6744907594765952,0.6744907594765953,,-0.6744907594765952,0.6744907594765951,0.6744907594765948,0.6744907594765952,,-4.911048400099226,0.09694333900097285,,2.8248463751915494,-1.9034610707766324,-0.20271972148550088,0.6822856185987353,brick3_q_v2_robust_mahalanobis_clipped,2026-03-18T05:10:36.278770+00:00
AAPL,,,10-Q,2021-06-26,2021-07-28,https://www.sec.gov/Archives/edgar/data/320193/000032019321000065/aapl-20210626.htm,60.45,15.242193886952082,,1.2140959371649627,1.2140959371649627,6,equity_to_assets,-3.1343,accrual_ratio,-1.6664,ocf_to_net_income,1.2464,robust_mcd,,,,,,,,,,-0.09590841119869886,-0.4670542831496861,,0.6744907594765952,-3.1343364779889087,-1.666354322696966,1.2464313684789212,,-0.09590841119869886,-0.4670542831496861,,0.6744907594765952,-3.1343364779889087,-1.666354322696966,1.2464313684789212,brick3_q_v2_robust_mahalanobis_clipped,2026-03-18T05:10:36.278770+00:00
ADSK,,,10-Q,2022-07-31,2022-08-31,https://www.sec.gov/Archives/edgar/data/769397/000076939722000123/adsk-20220731.htm,60.37,15.111490802992996,1.6773523257889873,0.691931692502749,1.2593287971190266,5,equity_to_assets,-2.4561,net_income_growth_yoy,2.2813,assets_growth_yoy,-1.0728,robust_mcd,,-1.8284395117526266,2.946518663366598,,,-2.908357809943511,-0.6444624915672046,-0.0589831523149972,,0.06062074249916271,1.2834094178830244,,,-1.777827525833662,0.0,0.33780077629789607,,-1.0728154100519107,2.2812749651731683,,,-2.4561456962995716,-0.3866774949403227,0.09973041913016012,brick3_q_v2_robust_mahalanobis_clipped,2026-03-18T05:10:36.278770+00:00
MU,,,10-Q,2023-11-30,2023-12-21,https://www.sec.gov/Archives/edgar/data/723125/000072312523000077/mu-20231130.htm,60.29,15.066368260908993,3.659902811081334,0.7153625380330683,2.179592975226211,6,debt_to_assets,4.5302,equity_to_assets,-4.4321,assets_growth_yoy,-2.3696,robust_mcd,,-3.4996884886527666,-0.9682051299057851,,8.0,-8.0,0.594241316738405,-0.8972819311910472,,-0.6744907594765952,-0.6744907594765952,,-0.6744907594765952,0.91972143081543,-0.6744907594765996,-0.6744907594765952,,-2.3696093969822978,-0.8507193817341092,,4.5302036962093615,-4.432111427673828,0.08674848625240311,-0.8081654625052663,brick3_q_v2_robust_mahalanobis_clipped,2026-03-18T05:10:36.278770+00:00
NVDA,,,10-Q,2025-07-27,2025-08-27,https://www.sec.gov/Archives/edgar/data/1045810/000104581025000209/nvda-20250727.htm,60.22,15.064708110807809,0.9649637173846978,0.6744907594765951,0.7604075181238718,8,equity_to_assets,1.6419,debt_to_assets,-1.6419,net_margin,0.9306,robust_mcd,0.0,0.6461421173300544,-0.5283780410279403,0.9306227159546824,-2.28678866426406,2.286788664264063,-0.8620122983062997,-0.17897723793048273,,0.6744907594765952,0.6744907594765952,,-0.674490759476595,0.6744907594765948,-0.6744907594765952,-0.6744907594765954,0.0,0.6574815741886707,-0.04723052082612611,0.9306227159546824,-1.6418695023490737,1.6418695023490757,-0.7870036827744178,-0.3771826465489278,brick3_q_v2_robust_mahalanobis_clipped,2026-03-18T05:10:36.278770+00:00
MAR,,,10-Q,2023-03-31,2023-05-02,https://www.sec.gov/Archives/edgar/data/1048286/000162828023014793/mar-20230331.htm,60.14,14.956570279648451,0.5465576392395145,0.9844699778854726,0.5239676192769775,7,equity_to_assets,-1.2757,net_margin,0.7995,net_income_growth_yoy,0.7423,robust_mcd,-1.115004452217965,-0.10447950416922767,-0.32168769613944,0.7847652982543112,,-1.2358353410395604,0.20091129950460238,-0.06321988335149464,1.2478243157238915,-0.696877409522555,2.338199732803098,0.8217125029373908,,-1.3354001781439897,0.28803267837070423,-0.1632430276966794,-0.1698729450412223,-0.3414386663105586,0.7422672754375753,0.799544180127543,,-1.2756612758813322,0.23575985105104313,-0.10322914108956854,brick3_q_v2_robust_mahalanobis_clipped,2026-03-18T05:10:36.278770+00:00
CTSH,,,10-Q,2024-06-30,2024-08-01,https://www.sec.gov/Archives/edgar/data/1058290/000105829024000242/ctsh-20240630.htm,60.06,14.95237482722213,0.8320983090316408,0.7624495515995735,0.7527170642459954,8,equity_to_assets,1.5721,debt_to_assets,-1.4491,accrual_ratio,0.8085,robust_mcd,-0.730250757963794,0.4407233174875386,0.3152071626146482,0.4482752089022023,-1.8127939380136542,1.8127939380136577,0.5463864535925136,-0.5503556956651174,-0.6484045659639787,-0.3912707835471147,0.45726078152816013,-0.12394663458106973,-0.9034617898251962,1.2111614272658366,1.2016343773128417,-1.1624560527723897,-0.6975122811638679,0.10792567707367726,0.37202861018005295,0.21938647150889348,-1.449061078738271,1.5721409337145293,0.8084856230806449,-0.7951958385080264,brick3_q_v2_robust_mahalanobis_clipped,2026-03-18T05:10:36.278770+00:00
AMZN,,,10-Q,2022-06-30,2022-07-29,https://www.sec.gov/Archives/edgar/data/1018724/000101872422000019/amzn-20220630.htm,59.98,14.805389933453336,2.9052717945616053,1.2356659485041321,2.018380659961771,5,ocf_to_net_income,-5.2288,accrual_ratio,-1.3094,net_income_growth_yoy,-1.2003,robust_mcd,,-2.6968086217210008,-0.8625444798821098,,,-1.8322983298120716,-2.3588769014427466,-6.775830639950095,,1.1041469230567846,-1.7068098594314614,,,-0.19430387376930036,0.2649080530484946,-2.9081610332146197,,-1.1764264038098866,-1.2002506317018504,,,-1.1771005473949632,-1.30936291964625,-5.2287627972559045,brick3_q_v2_robust_mahalanobis_clipped,2026-03-18T05:10:36.278770+00:00
AXON,,,10-Q,2025-06-30,2025-08-05,https://www.sec.gov/Archives/edgar/data/1069183/000106918325000181/axon-20250630.htm,59.91,14.75139779800613,1.4832323589101186,1.9621947236326278,1.6748173047991222,6,assets_growth_yoy,5.708,ocf_to_net_income,-2.0756,accrual_ratio,1.065,robust_mcd,,5.415343410875529,-0.08277187763083449,,0.646550906502602,-0.6465509065026025,0.9256766036530256,-1.1825004482961166,,6.146960009338443,-0.7951307496342779,,0.09694583318758017,-0.0447113980674801,1.2740903866081272,-3.4153299649598594,,5.707990050260695,-0.3677154264322119,,0.4267088771765933,-0.40581510312855357,1.0650421168350663,-2.0756322549616137,brick3_q_v2_robust_mahalanobis_clipped,2026-03-18T05:10:36.278770+00:00
ORLY,,,10-Q,2021-09-30,2021-11-08,https://www.sec.gov/Archives/edgar/data/898173/000089817321000055/orly-20210930x10q.htm,59.83,14.671541833456175,,1.4489344079473856,1.4489344079473856,5,accrual_ratio,-2.6605,equity_to_assets,-2.0879,assets_growth_yoy,-1.1687,robust_mcd,,,,,,,,,,-1.168721539710868,-0.4538376359208539,,,-2.087909557423935,-2.660497884707464,0.8737054219738081,,-1.168721539710868,-0.4538376359208539,,,-2.087909557423935,-2.660497884707464,0.8737054219738081,brick3_q_v2_robust_mahalanobis_clipped,2026-03-18T05:10:36.278770+00:00
TSLA,,,10-Q,2022-06-30,2022-07-25,https://www.sec.gov/Archives/edgar/data/1318605/000095017022012936/tsla-20220630.htm,59.75,14.618690100492023,1.5688486262494927,0.931961915811623,0.8552947647661414,8,equity_to_assets,1.9821,debt_to_assets,-1.8369,accrual_ratio,-0.9171,robust_mcd,-2.0184729465960682,-0.7807593152242475,-1.6163168445777465,0.47991830199616875,-2.856472026532928,2.926830310207372,-0.8863137697003871,-0.985705495161024,1.557096145209846,1.82859918682985,1.3369582009594767,0.3742980910002699,-0.30764997905074937,0.5650320865287476,-0.9632631828377037,0.5227984540763405,-0.5882453098737025,0.2629840855973916,-0.43500682636285715,0.4376702175978092,-1.8369432075400565,1.9821110207359223,-0.9170935349553138,-0.3823039154660781,brick3_q_v2_robust_mahalanobis_clipped,2026-03-18T05:10:36.278770+00:00
AMGN,,,10-Q,2023-09-30,2023-10-31,https://www.sec.gov/Archives/edgar/data/318154/000031815423000064/amgn-20230930.htm,59.68,14.59097197879132,2.1356776610888897,1.1649730737306427,1.6783918196912864,5,assets_growth_yoy,5.9357,net_income_growth_yoy,-0.8765,ocf_to_net_income,0.7487,robust_mcd,,8.0,-1.021816835106687,,,0.2875166935596017,-0.5536745678244134,0.8153802089537466,,2.839152479477905,-0.6585789861582646,,,-1.3502997395431475,-0.32815121242190337,0.6486829510519927,,5.935660991791162,-0.8765216955273181,,,-0.36760987968149805,-0.46346522566340936,0.7487013057930451,brick3_q_v2_robust_mahalanobis_clipped,2026-03-18T05:10:36.278770+00:00
DASH,,,10-Q,2021-09-30,2021-11-10,https://www.sec.gov/Archives/edgar/data/1792789/000162828021022884/dash-20210930.htm,59.6,14.540484931388892,,2.2016027862125944,2.2016027862125944,6,ocf_to_net_income,-5.3654,net_income_growth_yoy,-3.691,equity_to_assets,1.7355,robust_mcd,,,,,,,,,,-0.13281553486361278,-3.691015833165104,,-1.2083696952265537,1.7355037558814341,-1.0764851122561052,-5.3654267858827565,,-0.13281553486361278,-3.691015833165104,,-1.2083696952265537,1.7355037558814341,-1.0764851122561052,-5.3654267858827565,brick3_q_v2_robust_mahalanobis_clipped,2026-03-18T05:10:36.278770+00:00
MAR,,,10-Q,2025-09-30,2025-11-04,https://www.sec.gov/Archives/edgar/data/1048286/000104828625000013/mar-20250930.htm,59.52,14.535295242301846,1.0809390584351029,0.5804362878946361,0.8402944226126458,7,equity_to_assets,-1.6658,ocf_to_net_income,1.1714,accrual_ratio,-1.1189,robust_mcd,-0.416531925666277,1.7762411118556167,0.09427169892540073,-0.1687944562898913,,-1.409525414696297,-1.8525663154690908,1.8486424861431463,-0.9504756803065861,-0.21742096195901672,0.5345478804451438,0.13645990459584886,,-2.0500947495007864,-0.018499703606303455,0.15555513484876748,-0.6301094275224006,0.9787762823297632,0.27038217153329797,-0.046692711935595224,,-1.6657531486180928,-1.1189396707239758,1.1714075456253947,brick3_q_v2_robust_mahalanobis_clipped,2026-03-18T05:10:36.278770+00:00
PANW,,,10-Q,2023-01-31,2023-02-22,https://www.sec.gov/Archives/edgar/data/1327567/000132756723000006/panw-20230131.htm,59.44,14.491334840531117,1.863790703332521,2.4008713609698975,1.9097150112965544,6,ocf_to_net_income,7.1776,net_income_growth_yoy,1.9947,accrual_ratio,-1.1346,robust_mcd,,0.6386210680144669,1.6937808814895736,,-0.5596540342396511,0.2848857412149341,-0.9628284853677191,7.042974009668781,,0.7452382565113992,2.4460922189606453,,1.1990149259774245,-1.242953722019812,-1.3923399664889895,7.379589075861114,,0.6812679434132398,1.9947054164780023,,0.1438135498471792,-0.3262500440789643,-1.1346330778162272,7.177620036145715,brick3_q_v2_robust_mahalanobis_clipped,2026-03-18T05:10:36.278770+00:00
DASH,,,10-Q,2022-09-30,2022-11-04,https://www.sec.gov/Archives/edgar/data/1792789/000162828022028457/dash-20220930.htm,59.37,14.301318567690691,,2.1324723514960273,2.1324723514960273,6,net_income_growth_yoy,-4.6371,assets_growth_yoy,4.2165,ocf_to_net_income,-1.519,robust_mcd,,,,,,,,,,4.216453664595957,-4.637147657650878,,-0.7912712933815592,1.1432766218295518,-0.48764478156253527,-1.5190400899556833,,4.216453664595957,-4.637147657650878,,-0.7912712933815592,1.1432766218295518,-0.48764478156253527,-1.5190400899556833,brick3_q_v2_robust_mahalanobis_clipped,2026-03-18T05:10:36.278770+00:00
NVDA,,,10-Q,2025-10-26,2025-11-19,https://www.sec.gov/Archives/edgar/data/1045810/000104581025000230/nvda-20251026.htm,59.29,14.28268737875587,1.0315430194239252,,1.0315430194239252,8,equity_to_assets,1.9857,debt_to_assets,-1.9857,accrual_ratio,-1.7297,robust_mcd,0.0,0.6461421173300544,-0.5283780410279403,0.8222129825874797,-1.9856990340479221,1.9856990340479224,-1.7297040957775385,0.5545088505725441,,,,,,,,,0.0,0.6461421173300544,-0.5283780410279403,0.8222129825874797,-1.9856990340479221,1.9856990340479224,-1.7297040957775385,0.5545088505725441,brick3_q_v2_robust_mahalanobis_clipped,2026-03-18T05:10:36.278770+00:00
CPRT,,,10-Q,2022-10-31,2022-11-18,https://www.sec.gov/Archives/edgar/data/900075/000090007522000065/cprt-20221031.htm,59.21,14.209634835343405,2.6443611615267932,0.8676256246738848,1.93366694678563,6,assets_growth_yoy,-4.8076,equity_to_assets,2.4849,debt_to_assets,-2.278,robust_mcd,,-7.5396725247510075,-1.2910848100847274,,-2.778016426765054,2.778016426765054,0.655330394953109,-0.8240463858418086,,-0.7094287016578236,0.0,,-1.5278960853965133,2.0451486682999267,0.9232802926890454,0.0,,-4.8075749955137335,-0.7746508860508364,,-2.277968290217638,2.484869323379003,0.7625103540474836,-0.4944278315050851,brick3_q_v2_robust_mahalanobis_clipped,2026-03-18T05:10:36.278770+00:00
ADP,,,10-Q,2021-09-30,2021-10-29,https://www.sec.gov/Archives/edgar/data/8670/000000867021000035/adp-20210930.htm,59.14,14.128697160596682,,1.4147074501614463,1.4147074501614463,7,assets_growth_yoy,2.626,ocf_to_net_income,-1.9419,equity_to_assets,-1.5694,robust_mcd,,,,,,,,,,2.62596499710077,-0.21508406691204185,-0.6744907594765952,1.5661087267603049,-1.569399366111393,1.310053347545772,-1.9418508872232474,,2.62596499710077,-0.21508406691204185,-0.6744907594765952,1.5661087267603049,-1.569399366111393,1.310053347545772,-1.9418508872232474,brick3_q_v2_robust_mahalanobis_clipped,2026-03-18T05:10:36.278770+00:00
FTNT,,,10-Q,2021-09-30,2021-11-08,https://www.sec.gov/Archives/edgar/data/1262039/000126203921000030/ftnt-20210930.htm,59.06,14.128252408098462,,1.9737099852704818,1.9737099852704818,6,assets_growth_yoy,4.6328,accrual_ratio,-2.4887,ocf_to_net_income,2.3739,robust_mcd,,,,,,,,,,4.63277807296166,0.14874444308832346,,1.1314351871254429,-1.0666506204514332,-2.4887202289064714,2.373931359089561,,4.63277807296166,0.14874444308832346,,1.1314351871254429,-1.0666506204514332,-2.4887202289064714,2.373931359089561,brick3_q_v2_robust_mahalanobis_clipped,2026-03-18T05:10:36.278770+00:00
PAYX,,,10-Q,2024-11-30,2024-12-19,https://www.sec.gov/Archives/edgar/data/723531/000095017024138425/payx-20241130.htm,58.98,14.03210035983387,1.2716243921272286,0.674490759476595,0.8783439995491253,6,debt_to_assets,-1.4985,assets_growth_yoy,-1.1188,revenue_growth_yoy,-0.6745,robust_mcd,-0.6744907594765952,-1.415068641804437,,,-1.4984690836139394,1.498469083613943,,,,-0.6744907594765952,,,,-0.6744907594765952,0.6744907594765946,0.6744907594765952,-0.6744907594765952,-1.1188374888733001,,,-1.4984690836139394,0.6292851463777276,0.6744907594765946,0.6744907594765952,brick3_q_v2_robust_mahalanobis_clipped,2026-03-18T05:10:36.278770+00:00
COST,,,10-Q,2025-02-16,2025-03-13,https://www.sec.gov/Archives/edgar/data/909832/000090983225000015/cost-20250216.htm,58.91,14.018423286332183,0.8107834120663648,,0.8107834120663648,8,assets_growth_yoy,1.5612,debt_to_assets,-1.1815,equity_to_assets,1.0806,robust_mcd,0.3430169794092016,1.561163154672957,-0.8319222392612163,0.8153555198163474,-1.1814967560243905,1.080639890057163,-0.3664585362901249,0.30621422099951773,,,,,,,,,0.3430169794092016,1.561163154672957,-0.8319222392612163,0.8153555198163474,-1.1814967560243905,1.080639890057163,-0.3664585362901249,0.30621422099951773,brick3_q_v2_robust_mahalanobis_clipped,2026-03-18T05:10:36.278770+00:00
LIN,,,10-Q,2023-06-30,2023-07-27,https://www.sec.gov/Archives/edgar/data/1707925/000162828023025878/lin-20230630.htm,58.83,13.915158177988678,2.041242376765155,1.2889121855174606,1.546856896836603,6,net_income_growth_yoy,7.3119,assets_growth_yoy,1.0998,debt_to_assets,0.3345,robust_mcd,,2.2503217517205942,8.0,,0.670078647487384,-0.6357438038191673,0.1300659807283279,-0.5612440768354577,,-0.625911498351597,6.279826500112417,,-0.1687694336833818,0.4333100556373886,0.002746087271289118,0.2229095380486906,,1.0998284516917178,7.311930600044967,,0.33453941501907764,-0.20812226003654488,0.07913802334551238,-0.24758263088179838,brick3_q_v2_robust_mahalanobis_clipped,2026-03-18T05:10:36.278770+00:00
GOOG,,,10-Q,2023-09-30,2023-10-25,https://www.sec.gov/Archives/edgar/data/1652044/000165204423000094/goog-20230930.htm,58.71,13.82760397020799,,0.8079033008321207,0.8079033008321207,7,accrual_ratio,-2.0996,equity_to_assets,1.0758,net_margin,-0.7695,robust_mcd,,,,,,,,,,0.18122143330895715,0.35118924339068563,-0.7694785637749924,-0.7077628885709898,1.0757951699361807,-2.0995930620764476,0.47028274476659226,,0.18122143330895715,0.35118924339068563,-0.7694785637749924,-0.7077628885709898,1.0757951699361807,-2.0995930620764476,0.47028274476659226,brick3_q_v2_robust_mahalanobis_clipped,2026-03-18T05:10:36.278770+00:00
GOOGL,,,10-Q,2023-09-30,2023-10-25,https://www.sec.gov/Archives/edgar/data/1652044/000165204423000094/goog-20230930.htm,58.71,13.82760397020799,,0.8079033008321207,0.8079033008321207,7,accrual_ratio,-2.0996,equity_to_assets,1.0758,net_margin,-0.7695,robust_mcd,,,,,,,,,,0.18122143330895715,0.35118924339068563,-0.7694785637749924,-0.7077628885709898,1.0757951699361807,-2.0995930620764476,0.47028274476659226,,0.18122143330895715,0.35118924339068563,-0.7694785637749924,-0.7077628885709898,1.0757951699361807,-2.0995930620764476,0.47028274476659226,brick3_q_v2_robust_mahalanobis_clipped,2026-03-18T05:10:36.278770+00:00
CHTR,,,10-Q,2024-06-30,2024-07-26,https://www.sec.gov/Archives/edgar/data/1091667/000109166724000104/chtr-20240630.htm,58.6,13.751639619658608,0.45352015110375443,0.8382081293396736,0.42833760837579365,7,ocf_to_net_income,1.0892,revenue_growth_yoy,-0.7698,net_income_growth_yoy,-0.3456,robust_mcd,-0.9164432490503461,0.8730566914431342,-0.5231173958659459,0.16762383950412593,,0.5377910529577635,-0.0014783969283104627,0.15513043197665505,-0.5497929305971763,-0.5086328340025397,-0.07942729586447583,-0.582308722944223,,-1.2676341436433276,-0.3893984929259389,2.4902624854000335,-0.7697831216690781,0.32038088126486464,-0.3456413558653578,-0.13234918547521365,,-0.184379025682673,-0.15664643532736183,1.0891832533460064,brick3_q_v2_robust_mahalanobis_clipped,2026-03-18T05:10:36.278770+00:00
FAST,,,10-Q,2023-06-30,2023-07-18,https://www.sec.gov/Archives/edgar/data/815556/000081555623000041/fast-20230630.htm,58.52,13.706281392809723,1.4249565165265767,0.8028380421380243,0.9298094751745039,5,equity_to_assets,2.6443,assets_growth_yoy,-1.3123,net_income_growth_yoy,-0.4842,robust_mcd,,-1.683294041302272,-0.5957570938798197,,,3.472575093330951,-0.7190204016076474,0.6541359525121946,,-0.7559215240363896,-0.31697915721128295,,,1.401916706963374,0.874559753218097,-0.6648130692609784,,-1.312345034395919,-0.484245919212405,,,2.6443117387839203,-0.08158833967734958,0.12655634380292535,brick3_q_v2_robust_mahalanobis_clipped,2026-03-18T05:10:36.278770+00:00
DDOG,,,10-Q,2024-06-30,2024-08-09,https://www.sec.gov/Archives/edgar/data/1561550/000156155024000112/ddog-20240630.htm,58.44,13.684921543736529,1.9884229827883477,2.828019989183924,2.2856484208015977,6,net_income_growth_yoy,6.5615,ocf_to_net_income,2.1954,assets_growth_yoy,2.0029,robust_mcd,,1.87716985638817,5.602546701472495,,-1.8102350169581547,1.810235016958159,0.19306682272490602,0.6372844822282042,,2.191589708185986,8.0,,-0.26220536099723196,0.4524338289148073,-1.5292405072876911,4.532650529717829,,2.0029377971072964,6.561528020883497,,-1.1910231545737855,1.2671145417408183,-0.4958561092801329,2.1954309012240545,brick3_q_v2_robust_mahalanobis_clipped,2026-03-18T05:10:36.278770+00:00
ADBE,,,10-Q,2023-09-01,2023-09-27,https://www.sec.gov/Archives/edgar/data/796343/000079634323000205/adbe-20230901.htm,58.37,13.662703811341927,0.5214699499600659,,0.5214699499600659,8,debt_to_assets,-1.0731,equity_to_assets,1.0731,revenue_growth_yoy,-0.6745,robust_mcd,-0.6744907594765952,0.0,0.0,0.3220957032408021,-1.0731381168806227,1.0731381168806144,-0.5706403638541502,0.4582565393477427,,,,,,,,,-0.6744907594765952,0.0,0.0,0.3220957032408021,-1.0731381168806227,1.0731381168806144,-0.5706403638541502,0.4582565393477427,brick3_q_v2_robust_mahalanobis_clipped,2026-03-18T05:10:36.278770+00:00
AMD,,,10-Q,2024-09-28,2024-10-30,https://www.sec.gov/Archives/edgar/data/2488/000000248824000163/amd-20240928.htm,58.29,13.619235387825402,1.1137363999938652,1.5758080323612302,1.190646531424556,5,equity_to_assets,2.5255,net_income_growth_yoy,2.5172,assets_growth_yoy,-0.3885,robust_mcd,,-0.6475257054928716,3.745722437222871,,,0.30548141740261,0.049336023101825464,-0.8206164167491475,,0.0,0.6744907594765952,,,5.8555678833763665,0.6744907594765952,0.6744907594765952,,-0.3885154232957229,2.5172297661243603,,,2.525516003792113,0.29939791765173335,-0.22257354625885045,brick3_q_v2_robust_mahalanobis_clipped,2026-03-18T05:10:36.278770+00:00
STX,,,10-Q,2024-09-27,2024-10-25,https://www.sec.gov/Archives/edgar/data/1137789/000113778924000182/stx-20240927.htm,58.21,13.604103695138166,2.76798589521548,0.6744907594765953,1.8453656754669474,6,net_income_growth_yoy,5.0698,accrual_ratio,2.9687,assets_growth_yoy,1.4595,robust_mcd,,1.982876799610154,8.0,,0.8503476829659053,-0.8503476829659055,4.498232378486022,-0.4261108272648926,,0.6744907594765953,0.6744907594765953,,0.6744907594765952,-0.6744907594765952,0.674490759476595,0.6744907594765952,,1.4595223835567304,5.069796303790638,,0.7800049135701812,-0.7800049135701814,2.968735730882251,0.014129807431702557,brick3_q_v2_robust_mahalanobis_clipped,2026-03-18T05:10:36.278770+00:00
DXCM,,,10-Q,2023-03-31,2023-04-27,https://www.sec.gov/Archives/edgar/data/1093557/000109355723000118/dxcm-20230331.htm,58.13,13.595439211761464,1.245002344337318,0.8108803862295438,1.0474634025458405,6,debt_to_assets,2.0857,net_income_growth_yoy,-1.9773,ocf_to_net_income,1.0921,robust_mcd,,-1.1851593573717472,-2.2808116918532306,,3.434938480999359,0.31025231550660204,0.009103441510143978,0.2497487787828251,,0.1655210268475419,-1.522012945875689,,0.06196106396347946,0.11989350829023435,-0.6402022445490265,2.3556915278512913,,-0.6448872036840315,-1.977292193462214,,2.085747514185007,0.23410879262005496,-0.25061883291352427,1.0921258784102115,brick3_q_v2_robust_mahalanobis_clipped,2026-03-18T05:10:36.278770+00:00
QCOM,,,10-Q,2024-03-24,2024-05-01,https://www.sec.gov/Archives/edgar/data/804328/000080432824000039/qcom-20240324.htm,58.06,13.428464963047501,0.6914839375933451,,0.6914839375933451,7,assets_growth_yoy,-2.0242,debt_to_assets,-1.0467,ocf_to_net_income,0.51,robust_mcd,0.5068102119828596,-2.0241738062852686,-0.40873778630601687,-0.08597932087840593,-1.046714369708127,,-0.25801248709002733,0.5099595809027109,,,,,,,,,0.5068102119828596,-2.0241738062852686,-0.40873778630601687,-0.08597932087840593,-1.046714369708127,,-0.25801248709002733,0.5099595809027109,brick3_q_v2_robust_mahalanobis_clipped,2026-03-18T05:10:36.278770+00:00
MELI,,,10-Q,2024-03-31,2024-05-03,https://www.sec.gov/Archives/edgar/data/1099590/000109959024000017/meli-20240331.htm,57.98,13.42341070543084,1.1069626914085435,2.0101330773450705,1.012108060727551,8,ocf_to_net_income,1.5659,accrual_ratio,-1.3649,equity_to_assets,1.3549,robust_mcd,-1.17504296181051,0.043498670000113204,-0.3083306077354466,1.4010883613740974,-2.7648555905461274,2.7648555905461256,-0.1686360073623594,-0.22939374189356748,2.775349283973369,2.6130406975583473,1.2824713788247435,-0.33632085676551604,0.8957705203626091,-0.7599855062686223,-3.159178710623689,4.258947664383667,0.4051139365030416,1.071315481023407,0.32799018688862946,0.7061246741182521,-1.3006051461826327,1.3549191518202264,-1.3648530886668913,1.5659428206173267,brick3_q_v2_robust_mahalanobis_clipped,2026-03-18T05:10:36.278770+00:00
AMD,,,10-Q,2025-09-27,2025-11-05,https://www.sec.gov/Archives/edgar/data/2488/000000248825000166/amd-20250927.htm,57.9,13.39703709397048,0.9672825821407537,2.004694455685957,1.0800637443538141,5,equity_to_assets,2.4445,accrual_ratio,-1.7069,net_income_growth_yoy,0.6745,robust_mcd,,0.0,0.6744907594765953,,,-1.2590982800209203,-2.395148484176683,0.5076753870295699,,0.6744907594765952,0.6744907594765952,,,8.0,-0.6744907594765952,0.0,,0.26979630379063807,0.6744907594765952,,,2.444541031987448,-1.706885394296648,0.30460523221774194,brick3_q_v2_robust_mahalanobis_clipped,2026-03-18T05:10:36.278770+00:00
MRVL,,,10-Q,2023-10-28,2023-12-01,https://www.sec.gov/Archives/edgar/data/1835632/000183563223000046/mrvl-20231028.htm,57.83,13.369459518727275,1.8543408407994721,2.2641383611928205,2.0692119699794893,6,net_income_growth_yoy,-4.3755,ocf_to_net_income,-2.4628,accrual_ratio,-2.4206,robust_mcd,,,-1.9590897525835413,,-0.03403933496630522,0.03403891854588597,-4.034402976440009,-3.2101332214616183,,-2.3638620510262527,-8.0,,-0.6744907594765952,1.2047421094242359,0.0,-1.3417352472298383,,-2.3638620510262527,-4.375453851550125,,-0.2902199047704212,0.502320194897226,-2.4206417858640052,-2.462774031768906,brick3_q_v2_robust_mahalanobis_clipped,2026-03-18T05:10:36.278770+00:00
LRCX,,,10-Q,2024-03-31,2024-04-29,https://www.sec.gov/Archives/edgar/data/707549/000070754924000067/lrcx-20240331.htm,57.75,13.324471115383037,0.9755265266386948,2.0835597815753295,1.4187398286133488,6,accrual_ratio,-4.2717,ocf_to_net_income,2.6964,equity_to_assets,0.5407,robust_mcd,,-0.3019519327980679,0.08827700071070727,,-0.794132356811927,0.7941323568119257,-1.786230262138811,2.0884352505607295,,-0.4171269470955491,0.3130785518170222,,-0.002213835499633197,0.16057486683320457,-8.0,3.6083644882065666,,-0.3480219385170604,0.17819762115323326,,-0.4773649482870094,0.5407093608204373,-4.271738157283287,2.6964069456190645,brick3_q_v2_robust_mahalanobis_clipped,2026-03-18T05:10:36.278770+00:00
CSGP,,,10-Q,2024-06-30,2024-07-25,https://www.sec.gov/Archives/edgar/data/1057352/000105735224000091/csgp-20240630.htm,57.67,13.32114617087668,2.02621702587319,1.8295747519457686,1.9475601163022216,6,net_income_growth_yoy,-4.6414,ocf_to_net_income,4.6123,equity_to_assets,0.9323,robust_mcd,,-0.7971743145252799,-6.331430498496969,,-0.5774189407420024,0.5774393444492225,0.01945299128526443,3.854386065740404,,-0.3124246569636768,-2.106406780667747,,-1.1177210721550488,1.464670668496628,0.2271218061206041,5.749103527270906,,-0.6032744515006386,-4.6414210113652805,,-0.793539793307221,0.9323318740681847,0.10252051721940031,4.612273050352605,brick3_q_v2_robust_mahalanobis_clipped,2026-03-18T05:10:36.278770+00:00
MRVL,,,10-Q,2022-07-30,2022-08-26,https://www.sec.gov/Archives/edgar/data/1835632/000183563222000041/mrvl-20220730.htm,57.59,13.315792594091374,2.493292550077853,1.3614629213586522,1.7703919789573759,6,ocf_to_net_income,6.4245,assets_growth_yoy,2.0715,net_income_growth_yoy,0.6745,robust_mcd,,,,,0.6698469333793715,-0.669970602387726,-0.6333526645443138,8.0,,2.071484469670666,0.6744907594765952,,,0.0,0.0,4.061339377646,,2.071484469670666,0.6744907594765952,,0.6698469333793715,-0.4019823614326356,-0.3800115987265883,6.4245357510584,brick3_q_v2_robust_mahalanobis_clipped,2026-03-18T05:10:36.278770+00:00
MAR,,,10-Q,2024-06-30,2024-07-31,https://www.sec.gov/Archives/edgar/data/1048286/000162828024033679/mar-20240630.htm,57.52,13.282267976091106,0.8505317249911475,0.4056565431527205,0.5784728503814855,7,equity_to_assets,-2.3552,accrual_ratio,-0.7588,revenue_growth_yoy,-0.3349,robust_mcd,-0.6029888724525502,0.49455655359050604,-0.559757259760035,0.037416500266703914,,-2.660687750906606,-1.193887951550852,0.4044271864107792,0.06724593614968297,-0.46136484072055634,0.06180217636604677,-0.06922525532395592,,-1.8969334237945354,-0.10610985695056022,-0.17691431276370584,-0.3348949490116569,0.11218799586608105,-0.3111334853096023,-0.005240201969560019,,-2.355186020061778,-0.7587767137107353,0.17189058674098517,brick3_q_v2_robust_mahalanobis_clipped,2026-03-18T05:10:36.278770+00:00
INSM,,,10-Q,2021-03-31,2021-05-06,https://www.sec.gov/Archives/edgar/data/1104506/000110450621000010/insm-20210331.htm,57.44,13.163026696230332,,1.051440944739802,1.051440944739802,6,accrual_ratio,3.7237,net_income_growth_yoy,-1.2228,assets_growth_yoy,-0.6012,robust_mcd,,,,,,,,,,-0.6011864057231407,-1.2227893781268837,,0.5650811575732346,-0.1913262795856984,3.723726278463207,-0.00453616896664775,,-0.6011864057231407,-1.2227893781268837,,0.5650811575732346,-0.1913262795856984,3.723726278463207,-0.00453616896664775,brick3_q_v2_robust_mahalanobis_clipped,2026-03-18T05:10:36.278770+00:00
VRSK,,,10-Q,2023-06-30,2023-08-02,https://www.sec.gov/Archives/edgar/data/1442145/000143774923021529/vrsk20230630_10q.htm,57.36,13.15902160617266,2.568061422876871,1.2008600308830504,2.005642004605308,6,equity_to_assets,-4.2337,debt_to_assets,4.1063,assets_growth_yoy,-2.4007,robust_mcd,,-2.2988630548155204,0.07769430737017294,,6.019959879973265,-6.121768887721223,0.4010361632428776,-0.4890462441381675,,-2.553356247667198,-0.40369876677274125,,1.2358509794831416,-1.401676821543092,0.9264089201399182,-0.6841684496922119,,-2.4006603319561917,-0.11486292228699274,,4.106316319777215,-4.23373206124997,0.6111852660016939,-0.5670951263597852,brick3_q_v2_robust_mahalanobis_clipped,2026-03-18T05:10:36.278770+00:00
ALNY,,,10-Q,2025-06-30,2025-07-31,https://www.sec.gov/Archives/edgar/data/1178670/000117867025000090/alny-20250630.htm,57.29,13.14709036792641,2.017356417481565,2.2945430764223986,1.9324571368210453,6,net_income_growth_yoy,-5.731,ocf_to_net_income,-3.6545,assets_growth_yoy,1.0754,robust_mcd,,1.396774578418485,-4.218297517430883,,-0.48943486059213176,0.489434860592133,-0.946024521400517,-4.564172166455238,,0.5933323094764796,-8.0,,1.4574395672975349,-1.4208121778796705,-0.00565670915391755,-2.2900176947267905,,1.0753976708416828,-5.730978510458529,,0.28931491056373493,-0.27466395479658845,-0.5698773965018772,-3.654510377763859,brick3_q_v2_robust_mahalanobis_clipped,2026-03-18T05:10:36.278770+00:00
DXCM,,,10-Q,2023-09-30,2023-10-26,https://www.sec.gov/Archives/edgar/data/1093557/000109355723000220/dxcm-20230930.htm,57.21,13.125344197264187,1.6252277561905928,0.7117174446749214,1.259823631584324,6,debt_to_assets,2.978,assets_growth_yoy,1.5242,equity_to_assets,-1.0898,robust_mcd,,1.070195116113778,-0.3187955442888527,,4.69970374368175,-1.6103049230270214,-1.3114997019895647,0.7408675080425899,,2.2051980800155975,-0.01867811204474557,,0.3954662274367497,-0.3091266526217332,-0.4533416040513684,0.8884939918793336,,1.5241963016745057,-0.19874857139120986,,2.97800873718375,-1.0898336148649062,-0.9682364628142862,0.7999181015772874,brick3_q_v2_robust_mahalanobis_clipped,2026-03-18T05:10:36.278770+00:00
BKNG,,,10-Q,2023-03-31,2023-05-04,https://www.sec.gov/Archives/edgar/data/1075531/000107553123000031/bkng-20230331.htm,57.13,13.04423436818894,3.2996122518556694,1.1249309126082225,2.248662095734558,4,debt_to_assets,4.1145,equity_to_assets,-4.0719,assets_growth_yoy,0.5527,robust_mcd,-0.6035920680737759,0.6185245847289681,,,5.990180530647009,-5.986151823972926,,,1.5442065357635588,0.4540107725066462,,,1.3009109628088333,-1.2005953793538517,,,0.2555273734611581,0.5527190598400393,,,4.114472703511739,-4.071929246125296,,,brick3_q_v2_robust_mahalanobis_clipped,2026-03-18T05:10:36.278770+00:00
DASH,,,10-Q,2022-06-30,2022-08-05,https://www.sec.gov/Archives/edgar/data/1792789/000162828022021372/dash-20220630.htm,57.05,12.997113870957115,,1.8335863758433473,1.8335863758433473,6,assets_growth_yoy,5.2265,net_income_growth_yoy,-2.1387,equity_to_assets,1.3159,robust_mcd,,,,,,,,,,5.226458664666983,-2.1387259893191075,,-0.9663180522144504,1.3158886821134552,-0.28215910844367387,-1.0719677583024145,,5.226458664666983,-2.1387259893191075,,-0.9663180522144504,1.3158886821134552,-0.28215910844367387,-1.0719677583024145,brick3_q_v2_robust_mahalanobis_clipped,2026-03-18T05:10:36.278770+00:00
BKNG,,,10-Q,2024-03-31,2024-05-02,https://www.sec.gov/Archives/edgar/data/1075531/000107553124000027/bkng-20240331.htm,56.98,12.915235525790036,3.1580440200865803,1.227941425614504,2.258221410149965,4,debt_to_assets,4.4117,equity_to_assets,-4.3686,assets_growth_yoy,0.1275,robust_mcd,-0.42593857382594896,0.1809792227264116,,,6.012629141896984,-6.0126291418969755,,,0.9516357073674836,0.04716353608515769,,,2.010364857184707,-1.902601601820668,,,0.12509113865142407,0.12745294806991003,,,4.411723428012073,-4.368618125866453,,,brick3_q_v2_robust_mahalanobis_clipped,2026-03-18T05:10:36.278770+00:00
AAPL,,,10-Q,2022-06-25,2022-07-29,https://www.sec.gov/Archives/edgar/data/320193/000032019322000070/aapl-20220625.htm,56.9,12.865651403425947,3.1636057026009388,1.521514785558532,1.9414972712114478,6,accrual_ratio,-3.163,equity_to_assets,-3.0603,debt_to_assets,2.9898,robust_mcd,,,,,4.533326794438535,-4.533326794438604,-1.1017888708772512,2.4859803506493643,,-0.6744907594765952,0.0,,0.6744907594765954,-0.8506896591692772,-6.2549267757521285,0.6744907594765952,,-0.6744907594765952,0.0,,2.989792380453759,-3.0602719403308734,-3.163044032827202,1.7613845141802567,brick3_q_v2_robust_mahalanobis_clipped,2026-03-18T05:10:36.278770+00:00
AEP,,,10-Q,2022-03-31,2022-04-28,https://www.sec.gov/Archives/edgar/data/4904/000000490422000053/aep-20220331.htm,56.82,12.844898431369515,,0.6461088392170234,0.6461088392170234,7,ocf_to_net_income,2.4501,debt_to_assets,0.5968,revenue_growth_yoy,-0.5617,robust_mcd,,,,,,,,,-0.5617437246430829,0.07882688834241924,,0.43079245609470096,0.5968271205650998,-0.3415381654417039,-0.06294326900044081,2.4500902504317157,-0.5617437246430829,0.07882688834241924,,0.43079245609470096,0.5968271205650998,-0.3415381654417039,-0.06294326900044081,2.4500902504317157,brick3_q_v2_robust_mahalanobis_clipped,2026-03-18T05:10:36.278770+00:00
INTC,,,10-Q,2022-07-02,2022-07-29,https://www.sec.gov/Archives/edgar/data/50863/000005086322000030/intc-20220702.htm,56.75,12.718941839615637,3.763550841239135,0.6744907594765934,1.6514642768266174,5,ocf_to_net_income,-5.0698,equity_to_assets,1.6367,net_income_growth_yoy,-0.6745,robust_mcd,,,,,,3.1774458963497487,-0.11320662736765728,-8.0,,-0.6744907594765952,-0.6744907594765953,,,-0.6744907594765859,0.6744907594765954,-0.6744907594765952,,-0.6744907594765952,-0.6744907594765953,,,1.6366712340192149,0.20187232737004382,-5.069796303790638,brick3_q_v2_robust_mahalanobis_clipped,2026-03-18T05:10:36.278770+00:00
MAR,,,10-Q,2023-09-30,2023-11-02,https://www.sec.gov/Archives/edgar/data/1048286/000162828023036256/mar-20230930.htm,56.67,12.61410701701851,1.3410521658756078,0.5389119297781756,0.8658642085756717,7,accrual_ratio,-2.3065,equity_to_assets,-1.6224,ocf_to_net_income,0.8278,robust_mcd,-1.0464268054539714,0.7700029785029436,-0.6849555429833659,0.34284954183816363,,-1.5073111193439273,-3.6585593415524693,1.377259831454413,0.7950769813826785,-0.5553268186507481,-0.017079146793911096,0.32775474305869484,,-1.7949768445242047,-0.27850847230455994,0.003660501732431368,-0.3098252907193114,0.2398710596414669,-0.41780498450758397,0.3368116223263761,,-1.6223774094160381,-2.306538993853305,0.8278200995656204,brick3_q_v2_robust_mahalanobis_clipped,2026-03-18T05:10:36.278770+00:00
AXON,,,10-Q,2023-09-30,2023-11-07,https://www.sec.gov/Archives/edgar/data/1069183/000155837023018023/axon-20230930x10q.htm,56.59,12.606066425157174,1.8743076844261068,2.218675456741911,1.879593478320938,6,assets_growth_yoy,4.8418,net_income_growth_yoy,3.8044,debt_to_assets,0.8957,robust_mcd,,5.06264625876524,2.0792442765336028,,1.4927889228787965,-1.481402666981651,0.5955770578908689,0.5341869235064813,,4.510507246300315,6.392187629581817,,0.0,0.19217947747645664,1.083347753540419,-1.133830633552459,,4.84179065377927,3.8044216177528885,,0.8956733537272779,-0.8119698091984078,0.7906853361506889,-0.13302009931709485,brick3_q_v2_robust_mahalanobis_clipped,2026-03-18T05:10:36.278770+00:00
SNPS,,,10-Q,2023-01-31,2023-02-17,https://www.sec.gov/Archives/edgar/data/883241/000088324123000005/snps-20230131.htm,56.52,12.415544483734056,3.1136506178643604,0.4390770204312988,2.038233553828707,6,assets_growth_yoy,-3.6942,debt_to_assets,3.0883,equity_to_assets,-2.6264,robust_mcd,,-5.797350703968197,-1.421553266259445,,5.164248318499229,-4.388148293125622,1.053371913960627,-0.857231211373044,,-0.539564049798993,-0.9338905146503205,,-0.025660875818465594,0.016246312149752987,0.6744907594765952,-0.4446096106936656,,-3.6942360423005156,-1.226488165615795,,3.0882846407721516,-2.626390451015472,0.9018194521670142,-0.6921825711012927,brick3_q_v2_robust_mahalanobis_clipped,2026-03-18T05:10:36.278770+00:00
INSM,,,10-Q,2022-03-31,2022-05-05,https://www.sec.gov/Archives/edgar/data/1104506/000110450622000014/insm-20220331.htm,56.44,12.403192199973628,,1.5021019027567046,1.5021019027567046,6,assets_growth_yoy,4.9529,accrual_ratio,1.2694,debt_to_assets,1.192,robust_mcd,,,,,,,,,,4.952908458892249,-0.45675379445561104,,1.191990466661615,-0.9882911308257237,1.2693655799148447,-0.15330198579018423,,4.952908458892249,-0.45675379445561104,,1.191990466661615,-0.9882911308257237,1.2693655799148447,-0.15330198579018423,brick3_q_v2_robust_mahalanobis_clipped,2026-03-18T05:10:36.278770+00:00
REGN,,,10-Q,2021-06-30,2021-08-05,https://www.sec.gov/Archives/edgar/data/872589/000180422021000025/regn-20210630.htm,56.36,12.400704124546648,,1.9318047557637206,1.9318047557637206,6,accrual_ratio,3.168,net_income_growth_yoy,2.718,assets_growth_yoy,2.5599,robust_mcd,,,,,,,,,,2.559886667698239,2.7180172297098624,,-0.8845894644864064,1.448327019959678,3.1680122347346167,-0.8119959179935199,,2.559886667698239,2.7180172297098624,,-0.8845894644864064,1.448327019959678,3.1680122347346167,-0.8119959179935199,brick3_q_v2_robust_mahalanobis_clipped,2026-03-18T05:10:36.278770+00:00
CEG,,,10-Q,2025-06-30,2025-08-07,https://www.sec.gov/Archives/edgar/data/1868275/000186827525000073/ceg-20250630.htm,56.28,12.389320108299492,1.0872040839388388,0.3628910093674223,0.5655379893265732,8,equity_to_assets,0.971,ocf_to_net_income,0.9414,debt_to_assets,-0.8156,robust_mcd,0.9415838970687063,0.28903018850487133,-0.16310606658069987,0.5999278816330753,-1.8468715702246934,2.091930089248792,-1.0776340714468493,1.6875489068030232,0.18449479383751113,-0.5310605816659928,-0.3017093343561916,0.0,0.7312499795525581,-0.7103665151069368,0.2664258517823074,-0.1778210186378808,0.6387482557762282,-0.03900611956347433,-0.21854737369089655,0.35995672897984515,-0.8156229503137927,0.9710114475065005,-0.5400101021551866,0.9414009366266616,brick3_q_v2_robust_mahalanobis_clipped,2026-03-18T05:10:36.278770+00:00
PANW,,,10-Q,2022-01-31,2022-02-23,https://www.sec.gov/Archives/edgar/data/1327567/000132756722000008/panw-20220131.htm,56.21,12.37149301007227,,1.831058957094043,1.831058957094043,6,ocf_to_net_income,-4.4716,debt_to_assets,2.4891,equity_to_assets,-1.9298,robust_mcd,,,,,,,,,,-0.7581857371336408,-0.2158352544481122,,2.4891444964209253,-1.9298178864032804,-1.121814807637708,-4.471555560520592,,-0.7581857371336408,-0.2158352544481122,,2.4891444964209253,-1.9298178864032804,-1.121814807637708,-4.471555560520592,brick3_q_v2_robust_mahalanobis_clipped,2026-03-18T05:10:36.278770+00:00
NXPI,,,10-Q,2024-03-31,2024-04-30,https://www.sec.gov/Archives/edgar/data/1413447/000141344724000038/nxpi-20240331.htm,56.13,12.337569987388772,2.1740042326777718,0.2898610218343241,1.388261765218406,6,assets_growth_yoy,-5.1995,debt_to_assets,-0.695,equity_to_assets,0.681,robust_mcd,,-8.0,-0.8218798727062696,,-1.2634162660079873,1.169645802831744,0.9560057272801079,-0.8330777272405223,,-0.9987172388085658,-0.4206616091174018,,0.15771933258141546,-0.05192653097444446,0.07914840966507714,0.030993009859039702,,-5.199486895523426,-0.6613925672707225,,-0.6949620265722262,0.6810168693092686,0.6052628002340956,-0.4874494324006975,brick3_q_v2_robust_mahalanobis_clipped,2026-03-18T05:10:36.278770+00:00
ADI,,,10-Q,2021-07-31,2021-08-18,https://www.sec.gov/Archives/edgar/data/6281/000000628121000197/adi-20210731.htm,56.05,12.330775998659911,,1.2880738474664504,1.2880738474664504,5,assets_growth_yoy,5.4752,equity_to_assets,0.6745,ocf_to_net_income,0.2907,robust_mcd,,,,,,,,,,5.475205671432455,0.0,,,0.6744907594765952,0.0,0.2906728064232021,,5.475205671432455,0.0,,,0.6744907594765952,0.0,0.2906728064232021,brick3_q_v2_robust_mahalanobis_clipped,2026-03-18T05:10:36.278770+00:00
MSTR,,,10-Q,2022-09-30,2022-11-01,https://www.sec.gov/Archives/edgar/data/1050446/000156459022036073/mstr-10q_20220930.htm,55.98,12.260230649116115,1.2575446275818152,1.3745091098806808,1.1109708534873772,8,debt_to_assets,1.7413,equity_to_assets,-1.6636,assets_growth_yoy,-1.6011,robust_mcd,-0.4981063101253163,,0.7999609666086692,1.4608552618956008,1.752837797238959,-1.7528377972389586,1.23255916855472,-1.3056550914104816,-0.7062741058954211,-1.6011275911865621,0.5177412058398128,-2.905967910369039,1.7239959718450464,-1.5298057107868455,0.6283499591834765,-1.382810423939242,-0.5813734284333583,-1.6011275911865621,0.6870730623011266,-0.2858740070102551,1.741301067081394,-1.6636249626581134,0.9908754848062226,-1.3365172244219858,brick3_q_v2_robust_mahalanobis_clipped,2026-03-18T05:10:36.278770+00:00
ISRG,,,10-Q,2022-06-30,2022-07-22,https://www.sec.gov/Archives/edgar/data/1035267/000103526722000128/isrg-20220630.htm,55.9,12.168430976727233,1.6213728310393196,0.8026649035504908,1.0126033426156036,6,assets_growth_yoy,-1.874,equity_to_assets,1.7411,net_income_growth_yoy,-1.3308,robust_mcd,,-3.5455672181233875,-1.8557658612076517,,1.9847387753750672,,-0.09793840973176986,0.6228538907587229,,0.6334487578956489,-0.543241281023167,,-1.419048928729758,1.7410500583882225,0.2570071341349198,0.222193261131228,,-1.8739608277157729,-1.330756029133858,,0.623223693733137,1.7410500583882225,0.044039807814906025,0.4625896389077249,brick3_q_v2_robust_mahalanobis_clipped,2026-03-18T05:10:36.278770+00:00
MAR,,,10-Q,2025-06-30,2025-08-05,https://www.sec.gov/Archives/edgar/data/1048286/000104828625000006/mar-20250630.htm,55.82,12.155974040690369,0.7194875587976594,0.5585131364196705,0.589914798211787,7,equity_to_assets,-2.0393,assets_growth_yoy,0.9689,revenue_growth_yoy,-0.3823,robust_mcd,-0.3071740567269287,1.7619445229844102,-0.3086881363503589,-0.23771797464361516,,-2.0623045608523465,-0.18787161887629106,0.17071204114966454,-0.49510505960094836,-0.2207905618522268,-0.4324922816768804,-0.3130495320876831,,-2.004829695472369,0.09349255322669693,-0.3498322710208888,-0.3823464578765366,0.9688504890497552,-0.3582097944809675,-0.2678505976212423,,-2.0393146147003556,-0.07532595003509586,-0.03750568371855682,brick3_q_v2_robust_mahalanobis_clipped,2026-03-18T05:10:36.278770+00:00
ZS,,,10-Q,2025-10-31,2025-11-25,https://www.sec.gov/Archives/edgar/data/1713683/000171368325000205/zs-20251031.htm,55.74,12.097278070219653,1.9886249846232111,2.176120875237872,1.8485125618822265,6,ocf_to_net_income,-5.4021,assets_growth_yoy,3.0967,equity_to_assets,0.8071,robust_mcd,,3.149959790478428,-0.3356335024552943,,-1.794888185030811,1.7948881850308096,1.0087911398303087,-3.8475891049136135,,3.0168261714719145,-0.6390315433620289,,0.9388400829247713,-0.6744907594765952,0.0537031085764731,-7.733833585615448,,3.0967063428758226,-0.4569927188179882,,-0.701396877848578,0.8071366072278476,0.6267559273287744,-5.402086897194348,brick3_q_v2_robust_mahalanobis_clipped,2026-03-18T05:10:36.278770+00:00
ADP,,,10-Q,2022-09-30,2022-11-02,https://www.sec.gov/Archives/edgar/data/8670/000000867022000046/adp-20220930.htm,55.67,12.000029501333776,1.7817462998385198,0.8427818904678975,1.2758065031121955,8,assets_growth_yoy,-3.9407,debt_to_assets,1.8831,equity_to_assets,-1.7943,robust_mcd,,-5.200686881006915,0.04734019278345577,-0.5462068900152931,2.272326365257219,-2.272326365257207,0.922306999118367,-1.2110304054311816,-0.04369252679751332,-2.050778797433824,0.18877257609310186,-0.21766892503912347,1.2991482309821651,-1.077348342557755,1.1033171220065976,-0.7615286028330995,-0.04369252679751332,-3.9407236475776783,0.10391314610731421,-0.41479170402482524,1.8830551115471974,-1.7943351561774263,0.9947110482736592,-1.0312296843919488,brick3_q_v2_robust_mahalanobis_clipped,2026-03-18T05:10:36.278770+00:00
TTWO,,,10-Q,2025-06-30,2025-08-07,https://www.sec.gov/Archives/edgar/data/946581/000162828025038963/ttwo-20250630.htm,55.59,11.8643535623561,2.9082455003763794,1.424126182940918,2.3145977734021947,6,equity_to_assets,-3.2746,debt_to_assets,3.1732,ocf_to_net_income,2.796,robust_mcd,,-0.881759154805484,1.483460177406273,,5.035017789546408,-5.236645766331514,1.1200863138918187,3.692503800276777,,-2.988379350992688,2.549943450012449,,0.3804927162536571,-0.3315110187623956,0.8431132160554645,1.4513173455688553,,-1.7244072332803655,1.9100534864487435,,3.1732077602293076,-3.2745918673038665,1.009297074757277,2.7960292183936084,brick3_q_v2_robust_mahalanobis_clipped,2026-03-18T05:10:36.278770+00:00
SNPS,,,10-Q,2021-01-31,2021-02-19,https://www.sec.gov/Archives/edgar/data/883241/000088324121000009/snps-20210131.htm,55.51,11.629076708489778,,0.4755809163752396,0.4755809163752396,8,net_income_growth_yoy,0.863,accrual_ratio,0.8037,revenue_growth_yoy,-0.6745,robust_mcd,,,,,,,,,-0.6744907594765952,-0.6744907594765952,0.862953774193365,0.0,-0.4393712375606741,0.3113411471095963,0.8036901224956773,-0.03830953068941337,-0.6744907594765952,-0.6744907594765952,0.862953774193365,0.0,-0.4393712375606741,0.3113411471095963,0.8036901224956773,-0.03830953068941337,brick3_q_v2_robust_mahalanobis_clipped,2026-03-18T05:10:36.278770+00:00
SNPS,,,10-Q,2024-01-31,2024-02-23,https://www.sec.gov/Archives/edgar/data/883241/000088324124000013/snps-20240131.htm,55.44,11.609672735189857,2.3094478647505543,1.2180828776714268,1.8729018699189035,6,debt_to_assets,-3.5381,equity_to_assets,3.4207,accrual_ratio,1.9589,robust_mcd,,-0.05452273383831821,0.248523267570115,,-5.803972120948058,5.089938060670211,1.558144494903765,-1.1015865105728584,,-1.0981613622816926,0.0,,-0.13941358283125518,0.9169240059352913,2.560011827891426,-2.5939864870888956,,-0.47197818521566803,0.149113960542069,,-3.5381487057013365,3.420732438776243,1.9588914280988292,-1.6985465011792733,brick3_q_v2_robust_mahalanobis_clipped,2026-03-18T05:10:36.278770+00:00
CHTR,,,10-Q,2025-03-31,2025-04-25,https://www.sec.gov/Archives/edgar/data/1091667/000109166725000099/chtr-20250331.htm,55.36,11.606530146069597,0.5942367609376353,0.8115253763568874,0.324184631974286,7,ocf_to_net_income,0.7047,revenue_growth_yoy,-0.6915,equity_to_assets,0.369,robust_mcd,-0.6427681371481149,0.6422461811717705,0.08522237673458952,-0.26176489479884574,,1.3599149443829295,0.5866152424234526,-0.5811255499037444,-0.7645309833921925,-0.4427131665943739,0.03085242559392531,0.04536560864915146,,-1.117395200747484,-0.6463039815500629,2.6335162679710216,-0.691473275645746,0.20826244206531272,0.06347439627832384,-0.13891269341964685,,0.36899088633076405,0.09344755283404643,0.704731177246162,brick3_q_v2_robust_mahalanobis_clipped,2026-03-18T05:10:36.278770+00:00
ORLY,,,10-Q,2023-03-31,2023-05-09,https://www.sec.gov/Archives/edgar/data/898173/000089817323000029/orly-20230331x10q.htm,55.28,11.593939722448308,1.384585409981678,0.5192721717932917,0.9556733217582114,5,equity_to_assets,-2.208,assets_growth_yoy,1.6783,ocf_to_net_income,-0.4505,robust_mcd,,2.6196192286224003,0.21968364217097275,,,-2.471584456179181,0.7965974715025924,-0.8154422514332427,,0.26636406264099455,-0.05529258843680824,,,-1.8125793403997639,-0.3652869462802945,0.09683792120859727,,1.678317162229838,0.10969314992786035,,,-2.207982409867414,0.33184370438943755,-0.45053018237650666,brick3_q_v2_robust_mahalanobis_clipped,2026-03-18T05:10:36.278770+00:00
ZS,,,10-Q,2023-04-30,2023-06-07,https://www.sec.gov/Archives/edgar/data/1713683/000171368323000059/zs-20230430.htm,55.2,11.593637818791915,1.7502785848503135,1.5810812840720236,1.6825996645389971,6,ocf_to_net_income,-5.1409,accrual_ratio,-1.1271,debt_to_assets,1.1142,robust_mcd,,0.565764375538635,1.2120135539013128,,0.991905922970814,-0.9919059229708136,-1.271232728010844,-5.468849005709462,,0.8173344045438622,0.6624535871999996,,1.2977244923608346,-1.1492207989371706,-0.9108858608665029,-4.648868560523772,,0.6663923871407259,0.9921895672207874,,1.1142333507268223,-1.0548318733573563,-1.1270939811531075,-5.140856827635186,brick3_q_v2_robust_mahalanobis_clipped,2026-03-18T05:10:36.278770+00:00
MSFT,,,10-Q,2022-12-31,2023-01-24,https://www.sec.gov/Archives/edgar/data/789019/000156459023000733/msft-10q_20221231.htm,55.13,11.538769961550052,2.8966344111872075,0.5843273365520598,1.899416853820077,6,assets_growth_yoy,-3.3975,ocf_to_net_income,-2.3523,accrual_ratio,2.2722,robust_mcd,,-6.023891856708278,-1.0182559554103352,,-1.7647182702416593,1.7647182702416642,3.3373673728631936,-3.470854741658114,,0.5422104563480322,-0.6544425492231658,,-0.5313647353910437,0.4289647593969266,0.6744907594765952,-0.6744907594765952,,-3.397450931485754,-0.8727305929354674,,-1.2713768563014132,1.230416865903769,2.272216727508554,-2.352309148785506,brick3_q_v2_robust_mahalanobis_clipped,2026-03-18T05:10:36.278770+00:00
BKNG,,,10-Q,2023-06-30,2023-08-03,https://www.sec.gov/Archives/edgar/data/1075531/000107553123000047/bkng-20230630.htm,55.05,11.530225204632085,2.795821959132184,1.289869905576326,1.9816494315808426,4,equity_to_assets,-3.79,debt_to_assets,3.6867,revenue_growth_yoy,0.2888,robust_mcd,-0.7059723537633276,0.2323396281324229,,,5.122487927316489,-5.122487927316496,,,1.780901104715079,0.05428102955830412,,,1.53310829664732,-1.7911891913846014,,,0.28877702962803514,0.1611161887027754,,,3.686736075048821,-3.789968432943738,,,brick3_q_v2_robust_mahalanobis_clipped,2026-03-18T05:10:36.278770+00:00
CHTR,,,10-Q,2021-06-30,2021-07-30,https://www.sec.gov/Archives/edgar/data/1091667/000109166721000134/chtr-20210630.htm,54.97,11.424191180840547,,0.958886210542944,0.958886210542944,7,ocf_to_net_income,3.16,equity_to_assets,-1.1759,assets_growth_yoy,-0.8727,robust_mcd,,,,,,,,,-0.4916188039126523,-0.8727453853179196,-0.10259839062774133,-0.35365759334364755,,-1.1759195231609354,-0.5556627889621916,3.16000098847552,-0.4916188039126523,-0.8727453853179196,-0.10259839062774133,-0.35365759334364755,,-1.1759195231609354,-0.5556627889621916,3.16000098847552,brick3_q_v2_robust_mahalanobis_clipped,2026-03-18T05:10:36.278770+00:00
ADP,,,10-Q,2022-03-31,2022-04-29,https://www.sec.gov/Archives/edgar/data/8670/000000867022000023/adp-20220331.htm,54.9,11.340231473859111,,0.937464404537051,0.937464404537051,8,assets_growth_yoy,2.1021,ocf_to_net_income,1.4627,debt_to_assets,1.3578,robust_mcd,,,,,,,,,-0.2395440580162558,2.1021220686834874,-0.10434560462340876,-0.6744907594765952,1.357806935810937,-1.1722444560277052,-0.3864605846790443,1.4627007689789744,-0.2395440580162558,2.1021220686834874,-0.10434560462340876,-0.6744907594765952,1.357806935810937,-1.1722444560277052,-0.3864605846790443,1.4627007689789744,brick3_q_v2_robust_mahalanobis_clipped,2026-03-18T05:10:36.278770+00:00
NXPI,,,10-Q,2024-06-30,2024-07-23,https://www.sec.gov/Archives/edgar/data/1413447/000141344724000072/nxpi-20240630.htm,54.82,11.318097960699854,1.9484811795212424,0.32300302151193494,1.25493619347128,6,assets_growth_yoy,-5.0702,debt_to_assets,-0.7428,equity_to_assets,0.7169,robust_mcd,,-8.0,-0.8218798727062696,,-1.3645080892094419,1.2850911795921747,-0.10599238229399939,0.11341555332556978,,-0.6755409205314609,-0.3507310990692368,,0.18986454982006498,-0.1352883715267324,-0.44833680585054886,0.1382563822735658,,-5.070216368212584,-0.6334203632514565,,-0.7427590335976392,0.7169393591446118,-0.2429301517166192,0.12335188490476819,brick3_q_v2_robust_mahalanobis_clipped,2026-03-18T05:10:36.278770+00:00
AMZN,,,10-Q,2025-09-30,2025-10-31,https://www.sec.gov/Archives/edgar/data/1018724/000101872425000123/amzn-20250930.htm,54.74,11.307591812919041,1.0653322491812875,0.857487225977345,0.8720526961967,5,equity_to_assets,2.4052,assets_growth_yoy,1.1959,ocf_to_net_income,-0.3663,robust_mcd,,0.9042759514683423,-0.12437121611351358,,,3.8733692076678037,-0.3345518826490311,-0.09009298800774772,,1.6333661045908905,0.9564218143854823,,,0.20305602208431983,0.7139421770673038,-0.7806500117587286,,1.1959120127173617,0.30794599608608486,,,2.4052439334344102,0.08484574123750288,-0.3663157975081401,brick3_q_v2_robust_mahalanobis_clipped,2026-03-18T05:10:36.278770+00:00
KHC,,,10-Q,2024-06-29,2024-07-31,https://www.sec.gov/Archives/edgar/data/1637459/000163745924000129/khc-20240629.htm,54.66,11.301723958171312,2.202934594844835,0.9072234206521252,1.6441153020175578,6,ocf_to_net_income,6.1755,net_income_growth_yoy,-1.126,debt_to_assets,-0.9033,robust_mcd,,0.1896559074452846,-1.8251438840032972,,-1.0559140572137995,1.0987828678942173,-1.0481108525124125,8.0,,-0.6169913722267836,-0.07728984322739968,,-0.6744907594765951,-0.019527312458522898,-0.6163711062792614,3.4386701302441884,,-0.13300300442354268,-1.1260022676929382,,-0.9033447381189177,0.6514587957531212,-0.8754149540191521,6.175468052097675,brick3_q_v2_robust_mahalanobis_clipped,2026-03-18T05:10:36.278770+00:00
MPWR,,,10-Q,2024-03-31,2024-05-03,https://www.sec.gov/Archives/edgar/data/1280452/000143774924014648/mpwr20240331_10q.htm,54.59,11.277854076723491,2.14064104132348,1.5006615411255975,1.7963752490631089,6,assets_growth_yoy,-4.5352,equity_to_assets,1.5353,debt_to_assets,-1.4587,robust_mcd,,-8.0,-0.8934900026372163,,-1.5564260169704112,1.556426016970418,-0.1157619730500262,0.72174223831281,,0.6620549413591392,-0.5348754414818233,,-1.3121940441801188,1.5034889853102462,-3.0990959578502424,1.8922598765720147,,-4.535178023456345,-0.7500441781750591,,-1.4587332278542942,1.5352512043063493,-1.3090955669701128,1.189949293616492,brick3_q_v2_robust_mahalanobis_clipped,2026-03-18T05:10:36.278770+00:00
ROST,,,10-Q,2022-07-30,2022-09-07,https://www.sec.gov/Archives/edgar/data/745732/000074573222000050/rost-20220730.htm,54.51,11.212204403452509,1.9009714635316464,2.77104644191437,1.6047680224397909,5,net_income_growth_yoy,-3.115,equity_to_assets,-1.5931,accrual_ratio,1.5717,robust_mcd,,,,,,2.678099236894136,1.6920710315557772,-1.3327441221450267,,-0.6744907594765952,-3.1150387043337586,,,-8.0,1.391211986284902,-0.6744907594765952,,-0.6744907594765952,-3.1150387043337586,,,-1.5931404578635187,1.571727413447427,-1.069442777077654,brick3_q_v2_robust_mahalanobis_clipped,2026-03-18T05:10:36.278770+00:00
NXPI,,,10-Q,2024-09-29,2024-11-05,https://www.sec.gov/Archives/edgar/data/1413447/000141344724000089/nxpi-20240929.htm,54.43,11.209941792167815,2.06377894283468,0.6744907594765946,1.3281994669643546,6,assets_growth_yoy,-5.0698,net_income_growth_yoy,-0.7629,accrual_ratio,-0.7465,robust_mcd,,-8.0,-0.8218798727062696,,-1.0891505586736334,1.081062702445921,-0.7944828930097364,0.5960976301725224,,-0.6744907594765952,-0.6744907594765952,,0.6744907594765918,-0.6744907594765952,-0.6744907594765952,0.6744907594765952,,-5.069796303790638,-0.7629242274143998,,-0.38369403141354325,0.3788413176769145,-0.7464860395964799,0.6274548818941514,brick3_q_v2_robust_mahalanobis_clipped,2026-03-18T05:10:36.278770+00:00
QCOM,,,10-Q,2025-03-30,2025-04-30,https://www.sec.gov/Archives/edgar/data/804328/000080432825000031/qcom-20250330.htm,54.36,11.189469856150183,0.7474732068538731,0.5950797318612441,0.6574808739317455,7,assets_growth_yoy,-1.8303,debt_to_assets,-0.9369,net_income_growth_yoy,-0.786,robust_mcd,-0.3357879461004959,-2.021032862484171,-1.4277021722563286,0.17392122143285924,-1.017502199066054,,-0.14011311074415972,0.1162529358930438,-0.6744907594765952,-1.5442082076184847,0.17644479739575777,0.6744907594765952,-0.8161047154784635,,-0.20220793038415422,-0.0776109531986583,-0.4712690714509356,-1.8303030005378966,-0.786043384395494,0.3741490366503536,-0.9369432056310179,,-0.16495103860015753,0.038707380256362944,brick3_q_v2_robust_mahalanobis_clipped,2026-03-18T05:10:36.278770+00:00
STX,,,10-Q,2024-03-29,2024-04-26,https://www.sec.gov/Archives/edgar/data/1137789/000113778924000034/stx-20240329.htm,54.28,11.169020783470126,3.437721689479824,0.6744907594765953,2.3324293174785327,6,net_income_growth_yoy,5.0698,ocf_to_net_income,3.187,debt_to_assets,1.948,robust_mcd,,1.982876799610154,8.0,,2.7970477815690162,-2.667555610556331,-0.3167673595395766,4.8620825856038685,,0.6744907594765953,0.6744907594765953,,0.6744907594765952,-0.6744907594765952,-0.6744907594765952,0.6744907594765952,,1.4595223835567304,5.069796303790638,,1.9480249727320478,-1.8703296701244367,-0.459856719514384,3.187045855152959,brick3_q_v2_robust_mahalanobis_clipped,2026-03-18T05:10:36.278770+00:00
INTU,,,10-Q,2025-10-31,2025-11-20,https://www.sec.gov/Archives/edgar/data/896878/000089687825000048/intu-20251031.htm,54.2,11.114140542296001,0.7989150490964517,1.6936864185056555,0.9925640845475928,8,net_income_growth_yoy,3.5205,accrual_ratio,1.1958,assets_growth_yoy,-1.1022,robust_mcd,0.19666544238582329,-0.7931164086988097,2.6847980858868943,0.23351329050468905,0.5554759055687261,-0.5554759055687395,0.45763982611538523,-0.9146355280425463,0.6744907594765952,-1.56571061018632,4.77416015854864,0.6744907594765952,-0.809381264772294,2.2790200369070446,2.302957490683341,-0.4692802679944123,0.38779556922213204,-1.102154089293814,3.5205429149515926,0.40990427809345154,0.009533037432317981,0.5783224714215742,1.1957668919425677,-0.7364934240232928,brick3_q_v2_robust_mahalanobis_clipped,2026-03-18T05:10:36.278770+00:00
INSM,,,10-Q,2022-06-30,2022-08-04,https://www.sec.gov/Archives/edgar/data/1104506/000110450622000019/insm-20220630.htm,54.12,11.109349010636954,2.1562369576450595,1.5087491555376575,1.897241836802099,6,assets_growth_yoy,-2.5192,accrual_ratio,2.2813,debt_to_assets,2.2609,robust_mcd,,-3.0136440758486804,1.9887198181211279,,2.8401118445581326,-2.8401118445581304,0.957965758373008,1.2968684044112775,,-1.7776460725943473,0.25837702291437226,,1.392026121087771,-1.1390324672660075,4.2663899763197115,0.21902327304373606,,-2.5192448745469473,1.2965827000384256,,2.260877555169988,-2.159680093641281,2.281335445551689,0.865730351864261,brick3_q_v2_robust_mahalanobis_clipped,2026-03-18T05:10:36.278770+00:00
CHTR,,,10-Q,2021-09-30,2021-10-29,https://www.sec.gov/Archives/edgar/data/1091667/000109166721000163/chtr-20210930.htm,54.05,11.065465778950461,,1.1328185468404126,1.1328185468404126,7,ocf_to_net_income,4.238,equity_to_assets,-1.414,assets_growth_yoy,-0.8042,robust_mcd,,,,,,,,,-0.3508871916179583,-0.8041632249549204,0.5472296761490264,0.0,,-1.4139890185268391,-0.5754725862610385,4.237988130373106,-0.3508871916179583,-0.8041632249549204,0.5472296761490264,0.0,,-1.4139890185268391,-0.5754725862610385,4.237988130373106,brick3_q_v2_robust_mahalanobis_clipped,2026-03-18T05:10:36.278770+00:00
EXC,,,10-Q,2023-06-30,2023-08-02,https://www.sec.gov/Archives/edgar/data/1109357/000110935723000067/exc-20230630.htm,53.97,11.052724814465497,0.592139302295005,0.5250960188872458,0.5089583477738181,4,assets_growth_yoy,0.6726,revenue_growth_yoy,0.6391,debt_to_assets,0.5317,robust_mcd,0.6154653268184743,1.2180970983153259,,,0.4441704365449789,0.0908243475012406,,,0.6744907594765952,-0.1455816845385547,,,0.6628868897380995,-0.617424741795734,,,0.6390754998817226,0.6726255851737737,,,0.5316570178222271,-0.19247528821754925,,,brick3_q_v2_robust_mahalanobis_clipped,2026-03-18T05:10:36.278770+00:00
PANW,,,10-Q,2022-10-31,2022-11-18,https://www.sec.gov/Archives/edgar/data/1327567/000132756722000038/panw-20221031.htm,53.89,11.017538323384725,1.725231342311277,1.2338883086813655,1.3960049986258178,6,ocf_to_net_income,6.0333,net_income_growth_yoy,1.5331,equity_to_assets,-0.4593,robust_mcd,,0.05662265498371624,1.4343492202004695,,-0.31118919127536554,-0.16264695561099163,0.3865800317971187,8.0,,-0.2898823369153343,1.6812293497062099,,1.0013152341421885,-0.9042327409085754,-0.44345070736258585,3.0832194830532997,,-0.08197934177590399,1.5331012720027657,,0.21381257889165609,-0.45928126973002514,0.054567736133236844,6.033287793221319,brick3_q_v2_robust_mahalanobis_clipped,2026-03-18T05:10:36.278770+00:00
CPRT,,,10-Q,2025-04-30,2025-06-03,https://www.sec.gov/Archives/edgar/data/900075/000162828025029093/cprt-20250430.htm,53.82,11.006409818934578,1.3964448542375483,1.0443301860623024,1.183443315589717,5,debt_to_assets,-1.8329,ocf_to_net_income,1.7426,accrual_ratio,-1.6573,robust_mcd,,-0.992937004530897,-0.4485175798321267,,-0.6744907594765952,,-2.312475338733119,2.553803588615004,,0.0,0.45097294611083055,,-3.570433595866525,,-0.6744907594765952,0.5257536288575614,,-0.5957622027185382,-0.0887213694549438,,-1.8328678940325671,,-1.6572815070305094,1.7425836047120271,brick3_q_v2_robust_mahalanobis_clipped,2026-03-18T05:10:36.278770+00:00
MDLZ,,,10-Q,2025-06-30,2025-07-29,https://www.sec.gov/Archives/edgar/data/1103982/000110398225000188/mdlz-20250630.htm,53.74,10.970673420925225,0.7775214449305826,0.44031122101585984,0.6235299537998223,8,assets_growth_yoy,-1.762,equity_to_assets,-0.9724,debt_to_assets,0.9586,robust_mcd,-0.026399531935785352,-2.1466028799029604,0.3189340045802402,-0.6866635217965339,1.3678843160173773,-1.4220679220768584,0.23738691974115425,0.014232463393751461,-0.19611824129904895,-1.1850739967717452,-0.19107401564871243,-0.849613685196508,0.34466938520528173,-0.2979962363157347,0.3775524553307265,0.08039175235912116,-0.0942870156810908,-1.7619913266504743,0.11493079648865914,-0.7518435871565236,0.958598343692539,-0.9724392477724089,0.29345313397698314,0.04069617897989934,brick3_q_v2_robust_mahalanobis_clipped,2026-03-18T05:10:36.278770+00:00
TSLA,,,10-Q,2024-09-30,2024-10-24,https://www.sec.gov/Archives/edgar/data/1318605/000162828024043486/tsla-20240930.htm,53.66,10.795826494768164,0.7818641006718074,0.6208736071552774,0.6707621499611967,8,ocf_to_net_income,1.0342,assets_growth_yoy,0.9748,equity_to_assets,0.7978,robust_mcd,-1.0061240392399544,0.3211314992885011,-0.3812289118128449,-0.5095876052601176,-0.9163707639139077,0.9613705440299138,-0.8330352740074354,1.3260641678217848,0.24836881627698001,1.9553714337565649,0.21868871676300808,-0.583501387849749,-0.4045949535570884,0.552521105765269,-0.4075498649850388,0.5963925782885207,-0.5043268970331806,0.9748274730757267,-0.1412618603825037,-0.5391531182959701,-0.71166043977118,0.7978307687240559,-0.6628411103984768,1.034195532008479,brick3_q_v2_robust_mahalanobis_clipped,2026-03-18T05:10:36.278770+00:00
MDLZ,,,10-Q,2022-03-31,2022-04-26,https://www.sec.gov/Archives/edgar/data/1103982/000110398222000007/mdlz-20220331.htm,53.59,10.776698012041317,,0.3546751814665863,0.3546751814665863,8,net_income_growth_yoy,-0.6109,revenue_growth_yoy,-0.5628,accrual_ratio,0.4477,robust_mcd,,,,,,,,,-0.5628245619486049,-0.4034610298354449,-0.6109031611209879,0.36739936639046195,0.06502657113853644,0.25868763144164886,0.4476740741068467,0.12142505575015873,-0.5628245619486049,-0.4034610298354449,-0.6109031611209879,0.36739936639046195,0.06502657113853644,0.25868763144164886,0.4476740741068467,0.12142505575015873,brick3_q_v2_robust_mahalanobis_clipped,2026-03-18T05:10:36.278770+00:00
MRVL,,,10-Q,2023-04-29,2023-05-26,https://www.sec.gov/Archives/edgar/data/1835632/000183563223000029/mrvl-20230429.htm,53.51,10.712131462307442,1.5635162742530722,1.9347531026728888,1.4569053927267104,6,net_income_growth_yoy,-5.9556,accrual_ratio,0.7902,assets_growth_yoy,-0.7152,robust_mcd,,,-4.592670264643678,,0.9874897362585205,-0.9876533601457548,1.0947883631042212,-0.15497964711318604,,-0.7152460566597448,-8.0,,-0.6744907594765951,0.6025986740355737,0.3333555239166253,-1.2828276019487959,,-0.7152460566597448,-5.955602158786206,,0.32269753796447426,-0.3515525464732233,0.7902152274291828,-0.60611882904743,brick3_q_v2_robust_mahalanobis_clipped,2026-03-18T05:10:36.278770+00:00
FAST,,,10-Q,2022-06-30,2022-07-18,https://www.sec.gov/Archives/edgar/data/815556/000081555622000034/fast-20220630.htm,53.43,10.520694400811339,2.605297150982495,0.9587743825812701,1.8233480133887745,5,assets_growth_yoy,3.8729,accrual_ratio,2.4255,ocf_to_net_income,-1.4831,robust_mcd,,6.109428396325254,1.803940421086442,,,-0.5139167926384602,2.5008940303393197,-2.098306114523001,,0.5180611092201088,0.27603608721977174,,,1.1270105846694376,2.312357437525005,-0.560406694272027,,3.872881481483196,1.1927786875397737,,,0.14245415828469893,2.425479393213594,-1.4831463464226113,brick3_q_v2_robust_mahalanobis_clipped,2026-03-18T05:10:36.278770+00:00
TTWO,,,10-Q,2024-06-30,2024-08-09,https://www.sec.gov/Archives/edgar/data/946581/000162828024036273/ttwo-20240630.htm,53.35,10.466268814551293,2.831612390211036,0.8013315152068751,1.7520183757258696,6,debt_to_assets,3.8463,equity_to_assets,-3.7894,assets_growth_yoy,-1.3199,robust_mcd,,-0.7815386538686818,0.6176272796336367,,6.410633092512508,-6.410633092512545,0.33945731259054507,2.4297849101483013,,-2.127385848138391,-0.7713770502040902,,-0.0001588285048161507,0.14238323555455673,0.6744907594765952,-1.0921933693628014,,-1.3198775315765654,0.06202554769854596,,3.846316324105578,-3.7894265612857043,0.4734706913449651,1.02099359834386,brick3_q_v2_robust_mahalanobis_clipped,2026-03-18T05:10:36.278770+00:00
STX,,,10-Q,2022-04-01,2022-04-28,https://www.sec.gov/Archives/edgar/data/1137789/000113778922000031/stx-20220401.htm,53.28,10.394894846289866,1.6089202252426016,0.6744907594765953,0.9977107951690211,7,accrual_ratio,-1.6412,equity_to_assets,-1.275,debt_to_assets,1.275,robust_mcd,,,,-0.6716019098021884,1.6753750364736637,-1.6753750364736673,-2.2856103388131803,1.7366388046503087,,-0.6744907594765952,0.6744907594765953,,0.6744907594765952,-0.6744907594765951,-0.6744907594765952,-0.6744907594765952,,-0.6744907594765952,0.6744907594765953,-0.6716019098021884,1.2750213256748364,-1.2750213256748384,-1.6411625070785463,0.772186978999547,brick3_q_v2_robust_mahalanobis_clipped,2026-03-18T05:10:36.278770+00:00
KHC,,,10-Q,2025-03-29,2025-04-29,https://www.sec.gov/Archives/edgar/data/1637459/000163745925000061/khc-20250329.htm,53.2,10.390207611163586,1.3694677143473761,1.9103022343522955,1.585801522349344,6,assets_growth_yoy,-3.809,net_income_growth_yoy,-3.6461,accrual_ratio,0.7709,robust_mcd,,-2.1850949010909257,-3.8314029220042194,,-0.638337024440074,0.6888275626207137,0.6681155172922413,-0.2050283586360829,,-6.244976184943433,-3.368234767904063,,-0.6744907594765953,0.06738873611143313,0.9251601723710582,-0.1815627853071909,,-3.809047414631929,-3.646135660364157,,-0.6527985184546825,0.4402520320170014,0.770933379323768,-0.19564212930452607,brick3_q_v2_robust_mahalanobis_clipped,2026-03-18T05:10:36.278770+00:00
AAPL,,,10-Q,2023-07-01,2023-08-04,https://www.sec.gov/Archives/edgar/data/320193/000032019323000077/aapl-20230701.htm,53.12,10.374468946511566,0.6033128701911251,2.0153447008552994,1.1681256024567948,6,accrual_ratio,-3.6059,equity_to_assets,-1.3161,debt_to_assets,0.8462,robust_mcd,,0.0,0.0,,0.960729110372836,-0.960729110372833,-0.6765817029318318,1.0218372974692493,,0.472013540231584,0.5812307102086098,,0.6744907594765951,-1.8490996646087354,-8.0,0.5152335306062698,,0.1888054160926336,0.23249228408344394,,0.8462337700143396,-1.3160773320671941,-3.6059490217590993,0.8191957907240575,brick3_q_v2_robust_mahalanobis_clipped,2026-03-18T05:10:36.278770+00:00
MSFT,,,10-Q,2022-09-30,2022-10-25,https://www.sec.gov/Archives/edgar/data/789019/000156459022035087/msft-10q_20220930.htm,53.05,10.33834866680714,2.2361080798692927,0.42090280974960037,1.4559571130605526,6,assets_growth_yoy,-4.6518,net_income_growth_yoy,-1.6154,equity_to_assets,1.0009,robust_mcd,,-8.0,-2.4132572755099133,,-1.4274893634762214,1.4274893634762174,0.1251200844204961,0.023292392332908557,,0.3705778522071097,-0.41868012386348297,,-0.0515468604396126,0.36112452092838754,0.7069175735366428,-0.6165699275223668,,-4.651768859117156,-1.615426414851341,,-0.8771123622615778,1.0009434264570856,0.35783908006695475,-0.2326525356092016,brick3_q_v2_robust_mahalanobis_clipped,2026-03-18T05:10:36.278770+00:00
FTNT,,,10-Q,2021-06-30,2021-08-02,https://www.sec.gov/Archives/edgar/data/1262039/000126203921000022/ftnt-20210630.htm,52.97,10.322705630445958,,1.7042238845934257,1.7042238845934257,6,assets_growth_yoy,3.8032,accrual_ratio,-2.2972,ocf_to_net_income,1.9103,robust_mcd,,,,,,,,,,3.803219788442186,-0.2665359050792109,,1.0237649831436284,-0.924314581724829,-2.2972497231920057,1.9102583259786927,,3.803219788442186,-0.2665359050792109,,1.0237649831436284,-0.924314581724829,-2.2972497231920057,1.9102583259786927,brick3_q_v2_robust_mahalanobis_clipped,2026-03-18T05:10:36.278770+00:00
CTSH,,,10-Q,2021-03-31,2021-05-06,https://www.sec.gov/Archives/edgar/data/1058290/000105829021000103/ctsh-20210331.htm,52.89,10.276344151123219,,0.9155998751975563,0.9155998751975563,8,accrual_ratio,1.8374,equity_to_assets,1.5338,debt_to_assets,-1.0469,robust_mcd,,,,,,,,,-0.20847475058827755,-0.9912122258734667,0.24752108713440732,0.5445103120770413,-1.0468702833074808,1.533802911615422,1.837352371542307,-0.9150550594420481,-0.20847475058827755,-0.9912122258734667,0.24752108713440732,0.5445103120770413,-1.0468702833074808,1.533802911615422,1.837352371542307,-0.9150550594420481,brick3_q_v2_robust_mahalanobis_clipped,2026-03-18T05:10:36.278770+00:00
MPWR,,,10-Q,2025-06-30,2025-08-04,https://www.sec.gov/Archives/edgar/data/1280452/000143774925024602/mpwr20250630_10q.htm,52.81,10.267655853083303,1.4556821583787738,1.8389920489849196,1.6090061146212318,6,assets_growth_yoy,4.8087,accrual_ratio,-1.3197,equity_to_assets,1.1165,robust_mcd,,5.3245655917276915,0.1713245920694876,,-0.9623715121803932,0.9623715121803921,-0.6423225927081954,0.6711371494064823,,4.034965119666769,0.6688995032434285,,-1.279782022872873,1.3478097351175704,-2.3358551478278864,1.366640765180991,,4.808725402903322,0.37035455653906396,,-1.0893357164573851,1.1165468013552635,-1.319735614756072,0.9493385957162859,brick3_q_v2_robust_mahalanobis_clipped,2026-03-18T05:10:36.278770+00:00
LIN,,,10-Q,2022-09-30,2022-10-27,https://www.sec.gov/Archives/edgar/data/1707925/000162828022027183/lin-20220930.htm,52.74,10.246540874066486,1.7061908878157566,0.6789861331809917,1.1695325716342782,6,assets_growth_yoy,-4.819,accrual_ratio,-0.9048,ocf_to_net_income,0.4353,robust_mcd,,-7.145914433848292,-0.21261937835159128,,0.799075678405237,-0.8362418838367247,-1.073285941448039,0.17000801100465598,,-1.3285751540829818,0.6356557807149387,,-0.18286331562736285,0.4415307243020425,-0.6520931080440845,0.8331987163145395,,-4.818978721942168,0.1266906852750207,,0.406300080792197,-0.32513284058121783,-0.9048088080864571,0.4352842931286094,brick3_q_v2_robust_mahalanobis_clipped,2026-03-18T05:10:36.278770+00:00
TMUS,,,10-Q,2024-03-31,2024-04-26,https://www.sec.gov/Archives/edgar/data/1283699/000128369924000065/tmus-20240331.htm,52.66,10.192337895953854,1.1336745008682745,0.6235743024265382,0.719714208746592,5,equity_to_assets,-2.0661,assets_growth_yoy,-1.2064,net_income_growth_yoy,0.1948,robust_mcd,,-1.204456000692998,0.14993799179059172,,,-3.226297976629914,0.3276920488574222,-0.7599884863704469,,-1.2094359336687226,0.2620564979451085,,,-0.3258354557605071,-0.17201860010050474,1.1485250246578476,,-1.206447973883288,0.19478539425239844,,,-2.0661129682821513,0.12780778927425143,0.0034169180408709643,brick3_q_v2_robust_mahalanobis_clipped,2026-03-18T05:10:36.278770+00:00
MPWR,,,10-Q,2023-06-30,2023-08-04,https://www.sec.gov/Archives/edgar/data/1280452/000143774923022148/mpwr20230630_10q.htm,52.58,10.187137606631506,3.2364700593022753,1.2314880988296881,2.2310427667182235,6,equity_to_assets,3.2527,debt_to_assets,-2.9869,assets_growth_yoy,-2.3753,robust_mcd,,-4.97593806631687,-1.8262308209992335,,-4.2370366067445175,4.2370366067445415,-1.2360046931240942,2.9065735618843926,,1.525758812962624,-0.6684857063649504,,-1.111683625210272,1.7761359856207246,-1.7835609465149775,0.5233035163045804,,-2.3752593146050724,-1.3631327751455204,,-2.9868954141308195,3.2526763582950147,-1.4550271944804476,1.9532655436524675,brick3_q_v2_robust_mahalanobis_clipped,2026-03-18T05:10:36.278770+00:00
AMAT,,,10-Q,2025-01-26,2025-02-20,https://www.sec.gov/Archives/edgar/data/6951/000000695125000011/amat-20250126.htm,52.51,10.184033859571244,2.0591653715788354,,2.0591653715788354,6,assets_growth_yoy,-3.028,equity_to_assets,2.3886,debt_to_assets,-2.3886,robust_mcd,,-3.0279813356021634,-2.294937368582052,,-2.3885558675175242,2.3885558675175314,1.0914501874078673,-1.1635116028458734,,,,,,,,,,-3.0279813356021634,-2.294937368582052,,-2.3885558675175242,2.3885558675175314,1.0914501874078673,-1.1635116028458734,brick3_q_v2_robust_mahalanobis_clipped,2026-03-18T05:10:36.278770+00:00
FAST,,,10-Q,2024-03-31,2024-04-16,https://www.sec.gov/Archives/edgar/data/815556/000081555624000019/fast-20240331.htm,52.43,10.098649252265059,1.248153400418392,0.5918664087201837,0.9255441040026444,5,equity_to_assets,2.2811,assets_growth_yoy,-0.9328,net_income_growth_yoy,-0.6881,robust_mcd,,-0.8112130684026553,-1.021813714172893,,,2.9478764890827245,-0.777923779334137,0.6819399510995502,,-1.1151545123843576,-0.1875514634619756,,,1.2810354444016832,0.12441593309805836,-0.25117469025484374,,-0.9327896459953362,-0.688108813888526,,,2.281140071210308,-0.4169878943612589,0.3086940945577926,brick3_q_v2_robust_mahalanobis_clipped,2026-03-18T05:10:36.278770+00:00
LRCX,,,10-Q,2023-03-26,2023-04-24,https://www.sec.gov/Archives/edgar/data/707549/000070754923000081/lrcx-20230326.htm,52.35,10.071369544675475,3.249533569408945,0.6744907594765952,2.328441390418635,6,net_income_growth_yoy,-3.8959,ocf_to_net_income,2.6087,equity_to_assets,2.3084,robust_mcd,,-2.88865075447864,-6.0434483890156026,,-2.3083649342160455,2.3083649342160495,-2.0502324059350223,3.898139998592308,,-0.6744907594765952,-0.6744907594765952,,-0.6744907594765952,,-0.6744907594765953,0.6744907594765952,,-2.002986756477822,-3.895865337199999,,-1.6548152643202654,2.3083649342160495,-1.4999357473516515,2.6086803029460226,brick3_q_v2_robust_mahalanobis_clipped,2026-03-18T05:10:36.278770+00:00
ADI,,,10-Q,2025-08-02,2025-08-20,https://www.sec.gov/Archives/edgar/data/6281/000000628125000144/adi-20250802.htm,52.27,10.052166366226233,1.8546385674331418,0.5961737302687433,1.1841297898073846,5,ocf_to_net_income,2.4927,equity_to_assets,-1.9521,accrual_ratio,-0.9493,robust_mcd,,0.24668467184892756,0.6744907594765953,,,-3.7031906240794004,-0.9439828347240576,3.704843947036728,,-0.6744907594765952,0.0,,,0.6744907594765952,-0.9573963729139315,0.6744907594765952,,-0.12178550068128155,0.4046944556859572,,,-1.9521180706570018,-0.9493482500000072,2.492702672012675,brick3_q_v2_robust_mahalanobis_clipped,2026-03-18T05:10:36.278770+00:00
LIN,,,10-Q,2022-06-30,2022-07-28,https://www.sec.gov/Archives/edgar/data/1707925/000162828022019683/lin-20220630.htm,52.2,9.975427932390588,2.723153142745673,1.2722377195184933,2.046581928527461,6,ocf_to_net_income,3.877,assets_growth_yoy,-3.064,net_income_growth_yoy,-2.357,robust_mcd,,-4.338321037041781,-3.427688430040216,,1.9365221092158467,-1.9728439609114632,-1.1765609989007624,3.48698232036397,,-1.152642598312084,-0.7509729438401881,,-0.2315909454676418,0.4899468914874099,-0.5461753095615911,4.462097628442044,,-3.0640496615499018,-2.3570022355602047,,1.0692768873424512,-0.9877276199519138,-0.9244067231650939,3.8770284435951994,brick3_q_v2_robust_mahalanobis_clipped,2026-03-18T05:10:36.278770+00:00
AMAT,,,10-Q,2024-04-28,2024-05-23,https://www.sec.gov/Archives/edgar/data/6951/000000695124000022/amat-20240428.htm,52.12,9.968221625026425,2.791235230979002,0.6744907594765953,1.764673239850947,6,debt_to_assets,-3.3653,equity_to_assets,3.3653,assets_growth_yoy,-2.4603,robust_mcd,,-3.650843034612218,-0.720362121106157,,-6.05851738029659,6.05851738029659,-0.08565323967138777,0.17351822989107066,,-0.6744907594765952,-0.6744907594765952,,0.6744907594765952,-0.6744907594765963,-0.6744907594765952,0.6744907594765952,,-2.460302124557969,-0.7020135764543323,,-3.3653141243873157,3.3653141243873153,-0.32118824759347075,0.37390724172528045,brick3_q_v2_robust_mahalanobis_clipped,2026-03-18T05:10:36.278770+00:00
EXC,,,10-Q,2025-06-30,2025-07-31,https://www.sec.gov/Archives/edgar/data/1109357/000110935725000170/exc-20250630.htm,52.04,9.93070357867633,0.8577578320020498,0.6560391096833085,0.7226290802490068,4,debt_to_assets,1.1393,equity_to_assets,-0.9785,revenue_growth_yoy,-0.6334,robust_mcd,-0.4884674704214728,0.4135378545747029,,,1.3837125796305345,-1.145313423381489,,,-0.8508503939624854,-0.27220631412773194,,,0.7727905711971325,-0.728309159445884,,,-0.6334206398378779,0.13924018709372893,,,1.1393437762571736,-0.978511717807247,,,brick3_q_v2_robust_mahalanobis_clipped,2026-03-18T05:10:36.278770+00:00
AAPL,,,10-Q,2024-06-29,2024-08-02,https://www.sec.gov/Archives/edgar/data/320193/000032019324000081/aapl-20240629.htm,51.97,9.929492374746744,0.6296072896685517,1.863674329566811,0.9087006311826761,6,accrual_ratio,-3.6053,assets_growth_yoy,-0.62,ocf_to_net_income,0.5252,robust_mcd,,-0.5452974988916466,-0.5438936910714676,,-0.5714803037565604,0.5714803037565674,-0.6755318154612217,0.8699601250738469,,-0.7319901467264068,0.07728984322739968,,0.6744907594765953,-1.6901031136004057,-8.0,0.008172114370059783,,-0.6199745580255507,-0.29542027735192067,,-0.07309187846329812,-0.33315306318622184,-3.6053190892767333,0.525244920792332,brick3_q_v2_robust_mahalanobis_clipped,2026-03-18T05:10:36.278770+00:00
WMT,,,10-Q,2023-04-30,2023-06-02,https://www.sec.gov/Archives/edgar/data/104169/000010416923000052/wmt-20230430.htm,51.89,9.917310945407635,,0.5475753734090947,0.5475753734090947,7,net_income_growth_yoy,-0.9286,accrual_ratio,0.781,assets_growth_yoy,-0.7275,robust_mcd,,,,,,,,,0.0,-0.7275389136955139,-0.9286423079812993,-0.6744907594765952,,-0.6744907594765952,0.7809829455352624,-0.04688192769839674,0.0,-0.7275389136955139,-0.9286423079812993,-0.6744907594765952,,-0.6744907594765952,0.7809829455352624,-0.04688192769839674,brick3_q_v2_robust_mahalanobis_clipped,2026-03-18T05:10:36.278770+00:00
AAPL,,,10-Q,2022-12-31,2023-02-03,https://www.sec.gov/Archives/edgar/data/320193/000032019323000006/aapl-20221231.htm,51.81,9.906926422480732,3.6143251477525764,0.5677902736791869,1.8172473767676294,6,equity_to_assets,-3.6595,debt_to_assets,3.5541,accrual_ratio,1.203,robust_mcd,,,,,5.510250926221705,-5.510250926221797,1.9553191408981703,-1.4814795976686344,,-0.7695213224726439,-0.6744907594765952,,0.6197795279239978,-0.8834361101130886,0.07446205578572827,-0.3850518663030675,,-0.7695213224726439,-0.6744907594765952,,3.554062366902622,-3.6595249997783137,1.2029763068531936,-1.0429085051224076,brick3_q_v2_robust_mahalanobis_clipped,2026-03-18T05:10:36.278770+00:00
ROP,,,10-Q,2023-03-31,2023-05-03,https://www.sec.gov/Archives/edgar/data/882835/000088283523000025/rop-20230331.htm,51.73,9.875693316130084,2.0333107121555707,0.7668231589574503,1.4781827938682295,6,net_income_growth_yoy,-5.7767,equity_to_assets,1.3826,debt_to_assets,-1.2921,robust_mcd,,-0.13098647211020525,-8.0,,-1.7453475451710494,1.7453475451710494,0.3355182254406562,-0.2426644850404642,,-0.09802783290238055,-2.441654807884204,,-0.6121369665123146,0.8383559410775654,0.19431261512818776,0.4164507902400498,,-0.11780301642707539,-5.776661923153681,,-1.2920633137075557,1.3825509035336558,0.2790359813156688,0.020981625071741394,brick3_q_v2_robust_mahalanobis_clipped,2026-03-18T05:10:36.278770+00:00
PANW,,,10-Q,2023-04-30,2023-05-24,https://www.sec.gov/Archives/edgar/data/1327567/000132756723000014/panw-20230430.htm,51.66,9.794362268579604,1.6386069027567813,3.114579993310874,1.7900549688334386,6,ocf_to_net_income,5.424,net_income_growth_yoy,2.9554,accrual_ratio,-1.3706,robust_mcd,,0.7927548854517861,1.6897641709617799,,-1.131845910310444,1.296514760409289,-1.214022607755942,3.7067390816514476,,0.8671764108725275,4.853878207121715,,1.7667307597788007,-1.5942899106216848,-1.6054046714705157,8.0,,0.8225234956200826,2.955409785425754,,0.027584757725253928,0.14019289199689944,-1.3705754332417714,5.424043448990869,brick3_q_v2_robust_mahalanobis_clipped,2026-03-18T05:10:36.278770+00:00
PLTR,,,10-Q,2023-09-30,2023-11-03,https://www.sec.gov/Archives/edgar/data/1321655/000132165523000118/pltr-20230930.htm,51.58,9.702275822258928,2.359825861500058,1.3195745411193573,1.9437253333477775,6,ocf_to_net_income,5.2786,net_income_growth_yoy,2.0108,equity_to_assets,1.4397,robust_mcd,,1.2732971648723423,1.8312362062942857,,-1.5365675888277985,1.489331963694011,-0.02852224531191033,8.0,,1.5035959444697553,2.2801131366763143,,-1.0007381008188136,1.3651588265908725,-0.5713699764857451,1.1964712616746433,,1.3654166767113076,2.010786978447097,,-1.3222357936242046,1.4396627088527556,-0.24566133778144422,5.278588504669857,brick3_q_v2_robust_mahalanobis_clipped,2026-03-18T05:10:36.278770+00:00
AXON,,,10-Q,2025-09-30,2025-11-05,https://www.sec.gov/Archives/edgar/data/1069183/000162828025049143/axon-20250930.htm,51.5,9.657370249424813,1.0094260650536062,1.766340214042738,1.2864943046675779,6,assets_growth_yoy,4.5157,net_income_growth_yoy,-1.6838,accrual_ratio,0.4742,robust_mcd,,3.628571084498025,-0.5108437584391842,,0.50744252935682,-0.5121778576896562,0.06558168718250011,0.8319394731554518,,5.846301387248554,-3.443277907722218,,0.028713034784429985,0.010427410096035554,1.08701830463862,-0.18230323976657217,,4.515663205598236,-1.6838174181523977,,0.31595073152786396,-0.3031357505753795,0.47415633416494807,0.42624238798664216,brick3_q_v2_robust_mahalanobis_clipped,2026-03-18T05:10:36.278770+00:00
INSM,,,10-Q,2021-06-30,2021-08-05,https://www.sec.gov/Archives/edgar/data/1104506/000110450621000012/insm-20210630.htm,51.43,9.597453041577822,,1.1352003659714394,1.1352003659714394,6,accrual_ratio,2.8067,assets_growth_yoy,1.8682,net_income_growth_yoy,-1.7353,robust_mcd,,,,,,,,,,1.868213834464271,-1.7353374320468256,,0.12390822077151721,0.19447003012370967,2.8066774955061784,-0.08259518291613516,,1.868213834464271,-1.7353374320468256,,0.12390822077151721,0.19447003012370967,2.8066774955061784,-0.08259518291613516,brick3_q_v2_robust_mahalanobis_clipped,2026-03-18T05:10:36.278770+00:00
KHC,,,10-Q,2024-09-28,2024-10-30,https://www.sec.gov/Archives/edgar/data/1637459/000163745924000144/khc-20240928.htm,51.35,9.58773958631164,1.7638408704199235,1.4627947724593007,1.543694515169462,6,ocf_to_net_income,-4.2501,assets_growth_yoy,-1.8309,accrual_ratio,-1.2095,robust_mcd,,0.1896559074452846,-1.8251438840032972,,-0.5358437538019724,0.5678588678889827,-2.0158547978697237,-5.4486880115102805,,-4.861839281691433,0.0,,,0.0,0.0,-2.4521345806050703,,-1.8309421682094025,-1.0950863304019782,,-0.5358437538019724,0.34071532073338956,-1.209512878721834,-4.250066639148196,brick3_q_v2_robust_mahalanobis_clipped,2026-03-18T05:10:36.278770+00:00
CSGP,,,10-Q,2023-03-31,2023-04-26,https://www.sec.gov/Archives/edgar/data/1057352/000105735223000075/csgp-20230331.htm,51.27,9.57511227271598,2.584294253008379,0.7473558268822118,1.8310414218422288,6,equity_to_assets,3.8282,debt_to_assets,-3.7184,assets_growth_yoy,1.5077,robust_mcd,,2.03858571277029,-1.022416903604005,,-5.296860484716114,5.296679965302801,0.9906606669083032,-0.8605617847487602,,0.7114077450620032,-0.3047338073381193,,-1.3507661211724518,1.625592631522293,0.35305370083078086,0.13858095536762274,,1.5077145256869753,-0.7353436650976506,,-3.7184227392986493,3.828245031790598,0.7356178804772944,-0.46090468870220697,brick3_q_v2_robust_mahalanobis_clipped,2026-03-18T05:10:36.278770+00:00
PLTR,,,10-Q,2024-06-30,2024-08-06,https://www.sec.gov/Archives/edgar/data/1321655/000132165524000135/pltr-20240630.htm,51.2,9.57004469248094,1.7860084778892766,2.0825386461769253,1.8840868803857962,6,net_income_growth_yoy,4.9171,equity_to_assets,1.6066,accrual_ratio,1.5571,robust_mcd,,0.8539359581704056,2.86190170541959,,-1.215031152871915,1.7898810308346196,2.5952144582788685,1.400086561760262,,1.9509596682083383,8.0,,-1.058582053145814,1.3316876695683497,0.0,-0.15400248613905065,,1.2927454421855789,4.917141023251754,,-1.1524515129814747,1.6066036863281115,1.557128674967321,0.7784509426005369,brick3_q_v2_robust_mahalanobis_clipped,2026-03-18T05:10:36.278770+00:00
AMGN,,,10-Q,2022-09-30,2022-11-04,https://www.sec.gov/Archives/edgar/data/318154/000031815422000055/amgn-20220930.htm,51.12,9.471939570957922,1.7210276775109783,0.5222998624555563,1.2415365514888095,5,net_income_growth_yoy,3.2464,equity_to_assets,-1.6536,accrual_ratio,-0.8196,robust_mcd,,-0.3622533775712499,5.244612071885985,,,-2.0416914676768054,-0.8779538132718604,0.07862765714899032,,-0.4576216028886674,0.24909648951976932,,,-1.0713610543539873,-0.732114973699956,0.10130519181540117,,-0.4004006676982169,3.2464058389394985,,,-1.6535593023476782,-0.8196182774430987,0.08769867101555466,brick3_q_v2_robust_mahalanobis_clipped,2026-03-18T05:10:36.278770+00:00
ADI,,,10-Q,2024-05-04,2024-05-22,https://www.sec.gov/Archives/edgar/data/6281/000000628124000132/adi-20240504.htm,51.04,9.30666760257777,2.8524874306158194,0.6089541858993615,1.847155611212981,5,net_income_growth_yoy,-4.3071,ocf_to_net_income,3.1651,assets_growth_yoy,0.862,robust_mcd,,1.4366658460981447,-7.178568145033064,,,-1.2893153164056081,-0.21320923547132714,4.144678610070953,,0.0,0.0,,,0.6744907594765952,-0.6744907594765952,1.6957894105436166,,0.8619995076588868,-4.307140887019838,,,-0.5037928860527268,-0.39772184507343433,3.165122930260018,brick3_q_v2_robust_mahalanobis_clipped,2026-03-18T05:10:36.278770+00:00
FAST,,,10-Q,2023-03-31,2023-04-18,https://www.sec.gov/Archives/edgar/data/815556/000081555623000021/fast-20230331.htm,50.96,9.295657618616561,1.9888555132636252,0.4698720485876007,1.3811249280089561,5,accrual_ratio,-2.465,ocf_to_net_income,1.9763,equity_to_assets,1.6184,robust_mcd,,-0.8248614888997172,-0.3364437385581335,,,1.8645638966670037,-3.63581047686871,3.282597965324562,,-0.37387917353525874,0.0008574961516215833,,,1.249073479898106,-0.7087792744041639,0.016770818948853364,,-0.6444685627539338,-0.20152324467423144,,,1.6183677299594448,-2.4649979958828916,1.9762671067742785,brick3_q_v2_robust_mahalanobis_clipped,2026-03-18T05:10:36.278770+00:00
IDXX,,,10-Q,2022-09-30,2022-11-01,https://www.sec.gov/Archives/edgar/data/874716/000087471622000038/idxx-20220930.htm,50.89,9.232539788367168,2.295249517412628,0.5307737018851219,1.4521990866839405,6,debt_to_assets,3.7857,equity_to_assets,-3.6727,accrual_ratio,-0.6719,robust_mcd,,-0.6087021378496638,-0.449689830109716,,5.706572370799823,-5.6831967352993225,-0.7239822417819421,0.5993537886353016,,0.6744907594765952,0.0,,0.9044652911623356,-0.6570160986505532,-0.5937100376152037,-0.35496002440604296,,-0.09542497891916019,-0.2698138980658296,,3.785729538944828,-3.6727244806398147,-0.6718733601152468,0.21762826341876382,brick3_q_v2_robust_mahalanobis_clipped,2026-03-18T05:10:36.278770+00:00
MELI,,,10-Q,2025-06-30,2025-08-05,https://www.sec.gov/Archives/edgar/data/1099590/000109959025000044/meli-20250630.htm,50.81,9.223667670987115,0.8509918868013128,2.394753022026051,1.0356886033433887,8,assets_growth_yoy,3.5057,ocf_to_net_income,2.1659,accrual_ratio,-1.4635,robust_mcd,-1.162975199060383,1.8572043849887068,-0.9346854007418806,0.5766124333128998,-0.6022934255835517,0.6022934255835511,-0.6341476997725787,0.43772312536695024,2.458821481176358,5.978355632455547,-0.4430112096811618,-0.7767343001369632,1.0383689897113124,-0.9969341884745841,-2.707571593117533,4.758226781454947,0.28574347303431336,3.505664883975443,-0.7380157243175931,0.03527373993295457,0.05397154053439396,-0.03739762003970298,-1.4635172571105604,2.1659245878021487,brick3_q_v2_robust_mahalanobis_clipped,2026-03-18T05:10:36.278770+00:00
DDOG,,,10-Q,2025-03-31,2025-05-07,https://www.sec.gov/Archives/edgar/data/1561550/000156155025000123/ddog-20250331.htm,50.73,9.175228580049033,1.1390321915880055,2.415180944656814,1.4253706664457273,6,assets_growth_yoy,3.7255,ocf_to_net_income,3.4321,net_income_growth_yoy,-1.0027,robust_mcd,,4.038777293516316,-1.0482995318669583,,0.23106683306192197,-0.23106683306192063,0.898221981662741,0.3867606763581743,,3.255554906099723,-0.9343219234644691,,-0.10790699246066375,0.22566773281873476,-1.9676341130972927,8.0,,3.7254883385496784,-1.0027084885059627,,0.09547730285288766,-0.04837300670965845,-0.24812045624127255,3.4320564058149046,brick3_q_v2_robust_mahalanobis_clipped,2026-03-18T05:10:36.278770+00:00
PANW,,,10-Q,2021-01-31,2021-02-23,https://www.sec.gov/Archives/edgar/data/1327567/000132756721000004/panw-20210131.htm,50.66,9.087981018785426,,1.5954609592974627,1.5954609592974627,6,ocf_to_net_income,-3.0835,equity_to_assets,-2.3086,debt_to_assets,1.8354,robust_mcd,,,,,,,,,,0.11428062700751065,-0.4983178581599428,,1.835425694311442,-2.308631353360284,-1.7326425132980494,-3.083467709647547,,0.11428062700751065,-0.4983178581599428,,1.835425694311442,-2.308631353360284,-1.7326425132980494,-3.083467709647547,brick3_q_v2_robust_mahalanobis_clipped,2026-03-18T05:10:36.278770+00:00
CMCSA,,,10-Q,2021-03-31,2021-04-29,https://www.sec.gov/Archives/edgar/data/1166691/000116669121000020/cmcsa-20210331.htm,50.58,9.080709818640702,,0.40925203095961565,0.40925203095961565,7,ocf_to_net_income,0.8073,net_margin,0.6193,net_income_growth_yoy,0.5865,robust_mcd,,,,,,,,,-0.31549775394358387,-0.3826564359832097,0.5865189419772389,0.6192624977582517,,0.0,-0.1535558108106896,0.8072727762443357,-0.31549775394358387,-0.3826564359832097,0.5865189419772389,0.6192624977582517,,0.0,-0.1535558108106896,0.8072727762443357,brick3_q_v2_robust_mahalanobis_clipped,2026-03-18T05:10:36.278770+00:00
MDLZ,,,10-Q,2021-03-31,2021-04-28,https://www.sec.gov/Archives/edgar/data/1103982/000110398221000008/mdlz-20210331.htm,50.5,9.072432160866336,,0.36249784716530953,0.36249784716530953,8,accrual_ratio,0.7804,net_margin,0.7213,assets_growth_yoy,-0.4869,robust_mcd,,,,,,,,,0.0,-0.4868818560632853,0.11093175456668954,0.7213208396347363,0.05289492038703851,0.35163898644296326,0.7803568897021443,-0.3959575305256188,0.0,-0.4868818560632853,0.11093175456668954,0.7213208396347363,0.05289492038703851,0.35163898644296326,0.7803568897021443,-0.3959575305256188,brick3_q_v2_robust_mahalanobis_clipped,2026-03-18T05:10:36.278770+00:00
EXC,,,10-Q,2024-06-30,2024-08-01,https://www.sec.gov/Archives/edgar/data/1109357/000110935724000156/exc-20240630.htm,50.42,9.069599267340092,1.3038926883137487,0.5080167619131751,0.9724345005271724,4,debt_to_assets,1.478,equity_to_assets,-1.3381,assets_growth_yoy,0.5494,robust_mcd,0.45465134782918815,0.959425869912378,,,2.011328906523397,-1.790164628990032,,,0.6286636536443961,-0.06553908613173501,,,0.6779346960296826,-0.6599296118468868,,,0.5242562701552713,0.5494398874947327,,,1.4779712223259114,-1.3380706221327738,,,brick3_q_v2_robust_mahalanobis_clipped,2026-03-18T05:10:36.278770+00:00
SNPS,,,10-Q,2021-04-30,2021-05-21,https://www.sec.gov/Archives/edgar/data/883241/000088324121000012/snps-20210430.htm,50.35,9.057532428398419,,0.6634523792495867,0.6634523792495867,7,ocf_to_net_income,0.8909,equity_to_assets,0.8307,assets_growth_yoy,-0.7488,robust_mcd,,,,,,,,,,-0.7488178356369757,0.26936494900322727,-0.6744907594765952,-0.6744907594765952,0.8307414014279555,0.5553545084774716,0.8909064412482862,,-0.7488178356369757,0.26936494900322727,-0.6744907594765952,-0.6744907594765952,0.8307414014279555,0.5553545084774716,0.8909064412482862,brick3_q_v2_robust_mahalanobis_clipped,2026-03-18T05:10:36.278770+00:00
CTSH,,,10-Q,2022-03-31,2022-05-05,https://www.sec.gov/Archives/edgar/data/1058290/000105829022000113/ctsh-20220331.htm,50.27,9.033755170671157,,0.7424065894155231,0.7424065894155231,8,accrual_ratio,1.6182,equity_to_assets,1.3544,debt_to_assets,-0.9197,robust_mcd,,,,,,,,,-0.27476517505185866,-0.2223921240554783,-0.16470057366528357,0.4938715581421197,-0.919722628328769,1.3543992405766145,1.618165033665423,-0.8912363818386378,-0.27476517505185866,-0.2223921240554783,-0.16470057366528357,0.4938715581421197,-0.919722628328769,1.3543992405766145,1.618165033665423,-0.8912363818386378,brick3_q_v2_robust_mahalanobis_clipped,2026-03-18T05:10:36.278770+00:00
ORLY,,,10-Q,2021-06-30,2021-08-06,https://www.sec.gov/Archives/edgar/data/898173/000089817321000045/orly-20210630x10q.htm,50.19,9.009235515755657,,1.0617613077001944,1.0617613077001944,5,accrual_ratio,-1.9243,equity_to_assets,-1.7106,assets_growth_yoy,-0.6898,robust_mcd,,,,,,,,,,-0.6898096800318589,-0.4088952875450459,,,-1.7105550622851675,-1.9242875543955076,0.5752589542433918,,-0.6898096800318589,-0.4088952875450459,,,-1.7105550622851675,-1.9242875543955076,0.5752589542433918,brick3_q_v2_robust_mahalanobis_clipped,2026-03-18T05:10:36.278770+00:00
CRWD,,,10-Q,2025-04-30,2025-06-04,https://www.sec.gov/Archives/edgar/data/1535527/000153552725000019/crwd-20250430.htm,50.12,8.999771278567676,2.1556216734682083,1.9129789781528757,1.9513530983532708,6,net_income_growth_yoy,-4.5328,equity_to_assets,2.441,debt_to_assets,-2.0104,robust_mcd,,-2.6507101224284604,-2.2213872857696777,,-3.437006112332379,3.8036252926622836,0.7964023336439221,-0.024598893972527854,,0.6744907594765952,-8.0,,0.12959546793943919,0.3970283734214361,0.0,-2.2767592680797812,,-1.320629769666438,-4.532832371461807,,-2.0103654802236517,2.4409865249659446,0.47784140018635324,-0.9254630436154292,brick3_q_v2_robust_mahalanobis_clipped,2026-03-18T05:10:36.278770+00:00
AAPL,,,10-Q,2024-03-30,2024-05-03,https://www.sec.gov/Archives/edgar/data/320193/000032019324000069/aapl-20240330.htm,50.04,8.944546380307273,0.9797846302421472,1.8853751327239123,1.0287491253174947,6,accrual_ratio,-3.1968,debt_to_assets,-1.1643,equity_to_assets,0.7982,robust_mcd,,-0.5452974988916466,-0.5438936910714676,,-2.3901563360996914,2.3901563360996985,0.005361136301475349,-0.00384278298890346,,-0.7319901467264068,0.07728984322739968,,0.6744907594765951,-1.5897154872239811,-8.0,-0.23876455968909163,,-0.6199745580255507,-0.29542027735192067,,-1.1642974978691767,0.7982076067702265,-3.196783318219115,-0.09781149366897873,brick3_q_v2_robust_mahalanobis_clipped,2026-03-18T05:10:36.278770+00:00
ODFL,,,10-Q,2022-09-30,2022-11-03,https://www.sec.gov/Archives/edgar/data/878927/000095017022021737/odfl-20220930.htm,49.96,8.85564508656419,2.9689968550251686,1.0630999985643605,1.6841431337494228,6,accrual_ratio,-2.9555,ocf_to_net_income,2.0895,debt_to_assets,1.8742,robust_mcd,,-1.3731500327441568,,,3.7004800464267507,-3.7004800464259184,-2.7102189831774948,3.360655166351523,,0.10509540465363094,0.6744907594765952,,-0.865143213372721,1.2275941504978887,-3.323457341177401,0.1828191222079263,,-0.7818518577850417,0.6744907594765952,,1.874230742506962,-1.7292503676563953,-2.9555143263774575,2.0895207486940843,brick3_q_v2_robust_mahalanobis_clipped,2026-03-18T05:10:36.278770+00:00
PEP,,,10-Q,2022-09-03,2022-10-12,https://www.sec.gov/Archives/edgar/data/77476/000007747622000052/pep-20220903.htm,49.88,8.843468511625147,0.9907671488831088,,0.9907671488831088,5,debt_to_assets,-1.2044,equity_to_assets,1.1958,accrual_ratio,-0.9769,robust_mcd,,,,0.7009405863045526,-1.2044469399155664,1.195772795979187,-0.9769485820540627,0.8757268401621752,,,,,,,,,,,,0.7009405863045526,-1.2044469399155664,1.195772795979187,-0.9769485820540627,0.8757268401621752,brick3_q_v2_robust_mahalanobis_clipped,2026-03-18T05:10:36.278770+00:00
REGN,,,10-Q,2022-09-30,2022-11-03,https://www.sec.gov/Archives/edgar/data/872589/000180422022000031/regn-20220930.htm,49.81,8.822982425251027,1.9240853404827147,0.8128670286304643,1.2899287670380046,6,assets_growth_yoy,-4.3059,equity_to_assets,1.227,debt_to_assets,-1.0791,robust_mcd,,-8.0,-0.7239010405793127,,-1.147784078663308,1.1477840786633107,-0.2848142418631124,0.2402286031272456,,1.2351484221805429,-0.5375953912833439,,-0.9760683186332374,1.3457279579056265,-0.5952911386820025,-0.18737094309803273,,-4.305940631127783,-0.6493787808609253,,-1.0790977746512798,1.226961630360237,-0.4090050005906684,0.06918878463713425,brick3_q_v2_robust_mahalanobis_clipped,2026-03-18T05:10:36.278770+00:00
ZS,,,10-Q,2021-04-30,2021-06-03,https://www.sec.gov/Archives/edgar/data/1713683/000171368321000096/zs-20210430.htm,49.73,8.816484138140142,,1.4622905104173292,1.4622905104173292,6,assets_growth_yoy,3.8029,net_income_growth_yoy,-2.7902,accrual_ratio,-0.715,robust_mcd,,,,,,,,,,3.8028997822523323,-2.790171689102806,,0.4642102592000839,-0.30824855642238946,-0.7150287175050015,-0.6931840580213607,,3.8028997822523323,-2.790171689102806,,0.4642102592000839,-0.30824855642238946,-0.7150287175050015,-0.6931840580213607,brick3_q_v2_robust_mahalanobis_clipped,2026-03-18T05:10:36.278770+00:00
DASH,,,10-Q,2024-09-30,2024-10-30,https://www.sec.gov/Archives/edgar/data/1792789/000162828024044312/dash-20240930.htm,49.65,8.793071248825182,1.5292934188443799,2.509204398211524,1.7660573715660046,6,net_income_growth_yoy,4.9977,ocf_to_net_income,2.8584,accrual_ratio,-1.2765,robust_mcd,,0.18999091813996594,2.996134574524299,,1.031412550363737,-1.0294288344196814,-1.0978697469741943,2.8309238886444024,,1.4470378769069698,8.0,,-0.4914707530154434,0.6725325396738054,-1.5445646256819638,2.89962059399096,,0.6928097016467676,4.99768074471458,,0.42225922901206486,-0.3486442847822866,-1.276547698457302,2.858402570783025,brick3_q_v2_robust_mahalanobis_clipped,2026-03-18T05:10:36.278770+00:00
TTWO,,,10-Q,2025-12-31,2026-02-04,https://www.sec.gov/Archives/edgar/data/946581/000162828026005119/ttwo-20251231.htm,49.58,8.78528010788175,2.6039373367866183,0.402088986721534,1.713415812465988,6,ocf_to_net_income,-2.681,equity_to_assets,-2.3923,debt_to_assets,2.2931,robust_mcd,,-0.6744907594765952,0.5130210068751654,,3.870795754127287,-3.987154214295805,-2.5607246422979024,-4.017437643646955,,-1.601868876499114,0.0,,-0.07336638220947325,0.0,-0.06086793984900781,-0.6764307217716088,,-1.0454420062856027,0.3078126041250992,,2.2931308995925828,-2.392292528577483,-1.5607819613183447,-2.6810348748968167,brick3_q_v2_robust_mahalanobis_clipped,2026-03-18T05:10:36.278770+00:00
INTU,,,10-Q,2024-01-31,2024-02-22,https://www.sec.gov/Archives/edgar/data/896878/000089687824000011/intu-20240131.htm,49.5,8.750639864721455,0.9656969972620192,0.5882564959227524,0.6927873047456753,8,assets_growth_yoy,-1.5351,net_income_growth_yoy,1.0495,debt_to_assets,0.9894,robust_mcd,-0.14335541471043728,-1.7751475312439202,1.2994252756818387,0.6057201795969056,1.6489855166557081,-1.64898551665572,0.3335464246013186,-0.27041011895030537,,-1.1749412355460336,0.6744907594765952,,0.0,0.6632550798378093,0.6744907594765952,0.34236114119948147,-0.14335541471043728,-1.5350650129647656,1.0494514691997412,0.6057201795969056,0.9893913099934248,-0.7240892780583081,0.4699241585514292,-0.025301614890390622,brick3_q_v2_robust_mahalanobis_clipped,2026-03-18T05:10:36.278770+00:00
DXCM,,,10-Q,2024-03-31,2024-04-25,https://www.sec.gov/Archives/edgar/data/1093557/000109355724000079/dxcm-20240331.htm,49.42,8.719833580111159,1.5997144306369246,0.9223705939938635,1.205170492690424,6,net_income_growth_yoy,3.0242,debt_to_assets,2.4577,equity_to_assets,-1.0777,robust_mcd,,-0.5079475997541125,2.3709277119253143,,3.8861495103330412,-1.686310455544954,0.5180978656587724,-0.628853440605352,,0.8429370369656937,4.0041754678198505,,0.31513835976567917,-0.1647558066589918,0.04209026771456591,0.16512662503840045,,0.03240625493381,3.0242268142831286,,2.4577450501060962,-1.0776885959905689,0.3276948264810897,-0.311261414347851,brick3_q_v2_robust_mahalanobis_clipped,2026-03-18T05:10:36.278770+00:00
VRTX,,,10-Q,2021-06-30,2021-07-30,https://www.sec.gov/Archives/edgar/data/875320/000087532021000027/vrtx-20210630.htm,49.34,8.707272701090963,,1.7835920163702792,1.7835920163702792,6,ocf_to_net_income,4.9123,net_income_growth_yoy,-1.7662,equity_to_assets,1.6713,robust_mcd,,,,,,,,,,0.536449526193939,-1.766225191168314,,-1.0639216635414825,1.671290795509024,-0.7513410641928204,4.912323857616096,,0.536449526193939,-1.766225191168314,,-1.0639216635414825,1.671290795509024,-0.7513410641928204,4.912323857616096,brick3_q_v2_robust_mahalanobis_clipped,2026-03-18T05:10:36.278770+00:00
TMUS,,,10-Q,2022-03-31,2022-05-06,https://www.sec.gov/Archives/edgar/data/1283699/000128369922000084/tmus-20220331.htm,49.27,8.652443925521553,,1.375121931108398,1.375121931108398,5,ocf_to_net_income,5.4101,net_income_growth_yoy,-0.8596,assets_growth_yoy,-0.3098,robust_mcd,,,,,,,,,,-0.3097566384562233,-0.8596091639215578,,,-0.07084990533235146,-0.22527036125449626,5.410123586577361,,-0.3097566384562233,-0.8596091639215578,,,-0.07084990533235146,-0.22527036125449626,5.410123586577361,brick3_q_v2_robust_mahalanobis_clipped,2026-03-18T05:10:36.278770+00:00
AMZN,,,10-Q,2023-03-31,2023-04-28,https://www.sec.gov/Archives/edgar/data/1018724/000101872423000008/amzn-20230331.htm,49.19,8.615579083488798,1.3730370121725026,1.1444407492455104,1.1802977758164612,5,net_income_growth_yoy,2.756,equity_to_assets,1.8716,accrual_ratio,0.5719,robust_mcd,,-1.0787023840342451,1.6403101600744756,,,3.2145005175112726,0.6846262726627729,0.24704572657974652,,0.4902871584786766,4.429495907044457,,,-0.1428424114291016,0.402882177094725,0.2566960921805924,,-0.45110656702907637,2.755984458862468,,,1.8715633459351229,0.5719286344355538,0.25090587282008486,brick3_q_v2_robust_mahalanobis_clipped,2026-03-18T05:10:36.278770+00:00
PYPL,,,10-Q,2022-03-31,2022-04-28,https://www.sec.gov/Archives/edgar/data/1633917/000163391722000088/pypl-20220331.htm,49.11,8.542251418599834,,0.6245101983014748,0.6245101983014748,8,ocf_to_net_income,1.5095,net_income_growth_yoy,-1.4546,debt_to_assets,0.5838,robust_mcd,,,,,,,,,-0.5397075907565917,-0.23173155284368788,-1.4545547746061318,-0.24425838288441065,0.5838383737898828,-0.313619909768928,0.11891345346332373,1.5094575482988417,-0.5397075907565917,-0.23173155284368788,-1.4545547746061318,-0.24425838288441065,0.5838383737898828,-0.313619909768928,0.11891345346332373,1.5094575482988417,brick3_q_v2_robust_mahalanobis_clipped,2026-03-18T05:10:36.278770+00:00
KLAC,,,10-Q,2025-03-31,2025-05-01,https://www.sec.gov/Archives/edgar/data/319201/000031920125000012/klac-20250331.htm,49.04,8.459987688868102,0.9407863126172257,1.9312107298321333,1.177809501171121,6,accrual_ratio,-3.1689,net_income_growth_yoy,1.196,assets_growth_yoy,-1.1259,robust_mcd,,-1.557380753282713,1.0992822497567594,,-1.0801111553218044,1.01299760276636,-0.6555013370531513,0.2394447775225655,,-0.4787962717012013,1.3409893457676627,,0.6311621070180846,-0.5624372304724224,-6.939064254109606,1.6348151699238198,,-1.1259469606501082,1.1959650881611208,,-0.3956018503858488,0.38282366947084706,-3.1689265038757335,0.7975929344830673,brick3_q_v2_robust_mahalanobis_clipped,2026-03-18T05:10:36.278770+00:00
AAPL,,,10-Q,2025-12-27,2026-01-30,https://www.sec.gov/Archives/edgar/data/320193/000032019326000006/aapl-20251227.htm,48.96,8.446851491981935,1.6487635835611476,,1.6487635835611476,6,debt_to_assets,-3.5345,equity_to_assets,3.5345,assets_growth_yoy,0.9778,robust_mcd,,0.9777731765319959,0.31924843248461604,,-3.534510392668033,3.5345103926680244,0.7868151634055051,-0.73972394360871,,,,,,,,,,0.9777731765319959,0.31924843248461604,,-3.534510392668033,3.5345103926680244,0.7868151634055051,-0.73972394360871,brick3_q_v2_robust_mahalanobis_clipped,2026-03-18T05:10:36.278770+00:00
REGN,,,10-Q,2022-06-30,2022-08-03,https://www.sec.gov/Archives/edgar/data/872589/000180422022000023/regn-20220630.htm,48.88,8.40761557771416,2.3787328582074725,1.217250372233322,1.6406390913629754,6,assets_growth_yoy,-3.9795,net_income_growth_yoy,-1.5971,equity_to_assets,1.2318,robust_mcd,,-8.0,-2.009441384450518,,-1.1431456600345578,1.1431456600345593,-0.6209230244529069,1.3557414202722913,,2.051255793411275,-0.9785060718655226,,-1.0133421939061293,1.364838517882624,-1.2210688968577854,0.6744907594765952,,-3.9794976826354898,-1.5970672594165196,,-1.0912242735831863,1.231822803173785,-0.8609813734148584,1.0832411559540127,brick3_q_v2_robust_mahalanobis_clipped,2026-03-18T05:10:36.278770+00:00
PLTR,,,10-Q,2021-09-30,2021-11-09,https://www.sec.gov/Archives/edgar/data/1321655/000119312521323920/d178745d10q.htm,48.8,8.405134435628796,,1.6729501312400228,1.6729501312400228,6,ocf_to_net_income,-3.5529,equity_to_assets,1.5476,net_income_growth_yoy,1.4327,robust_mcd,,,,,,,,,,1.2056588100427357,1.4326557982933117,,-1.0505918523759326,1.5475619498518534,-1.2483271714366433,-3.5529052054396595,,1.2056588100427357,1.4326557982933117,,-1.0505918523759326,1.5475619498518534,-1.2483271714366433,-3.5529052054396595,brick3_q_v2_robust_mahalanobis_clipped,2026-03-18T05:10:36.278770+00:00
DDOG,,,10-Q,2023-06-30,2023-08-09,https://www.sec.gov/Archives/edgar/data/1561550/000156155023000039/ddog-20230630.htm,48.73,8.386253124069345,1.603128159077774,1.9428361485757675,1.5290194956798502,6,ocf_to_net_income,-3.8434,equity_to_assets,1.7792,debt_to_assets,-1.6562,robust_mcd,,-1.894609518015802,0.538606658809971,,-2.701599470996583,2.701599470996568,-0.7100448884971421,-1.0723089471505771,,1.5645836383890976,-0.010355305589309003,,-0.08808845689702706,0.3954992766201225,-1.5984902139590491,-8.0,,-0.510932255453842,0.31902187305025903,,-1.6561950653567605,1.7791593932459897,-1.065423018681905,-3.8433853682903463,brick3_q_v2_robust_mahalanobis_clipped,2026-03-18T05:10:36.278770+00:00
ALNY,,,10-Q,2025-09-30,2025-10-30,https://www.sec.gov/Archives/edgar/data/1178670/000162828025047345/alny-20250930.htm,48.65,8.372599927662339,1.3242298281386906,2.2218741236660953,1.3502033246134229,6,net_income_growth_yoy,5.6451,assets_growth_yoy,0.9529,debt_to_assets,0.4451,robust_mcd,,1.1145727181604344,4.075206708807137,,-0.30499656154813304,0.30499656154813465,-0.9778218581502067,1.1677845606180979,,0.7103871683105945,8.0,,1.5702011020970579,-1.4675144932115984,0.6612582821528463,-0.9218836962244747,,0.9528984982204983,5.645124025284282,,0.4450825039099434,-0.40400786035575864,-0.32218980202898545,0.33191725788106885,brick3_q_v2_robust_mahalanobis_clipped,2026-03-18T05:10:36.278770+00:00
ABNB,,,10-Q,2025-03-31,2025-05-01,https://www.sec.gov/Archives/edgar/data/1559720/000155972025000017/abnb-20250331.htm,48.57,8.351649310668874,1.3061463012707137,2.2775188161990223,1.4902493867404123,6,ocf_to_net_income,4.7353,assets_growth_yoy,-2.3126,accrual_ratio,-0.8522,robust_mcd,,-3.5676682671867095,-0.6881477873398244,,-0.06027607632381734,0.060275160362735586,0.9016783658215723,2.5588321505896237,,-0.42989974828515626,-0.9245224553213286,,0.45407277011740466,-0.3735983445606742,-3.483019578909571,8.0,,-2.312560859626088,-0.7826976545324261,,0.14546346225267145,-0.11327424160662833,-0.8522008120708852,4.735299290353774,brick3_q_v2_robust_mahalanobis_clipped,2026-03-18T05:10:36.278770+00:00
DXCM,,,10-Q,2021-03-31,2021-04-29,https://www.sec.gov/Archives/edgar/data/1093557/000109355721000126/dxcm-20210331.htm,48.5,8.32097393702152,,1.514896064428382,1.514896064428382,6,assets_growth_yoy,3.8422,net_income_growth_yoy,3.0898,accrual_ratio,1.1098,robust_mcd,,,,,,,,,,3.8421969325945566,3.0897766321011546,,-0.052894920387038996,0.19652347715647586,1.109755294464381,-0.7982291298666849,,3.8421969325945566,3.0897766321011546,,-0.052894920387038996,0.19652347715647586,1.109755294464381,-0.7982291298666849,brick3_q_v2_robust_mahalanobis_clipped,2026-03-18T05:10:36.278770+00:00
ADP,,,10-Q,2023-12-31,2024-02-01,https://www.sec.gov/Archives/edgar/data/8670/000000867024000007/adp-20231231.htm,48.42,8.262950888187495,0.49702603094849607,0.7045685186349671,0.30086553899148005,8,revenue_growth_yoy,-0.5396,net_income_growth_yoy,-0.4158,equity_to_assets,-0.3781,robust_mcd,-1.3489815189531904,-0.2775254917197126,-0.6929440231372648,0.08989443965172596,-0.6002184306593338,0.6002184306593371,0.1457597504352646,-0.22066616237213907,0.6744907594765952,0.18178715938385362,0.0,-1.0000227207499461,0.9463026861777152,-1.8456916211772794,0.6291092856475565,-0.35914391646678995,-0.5395926075812763,-0.09380043127828609,-0.41576641388235885,-0.34607242450894293,0.018390016075485793,-0.3781455900753095,0.33909956452018136,-0.2760572640099994,brick3_q_v2_robust_mahalanobis_clipped,2026-03-18T05:10:36.278770+00:00
TTWO,,,10-Q,2024-12-31,2025-02-07,https://www.sec.gov/Archives/edgar/data/946581/000162828025004308/ttwo-20241231.htm,48.34,8.224876555690164,2.2192277065324792,0.8298780882845275,1.4789939982328937,6,equity_to_assets,-2.1472,accrual_ratio,1.953,debt_to_assets,1.867,robust_mcd,,-0.7366768075400747,0.4554850972839505,,3.401320567821123,-3.755996561001955,2.362051204690392,2.6038360008573815,,-1.6361043862955134,-0.9800894318684169,,-0.4345288573515518,0.26594745422555915,1.3394034255060248,0.32319497446009854,,-1.0964478390422503,-0.11874471437699652,,1.8669807977520532,-2.147218954910949,1.9529920930166451,1.6915795902984683,brick3_q_v2_robust_mahalanobis_clipped,2026-03-18T05:10:36.278770+00:00
INTU,,,10-Q,2021-04-30,2021-05-25,https://www.sec.gov/Archives/edgar/data/896878/000089687821000115/intu-20210430.htm,48.27,8.191232538939307,,0.6677644042369205,0.6677644042369205,7,assets_growth_yoy,1.6888,equity_to_assets,0.8984,debt_to_assets,-0.7404,robust_mcd,,,,,,,,,,1.6887829684046778,-0.19447466281621675,0.6744907594765952,-0.7404461183413436,0.8984493868779456,0.025682740846503443,0.452024192895162,,1.6887829684046778,-0.19447466281621675,0.6744907594765952,-0.7404461183413436,0.8984493868779456,0.025682740846503443,0.452024192895162,brick3_q_v2_robust_mahalanobis_clipped,2026-03-18T05:10:36.278770+00:00
XEL,,,10-Q,2023-06-30,2023-07-27,https://www.sec.gov/Archives/edgar/data/72903/000007290323000113/xel-20230630.htm,48.19,8.184487176006012,2.4197842604219564,1.049603554855434,1.7853801370961488,5,net_income_growth_yoy,-4.491,ocf_to_net_income,3.0066,accrual_ratio,-0.7052,robust_mcd,,-0.702778100750754,-7.053547339615732,,,0.6238775853264501,-1.1087747213009584,2.6099435551158874,,-0.36007285821471674,-0.6470709145453227,,,-0.5395740068699918,-0.09973364019727425,3.601566354449865,,-0.5656960037363391,-4.490956769587568,,,0.15849694844787332,-0.7051582888594847,3.006592674849479,brick3_q_v2_robust_mahalanobis_clipped,2026-03-18T05:10:36.278770+00:00
MPWR,,,10-Q,2024-06-30,2024-08-02,https://www.sec.gov/Archives/edgar/data/1280452/000143774924024477/mpwr20240630_10q.htm,48.11,8.184384079627362,2.044952603484239,1.246068693198995,1.5945478420218306,6,assets_growth_yoy,-3.429,accrual_ratio,-1.702,equity_to_assets,1.4937,robust_mcd,,-6.3691935951692695,-0.4825926557373737,,-1.4791241699402087,1.4791241699401987,-1.1122556524220095,1.3474253776963732,,0.98138398011233,-0.07415370549482679,,-1.1606921038189582,1.5155135235345314,-2.5866206931372133,1.1580481530961109,,-3.4289625650566293,-0.31921707564035495,,-1.3517513434917086,1.4936799113779318,-1.702001668708091,1.2716744878562682,brick3_q_v2_robust_mahalanobis_clipped,2026-03-18T05:10:36.278770+00:00
MSFT,,,10-Q,2025-12-31,2026-01-28,https://www.sec.gov/Archives/edgar/data/789019/000119312526027207/msft-20251231.htm,48.03,8.130080256815848,2.482507671405098,0.9099780457366627,1.853495821137724,6,net_income_growth_yoy,3.0081,accrual_ratio,2.128,debt_to_assets,-1.6788,robust_mcd,,1.7642370093724653,4.563919581243791,,-1.7036000699885705,1.7036000699885718,2.942848815259194,-2.2168404825779975,,0.6744907594765952,0.6744907594765952,,-1.6415093650537977,1.4779969714181045,0.9057241982953201,-0.08565622069956413,,1.3283385094141174,3.0081480525369124,,-1.6787637880146615,1.613358830560385,2.1279989684736442,-1.3643667778266242,brick3_q_v2_robust_mahalanobis_clipped,2026-03-18T05:10:36.278770+00:00
LRCX,,,10-Q,2025-12-28,2026-01-29,https://www.sec.gov/Archives/edgar/data/707549/000070754926000009/lrcx-20251228.htm,47.96,8.118429886906087,0.6621440968772427,1.673454137057903,1.0666681129495068,6,accrual_ratio,-3.1318,debt_to_assets,-1.0562,equity_to_assets,1.0562,robust_mcd,,0.0,0.6744907594765952,,-1.3106425727781346,1.3106425727781328,-0.4159783518987829,0.26111032433181103,,0.8117872351134794,0.6744907594765952,,-0.6744907594765952,0.6744907594765952,-7.205465308804153,0.0,,0.3247148940453918,0.6744907594765952,,-1.0561818474575189,1.0561818474575178,-3.131773134660931,0.15666619459908662,brick3_q_v2_robust_mahalanobis_clipped,2026-03-18T05:10:36.278770+00:00
TXN,,,10-Q,2021-09-30,2021-10-27,https://www.sec.gov/Archives/edgar/data/97476/000009747621000032/txn-20210930.htm,47.88,8.103672450352157,,0.9994930880267768,0.9994930880267768,6,accrual_ratio,-3.0638,assets_growth_yoy,1.5261,equity_to_assets,0.6499,robust_mcd,,,,,,,,,,1.5261493911241373,0.4183724415302117,,-0.296980922488558,0.6498757053976165,-3.0638001322550776,0.04177993536506052,,1.5261493911241373,0.4183724415302117,,-0.296980922488558,0.6498757053976165,-3.0638001322550776,0.04177993536506052,brick3_q_v2_robust_mahalanobis_clipped,2026-03-18T05:10:36.278770+00:00
REGN,,,10-Q,2022-03-31,2022-05-04,https://www.sec.gov/Archives/edgar/data/872589/000180422022000015/regn-20220331.htm,47.8,8.080632697352941,,1.673632363150503,1.673632363150503,6,assets_growth_yoy,3.4225,accrual_ratio,-1.9654,equity_to_assets,1.632,robust_mcd,,,,,,,,,,3.4224878475868943,-0.6441189436848652,,-1.169917105564471,1.631959764394264,-1.9653961550386345,1.207914362633889,,3.4224878475868943,-0.6441189436848652,,-1.169917105564471,1.631959764394264,-1.9653961550386345,1.207914362633889,brick3_q_v2_robust_mahalanobis_clipped,2026-03-18T05:10:36.278770+00:00
DASH,,,10-Q,2025-06-30,2025-08-06,https://www.sec.gov/Archives/edgar/data/1792789/000179278925000012/dash-20250630.htm,47.73,7.956319478027047,1.603847544650557,2.464268798046414,1.8171286245442897,6,net_income_growth_yoy,4.6198,assets_growth_yoy,2.3451,ocf_to_net_income,1.6215,robust_mcd,,1.4335145830557765,2.366301688610158,,1.940978861481014,-1.9503645595339851,0.3365769414173611,1.5953486338050469,,3.712493500371304,8.0,,-0.21103889626611883,0.26575135259241384,-0.9355741720710625,1.660754866977585,,2.3451061499819876,4.6197810131660955,,1.0801717583821608,-1.0639181946834255,-0.17228350397800835,1.621511127074062,brick3_q_v2_robust_mahalanobis_clipped,2026-03-18T05:10:36.278770+00:00
GOOG,,,10-Q,2023-03-31,2023-04-26,https://www.sec.gov/Archives/edgar/data/1652044/000165204423000045/goog-20230331.htm,47.61,7.916363394658333,,0.6789194033709738,0.6789194033709738,7,equity_to_assets,1.2181,debt_to_assets,-0.9685,accrual_ratio,-0.872,robust_mcd,,,,,,,,,,-0.29207933839275013,-0.4568258024942543,-0.6229721536525316,-0.9684789718559589,1.2181498768094456,-0.8719558408599491,0.32197383953192726,,-0.29207933839275013,-0.4568258024942543,-0.6229721536525316,-0.9684789718559589,1.2181498768094456,-0.8719558408599491,0.32197383953192726,brick3_q_v2_robust_mahalanobis_clipped,2026-03-18T05:10:36.278770+00:00
GOOGL,,,10-Q,2023-03-31,2023-04-26,https://www.sec.gov/Archives/edgar/data/1652044/000165204423000045/goog-20230331.htm,47.61,7.916363394658333,,0.6789194033709738,0.6789194033709738,7,equity_to_assets,1.2181,debt_to_assets,-0.9685,accrual_ratio,-0.872,robust_mcd,,,,,,,,,,-0.29207933839275013,-0.4568258024942543,-0.6229721536525316,-0.9684789718559589,1.2181498768094456,-0.8719558408599491,0.32197383953192726,,-0.29207933839275013,-0.4568258024942543,-0.6229721536525316,-0.9684789718559589,1.2181498768094456,-0.8719558408599491,0.32197383953192726,brick3_q_v2_robust_mahalanobis_clipped,2026-03-18T05:10:36.278770+00:00
FAST,,,10-Q,2024-06-30,2024-07-17,https://www.sec.gov/Archives/edgar/data/815556/000081555624000031/fast-20240630.htm,47.49,7.91413200556408,0.9268380755937585,0.8195616420681183,0.8839275021835025,5,equity_to_assets,1.9966,net_income_growth_yoy,-0.8145,accrual_ratio,0.5738,robust_mcd,,-0.44012371077526363,-1.264158138960885,,,2.491906643610186,0.23311294788971146,-0.20488893673274697,,-0.6363740503642061,-0.13989275440992094,,,1.2536150169457732,1.0847326268495845,-0.9831937617711074,,-0.5186238466108406,-0.8144519851404993,,,1.996589992944421,0.5737608194736606,-0.5162108667480911,brick3_q_v2_robust_mahalanobis_clipped,2026-03-18T05:10:36.278770+00:00
PYPL,,,10-Q,2025-09-30,2025-10-28,https://www.sec.gov/Archives/edgar/data/1633917/000163391725000196/pypl-20250930.htm,47.42,7.898218819101726,0.5758734915381711,0.6250689423661737,0.5521358354845289,8,assets_growth_yoy,-1.1303,ocf_to_net_income,0.5947,debt_to_assets,0.5275,robust_mcd,-0.44416252164278985,-1.0221394812331606,0.25889185342525034,0.14785411566565587,0.3501818576236308,-0.3501818576236324,-1.1294873646847332,0.9040888804065156,-0.4815577629799589,-1.2925589591641347,0.5005539408694272,0.6450292596947043,0.7933851607183753,-0.7227219416075784,0.4341583638484319,0.13058615004677934,-0.4591206181776575,-1.1303072724055503,0.3555566884029211,0.3467241732772752,0.5274631788615286,-0.4991978912172108,-0.5040290732714671,0.5946877882626211,brick3_q_v2_robust_mahalanobis_clipped,2026-03-18T05:10:36.278770+00:00
CHTR,,,10-Q,2024-09-30,2024-11-01,https://www.sec.gov/Archives/edgar/data/1091667/000109166724000123/chtr-20240930.htm,47.34,7.881672366982236,0.6380823503930737,0.8547694041530959,0.45246388708457547,7,ocf_to_net_income,1.504,accrual_ratio,-0.6166,revenue_growth_yoy,-0.5204,robust_mcd,-0.3983294757613535,0.5724511683065051,-0.17200722052374035,0.7214647484992528,,0.8506265339759296,-0.7755101203346669,0.9761871853500683,-0.7036059467650067,-0.6773978584038897,-0.22334445010809365,-0.4812082413310892,,-1.2239601423744588,-0.37821595283879345,2.2956532372503395,-0.5204400641628149,0.07251155762234718,-0.19254211235748167,0.24039555256711598,,0.020791863435774105,-0.6165924533363175,1.503973606110177,brick3_q_v2_robust_mahalanobis_clipped,2026-03-18T05:10:36.278770+00:00
MDLZ,,,10-Q,2025-09-30,2025-10-28,https://www.sec.gov/Archives/edgar/data/1103982/000162828025046773/mdlz-20250930.htm,47.26,7.878021688088949,0.6795894770596672,0.5143668282995856,0.5319798544480716,8,assets_growth_yoy,-1.039,debt_to_assets,0.817,equity_to_assets,-0.8132,robust_mcd,-0.2548288551260982,-1.0915551249142565,-0.2303203142573471,-0.5932653557796621,1.121995978941507,-1.1490713996869386,-0.5101125902249292,0.4855661975465992,-0.6674933341265816,-0.9602166906212489,-0.6332228919112778,-0.3700841568757269,0.35941821996560014,-0.30929370182061927,0.7220866752422248,-0.09311895583340514,-0.4198946467262916,-1.0390197511970536,-0.39148134531891937,-0.503992876218088,0.8169648753511443,-0.8131603205404109,-0.017232884038067553,0.2540921361945974,brick3_q_v2_robust_mahalanobis_clipped,2026-03-18T05:10:36.278770+00:00
ROST,,,10-Q,2024-05-04,2024-06-12,https://www.sec.gov/Archives/edgar/data/745732/000074573224000035/rost-20240504.htm,47.19,7.8568561401106995,1.1649252811165216,2.5089609137664444,0.8370159503325321,5,accrual_ratio,1.5578,equity_to_assets,-1.5135,assets_growth_yoy,-0.7595,robust_mcd,,-1.715482477084613,-0.34585566654886046,,,2.810832093149904,0.4658412105075445,-0.4866149582916862,,0.6744907594765952,0.6744907594765952,,,-8.0,3.1958230498790323,0.0,,-0.7594931824601296,0.06228290386132179,,,-1.5135007441100579,1.5578339462561397,-0.29196897497501173,brick3_q_v2_robust_mahalanobis_clipped,2026-03-18T05:10:36.278770+00:00
CRWD,,,10-Q,2025-10-31,2025-12-03,https://www.sec.gov/Archives/edgar/data/1535527/000153552725000033/crwd-20251031.htm,47.11,7.848674401919081,1.1636983083846963,2.8322173527044257,1.5511104719516993,6,ocf_to_net_income,-4.0914,net_income_growth_yoy,-2.445,equity_to_assets,1.0822,robust_mcd,,-1.3831054577918285,-0.5416570483056077,,-1.4217442327554282,1.5559368758471248,-0.4166527183868949,-1.6630935172212946,,1.8071929928668862,-5.299990512158843,,0.29277291333977756,0.37155680632750054,-1.4879573059180966,-7.733833585615448,,-0.10698607752834255,-2.4449904338469017,,-0.7359373743173458,1.082184848039275,-0.8451745533993756,-4.091389544578956,brick3_q_v2_robust_mahalanobis_clipped,2026-03-18T05:10:36.278770+00:00
VRSK,,,10-Q,2023-09-30,2023-11-01,https://www.sec.gov/Archives/edgar/data/1442145/000143774923029653/vrsk20230930_10q.htm,47.03,7.808334076800886,1.7996203470821206,1.1524169853257082,1.5072913205467495,6,equity_to_assets,-3.2464,debt_to_assets,3.1884,assets_growth_yoy,-1.8407,robust_mcd,,-1.4656242102051058,0.0029405048263119542,,4.5102180326546195,-4.520025223815591,-0.16429790433771935,-0.13461620665337654,,-2.4033308871020664,-0.35613378592280337,,1.2056818748851423,-1.3360655396898897,0.7300042227231767,-0.8832856016311703,,-1.84070688096389,-0.14068921147333419,,3.188403569546829,-3.246441350165311,0.19342294648663905,-0.43408396464449406,brick3_q_v2_robust_mahalanobis_clipped,2026-03-18T05:10:36.278770+00:00
GILD,,,10-Q,2022-09-30,2022-11-02,https://www.sec.gov/Archives/edgar/data/882095/000088209522000027/gild-20220930.htm,46.95,7.732103793466312,2.3259887064906537,0.5471708841419096,1.5938264915400264,5,ocf_to_net_income,3.5471,accrual_ratio,-1.6023,equity_to_assets,1.3779,robust_mcd,,-1.011481903415794,-0.259440881103686,,,2.3825149712727525,-2.2134670949888746,5.763038681672159,,-0.885267868751513,-0.8127122377989856,,,-0.12896928756955867,-0.6856742106450462,0.22323081594444424,,-0.9609962895500817,-0.48074942378180585,,,1.377921267735828,-1.6023499412513433,3.5471155353810726,brick3_q_v2_robust_mahalanobis_clipped,2026-03-18T05:10:36.278770+00:00
CRWD,,,10-Q,2021-07-31,2021-09-01,https://www.sec.gov/Archives/edgar/data/1535527/000153552721000022/crwd-20210731.htm,46.88,7.69381355562444,,1.4653785705752516,1.4653785705752516,6,assets_growth_yoy,3.174,ocf_to_net_income,-2.4786,debt_to_assets,1.0741,robust_mcd,,,,,,,,,,3.1740339631909893,-0.6744907594765952,,1.0741244073732077,-0.6449785233135399,-0.746088317232273,-2.4785554528649048,,3.1740339631909893,-0.6744907594765952,,1.0741244073732077,-0.6449785233135399,-0.746088317232273,-2.4785554528649048,brick3_q_v2_robust_mahalanobis_clipped,2026-03-18T05:10:36.278770+00:00
PCAR,,,10-Q,2021-09-30,2021-11-01,https://www.sec.gov/Archives/edgar/data/75362/000156459021053170/pcar-10q_20210930.htm,46.8,7.687246813958622,,0.3763495992085625,0.3763495992085625,7,net_income_growth_yoy,-0.6205,revenue_growth_yoy,-0.5333,assets_growth_yoy,-0.51,robust_mcd,,,,,,,,,-0.5333185478471195,-0.5100389976173962,-0.6205341163715536,-0.27404759555307195,,0.08191640940241603,0.48829744982835344,-0.12629407784002666,-0.5333185478471195,-0.5100389976173962,-0.6205341163715536,-0.27404759555307195,,0.08191640940241603,0.48829744982835344,-0.12629407784002666,brick3_q_v2_robust_mahalanobis_clipped,2026-03-18T05:10:36.278770+00:00
KLAC,,,10-Q,2024-03-31,2024-04-26,https://www.sec.gov/Archives/edgar/data/319201/000031920124000012/klac-20240331.htm,46.72,7.681075318045553,0.7406391160660791,2.0991693242059126,1.2840511993220125,6,accrual_ratio,-3.1737,ocf_to_net_income,2.1253,assets_growth_yoy,-0.9988,robust_mcd,,-1.646855118333434,-0.8637090478364535,,0.0792469633665523,-0.10263308348074465,-0.6997837001687351,1.051606783210555,,-0.02666388867305681,-0.494686964240038,,0.7957446745985177,-0.657444933824013,-6.884662566760008,3.735812917139842,,-0.9987786264692831,-0.7161002143978873,,0.3658460478593385,-0.324557823618052,-3.173735246805245,2.1252892367822698,brick3_q_v2_robust_mahalanobis_clipped,2026-03-18T05:10:36.278770+00:00
MU,,,10-Q,2022-06-02,2022-07-01,https://www.sec.gov/Archives/edgar/data/723125/000072312522000036/mu-20220602.htm,46.65,7.680860243079918,1.9838397403826094,,1.9838397403826094,4,debt_to_assets,-3.0666,equity_to_assets,3.0666,accrual_ratio,-1.72,robust_mcd,,,,,-3.066601631311953,3.066601631311774,-1.7200148568701337,0.0821408420365768,,,,,,,,,,,,,-3.066601631311953,3.066601631311774,-1.7200148568701337,0.0821408420365768,brick3_q_v2_robust_mahalanobis_clipped,2026-03-18T05:10:36.278770+00:00
REGN,,,10-Q,2021-09-30,2021-11-04,https://www.sec.gov/Archives/edgar/data/872589/000180422021000033/regn-20210930.htm,46.57,7.6737961753732,,1.588590227504217,1.588590227504217,6,assets_growth_yoy,3.0809,accrual_ratio,-1.7722,equity_to_assets,1.7108,robust_mcd,,,,,,,,,,3.080900102919426,1.5658383760874868,,-1.1876424697606045,1.7108139000837421,-1.7721540416553678,-0.21419247451867254,,3.080900102919426,1.5658383760874868,,-1.1876424697606045,1.7108139000837421,-1.7721540416553678,-0.21419247451867254,brick3_q_v2_robust_mahalanobis_clipped,2026-03-18T05:10:36.278770+00:00
CPRT,,,10-Q,2025-10-31,2025-11-24,https://www.sec.gov/Archives/edgar/data/900075/000119312525291660/cprt-20251031.htm,46.49,7.661193781468068,0.5731782612606171,1.2710423065610077,0.7314187083692976,5,debt_to_assets,-1.4979,accrual_ratio,1.21,ocf_to_net_income,-0.5267,robust_mcd,,-0.9406973093714435,-0.07286688464656034,,-0.6744907594765952,,0.6354859671288033,-0.5423503856796832,,0.755657318821724,-0.29166279380164106,,-2.7329442077525887,,2.0717812055220763,-0.5031660069070092,,-0.2621554580941764,-0.16038524830859263,,-1.4978721387869927,,1.2100040624861126,-0.5266766341706136,brick3_q_v2_robust_mahalanobis_clipped,2026-03-18T05:10:36.278770+00:00
PANW,,,10-Q,2023-10-31,2023-11-17,https://www.sec.gov/Archives/edgar/data/1327567/000132756723000032/panw-20231031.htm,46.41,7.615889029660767,2.069973027295241,1.2602589914616906,1.4355697613832739,6,net_income_growth_yoy,4.9873,equity_to_assets,1.0358,ocf_to_net_income,0.8432,robust_mcd,,-0.6270494666438583,5.265952457083373,,-1.7674547732503818,2.2420660432594985,1.5542385259930076,0.9630768975413245,,0.18498760425131971,4.5692535751462975,,0.9657756235990279,-0.7735762056728933,-0.40454295331586004,0.6634179867847457,,-0.30223463828578706,4.987272904308543,,-0.6741626145106179,1.0358091436865418,0.7707259342694605,0.8432133332386931,brick3_q_v2_robust_mahalanobis_clipped,2026-03-18T05:10:36.278770+00:00
MU,,,10-Q,2024-05-30,2024-06-27,https://www.sec.gov/Archives/edgar/data/723125/000072312524000019/mu-20240530.htm,46.34,7.594381159978579,1.7177608432310185,,1.7177608432310185,6,ocf_to_net_income,3.1524,equity_to_assets,-2.7871,debt_to_assets,2.7871,robust_mcd,,0.25491808743071337,0.8213458973124789,,2.7870990515471674,-2.7870990515471763,-0.503698675937828,3.1524042956107468,,,,,,,,,,0.25491808743071337,0.8213458973124789,,2.7870990515471674,-2.7870990515471763,-0.503698675937828,3.1524042956107468,brick3_q_v2_robust_mahalanobis_clipped,2026-03-18T05:10:36.278770+00:00
AAPL,,,10-Q,2023-04-01,2023-05-05,https://www.sec.gov/Archives/edgar/data/320193/000032019323000064/aapl-20230401.htm,46.26,7.591183273364264,0.22491042995042662,2.1221278032117437,0.9261580968547564,6,accrual_ratio,-3.1048,equity_to_assets,-0.8116,net_income_growth_yoy,0.4607,robust_mcd,,0.21301805566723292,0.3803947875545241,,0.2339266622399093,-0.2339266622399083,0.15863248342116593,-0.1295639285798193,,0.472013540231584,0.5812307102086098,,0.674490759476595,-1.6781726177213625,-8.0,1.32685919163231,,0.31661624949297335,0.46072915661615843,,0.41015230113458356,-0.8116250444324901,-3.1048205099473005,0.4530053195050324,brick3_q_v2_robust_mahalanobis_clipped,2026-03-18T05:10:36.278770+00:00
BKNG,,,10-Q,2024-06-30,2024-08-01,https://www.sec.gov/Archives/edgar/data/1075531/000107553124000041/bkng-20240630.htm,46.18,7.55653080487732,2.1481662181880656,1.084397325580042,1.682052995955731,4,equity_to_assets,-3.1935,debt_to_assets,3.1082,revenue_growth_yoy,-0.2887,robust_mcd,-0.6164571109194488,-0.20308440142479134,,,3.8865616802040135,-3.8865616802040077,,,0.2030283259456249,-0.03988867028840871,,,1.940678282796485,-2.1539940232896497,,,-0.2886629361734193,-0.13780610897023826,,,3.108208321241002,-3.1935346174382646,,,brick3_q_v2_robust_mahalanobis_clipped,2026-03-18T05:10:36.278770+00:00
TTWO,,,10-Q,2025-09-30,2025-11-07,https://www.sec.gov/Archives/edgar/data/946581/000162828025050326/ttwo-20250930.htm,46.11,7.531530541004863,2.15541408837283,1.3764536812803183,1.7532780260850889,6,equity_to_assets,-3.0469,debt_to_assets,2.8849,assets_growth_yoy,-1.5421,robust_mcd,,-0.6744907594765952,0.9017072615753029,,4.49998664740919,-4.808079931482912,-1.355048753222367,-0.693171177070614,,-2.8435812737822697,1.7382201850877752,,0.46221121335881743,-0.40520027895871624,0.6791392458805249,-2.1303698906138067,,-1.542126965198865,1.2363124309802918,,2.884876473789041,-3.0469280704732338,-0.5413735535812101,-1.2680506624878911,brick3_q_v2_robust_mahalanobis_clipped,2026-03-18T05:10:36.278770+00:00
DASH,,,10-Q,2023-06-30,2023-08-02,https://www.sec.gov/Archives/edgar/data/1792789/000162828023026756/dash-20230630.htm,46.03,7.53084861986788,1.5358221595914434,1.4833778645521833,1.2865985417895693,6,ocf_to_net_income,-2.6477,accrual_ratio,-1.7958,assets_growth_yoy,-1.3536,robust_mcd,,-1.5699364518015182,2.0076520603535504,,1.0916230627104246,-1.0230330562786694,-1.696774581575236,-1.8259137448292606,,-1.0290714159302472,0.33455999758394517,,-0.6130547385981504,1.0987895097981237,-1.944341360294998,-3.8804501651076344,,-1.3535904374530099,1.3384152352457084,,0.4097519421869945,-0.17430402984795212,-1.7958012930631408,-2.64772831294061,brick3_q_v2_robust_mahalanobis_clipped,2026-03-18T05:10:36.278770+00:00
ADI,,,10-Q,2024-08-03,2024-08-21,https://www.sec.gov/Archives/edgar/data/6281/000000628124000159/adi-20240803.htm,45.95,7.385184552195065,2.715620083742624,0.41087232738308543,1.685802459682553,5,net_income_growth_yoy,-4.3071,ocf_to_net_income,2.4701,assets_growth_yoy,0.862,robust_mcd,,1.4366658460981447,-7.178568145033064,,,-0.6471188458208701,-0.6691548411207384,3.646592740640302,,0.0,0.0,,,0.6744907594765952,-0.6744907594765952,0.7053801179622367,,0.8619995076588868,-4.307140887019838,,,-0.11847500370188396,-0.671289208463081,2.470107691569076,brick3_q_v2_robust_mahalanobis_clipped,2026-03-18T05:10:36.278770+00:00
META,,,10-Q,2024-09-30,2024-10-31,https://www.sec.gov/Archives/edgar/data/1326801/000132680124000081/meta-20240930.htm,45.88,7.380533962526627,,1.0767579098690423,1.0767579098690423,6,accrual_ratio,-3.0206,assets_growth_yoy,1.0326,equity_to_assets,0.7639,robust_mcd,,,,,,,,,,1.0325684377730464,0.7444372163658092,,-0.5692457007263791,0.7638832233759048,-3.02056686286265,0.32984601811046443,,1.0325684377730464,0.7444372163658092,,-0.5692457007263791,0.7638832233759048,-3.02056686286265,0.32984601811046443,brick3_q_v2_robust_mahalanobis_clipped,2026-03-18T05:10:36.278770+00:00
CTAS,,,10-Q,2022-08-31,2022-10-06,https://www.sec.gov/Archives/edgar/data/723254/000072325422000031/ctas-20220831.htm,45.8,7.360933384888284,1.8731643878476412,0.6744907594765948,1.4137609771621389,5,assets_growth_yoy,2.7765,accrual_ratio,1.918,ocf_to_net_income,-1.5645,robust_mcd,,4.177796192062418,-0.14075494163703897,,,-1.5647464415063594,1.9180086614531793,-1.5645157025792098,,0.6744907594765952,,,,0.6744907594765943,,,,2.7764740190280888,-0.14075494163703897,,,-0.669051561113178,1.9180086614531793,-1.5645157025792098,brick3_q_v2_robust_mahalanobis_clipped,2026-03-18T05:10:36.278770+00:00
AAPL,,,10-Q,2025-03-29,2025-05-02,https://www.sec.gov/Archives/edgar/data/320193/000032019325000057/aapl-20250329.htm,45.72,7.340383630411978,0.6011230933231205,2.044143693097048,0.8253102984724352,6,accrual_ratio,-3.0444,assets_growth_yoy,1.0313,ocf_to_net_income,0.3276,robust_mcd,,1.3828597360778214,0.5861250815124613,,-0.5730811465517808,0.5730811465517807,0.2593698915472528,-0.23222155769762606,,0.5039234255986431,-0.376158107530337,,0.6744907594765953,-1.5428711323307125,-8.0,1.1674187336459996,,1.0312852118861502,0.201211805895342,,-0.0740523841404303,-0.27329976500121667,-3.0443780650716485,0.3276345588398242,brick3_q_v2_robust_mahalanobis_clipped,2026-03-18T05:10:36.278770+00:00
MPWR,,,10-Q,2025-03-31,2025-05-05,https://www.sec.gov/Archives/edgar/data/1280452/000143774925014522/mpwr20250331_10q.htm,45.64,7.295157976418063,1.4770349530307325,1.4396253216479993,1.2230709424776034,6,assets_growth_yoy,4.2611,equity_to_assets,1.1957,debt_to_assets,-1.1181,robust_mcd,,5.014020071942681,0.4165564607225125,,-1.026025005892505,1.0260250058925047,0.7549594772872407,-0.6246236964469518,,3.131795215471717,0.6942437283772916,,-1.2561468216553011,1.4500911447501987,-1.44541305056408,0.6600619690694076,,4.261130129354295,0.5276313677844242,,-1.1180737321976233,1.1956514614355824,-0.12518953385328774,-0.11074943024040801,brick3_q_v2_robust_mahalanobis_clipped,2026-03-18T05:10:36.278770+00:00
CDNS,,,10-Q,2025-03-31,2025-04-30,https://www.sec.gov/Archives/edgar/data/813672/000081367225000051/cdns-20250331.htm,45.57,7.274267346950855,1.3577481307007866,1.2260721249699742,1.018205830565857,5,assets_growth_yoy,3.908,equity_to_assets,-0.7942,net_income_growth_yoy,-0.2158,robust_mcd,,3.6350037647906444,-0.3856888289539182,,,-1.5798610297713405,0.5713718862589353,-0.6168151437290956,,4.31743704613569,0.038926922609433125,,,0.3843855971194305,-0.8770320465863033,0.512579012399014,,3.907977077328663,-0.21584252832857767,,,-0.7941623790150321,-0.007989686879160185,-0.16505748127785172,brick3_q_v2_robust_mahalanobis_clipped,2026-03-18T05:10:36.278770+00:00
MAR,,,10-Q,2023-06-30,2023-08-01,https://www.sec.gov/Archives/edgar/data/1048286/000162828023026380/mar-20230630.htm,45.49,7.257401035993236,0.9844643103032756,0.47051517471371496,0.6335807794008235,7,equity_to_assets,-1.3634,accrual_ratio,-1.1287,net_income_growth_yoy,-0.7883,robust_mcd,-1.0775050306915872,0.9056939659963084,-1.147672723968177,0.03858702272230963,,-1.1231680429118867,-1.867297984198906,0.7313254016337551,0.6865654238679366,-0.5475565718039787,-0.2492121098710587,0.028449115194036284,,-1.7238310324147965,-0.02070504468311952,-0.03728692516107861,-0.3718768488677776,0.3243937508761935,-0.7882884783293297,0.03453185971100029,,-1.3634332387130506,-1.1286608083925913,0.42388047091582165,brick3_q_v2_robust_mahalanobis_clipped,2026-03-18T05:10:36.278770+00:00
BKNG,,,10-Q,2022-09-30,2022-11-02,https://www.sec.gov/Archives/edgar/data/1075531/000107553122000043/bkng-20220930.htm,45.41,7.236564971073594,2.5771204306662234,0.8633571255550012,1.6853853157393242,4,debt_to_assets,2.8086,equity_to_assets,-2.7866,assets_growth_yoy,-0.8082,robust_mcd,-1.2510431808771578,-0.8339189425768301,,,4.048594190577095,-4.17492540863381,,,1.0311489644120524,-0.7696031915408424,,,0.9486277733206414,-0.7040485729464685,,,-0.3381663227614736,-0.808192642162435,,,2.8086076236745137,-2.7865746743588735,,,brick3_q_v2_robust_mahalanobis_clipped,2026-03-18T05:10:36.278770+00:00
SNPS,,,10-Q,2023-04-30,2023-05-19,https://www.sec.gov/Archives/edgar/data/883241/000088324123000012/snps-20230430.htm,45.34,7.232548361885601,1.8614354982073824,0.4053337832909389,1.106029776576764,6,assets_growth_yoy,-3.66,debt_to_assets,1.3496,net_income_growth_yoy,-0.8814,robust_mcd,,-5.870079686943511,-1.011258311423513,,2.6610741001312768,-1.549902981810271,0.056329703960009976,-0.019968204975714072,,-0.34489920692119047,-0.6865279317531909,,-0.6174940450852278,0.6497914149315089,0.074241228326446,0.05904887272806908,,-3.6600074949345824,-0.8813661595553841,,1.3496468420446748,-0.6700252231135589,0.06349431370658438,0.01163862610579919,brick3_q_v2_robust_mahalanobis_clipped,2026-03-18T05:10:36.278770+00:00
TMUS,,,10-Q,2025-03-31,2025-04-24,https://www.sec.gov/Archives/edgar/data/1283699/000128369925000079/tmus-20250331.htm,45.26,7.203112776141526,1.0565363449478604,0.552297464289129,0.8058278287383583,5,accrual_ratio,-1.6798,equity_to_assets,-1.5742,ocf_to_net_income,0.4786,robust_mcd,,0.5009941969850681,-0.028453150964884023,,,-2.2985721203859653,-2.4463824090711768,0.008279847332208922,,-0.26365129821523364,0.29607084344012213,,,-0.4876713153127818,-0.5299081064164725,1.1841857580610344,,0.19513599890494737,0.10135644679711844,,,-1.574211798356692,-1.679792688009295,0.47864221162373916,brick3_q_v2_robust_mahalanobis_clipped,2026-03-18T05:10:36.278770+00:00
DASH,,,10-Q,2023-03-31,2023-05-05,https://www.sec.gov/Archives/edgar/data/1792789/000162828023016140/dash-20230331.htm,45.18,7.198148298327751,1.6330950993706732,2.1308210783255226,1.5487331480533744,6,ocf_to_net_income,-2.8861,net_income_growth_yoy,2.0624,accrual_ratio,-1.3359,robust_mcd,,0.26578343529031684,3.536786060021374,,2.1432464242005573,-2.0521778893057236,-0.11456542873903296,-1.6860113586670338,,2.8049580950227875,-0.1492456309357122,,-0.8692111348618302,1.1074358059467462,-3.1677817657880056,-4.686294037398055,,1.2814532991833052,2.062373383638539,,0.9382634005756023,-0.7883324112047357,-1.3358519635586221,-2.886124430159442,brick3_q_v2_robust_mahalanobis_clipped,2026-03-18T05:10:36.278770+00:00
TTWO,,,10-Q,2024-09-30,2024-11-07,https://www.sec.gov/Archives/edgar/data/946581/000162828024045867/ttwo-20240930.htm,45.1,7.167607227401016,2.2959731990268155,0.8458841661053568,1.5711197332210676,6,debt_to_assets,3.0357,equity_to_assets,-2.9933,assets_growth_yoy,-1.346,robust_mcd,,-0.7110108464215913,1.157437312664216,,5.018196150978729,-5.018196150978726,0.591056518299338,1.2799422148182924,,-2.2983646027826463,0.6669863060619111,,0.062073972788745206,0.04397961632695451,0.9617462202201055,-1.042154278451778,,-1.3459523489660135,0.9612569100232939,,3.0357472797027354,-2.9933258440564536,0.739332399067645,0.3511036175102642,brick3_q_v2_robust_mahalanobis_clipped,2026-03-18T05:10:36.278770+00:00
STX,,,10-Q,2024-12-27,2025-01-24,https://www.sec.gov/Archives/edgar/data/1137789/000113778925000020/stx-20241227.htm,45.03,7.157677372419201,2.0345154944864987,0.6744907594765953,1.3708694445591585,6,net_income_growth_yoy,5.0698,assets_growth_yoy,0.9752,accrual_ratio,0.8302,robust_mcd,,1.1756726079390414,8.0,,0.5247560886959711,-0.5247560886959716,1.8333879082888433,-0.14852027329916326,,0.6744907594765953,0.6744907594765953,,0.6744907594765953,-0.6744907594765952,-0.6744907594765952,0.6744907594765952,,0.9751998685540629,5.069796303790638,,0.5846499570082209,-0.584649957008221,0.8302364411826679,0.18068413981114012,brick3_q_v2_robust_mahalanobis_clipped,2026-03-18T05:10:36.278770+00:00
KDP,,,10-Q,2022-09-30,2022-10-27,https://www.sec.gov/Archives/edgar/data/1418135/000141813522000023/kdp-20220930.htm,44.95,7.153483544456774,1.7434050857601788,0.9186494418339789,1.3754769966825162,6,ocf_to_net_income,4.5914,net_income_growth_yoy,-2.1922,accrual_ratio,-0.9396,robust_mcd,,0.07273011584727716,-2.5570372881835963,,-0.2822526027323521,0.2832748575866541,-1.7012692817830468,5.5638663684281475,,-0.08218667576281113,-1.6449710251241616,,-0.06910692417316731,0.3798912756358049,0.20300706054106044,3.132733689766868,,0.01076339920324184,-2.1922107829598225,,-0.1969943313086782,0.3219214248063144,-0.9395587448534037,4.591413296963636,brick3_q_v2_robust_mahalanobis_clipped,2026-03-18T05:10:36.278770+00:00
DDOG,,,10-Q,2025-06-30,2025-08-08,https://www.sec.gov/Archives/edgar/data/1561550/000156155025000220/ddog-20250630.htm,44.87,7.093665624262395,0.9931991432010335,2.730345857838623,1.6880578290560695,6,ocf_to_net_income,4.1887,net_income_growth_yoy,-1.9616,assets_growth_yoy,1.5106,robust_mcd,,0.8398163240243639,-1.0715142933163708,,-1.1960231652101896,1.196023165210196,-0.007967349382157832,1.6478505620629234,,2.516797848146681,-3.2967189937496637,,-0.28934797322112094,0.34601381801254566,-1.9331965139017275,8.0,,1.5106089336732906,-1.961596173489688,,-0.8333530884145621,0.8560194263311359,-0.7780590151899858,4.1887103372377545,brick3_q_v2_robust_mahalanobis_clipped,2026-03-18T05:10:36.278770+00:00
KHC,,,10-Q,2025-09-27,2025-10-29,https://www.sec.gov/Archives/edgar/data/1637459/000163745925000166/khc-20250927.htm,44.8,7.07749324046564,1.701814865551242,1.6904593996131851,1.7225294434786804,6,net_income_growth_yoy,-2.8922,debt_to_assets,2.0693,assets_growth_yoy,-1.7468,robust_mcd,,-0.9977194968228208,-1.9985495667338251,,2.069310864153107,-2.042596213813669,-1.51378466460491,1.58892838717912,,-2.8705263796723957,-4.23278909944034,,,-0.6744907594765953,0.0,0.6744907594765952,,-1.7468422499626506,-2.8922453798164307,,2.069310864153107,-1.4953540320788394,-0.9082707987629459,1.22315333609811,brick3_q_v2_robust_mahalanobis_clipped,2026-03-18T05:10:36.278770+00:00
ORLY,,,10-Q,2023-06-30,2023-08-08,https://www.sec.gov/Archives/edgar/data/898173/000089817323000044/orly-20230630x10q.htm,44.72,7.075907848736522,0.8389035774114149,0.8325478938367802,0.8020832335309447,5,equity_to_assets,-1.7101,assets_growth_yoy,1.3245,accrual_ratio,-0.5953,robust_mcd,,2.073619240652784,0.4569241559624011,,,-1.3841499470007896,-0.1295108954683674,0.15031364797273267,,0.200914958662925,-0.21423794031635252,,,-2.1990118087803,-1.2940121843868755,0.25456257703744795,,1.3245375278568403,0.18845931745089964,,,-1.7100946917125937,-0.5953114110357706,0.19201321959861878,brick3_q_v2_robust_mahalanobis_clipped,2026-03-18T05:10:36.278770+00:00
CMCSA,,,10-Q,2021-09-30,2021-10-28,https://www.sec.gov/Archives/edgar/data/1166691/000116669121000036/cmcsa-20210930.htm,44.64,7.0501290350226515,,0.6642431399352015,0.6642431399352015,7,net_income_growth_yoy,1.7044,ocf_to_net_income,1.3362,net_margin,0.5967,robust_mcd,,,,,,,,,0.0,-0.466916838811349,1.7043559421562864,0.5967268133185551,,-0.25442329539754793,-0.29107220164875547,1.336206888213916,0.0,-0.466916838811349,1.7043559421562864,0.5967268133185551,,-0.25442329539754793,-0.29107220164875547,1.336206888213916,brick3_q_v2_robust_mahalanobis_clipped,2026-03-18T05:10:36.278770+00:00
BKNG,,,10-Q,2025-03-31,2025-04-29,https://www.sec.gov/Archives/edgar/data/1075531/000107553125000024/bkng-20250331.htm,44.56,6.9060890449059364,1.541295649099516,1.3445331744408175,1.4625906592360365,4,equity_to_assets,-2.0949,debt_to_assets,2.0792,assets_growth_yoy,-1.2507,robust_mcd,-0.6819002043876655,-1.566376803202071,,,1.9584527944041643,-1.958452794404163,,,-0.04124405440308474,-0.7770815156994795,,,2.2602234044756195,-2.299583723185086,,,-0.4256377443938332,-1.2506586882010344,,,2.0791610384327464,-2.0949051659165323,,,brick3_q_v2_robust_mahalanobis_clipped,2026-03-18T05:10:36.278770+00:00
CMCSA,,,10-Q,2025-09-30,2025-10-30,https://www.sec.gov/Archives/edgar/data/1166691/000116669125000054/cmcsa-20250930.htm,44.49,6.878051004469078,1.5991596201386347,0.9072284351049866,1.2663712141221226,5,ocf_to_net_income,2.8066,equity_to_assets,1.5997,accrual_ratio,-1.0199,robust_mcd,,-0.11218925683829098,-0.5883041832655898,,,2.899572696293997,-1.4519185088941173,2.9438134554011794,,-0.7266249389076708,-0.48670922206418826,,,-0.35009957501908145,-0.37186461280712885,2.6008438267268637,,-0.3579635296660429,-0.5476661987850291,,,1.5997037877687657,-1.0198969504593218,2.8066256039314528,brick3_q_v2_robust_mahalanobis_clipped,2026-03-18T05:10:36.278770+00:00
VRTX,,,10-Q,2025-06-30,2025-08-05,https://www.sec.gov/Archives/edgar/data/875320/000087532025000216/vrtx-20250630.htm,44.41,6.862200702892126,2.3436163141780715,1.20827093270007,1.4297534457717436,6,net_income_growth_yoy,4.2105,debt_to_assets,2.0802,equity_to_assets,-2.0549,robust_mcd,,-0.6375472935100699,4.632587954539232,,4.05042699324717,-4.050601993814005,0.30065640019124745,0.38987724976670696,,1.180452352527212,3.577326018200082,,-0.8751974655477518,0.938583943865177,-0.45121739741164596,-0.22684841864855176,,0.08965256490484291,4.210483180003571,,2.080177209729201,-2.054927618742332,-9.311884990992336e-05,0.14318698240060346,brick3_q_v2_robust_mahalanobis_clipped,2026-03-18T05:10:36.278770+00:00
MRVL,,,10-Q,2023-07-29,2023-08-25,https://www.sec.gov/Archives/edgar/data/1835632/000183563223000038/mrvl-20230729.htm,44.33,6.824030571876289,0.889581044464627,2.47134960672875,1.3737667758376613,6,net_income_growth_yoy,-4.3755,ocf_to_net_income,-1.0193,debt_to_assets,-0.8956,robust_mcd,,,-1.9590897525835413,,-0.8955725381915441,0.8955725381915441,-0.1098043023233244,-0.5878660910331815,,-0.6744907594765952,-8.0,,,0.0,2.0158839392324337,-1.666373334934722,,-0.6744907594765952,-4.375453851550125,,-0.8955725381915441,0.5373435229149265,0.7404709942989789,-1.0192689885937978,brick3_q_v2_robust_mahalanobis_clipped,2026-03-18T05:10:36.278770+00:00
FAST,,,10-Q,2021-09-30,2021-10-15,https://www.sec.gov/Archives/edgar/data/815556/000081555621000040/fast-20210930.htm,44.26,6.81148979262291,,1.1063071329747647,1.1063071329747647,5,ocf_to_net_income,-1.6146,equity_to_assets,1.5727,accrual_ratio,1.495,robust_mcd,,,,,,,,,,-0.48679531190699316,-0.3624294594158459,,,1.5726940569220187,1.4949890064045168,-1.6146278302244488,,-0.48679531190699316,-0.3624294594158459,,,1.5726940569220187,1.4949890064045168,-1.6146278302244488,brick3_q_v2_robust_mahalanobis_clipped,2026-03-18T05:10:36.278770+00:00
MCHP,,,10-Q,2021-09-30,2021-11-04,https://www.sec.gov/Archives/edgar/data/827054/000082705421000280/mchp-20210930.htm,44.18,6.721998844356977,,1.4697275552891587,1.4697275552891587,5,net_income_growth_yoy,4.6683,ocf_to_net_income,1.2169,assets_growth_yoy,-0.9759,robust_mcd,,,,,,,,,,-0.9758775744630104,4.668330806267876,,,-0.2236753268720284,-0.26381157785596954,1.2169424909869098,,-0.9758775744630104,4.668330806267876,,,-0.2236753268720284,-0.26381157785596954,1.2169424909869098,brick3_q_v2_robust_mahalanobis_clipped,2026-03-18T05:10:36.278770+00:00
FTNT,,,10-Q,2023-03-31,2023-05-08,https://www.sec.gov/Archives/edgar/data/1262039/000126203923000021/ftnt-20230331.htm,44.1,6.711430931891649,1.6635468295981883,1.8304652075084977,1.3489331827627866,6,net_income_growth_yoy,4.3738,debt_to_assets,1.171,equity_to_assets,-1.128,robust_mcd,,-0.32739785516535536,6.103088855342552,,0.9911160524591233,-0.9801710797898275,0.4886316563066737,-1.0908754785255992,,1.1314008857667828,1.779775742988559,,1.4409444891579402,-1.3498449298110105,-3.500053661432414,1.7807715358942793,,0.2561216412074999,4.373763610400955,,1.17104742713865,-1.1280406197983006,-1.1068424707889615,0.057783327242352245,brick3_q_v2_robust_mahalanobis_clipped,2026-03-18T05:10:36.278770+00:00
CRWD,,,10-Q,2021-10-31,2021-12-02,https://www.sec.gov/Archives/edgar/data/1535527/000153552721000028/crwd-20211031.htm,44.02,6.634627225338999,,1.3580044055572327,1.3580044055572327,6,assets_growth_yoy,2.2515,ocf_to_net_income,-1.7795,accrual_ratio,-1.7523,robust_mcd,,,,,,,,,,2.2515476964550225,-1.6132245682210726,,0.5050364121318937,-0.24645791742334852,-1.7522736333658808,-1.779486205746179,,2.2515476964550225,-1.6132245682210726,,0.5050364121318937,-0.24645791742334852,-1.7522736333658808,-1.779486205746179,brick3_q_v2_robust_mahalanobis_clipped,2026-03-18T05:10:36.278770+00:00
ZS,,,10-Q,2022-10-31,2022-12-07,https://www.sec.gov/Archives/edgar/data/1713683/000171368322000123/zs-20221031.htm,43.95,6.627969262298348,2.556371793306687,0.31544372545273797,1.6600005661651072,6,debt_to_assets,2.811,equity_to_assets,-2.7494,net_income_growth_yoy,1.771,robust_mcd,,2.238389737104799,2.6778897434987705,,4.244880547378298,-4.244880547378295,1.0936418142273505,-0.8385483702526093,,0.0,0.4107147341162269,,0.660070798995361,-0.5062984183619421,0.0,-0.31557840124289754,,1.3430338422628794,1.771019739745753,,2.810956648025123,-2.749447695771754,0.6561850885364103,-0.6293603826487245,brick3_q_v2_robust_mahalanobis_clipped,2026-03-18T05:10:36.278770+00:00
INTU,,,10-Q,2025-01-31,2025-02-25,https://www.sec.gov/Archives/edgar/data/896878/000089687825000015/intu-20250131.htm,43.87,6.579173091782114,0.8932182588081016,0.465347765275645,0.6480126917008739,8,ocf_to_net_income,1.2617,assets_growth_yoy,-0.9559,debt_to_assets,0.9044,robust_mcd,0.20971940353222315,-0.5851831259951005,0.21880844912647662,0.5023224519248847,1.507353930982078,-1.5073539309820814,-0.8224149152903719,1.792589862631597,,-1.5119168897294544,0.18357274305976465,,0.0,0.6312468593953586,0.0,0.46535009946929196,0.20971940353222315,-0.955876631488842,0.20471416669979184,0.5023224519248847,0.9044123585892467,-0.6519136148311053,-0.4934489491742231,1.261693957366675,brick3_q_v2_robust_mahalanobis_clipped,2026-03-18T05:10:36.278770+00:00
EXC,,,10-Q,2022-03-31,2022-05-09,https://www.sec.gov/Archives/edgar/data/1109357/000110935722000059/exc-20220331.htm,43.79,6.533359879887821,,0.9180946147871416,0.9180946147871416,4,assets_growth_yoy,-2.2647,debt_to_assets,0.6504,equity_to_assets,-0.3875,robust_mcd,,,,,,,,,0.36982537658018494,-2.264655818301242,,,0.6504167241450756,-0.38748054012206384,,,0.36982537658018494,-2.264655818301242,,,0.6504167241450756,-0.38748054012206384,,,brick3_q_v2_robust_mahalanobis_clipped,2026-03-18T05:10:36.278770+00:00
TMUS,,,10-Q,2024-06-30,2024-07-31,https://www.sec.gov/Archives/edgar/data/1283699/000128369924000111/tmus-20240630.htm,43.72,6.51498327148716,0.9732945041770072,0.5298030654481387,0.7958979286854599,5,equity_to_assets,-1.5684,assets_growth_yoy,-0.868,accrual_ratio,0.6091,robust_mcd,,-0.9326142428076256,0.16412180190793213,,,-2.30274119086998,0.7117003907779078,-0.7552948945215913,,-0.7710737840715243,0.6921779769616915,,,-0.4667842437889605,0.45515617487656396,-0.26382314754195363,,-0.8679980593131851,0.37534427192943587,,,-1.568358412037572,0.6090827044173703,-0.5587061957297361,brick3_q_v2_robust_mahalanobis_clipped,2026-03-18T05:10:36.278770+00:00
DASH,,,10-Q,2024-06-30,2024-08-01,https://www.sec.gov/Archives/edgar/data/1792789/000162828024034131/dash-20240630.htm,43.64,6.509396813872212,0.935259006955667,1.9254689808735692,1.1808597216786132,6,ocf_to_net_income,-3.1196,accrual_ratio,-1.5791,debt_to_assets,0.8075,robust_mcd,,0.25302533203254596,0.2048018976585603,,1.6480624879386034,-1.6734546216427681,-0.9967281602572284,-0.8354815422042956,,1.331245603102742,0.09438736343097645,,-0.4532798811121037,0.6753446802195058,-2.4527721607206407,-6.545784196655446,,0.6843134404606244,0.16063608396752677,,0.8075255403183206,-0.7339349008978586,-1.5791457604425934,-3.119602603984756,brick3_q_v2_robust_mahalanobis_clipped,2026-03-18T05:10:36.278770+00:00
XEL,,,10-Q,2025-06-30,2025-07-31,https://www.sec.gov/Archives/edgar/data/72903/000007290325000225/xel-20250630.htm,43.56,6.486385397934544,2.1523274593653587,0.8544461963664928,1.5336589261282207,5,net_income_growth_yoy,4.7921,ocf_to_net_income,1.1334,assets_growth_yoy,1.0885,robust_mcd,,1.6290896652666762,7.283551758616029,,,1.2730645903978544,-0.23207670441552003,0.3438545781307127,,0.27763430130515937,1.0548290469840047,,,-0.6219751752349463,0.0,2.317792458308353,,1.0885075196820693,4.792062673963219,,,0.5150486841447341,-0.13924602264931202,1.1334297302017688,brick3_q_v2_robust_mahalanobis_clipped,2026-03-18T05:10:36.278770+00:00
CPRT,,,10-Q,2023-01-31,2023-02-24,https://www.sec.gov/Archives/edgar/data/900075/000090007523000010/cprt-20230131.htm,43.48,6.424042383657483,1.862428537924781,0.33724537973829766,1.2523552746501876,6,assets_growth_yoy,-2.6699,debt_to_assets,-2.1582,equity_to_assets,1.9502,robust_mcd,,-4.449843679228905,-0.5284821033869529,,-3.1473578253490193,2.800595163667054,0.13873564351125686,-0.10955681240549787,,0.0,-0.6744907594765952,,-0.6744907594765952,0.6744907594765952,0.0,0.0,,-2.6699062075373425,-0.5868855658228098,,-2.1582109990000493,1.9501534019908706,0.08324138610675412,-0.06573408744329873,brick3_q_v2_robust_mahalanobis_clipped,2026-03-18T05:10:36.278770+00:00
AXON,,,10-Q,2021-06-30,2021-08-06,https://www.sec.gov/Archives/edgar/data/1069183/000155837021010634/axon-20210630x10q.htm,43.41,6.418965839335178,,1.4307102657997746,1.4307102657997746,6,ocf_to_net_income,-2.1599,accrual_ratio,-1.8899,equity_to_assets,1.5167,robust_mcd,,,,,,,,,,0.827747354077632,-1.2502625846596291,,-0.9396227702371845,1.5167494824978498,-1.889935865961861,-2.1599435373644895,,0.827747354077632,-1.2502625846596291,,-0.9396227702371845,1.5167494824978498,-1.889935865961861,-2.1599435373644895,brick3_q_v2_robust_mahalanobis_clipped,2026-03-18T05:10:36.278770+00:00
IDXX,,,10-Q,2021-03-31,2021-05-04,https://www.sec.gov/Archives/edgar/data/874716/000087471621000031/idxx-20210331.htm,43.33,6.400952414229192,,0.9608615788846223,0.9608615788846223,6,accrual_ratio,2.6746,net_income_growth_yoy,1.1227,ocf_to_net_income,-0.6958,robust_mcd,,,,,,,,,,0.6133206053243855,1.1226738005931902,,0.517210419429558,-0.14156986019205067,2.6745560858197703,-0.6958387019487784,,0.6133206053243855,1.1226738005931902,,0.517210419429558,-0.14156986019205067,2.6745560858197703,-0.6958387019487784,brick3_q_v2_robust_mahalanobis_clipped,2026-03-18T05:10:36.278770+00:00
ODFL,,,10-Q,2023-09-30,2023-11-06,https://www.sec.gov/Archives/edgar/data/878927/000095017023059408/odfl-20230930.htm,43.25,6.374914710570695,2.4373734020135736,0.8264516228811939,1.7930046903606216,6,net_income_growth_yoy,-2.7228,equity_to_assets,2.472,debt_to_assets,-2.2993,robust_mcd,,1.0114471508127594,-4.2005578339589915,,-3.1936778836778608,3.193677883677776,-1.3283928493113288,1.6964868106427258,,0.13021167999250058,-0.5062782569548517,,-0.9576895708787679,1.3895368137572568,-1.9143343946325495,0.060659021071236455,,0.6589529624846557,-2.7228460031573354,,-2.2992825585582235,2.472021455709568,-1.5627694674398172,1.04215569481413,brick3_q_v2_robust_mahalanobis_clipped,2026-03-18T05:10:36.278770+00:00
XEL,,,10-Q,2022-06-30,2022-07-28,https://www.sec.gov/Archives/edgar/data/72903/000007290322000053/xel-20220630.htm,43.18,6.348711415288851,1.8499999013898147,0.5425148172176832,1.2265948368041786,5,ocf_to_net_income,3.0819,equity_to_assets,1.4417,accrual_ratio,-1.0914,robust_mcd,,-0.6850148071903326,-0.21993112279649155,,,2.634132727332895,-1.951738065821476,3.7591827838078795,,-0.019058212661375633,0.08150848271324018,,,-0.3470150495802591,0.19904541093639908,2.0659469301971423,,-0.41863216937874975,-0.09935528059259885,,,1.4416736165676332,-1.0914246751183259,3.0818884423635846,brick3_q_v2_robust_mahalanobis_clipped,2026-03-18T05:10:36.278770+00:00
PLTR,,,10-Q,2022-06-30,2022-08-08,https://www.sec.gov/Archives/edgar/data/1321655/000132165522000016/pltr-20220630.htm,43.1,6.342552865089643,1.5526143016259197,0.933157855073509,1.1302846654830996,6,assets_growth_yoy,-3.5327,equity_to_assets,1.1072,debt_to_assets,-0.9691,robust_mcd,,-6.0152894317081715,-0.3045245208072974,,-1.0395991769824269,1.039599176982426,0.03232866388441269,0.8843448393907841,,0.19118685293056553,-0.39257088419932257,,-0.8632652426163916,1.2086157383891258,-1.8738853296489149,-1.0694230826567344,,-3.5326989178526764,-0.3397430661641075,,-0.9690656032360128,1.1072058015451058,-0.7301569335289184,0.10283767057177673,brick3_q_v2_robust_mahalanobis_clipped,2026-03-18T05:10:36.278770+00:00
CRWD,,,10-Q,2025-07-31,2025-08-28,https://www.sec.gov/Archives/edgar/data/1535527/000153552725000025/crwd-20250731.htm,43.02,6.327805336719269,1.3641104440728062,2.846984931303249,1.5190807413442382,6,ocf_to_net_income,-3.4683,net_income_growth_yoy,-2.3894,equity_to_assets,1.4882,robust_mcd,,-1.2397041992016087,-1.5735335673919093,,-2.2348839260889433,2.480301669782769,0.20905216809732022,-0.4471871338742861,,2.9479206569385434,-3.6131577988962835,,1.113211681207195,0.0,-1.4076194507774753,-8.0,,0.4353457432544522,-2.389383259993659,,-0.8956456831704878,1.4881810018696615,-0.43761647945259796,-3.4683122803245716,brick3_q_v2_robust_mahalanobis_clipped,2026-03-18T05:10:36.278770+00:00
ORLY,,,10-Q,2021-03-31,2021-05-07,https://www.sec.gov/Archives/edgar/data/898173/000089817321000026/orly-20210331x10q.htm,42.95,6.327513106367465,,0.8298136944850258,0.8298136944850258,5,equity_to_assets,-1.5472,accrual_ratio,-1.109,net_income_growth_yoy,0.8178,robust_mcd,,,,,,,,,,-0.35101481753159425,0.8177899361533582,,,-1.5472267673211189,-1.1089967147899842,0.32404023662907333,,-0.35101481753159425,0.8177899361533582,,,-1.5472267673211189,-1.1089967147899842,0.32404023662907333,brick3_q_v2_robust_mahalanobis_clipped,2026-03-18T05:10:36.278770+00:00
MCHP,,,10-Q,2025-09-30,2025-11-06,https://www.sec.gov/Archives/edgar/data/827054/000082705425000183/mchp-20250930.htm,42.87,6.320542430347354,1.2412590023114025,1.466710006712213,1.3314394040717263,5,ocf_to_net_income,2.4585,equity_to_assets,1.2766,assets_growth_yoy,-1.2653,robust_mcd,,-1.0493376463794908,-0.5592425495423724,,,2.1014352871851405,0.6323559983626298,1.8639235300873778,,-1.589201784005311,-1.6878761769594475,,,0.03924740726838629,0.6668582759646812,3.3503663893632387,,-1.2652833014298188,-1.0106960005092025,,,1.2765601352184388,0.6461569094034503,2.4585006737977224,brick3_q_v2_robust_mahalanobis_clipped,2026-03-18T05:10:36.278770+00:00
DDOG,,,10-Q,2023-09-30,2023-11-07,https://www.sec.gov/Archives/edgar/data/1561550/000156155023000055/ddog-20230930.htm,42.79,6.310892505429425,1.2555848087131665,2.2873596667047846,1.6126914744139993,6,ocf_to_net_income,4.484,net_income_growth_yoy,1.5444,equity_to_assets,1.1693,robust_mcd,,-0.27801638747907303,0.7288891401081162,,-1.710426310053151,1.7104263100531443,-0.7287590756846454,2.3769916289008695,,1.5292382827848627,2.76766922292209,,-0.1356257557320961,0.35757155775339516,-1.2895930783730865,7.644460102663175,,0.44488548062650124,1.5444011732337057,,-1.080506088324729,1.1692844091332446,-0.9530926767600219,4.483979018405792,brick3_q_v2_robust_mahalanobis_clipped,2026-03-18T05:10:36.278770+00:00
CPRT,,,10-Q,2024-10-31,2024-11-26,https://www.sec.gov/Archives/edgar/data/900075/000090007524000030/cprt-20241031.htm,42.71,6.2675970607978355,0.7224084825907149,0.8644249633182346,0.7627660002986821,5,debt_to_assets,-1.3503,assets_growth_yoy,-0.9152,accrual_ratio,0.7777,robust_mcd,,-1.5938470614371583,-0.25382036924001306,,-0.6744907594765952,,0.592267319080218,-0.4976169037195899,,0.10280671614400382,-0.5658458002586129,,-2.3639700066507943,,1.0558996124449862,-0.23360268109277565,,-0.9151855504046934,-0.37863054164745297,,-1.350282458346275,,0.7777202364261253,-0.3920112146688642,brick3_q_v2_robust_mahalanobis_clipped,2026-03-18T05:10:36.278770+00:00
HON,,,10-Q,2023-03-31,2023-04-27,https://www.sec.gov/Archives/edgar/data/773840/000077384023000038/hon-20230331.htm,42.64,6.250374928358373,1.236566120383135,1.4067657515151666,1.2955902426288848,5,accrual_ratio,2.285,ocf_to_net_income,-2.0521,assets_growth_yoy,-1.6001,robust_mcd,,-1.9849963981917196,0.4913414828816811,,,0.03773220919609574,1.7949627111964237,-1.873797800449755,,-1.022706150028199,0.34553821965603987,,,-0.3259387799781676,3.0201252840619817,-2.3195203238514455,,-1.6000802989263114,0.43302017759142464,,,-0.1077361864736096,2.285027740342647,-2.0520868098104312,brick3_q_v2_robust_mahalanobis_clipped,2026-03-18T05:10:36.278770+00:00
ROST,,,10-Q,2022-04-30,2022-06-08,https://www.sec.gov/Archives/edgar/data/745732/000074573222000040/rost-20220430.htm,42.56,6.215308187349867,,0.8986273895779522,0.8986273895779522,5,accrual_ratio,2.4709,assets_growth_yoy,-0.9161,ocf_to_net_income,-0.4199,robust_mcd,,,,,,,,,,-0.9160755986790915,-0.3500519737740682,,,-0.33628086146350067,2.4708549844460514,-0.41987352952704976,,-0.9160755986790915,-0.3500519737740682,,,-0.33628086146350067,2.4708549844460514,-0.41987352952704976,brick3_q_v2_robust_mahalanobis_clipped,2026-03-18T05:10:36.278770+00:00
IDXX,,,10-Q,2022-03-31,2022-05-04,https://www.sec.gov/Archives/edgar/data/874716/000087471622000020/idxx-20220331.htm,42.48,6.215206283735488,,0.8925934561904065,0.8925934561904065,6,accrual_ratio,2.6036,ocf_to_net_income,-0.829,debt_to_assets,0.6745,robust_mcd,,,,,,,,,,0.3420208874158108,-0.4921666984825065,,0.6744907594765952,-0.41418777175582305,2.6036479224007487,-0.8290466976109553,,0.3420208874158108,-0.4921666984825065,,0.6744907594765952,-0.41418777175582305,2.6036479224007487,-0.8290466976109553,brick3_q_v2_robust_mahalanobis_clipped,2026-03-18T05:10:36.278770+00:00
PLTR,,,10-Q,2025-09-30,2025-11-04,https://www.sec.gov/Archives/edgar/data/1321655/000132165525000131/pltr-20250930.htm,42.41,6.200477716758808,1.066939560858769,2.320978700759843,1.556480115957248,6,net_income_growth_yoy,3.5352,assets_growth_yoy,2.0567,equity_to_assets,1.2633,robust_mcd,,1.2502890622214673,1.250321008304515,,-0.9476906977429292,1.2324009423066926,-1.2797306911037802,0.4412049634732307,,3.2663620115563115,6.962574423559454,,-1.37214337334322,1.3097160802128012,-0.924513059422638,-0.09056325646463036,,2.056718241955405,3.535222374406491,,-1.1174717679830457,1.2633269974691361,-1.1376436384313233,0.22849767549808625,brick3_q_v2_robust_mahalanobis_clipped,2026-03-18T05:10:36.278770+00:00
MCHP,,,10-Q,2022-12-31,2023-02-02,https://www.sec.gov/Archives/edgar/data/827054/000082705423000020/mchp-20221231.htm,42.33,6.1958143176969855,1.6343771754073224,1.2290217590430368,1.3043861607524385,5,accrual_ratio,-2.0736,ocf_to_net_income,1.4526,equity_to_assets,1.2219,robust_mcd,,2.0088082848557676,-1.6470652011976614,,,2.036453296883755,-1.454914721773765,1.0246443723256629,,0.0,1.0490553006823093,,,0.0,-3.001507069713482,2.0945464248193923,,1.2052849709134605,-0.568617000445673,,,1.2218719781302532,-2.0735516609496516,1.4526051933231545,brick3_q_v2_robust_mahalanobis_clipped,2026-03-18T05:10:36.278770+00:00
QCOM,,,10-Q,2025-06-29,2025-07-30,https://www.sec.gov/Archives/edgar/data/804328/000080432825000045/qcom-20250629.htm,42.25,6.189562368363459,0.6364645372021897,0.5836020372706793,0.5382348790036889,7,accrual_ratio,-0.8768,assets_growth_yoy,-0.8605,debt_to_assets,-0.8134,robust_mcd,0.0,-0.9845768079810174,-0.6744907594765952,0.15545555923291007,-0.9059429898407083,,-0.9862408365096316,0.7485448073744655,-0.6744907594765952,-0.6744907594765952,0.6744907594765952,0.6744907594765952,-0.6744907594765952,,-0.7127604635117797,0.0,-0.26979630379063807,-0.8605423885792485,-0.13489815189531906,0.3630696393303841,-0.8133620976950631,,-0.8768486873104908,0.4491268844246793,brick3_q_v2_robust_mahalanobis_clipped,2026-03-18T05:10:36.278770+00:00
META,,,10-Q,2024-06-30,2024-08-01,https://www.sec.gov/Archives/edgar/data/1326801/000132680124000069/meta-20240630.htm,42.17,6.182422498824417,,1.1163453990388954,1.1163453990388954,6,accrual_ratio,-2.594,net_income_growth_yoy,1.7162,equity_to_assets,0.9595,robust_mcd,,,,,,,,,,0.30043968553076683,1.7161552844791612,,-0.6907918321779463,0.9595326576299034,-2.593992040354638,0.43716089406095665,,0.30043968553076683,1.7161552844791612,,-0.6907918321779463,0.9595326576299034,-2.593992040354638,0.43716089406095665,brick3_q_v2_robust_mahalanobis_clipped,2026-03-18T05:10:36.278770+00:00
MSFT,,,10-Q,2024-12-31,2025-01-29,https://www.sec.gov/Archives/edgar/data/789019/000095017025010491/msft-20241231.htm,42.1,6.180261674707456,1.7483521459916183,0.6882840621132784,1.322691174221415,6,accrual_ratio,2.2132,debt_to_assets,-1.6692,ocf_to_net_income,-1.6657,robust_mcd,,0.2968500615996961,-0.5582865069708834,,-2.169857185829738,2.169857185829742,2.968751175537498,-2.3265107601821517,,0.6905827022593014,0.012253036641506225,,-0.9181485953326887,0.7544717369168498,1.0797575420527292,-0.6744907594765952,,0.4543431178635382,-0.33007068952592755,,-1.6691737496309185,1.6037030062645852,2.2131537221435904,-1.6657027598999292,brick3_q_v2_robust_mahalanobis_clipped,2026-03-18T05:10:36.278770+00:00
MU,,,10-Q,2025-02-27,2025-03-21,https://www.sec.gov/Archives/edgar/data/723125/000072312525000009/mu-20250227.htm,42.02,6.178327434277269,1.2306521535578527,,1.2306521535578527,6,assets_growth_yoy,3.682,equity_to_assets,-1.03,debt_to_assets,1.03,robust_mcd,,3.681953910156611,0.5278154533726706,,1.0299956515825672,-1.0299956515825688,-0.6190120921930994,0.49514016245959946,,,,,,,,,,3.681953910156611,0.5278154533726706,,1.0299956515825672,-1.0299956515825688,-0.6190120921930994,0.49514016245959946,brick3_q_v2_robust_mahalanobis_clipped,2026-03-18T05:10:36.278770+00:00
VRTX,,,10-Q,2024-03-31,2024-05-07,https://www.sec.gov/Archives/edgar/data/875320/000087532024000139/vrtx-20240331.htm,41.94,6.133222524968314,2.0706869285861953,0.9195502432648713,1.433432157337716,6,net_income_growth_yoy,3.8162,equity_to_assets,1.7831,debt_to_assets,-1.7063,robust_mcd,,-0.8840004855997491,5.700786431547298,,-2.0703055766933396,2.0733565964348593,0.9507593200788186,-0.7449131611631077,,1.7468431369348314,0.9892822194256657,,-1.1602086031118275,1.347682513379531,0.10621298946265588,-0.16707199727471628,,0.1683369634140831,3.816184746698645,,-1.7062667872607347,1.7830869632127277,0.6129407878323535,-0.5137766956077511,brick3_q_v2_robust_mahalanobis_clipped,2026-03-18T05:10:36.278770+00:00
CRWD,,,10-Q,2021-04-30,2021-06-04,https://www.sec.gov/Archives/edgar/data/1535527/000153552721000013/crwd-20210430.htm,41.87,6.126417437348743,,1.0982284497425316,1.0982284497425316,6,net_income_growth_yoy,-4.3226,assets_growth_yoy,1.3238,ocf_to_net_income,-0.452,robust_mcd,,,,,,,,,,1.3238140343123732,-4.322619155022642,,0.3084821621431388,-0.1567484132353697,-0.025682740846503443,-0.452024192895162,,1.3238140343123732,-4.322619155022642,,0.3084821621431388,-0.1567484132353697,-0.025682740846503443,-0.452024192895162,brick3_q_v2_robust_mahalanobis_clipped,2026-03-18T05:10:36.278770+00:00
AMZN,,,10-Q,2021-03-31,2021-04-30,https://www.sec.gov/Archives/edgar/data/1018724/000101872421000010/amzn-20210331.htm,41.79,6.122554644963873,,1.5920552971762996,1.5920552971762996,5,net_income_growth_yoy,3.7868,assets_growth_yoy,1.9203,accrual_ratio,1.4206,robust_mcd,,,,,,,,,,1.9203056543034684,3.786816815650262,,,-0.05851304021882035,1.420577072520514,-0.7740639031884335,,1.9203056543034684,3.786816815650262,,,-0.05851304021882035,1.420577072520514,-0.7740639031884335,brick3_q_v2_robust_mahalanobis_clipped,2026-03-18T05:10:36.278770+00:00
XEL,,,10-Q,2024-06-30,2024-08-01,https://www.sec.gov/Archives/edgar/data/72903/000007290324000172/xel-20240630.htm,41.71,6.116334660341695,1.419869600846545,0.912526618041371,1.2129099302222937,5,ocf_to_net_income,2.4741,assets_growth_yoy,1.9325,equity_to_assets,-1.1869,robust_mcd,,3.091420755910931,-0.17480750012548985,,,-1.5769101977099271,-0.5926730862369955,1.6635364642493815,,0.19414544828401117,0.025140484388636967,,,-0.6017805603508571,-0.05149921954456,3.69006737763879,,1.932510632860163,-0.09482830631983911,,,-1.186858342766299,-0.37620353956002134,2.474148829605145,brick3_q_v2_robust_mahalanobis_clipped,2026-03-18T05:10:36.278770+00:00
CSX,,,10-Q,2024-03-31,2024-04-18,https://www.sec.gov/Archives/edgar/data/277948/000027794824000032/csx-20240331.htm,41.63,6.097708835250531,1.337044381097065,0.422525033465902,0.859577297913671,5,debt_to_assets,1.5,assets_growth_yoy,0.8006,net_income_growth_yoy,-0.6773,robust_mcd,,1.7996217680718254,-0.8569121173035876,,2.1665669349917676,,0.8683035441941492,-0.9938175409239948,,-0.6978709008183042,-0.40789793749068015,,0.5000835796268353,,0.37159880558032393,-0.13517394381336628,,0.8006247005157734,-0.6773064453784247,,1.4999735928457947,,0.6696216487486192,-0.6503601020797433,brick3_q_v2_robust_mahalanobis_clipped,2026-03-18T05:10:36.278770+00:00
CSCO,,,10-Q,2023-10-28,2023-11-21,https://www.sec.gov/Archives/edgar/data/858877/000085887723000031/csco-20231028.htm,41.56,6.089726466620598,2.2588350996533335,0.4243822951671903,1.4351218765953302,6,equity_to_assets,2.8114,debt_to_assets,-2.5416,accrual_ratio,1.4674,robust_mcd,,0.8476393591411591,0.0,,-4.685618560508346,4.685618560508346,1.6475039782151302,-1.6866301395470211,,0.0,0.6744907594765952,,0.6744907594765952,0.0,1.1973122520499515,0.0,,0.5085836154846954,0.26979630379063807,,-2.5415748325143697,2.8113711363050076,1.4674272877490586,-1.0119780837282126,brick3_q_v2_robust_mahalanobis_clipped,2026-03-18T05:10:36.278770+00:00
GEHC,,,10-Q,2025-03-31,2025-04-30,https://www.sec.gov/Archives/edgar/data/1932393/000193239325000014/gehc-20250331.htm,41.48,6.084749515811986,2.2727500582512117,0.7466026429248167,1.515266879567209,6,net_income_growth_yoy,2.9465,accrual_ratio,1.6152,equity_to_assets,1.3499,robust_mcd,,-0.7019178752878041,4.3880508196349055,,-2.6042846636126855,2.6013419440226064,1.8964438397597823,-1.444461207189486,,-0.2445404410763637,0.784133899802263,,0.5753252580471467,-0.5273563361036878,1.193378185360167,-1.1548817371592721,,-0.518966901603228,2.9464840517018485,,-1.3324406949487526,1.3498626319720888,1.6152175779999363,-1.3286294191774004,brick3_q_v2_robust_mahalanobis_clipped,2026-03-18T05:10:36.278770+00:00
CSGP,,,10-Q,2022-06-30,2022-07-27,https://www.sec.gov/Archives/edgar/data/1057352/000105735222000084/csgp-20220630.htm,41.4,6.079585085414521,1.9721321599097614,0.6847748225734739,1.4116044115030324,6,net_income_growth_yoy,2.8626,equity_to_assets,2.4885,debt_to_assets,-2.3461,robust_mcd,,-0.8539978191649544,4.435223008778953,,-3.1619577260127483,3.1619577260126723,-0.21521859225348658,0.004438087235754787,,0.019058212661375567,0.5035537029059511,,-1.122293504330579,1.478251513000751,0.590006786694665,0.39548521584752216,,-0.5047754064344224,2.8625552864297523,,-2.3460920373398806,2.4884752408079036,0.10687155932577408,0.16085693868046175,brick3_q_v2_robust_mahalanobis_clipped,2026-03-18T05:10:36.278770+00:00
FTNT,,,10-Q,2021-03-31,2021-05-03,https://www.sec.gov/Archives/edgar/data/1262039/000126203921000014/ftnt-20210331.htm,41.33,6.044712885545168,,1.3289744051998518,1.3289744051998518,6,assets_growth_yoy,3.0007,accrual_ratio,-1.4855,ocf_to_net_income,1.348,robust_mcd,,,,,,,,,,3.0006834197488055,-0.4346268448282031,,1.023294889496488,-0.6817119479766265,-1.4854897790160988,1.3480395501328881,,3.0006834197488055,-0.4346268448282031,,1.023294889496488,-0.6817119479766265,-1.4854897790160988,1.3480395501328881,brick3_q_v2_robust_mahalanobis_clipped,2026-03-18T05:10:36.278770+00:00
TMUS,,,10-Q,2025-09-30,2025-10-23,https://www.sec.gov/Archives/edgar/data/1283699/000128369925000154/tmus-20250930.htm,41.25,6.030034814223475,1.4193477147867437,0.5151130937305313,0.878046875717262,5,accrual_ratio,-1.9285,equity_to_assets,-1.2681,ocf_to_net_income,0.5749,robust_mcd,,0.19688456220695794,-0.4828732038378916,,,-1.693119313487761,-3.663796398647997,1.0600650957531106,,-0.5348854891291236,-0.5829254281191197,,,-0.6305377031711211,0.6744907594765952,-0.1527260887566963,,-0.09582345832747469,-0.5228940935503829,,,-1.268086669361105,-1.92848153539816,0.5749486219491877,brick3_q_v2_robust_mahalanobis_clipped,2026-03-18T05:10:36.278770+00:00
CSCO,,,10-Q,2025-01-25,2025-02-18,https://www.sec.gov/Archives/edgar/data/858877/000085887725000007/csco-20250125.htm,41.17,6.023286203684763,1.204166394809736,,1.204166394809736,6,equity_to_assets,-3.0037,debt_to_assets,3.0037,assets_growth_yoy,-0.7916,robust_mcd,,-0.7915616020085635,-0.21110678835449928,,3.003712798119771,-3.0037127981197735,0.18330347667403607,0.03160090558177382,,,,,,,,,,-0.7915616020085635,-0.21110678835449928,,3.003712798119771,-3.0037127981197735,0.18330347667403607,0.03160090558177382,brick3_q_v2_robust_mahalanobis_clipped,2026-03-18T05:10:36.278770+00:00
VRTX,,,10-Q,2025-03-31,2025-05-06,https://www.sec.gov/Archives/edgar/data/875320/000087532025000192/vrtx-20250331.htm,41.09,6.0150020004662546,2.476533200116427,0.6864651605908997,1.4994468427669838,6,assets_growth_yoy,-2.2628,debt_to_assets,2.0121,equity_to_assets,-1.9441,robust_mcd,,-3.1162745623120967,-2.6040405285532806,,3.9494298504649077,-3.9495264856462047,0.8657881496078734,-0.3741396241141985,,-0.9826110293344873,-0.9163442812983393,,-0.894013070547244,1.0639304909969958,0.13448102664341663,-0.1274110647249149,,-2.2628091491210527,-1.928962029651304,,2.012052682060047,-1.9441436949889241,0.5732653004220907,-0.27544820035848505,brick3_q_v2_robust_mahalanobis_clipped,2026-03-18T05:10:36.278770+00:00
XEL,,,10-Q,2025-09-30,2025-10-30,https://www.sec.gov/Archives/edgar/data/72903/000007290325000257/xel-20250930.htm,41.02,5.991293094496825,1.9559592073785672,1.0173684698257452,1.5329716471886317,5,net_income_growth_yoy,-3.1277,ocf_to_net_income,1.6868,assets_growth_yoy,1.4453,robust_mcd,,2.011759643195301,-4.577738674139903,,,-0.8717973639752408,-1.2213219814829515,1.0971783740994403,,0.5956948753231417,-0.9526297723327575,,,-0.6700593819791593,0.2971954073050425,2.5712629121886255,,1.4453337360464373,-3.1276951134170448,,,-0.7911021711768083,-0.6139150259677538,1.6868121893351145,brick3_q_v2_robust_mahalanobis_clipped,2026-03-18T05:10:36.278770+00:00
DDOG,,,10-Q,2024-03-31,2024-05-08,https://www.sec.gov/Archives/edgar/data/1561550/000156155024000051/ddog-20240331.htm,40.94,5.952546910590731,1.5095730905600773,2.6215940160749565,1.75997337542774,6,net_income_growth_yoy,2.9042,ocf_to_net_income,2.4884,assets_growth_yoy,2.23,robust_mcd,,2.138899712800415,1.1142530204737728,,-2.0306984743018526,2.030698474301858,0.9720404266914457,0.7708484347911198,,2.3667310112526847,5.589207690722563,,-0.3219186888189731,0.4883173460120575,-1.8986305405195263,5.064758819123935,,2.230032232181323,2.904234888573289,,-1.3471865601087007,1.4137460229859378,-0.17622796019294318,2.488412588524246,brick3_q_v2_robust_mahalanobis_clipped,2026-03-18T05:10:36.278770+00:00
MU,,,10-Q,2025-05-29,2025-06-26,https://www.sec.gov/Archives/edgar/data/723125/000072312525000021/mu-20250529.htm,40.86,5.836591844566457,1.3056539262312195,,1.3056539262312195,6,assets_growth_yoy,2.7546,accrual_ratio,-1.7775,ocf_to_net_income,1.212,robust_mcd,,2.754593123942922,0.0,,1.0449406606746063,-1.0449406606746063,-1.7774869086185627,1.2119622034766206,,,,,,,,,,2.754593123942922,0.0,,1.0449406606746063,-1.0449406606746063,-1.7774869086185627,1.2119622034766206,brick3_q_v2_robust_mahalanobis_clipped,2026-03-18T05:10:36.278770+00:00
AXON,,,10-Q,2022-03-31,2022-05-10,https://www.sec.gov/Archives/edgar/data/1069183/000155837022008142/axon-20220331x10q.htm,40.79,5.8316831172954515,,1.491712572191937,1.491712572191937,6,net_income_growth_yoy,3.8588,assets_growth_yoy,1.5762,equity_to_assets,1.1447,robust_mcd,,,,,,,,,,1.5761583735827964,3.8588420642801418,,-0.7307056950433481,1.144707805366866,1.0835077883966795,-0.5563537064817903,,1.5761583735827964,3.8588420642801418,,-0.7307056950433481,1.144707805366866,1.0835077883966795,-0.5563537064817903,brick3_q_v2_robust_mahalanobis_clipped,2026-03-18T05:10:36.278770+00:00
ZS,,,10-Q,2022-04-30,2022-06-09,https://www.sec.gov/Archives/edgar/data/1713683/000171368322000056/zs-20220430.htm,40.71,5.793322963894603,1.6304784104758365,0.8745388153235822,1.2007757401808772,6,ocf_to_net_income,-2.0239,accrual_ratio,-1.8068,debt_to_assets,1.4386,robust_mcd,,-0.677565526475243,0.4048874910679738,,1.8162056404769242,-1.8162056404769202,-2.133796703583075,-2.9342094607748845,,0.3476200051534738,-1.3879224159236703,,0.8721993202672821,-0.6645290213198438,-1.3164013243378256,-0.6585608049393986,,-0.26749131382375624,-0.31223647172868385,,1.4386031123930674,-1.3555349928140896,-1.8068385518849754,-2.02394999844069,brick3_q_v2_robust_mahalanobis_clipped,2026-03-18T05:10:36.278770+00:00
PANW,,,10-Q,2021-04-30,2021-05-21,https://www.sec.gov/Archives/edgar/data/1327567/000132756721000014/panw-20210430.htm,40.63,5.784914279819618,,1.2452564447229446,1.2452564447229446,6,ocf_to_net_income,-2.0607,accrual_ratio,-1.686,net_income_growth_yoy,-1.6055,robust_mcd,,,,,,,,,,0.1591601677221546,-1.6055371816359831,,1.206916894922006,-0.7531968355437013,-1.6859777725776275,-2.0607498159361954,,0.1591601677221546,-1.6055371816359831,,1.206916894922006,-0.7531968355437013,-1.6859777725776275,-2.0607498159361954,brick3_q_v2_robust_mahalanobis_clipped,2026-03-18T05:10:36.278770+00:00
MSFT,,,10-Q,2023-09-30,2023-10-24,https://www.sec.gov/Archives/edgar/data/789019/000095017023054855/msft-20230930.htm,40.56,5.76987297430078,1.3873101126406393,0.5509061869684966,0.933183412469147,6,assets_growth_yoy,3.9104,equity_to_assets,0.5786,debt_to_assets,-0.4946,robust_mcd,,5.653091380623819,0.5423763430091071,,-0.765283651348869,0.7652836513488649,-0.32380154717315285,0.2740241023400226,,1.296273474557997,0.10920073066299912,,-0.0885490284686204,0.2984745071264815,0.6472827698481686,-0.8656566111467131,,3.9103642181974907,0.3691060980706639,,-0.4945898021967695,0.5785599936599115,0.06463217963537571,-0.1818481830546717,brick3_q_v2_robust_mahalanobis_clipped,2026-03-18T05:10:36.278770+00:00
EXC,,,10-Q,2025-03-31,2025-05-01,https://www.sec.gov/Archives/edgar/data/1109357/000110935725000113/exc-20250331.htm,40.48,5.761974527694079,0.6147195418211076,0.4092599698696176,0.5144639100295795,4,debt_to_assets,0.7654,equity_to_assets,-0.5548,revenue_growth_yoy,0.441,robust_mcd,0.5525263661934846,0.554692484672481,,,0.8293175500107547,-0.5223417664077099,,,0.27371168317836847,-0.09035901505466017,,,0.6695727901090053,-0.6033963911364365,,,0.44100049298743815,0.29667188478162454,,,0.7654196460500549,-0.5547636162992005,,,brick3_q_v2_robust_mahalanobis_clipped,2026-03-18T05:10:36.278770+00:00
MPWR,,,10-Q,2021-09-30,2021-11-08,https://www.sec.gov/Archives/edgar/data/1280452/000143774921025711/mpwr20210930_10q.htm,40.4,5.742173934505391,,1.308159817515386,1.308159817515386,6,accrual_ratio,-2.1944,equity_to_assets,1.9579,assets_growth_yoy,1.6056,robust_mcd,,,,,,,,,,1.60560150015452,-0.04453740245007626,,-1.3950937495128586,1.9579257091651965,-2.1943883965864304,0.6514121472232335,,1.60560150015452,-0.04453740245007626,,-1.3950937495128586,1.9579257091651965,-2.1943883965864304,0.6514121472232335,brick3_q_v2_robust_mahalanobis_clipped,2026-03-18T05:10:36.278770+00:00
WDC,,,10-Q,2024-03-29,2024-04-30,https://www.sec.gov/Archives/edgar/data/106040/000010604024000022/wdc-20240329.htm,40.32,5.724000600846593,1.9554875726310081,0.6744907594765951,1.1732925435786048,6,ocf_to_net_income,-2.4511,assets_growth_yoy,2.2839,accrual_ratio,1.6818,robust_mcd,,4.256093825034331,0.8437207722022884,,-0.08453758904918435,-0.5598184849303728,2.3532634403356276,-3.6354913242342444,,-0.674490759476595,-0.6744907594765952,,-0.6744907594765952,0.6744907594765952,0.6744907594765952,-0.6744907594765952,,2.283859991229961,0.23643615953073488,,-0.32051885722014867,-0.0660947871675856,1.6817543679920146,-2.4510910983311844,brick3_q_v2_robust_mahalanobis_clipped,2026-03-18T05:10:36.278770+00:00
VRSK,,,10-Q,2024-06-30,2024-07-31,https://www.sec.gov/Archives/edgar/data/1442145/000143774924023985/vrsk20240630_10q.htm,40.25,5.717198541894553,1.9727249037218064,1.0944212197130938,1.6214034301183213,6,net_income_growth_yoy,2.5789,equity_to_assets,-2.0007,debt_to_assets,1.9817,robust_mcd,,0.6780426421412605,3.4260861850138684,,2.518203773407491,-2.4983876649588597,1.2829686731373344,-1.4326604836720245,,0.2210651728932966,1.3080526517858593,,1.176865907016297,-1.254190130983322,1.4842053582803258,-1.1221480973194622,,0.495251654442075,2.5788727717226645,,1.9816686268510133,-2.0007086513686447,1.363463347194531,-1.3084555291309996,brick3_q_v2_robust_mahalanobis_clipped,2026-03-18T05:10:36.278770+00:00
AMD,,,10-Q,2024-03-30,2024-05-01,https://www.sec.gov/Archives/edgar/data/2488/000000248824000056/amd-20240330.htm,40.17,5.711704445869997,1.4525549162980937,0.9505346971723878,1.0876890502041583,5,net_income_growth_yoy,2.7561,equity_to_assets,1.4324,ocf_to_net_income,0.7709,robust_mcd,,-0.6475257054928716,3.745722437222871,,,1.4903864064318344,0.8343716151411431,0.5447684172017482,,0.6169913722267836,1.2716916757257908,,,1.3454037355992183,-0.40836974304604673,1.110216959264099,,-0.14171887440500947,2.756110132624039,,,1.4323933380987879,0.33727507186626715,0.7709478340266884,brick3_q_v2_robust_mahalanobis_clipped,2026-03-18T05:10:36.278770+00:00
PLTR,,,10-Q,2022-03-31,2022-05-09,https://www.sec.gov/Archives/edgar/data/1321655/000132165522000006/pltr-20220331.htm,40.09,5.699964763596332,,1.1103380568340584,1.1103380568340584,6,ocf_to_net_income,-2.0523,accrual_ratio,-1.8666,equity_to_assets,1.4577,robust_mcd,,,,,,,,,,0.23499402603675612,-0.0376826730241309,,-1.0127959626234753,1.4576528523498145,-1.8666436190538893,-2.0522592079162845,,0.23499402603675612,-0.0376826730241309,,-1.0127959626234753,1.4576528523498145,-1.8666436190538893,-2.0522592079162845,brick3_q_v2_robust_mahalanobis_clipped,2026-03-18T05:10:36.278770+00:00
AEP,,,10-Q,2021-06-30,2021-07-22,https://www.sec.gov/Archives/edgar/data/4904/000000490421000052/aep-20210630.htm,40.02,5.698649467110484,,0.5311670151394805,0.5311670151394805,4,debt_to_assets,0.7709,equity_to_assets,-0.6272,revenue_growth_yoy,-0.4887,robust_mcd,,,,,,,,,-0.4886690118010404,-0.2378689013928052,,,0.7709186482793082,-0.6272114990847679,,,-0.4886690118010404,-0.2378689013928052,,,0.7709186482793082,-0.6272114990847679,,,brick3_q_v2_robust_mahalanobis_clipped,2026-03-18T05:10:36.278770+00:00
MCHP,,,10-Q,2025-12-31,2026-02-05,https://www.sec.gov/Archives/edgar/data/827054/000082705426000009/mchp-20251231.htm,39.94,5.673908622032106,1.4706122604930054,1.323879381016351,1.4119191087023437,5,net_income_growth_yoy,2.4004,ocf_to_net_income,2.0249,equity_to_assets,1.2434,robust_mcd,,-1.2844331372649265,1.451679953978287,,,1.6226416755933668,-0.3564772934716955,2.637829242156752,,-1.0158221816429591,3.8235154978186254,,,0.6744907594765952,0.0,1.105568466143575,,-1.1769887550161395,2.4004141715144227,,,1.2433813091466581,-0.21388637608301728,2.024924931751481,brick3_q_v2_robust_mahalanobis_clipped,2026-03-18T05:10:36.278770+00:00
EXC,,,10-Q,2023-03-31,2023-05-03,https://www.sec.gov/Archives/edgar/data/1109357/000110935723000040/exc-20230331.htm,39.86,5.6661236313278165,0.6703405046066326,0.3184510265702372,0.3872412714188417,4,debt_to_assets,0.4439,revenue_growth_yoy,0.4324,assets_growth_yoy,0.4006,robust_mcd,0.784225314838593,0.8030834371398835,,,0.36504840118097304,0.7290048652670812,,,-0.09541514259118823,-0.2031549701370407,,,0.5620868964147847,-0.4131470971379351,,,0.4323691318666805,0.4005880742291138,,,0.4438637992744977,0.27214408030507464,,,brick3_q_v2_robust_mahalanobis_clipped,2026-03-18T05:10:36.278770+00:00
CSCO,,,10-Q,2023-04-29,2023-05-24,https://www.sec.gov/Archives/edgar/data/858877/000085887723000013/csco-20230429.htm,39.78,5.665058937819375,0.7145700124159032,1.3513325475215308,0.9145635866932049,6,accrual_ratio,-2.8054,ocf_to_net_income,1.2091,assets_growth_yoy,0.7621,robust_mcd,,0.8476393591411591,0.0,,-0.13677859941237505,0.13677859941237172,-1.8504441545935848,1.315779361935929,,0.6337354622934455,0.9101136966176607,,0.6744907594765954,-0.602598674035574,-4.237906954698763,1.0491497380071466,,0.7620778004020736,0.3640454786470643,,0.18772914414321315,-0.15897230996680659,-2.805429274635656,1.209127512364416,brick3_q_v2_robust_mahalanobis_clipped,2026-03-18T05:10:36.278770+00:00
ORLY,,,10-Q,2023-09-30,2023-11-08,https://www.sec.gov/Archives/edgar/data/898173/000089817323000058/orly-20230930x10q.htm,39.71,5.642667064001549,1.0572538118378065,0.9090275790337401,0.9730045601977653,5,equity_to_assets,-1.4139,accrual_ratio,-1.236,assets_growth_yoy,0.9307,robust_mcd,,1.430216825138956,1.0440324292975893,,,-0.8821374319543069,-0.9381576161445586,0.991724756653622,,0.18132455387873186,-0.15599224074009216,,,-2.211622720199101,-1.6826584018711492,0.313539978479626,,0.9306599166348664,0.5640225612825167,,,-1.4139315472522247,-1.2359579304351949,0.7204508453840236,brick3_q_v2_robust_mahalanobis_clipped,2026-03-18T05:10:36.278770+00:00
GEHC,,,10-Q,2024-06-30,2024-07-31,https://www.sec.gov/Archives/edgar/data/1932393/000193239324000044/gehc-20240630.htm,39.63,5.5982437867566714,2.441988775593831,0.7129879883792922,1.4029578681967758,6,accrual_ratio,1.8339,ocf_to_net_income,-1.7678,equity_to_assets,1.7058,robust_mcd,,,1.0794669141263324,,-3.2257230346145684,3.2926945203582485,2.4072539947824847,-2.204805414087521,,-0.8100297787690616,-0.036222613815616624,,0.6710468229235077,-0.6744907594765952,0.9738715549307301,-1.1122664003602425,,-0.8100297787690616,0.6331911029495528,,-1.6670150915993378,1.705820408424311,1.8339010188417828,-1.7677898085966097,brick3_q_v2_robust_mahalanobis_clipped,2026-03-18T05:10:36.278770+00:00
QCOM,,,10-Q,2022-12-25,2023-02-02,https://www.sec.gov/Archives/edgar/data/804328/000080432823000006/qcom-20221225.htm,39.55,5.548215335136201,0.803804483853063,0.6744907594765952,0.6206953717567947,6,accrual_ratio,0.9034,assets_growth_yoy,0.6745,net_income_growth_yoy,-0.6745,robust_mcd,,,,-0.44065911637397054,-1.3982780723265922,,1.0560502359187998,-0.3202305107928897,,0.6744907594765952,-0.6744907594765952,,0.6744907594765952,,0.6744907594765951,-0.6744907594765952,,0.6744907594765952,-0.6744907594765952,-0.44065911637397054,-0.5691705396053173,,0.9034264453419178,-0.4619346102663719,brick3_q_v2_robust_mahalanobis_clipped,2026-03-18T05:10:36.278770+00:00
ORLY,,,10-Q,2022-03-31,2022-05-09,https://www.sec.gov/Archives/edgar/data/898173/000089817322000022/orly-20220331x10q.htm,39.48,5.544706158401345,,0.6653388439315402,0.6653388439315402,5,equity_to_assets,-1.5183,assets_growth_yoy,-0.6745,net_income_growth_yoy,-0.4703,robust_mcd,,,,,,,,,,-0.6744907594765952,-0.47025607892484744,,,-1.5183039356866141,-0.40077384380352543,0.2628696017661192,,-0.6744907594765952,-0.47025607892484744,,,-1.5183039356866141,-0.40077384380352543,0.2628696017661192,brick3_q_v2_robust_mahalanobis_clipped,2026-03-18T05:10:36.278770+00:00
AMAT,,,10-Q,2024-07-28,2024-08-22,https://www.sec.gov/Archives/edgar/data/6951/000000695124000032/amat-20240728.htm,39.4,5.528880017318598,2.4121601928591936,0.6744907594765953,1.4472961157155162,6,assets_growth_yoy,-2.4603,equity_to_assets,1.9538,debt_to_assets,-1.9538,robust_mcd,,-3.650843034612218,-0.720362121106157,,-3.7059984741355763,3.705998474135613,-1.1210297645914187,1.5687292885741788,,-0.6744907594765952,-0.6744907594765952,,0.6744907594765949,-0.6744907594765952,0.674490759476596,0.6744907594765954,,-2.460302124557969,-0.7020135764543323,,-1.9538027806907077,1.9538027806907297,-0.40282155496421274,1.2110338769351454,brick3_q_v2_robust_mahalanobis_clipped,2026-03-18T05:10:36.278770+00:00
KHC,,,10-Q,2023-09-30,2023-11-01,https://www.sec.gov/Archives/edgar/data/1637459/000163745923000143/khc-20230930.htm,39.32,5.52011260786192,2.0543142832019554,0.8724564583455859,1.41519192312986,6,ocf_to_net_income,4.1521,equity_to_assets,1.2806,debt_to_assets,-1.1733,robust_mcd,,0.6744907594765952,-1.4968911592197034,,-1.7759191939902446,1.7894058166902755,-1.802454671046395,4.786724098788518,,-0.7439338621327838,0.007093628470200738,,-0.2693940758015042,0.5173431080610709,0.49681673536862064,3.200157340239335,,0.10712091083284359,-0.8952972441437417,,-1.1733091467147483,1.2805807332385937,-0.8827461084803886,4.152097395368845,brick3_q_v2_robust_mahalanobis_clipped,2026-03-18T05:10:36.278770+00:00
ADSK,,,10-Q,2024-04-30,2024-06-10,https://www.sec.gov/Archives/edgar/data/769397/000076939724000091/adsk-20240430.htm,39.24,5.516326796512902,1.776242070987434,0.5410627485873972,1.1073881227198668,5,accrual_ratio,2.1261,ocf_to_net_income,-1.0936,equity_to_assets,0.9486,robust_mcd,,-0.41511303019629386,1.594299704257655,,,2.090173546441823,3.2023199983770585,-1.5793040756643404,,-0.7360802576882884,-0.3286048433009949,,,-0.7637840273712074,0.5117222189452324,-0.3651223956312626,,-0.5434999211930917,0.825137885234195,,,0.9485905169166107,2.1260808866043277,-1.0936314036511092,brick3_q_v2_robust_mahalanobis_clipped,2026-03-18T05:10:36.278770+00:00
AEP,,,10-Q,2025-06-30,2025-07-30,https://www.sec.gov/Archives/edgar/data/4904/000000490425000141/aep-20250630.htm,39.17,5.500882897124737,1.9359404023218525,0.35522499882069736,1.0493367194507512,4,debt_to_assets,-1.816,equity_to_assets,1.36,assets_growth_yoy,0.6962,robust_mcd,0.44253165453156224,1.1682183177624352,,,-3.449173059402999,2.6838385775904134,,,0.14931238792959295,-0.01194964225394381,,,0.6338102352946408,-0.6258277298046119,,,0.3252439478907745,0.6961511337558836,,,-1.8159797415239431,1.3599720546324034,,,brick3_q_v2_robust_mahalanobis_clipped,2026-03-18T05:10:36.278770+00:00
WDAY,,,10-Q,2021-10-31,2021-11-18,https://www.sec.gov/Archives/edgar/data/1327811/000132781121000174/wday-20211031.htm,39.09,5.442403674169577,,1.2084935297321642,1.2084935297321642,6,net_income_growth_yoy,3.7708,ocf_to_net_income,1.5455,accrual_ratio,0.9326,robust_mcd,,,,,,,,,,-0.7556417592545811,3.7707716745625643,,0.0,0.24645791742334833,0.93255919857581,1.5455306285766812,,-0.7556417592545811,3.7707716745625643,,0.0,0.24645791742334833,0.93255919857581,1.5455306285766812,brick3_q_v2_robust_mahalanobis_clipped,2026-03-18T05:10:36.278770+00:00
CMCSA,,,10-Q,2022-03-31,2022-04-28,https://www.sec.gov/Archives/edgar/data/1166691/000116669122000018/cmcsa-20220331.htm,39.01,5.366783102586765,,0.4174584264148423,0.4174584264148423,7,ocf_to_net_income,1.0596,assets_growth_yoy,-0.7438,net_margin,0.4511,robust_mcd,,,,,,,,,0.2471231624807761,-0.7438141804505364,-0.2613428591223204,0.4510542755027859,,-0.017327109724429947,-0.14191488844220987,1.0596325091808376,0.2471231624807761,-0.7438141804505364,-0.2613428591223204,0.4510542755027859,,-0.017327109724429947,-0.14191488844220987,1.0596325091808376,brick3_q_v2_robust_mahalanobis_clipped,2026-03-18T05:10:36.278770+00:00
ROP,,,10-Q,2022-06-30,2022-08-03,https://www.sec.gov/Archives/edgar/data/882835/000088283522000060/rop-20220630.htm,38.94,5.3247501236352015,2.1485829799974066,0.3700916786336,1.4161343561797877,6,net_income_growth_yoy,-2.6257,equity_to_assets,2.3326,debt_to_assets,-2.204,robust_mcd,,-0.5347153365125834,-4.325556261224976,,-3.4865203155006266,3.486520315500644,0.5389426830962151,-0.5192429681493947,,0.15789077454072203,-0.07590712943478939,,-0.2802801473659722,0.6017567157303283,1.0201676052620938,-0.08454769946769447,,-0.2576728920912612,-2.625696608508901,,-2.204024248246765,2.3326148755925176,0.7314326519625667,-0.3453648606767146,brick3_q_v2_robust_mahalanobis_clipped,2026-03-18T05:10:36.278770+00:00
CTSH,,,10-Q,2021-09-30,2021-10-28,https://www.sec.gov/Archives/edgar/data/1058290/000105829021000279/ctsh-20210930.htm,38.86,5.3191065574328995,,0.6801063976307727,0.6801063976307727,8,equity_to_assets,1.4082,assets_growth_yoy,-1.3746,debt_to_assets,-0.9336,robust_mcd,,,,,,,,,-0.2541019514195477,-1.3746004099026414,0.7038315451997339,0.32474142058787203,-0.9335988965200874,1.4082022842674788,-0.3454260209242987,-0.09634865222452169,-0.2541019514195477,-1.3746004099026414,0.7038315451997339,0.32474142058787203,-0.9335988965200874,1.4082022842674788,-0.3454260209242987,-0.09634865222452169,brick3_q_v2_robust_mahalanobis_clipped,2026-03-18T05:10:36.278770+00:00
INSM,,,10-Q,2022-09-30,2022-10-27,https://www.sec.gov/Archives/edgar/data/1104506/000110450622000023/insm-20220930.htm,38.78,5.262481550374248,1.0652025835446264,1.4551380640015665,1.1226455138581437,6,assets_growth_yoy,-1.6788,accrual_ratio,1.6066,debt_to_assets,1.553,robust_mcd,,-1.4307526339557395,0.3762070081016767,,1.5413986108812705,-1.5413986108812712,0.6744907594765952,0.8269678779712054,,-2.050778797433824,-0.4654506855529555,,1.5702871644768996,-1.3661078120663015,3.0046701460129333,-0.27353377846648613,,-1.6787630993469733,0.03954393063982378,,1.5529540323195223,-1.4712822913552832,1.6065625140911304,0.3867672153961288,brick3_q_v2_robust_mahalanobis_clipped,2026-03-18T05:10:36.278770+00:00
INSM,,,10-Q,2023-06-30,2023-08-03,https://www.sec.gov/Archives/edgar/data/1104506/000110450623000018/insm-20230630.htm,38.7,5.255787344292973,1.367903865508368,2.03335353033746,1.4500712820053352,6,net_income_growth_yoy,-2.8151,equity_to_assets,-1.4961,debt_to_assets,1.3569,robust_mcd,,0.11594888986487675,-2.2820971753192754,,1.0674648486114233,-1.0674648486114229,-2.8640599724186733,-0.8103874582245367,,2.6593341318882042,-3.614498738081563,,1.7909501433504282,-2.1389691826300044,1.3800933707600227,-0.6162756153145376,,1.1333029866742077,-2.8150578004241904,,1.3568589665070254,-1.4960665822188555,-1.1663986351471949,-0.7327427210605371,brick3_q_v2_robust_mahalanobis_clipped,2026-03-18T05:10:36.278770+00:00
ABNB,,,10-Q,2024-09-30,2024-11-07,https://www.sec.gov/Archives/edgar/data/1559720/000155972024000032/abnb-20240930.htm,38.63,5.22205114604767,1.5929467985529715,0.8263651914908406,1.2287756011018645,6,assets_growth_yoy,-2.0484,accrual_ratio,-1.8741,net_income_growth_yoy,-1.4919,robust_mcd,,-3.0705471848342976,-0.9735776717196853,,-1.338237220005962,1.338237220005965,-2.0533291392124733,-0.7837523555394442,,-0.5152552990352993,-2.269454343395217,,0.255244000236731,-0.17629515946017815,-1.6053666576943824,-0.13657568912323584,,-2.0484304305146983,-1.491928340389898,,-0.7008447319088849,0.7324242682195077,-1.8741441466052369,-0.5248816889729608,brick3_q_v2_robust_mahalanobis_clipped,2026-03-18T05:10:36.278770+00:00
REGN,,,10-Q,2021-03-31,2021-05-06,https://www.sec.gov/Archives/edgar/data/872589/000180422021000017/regn-20210331.htm,38.55,5.218321447053696,,1.0983185490032132,1.0983185490032132,6,accrual_ratio,2.1579,equity_to_assets,1.5869,debt_to_assets,-1.0965,robust_mcd,,,,,,,,,,0.0014175869850620627,1.0428711395630856,,-1.0965081504376133,1.586925934681407,2.1578686231396556,-0.7043198592124561,,0.0014175869850620627,1.0428711395630856,,-1.0965081504376133,1.586925934681407,2.1578686231396556,-0.7043198592124561,brick3_q_v2_robust_mahalanobis_clipped,2026-03-18T05:10:36.278770+00:00
MPWR,,,10-Q,2024-09-30,2024-11-06,https://www.sec.gov/Archives/edgar/data/1280452/000143774924033608/mpwr20240930_10q.htm,38.47,5.195522056660502,1.4237778549106626,1.2243016293993294,1.1247345062708876,6,accrual_ratio,-2.3091,assets_growth_yoy,-1.4329,equity_to_assets,1.1215,robust_mcd,,-3.353545136874698,-0.1308229278132286,,-0.9188700298489038,0.9188700298489056,-2.1115338400458086,1.1090251650324308,,1.4481620465444691,0.27464035730032454,,-1.1493350767603574,1.425368128309144,-2.6055692148359353,0.4427349526457461,,-1.432862263507031,0.03136238623219266,,-1.0110560486134852,1.121469269233001,-2.3091479899618594,0.8425090800777568,brick3_q_v2_robust_mahalanobis_clipped,2026-03-18T05:10:36.278770+00:00
CPRT,,,10-Q,2023-04-30,2023-05-25,https://www.sec.gov/Archives/edgar/data/900075/000090007523000021/cprt-20230430.htm,38.4,5.176634769507831,1.7565098472448035,0.7917662835260809,1.3383686367309036,6,assets_growth_yoy,-1.9784,debt_to_assets,-1.6866,equity_to_assets,1.5243,robust_mcd,,-3.458517894623788,0.42806724140692537,,-1.528755366552486,1.3052839663143916,-2.006567032673953,1.811867581897277,,0.2418283876980825,0.03554975767316439,,-1.9232977681941286,1.8528760154391215,-0.6970457721519888,0.0,,-1.9783793816950397,0.2710602479134209,,-1.686572327209143,1.5243207859642836,-1.4827585284651672,1.0871205491383662,brick3_q_v2_robust_mahalanobis_clipped,2026-03-18T05:10:36.278770+00:00
CDNS,,,10-Q,2022-07-02,2022-07-25,https://www.sec.gov/Archives/edgar/data/813672/000081367222000037/cdns-20220702.htm,38.32,5.158585812899227,1.3216692547334927,0.674490759476597,0.7995564962528222,5,equity_to_assets,-1.4625,assets_growth_yoy,0.6745,net_income_growth_yoy,0.6745,robust_mcd,,,,,,-2.8872194813669148,-0.6049759987004204,0.4728122841331427,,0.6744907594765952,0.6744907594765952,,,0.6744907594766045,-0.6744907594765952,0.6744907594765952,,0.6744907594765952,0.6744907594765952,,,-1.4625353850295069,-0.6327819030108903,0.5534836742705237,brick3_q_v2_robust_mahalanobis_clipped,2026-03-18T05:10:36.278770+00:00
VRSK,,,10-Q,2022-03-31,2022-05-03,https://www.sec.gov/Archives/edgar/data/1442145/000143774922010671/vrsk20220331_10q.htm,38.24,5.133859678912506,,1.0608543310964509,1.0608543310964509,6,net_income_growth_yoy,3.5701,accrual_ratio,1.51,ocf_to_net_income,-0.5707,robust_mcd,,,,,,,,,,-0.2377629072609924,3.5700599861414033,,0.38028360702361974,-0.09632348391546125,1.5100054412623471,-0.5706905609748811,,-0.2377629072609924,3.5700599861414033,,0.38028360702361974,-0.09632348391546125,1.5100054412623471,-0.5706905609748811,brick3_q_v2_robust_mahalanobis_clipped,2026-03-18T05:10:36.278770+00:00
ADI,,,10-Q,2025-05-03,2025-05-22,https://www.sec.gov/Archives/edgar/data/6281/000000628125000125/adi-20250503.htm,38.16,5.130606599411211,0.7645274271429499,0.7031807328080303,0.6688397324572815,5,equity_to_assets,1.6642,ocf_to_net_income,0.7267,accrual_ratio,-0.4269,robust_mcd,,0.24668467184892756,0.6744907594765953,,,2.323961256599209,0.04976956544982505,0.5277308823401919,,-0.6744907594765952,0.0,,,0.6744907594765952,-1.1418518865462426,1.0250702585407188,,-0.12178550068128155,0.4046944556859572,,,1.6641730577501637,-0.426879015348602,0.7266666328204027,brick3_q_v2_robust_mahalanobis_clipped,2026-03-18T05:10:36.278770+00:00
INTU,,,10-Q,2024-10-31,2024-11-21,https://www.sec.gov/Archives/edgar/data/896878/000089687824000053/intu-20241031.htm,38.09,5.129812185053882,0.8937590889074972,0.8553201489138331,0.5567099521788558,8,debt_to_assets,1.3866,net_income_growth_yoy,-0.7932,accrual_ratio,0.7101,robust_mcd,0.0,-0.5613570916249522,-0.605337322499375,-0.19860192620236725,2.625485188639553,-2.625485188639553,0.34954357400352826,-0.1842624196506486,0.6744907594765954,-0.20024259786707604,-1.0750006511834547,0.6744907594765952,-0.471649964471295,2.4471827535369117,1.2508449099283476,-0.048658795370388586,0.2697963037906382,-0.4169112941218017,-0.7932026539730068,0.15063514806921774,1.3866311273952139,-0.5964180117689672,0.710064108373456,-0.1300209699385446,brick3_q_v2_robust_mahalanobis_clipped,2026-03-18T05:10:36.278770+00:00
CSCO,,,10-Q,2021-05-01,2021-05-25,https://www.sec.gov/Archives/edgar/data/858877/000085887721000008/csco-20210501.htm,38.01,5.126951562605883,,0.8890733859109085,0.8890733859109085,6,accrual_ratio,-2.5656,ocf_to_net_income,0.9965,assets_growth_yoy,-0.6745,robust_mcd,,,,,,,,,,-0.6744907594765952,0.08705118322704987,,0.6744907594765952,-0.33634349550327525,-2.5655911503683964,0.9964729674135383,,-0.6744907594765952,0.08705118322704987,,0.6744907594765952,-0.33634349550327525,-2.5655911503683964,0.9964729674135383,brick3_q_v2_robust_mahalanobis_clipped,2026-03-18T05:10:36.278770+00:00
KHC,,,10-Q,2021-03-27,2021-04-30,https://www.sec.gov/Archives/edgar/data/1637459/000163745921000047/khc-20210327.htm,37.93,5.118842736834692,,1.0652512025099607,1.0652512025099607,6,net_income_growth_yoy,2.2128,assets_growth_yoy,-1.2531,ocf_to_net_income,-1.2481,robust_mcd,,,,,,,,,,-1.2530731077544914,2.212761560642252,,-0.6744907594765952,-0.1007389603208942,0.9023730528733369,-1.2480697739921942,,-1.2530731077544914,2.212761560642252,,-0.6744907594765952,-0.1007389603208942,0.9023730528733369,-1.2480697739921942,brick3_q_v2_robust_mahalanobis_clipped,2026-03-18T05:10:36.278770+00:00
FAST,,,10-Q,2021-06-30,2021-07-16,https://www.sec.gov/Archives/edgar/data/815556/000081555621000031/fast-20210630.htm,37.86,5.102556788660473,,0.9032709583656109,0.9032709583656109,5,equity_to_assets,1.39,accrual_ratio,1.2578,assets_growth_yoy,-0.6822,robust_mcd,,,,,,,,,,-0.6822094456690854,-0.5389105564817871,,,1.3900443215619194,1.257783161013768,-0.647407307101495,,-0.6822094456690854,-0.5389105564817871,,,1.3900443215619194,1.257783161013768,-0.647407307101495,brick3_q_v2_robust_mahalanobis_clipped,2026-03-18T05:10:36.278770+00:00
MPWR,,,10-Q,2025-09-30,2025-11-05,https://www.sec.gov/Archives/edgar/data/1280452/000143774925033332/mpwr20250930_10q.htm,37.78,5.088337789958015,1.0005136526479206,1.4772090953997612,1.1643171369481289,6,assets_growth_yoy,3.2481,accrual_ratio,-1.2453,debt_to_assets,-0.8228,robust_mcd,,3.0200726064306673,-0.13437346400264022,,-0.4615598979550386,0.46155989795503577,-1.138370555553039,0.787145493991102,,3.5901654293046708,0.5285865978729632,,-1.3645671740452372,1.3462711622105006,-1.4056159321056763,0.6280482768595205,,3.2481097355802686,0.13081056074760117,,-0.822762808391118,0.8154444036572217,-1.245268706174094,0.7235066071384694,brick3_q_v2_robust_mahalanobis_clipped,2026-03-18T05:10:36.278770+00:00
MCHP,,,10-Q,2023-06-30,2023-08-03,https://www.sec.gov/Archives/edgar/data/827054/000082705423000132/mchp-20230630.htm,37.7,5.078417183397674,1.5804615711068444,0.31793910017489424,0.9451920715909153,5,equity_to_assets,1.5178,net_income_growth_yoy,-0.9397,ocf_to_net_income,-0.9286,robust_mcd,,1.6762286484375304,-1.734566182530415,,,2.499651233317238,0.7069034327198256,-1.284958358529213,,-0.5615808179739106,0.2525473766707696,,,0.045069746931045256,0.3364394065652119,-0.3940581527335338,,0.7811048618729539,-0.939720758849941,,,1.5178186387627608,0.5587178222579801,-0.9285982762109413,brick3_q_v2_robust_mahalanobis_clipped,2026-03-18T05:10:36.278770+00:00
CSGP,,,10-Q,2023-06-30,2023-07-26,https://www.sec.gov/Archives/edgar/data/1057352/000105735223000111/csgp-20230630.htm,37.63,5.063506742909292,1.7249147328911383,0.7313517457601235,1.2938441956802735,6,equity_to_assets,3.0386,debt_to_assets,-2.7774,assets_growth_yoy,1.0832,robust_mcd,,1.2334776457544514,0.723899845109109,,-3.911061076329849,3.9114948372299647,-0.3131474421410578,0.25640755078239785,,0.8577545347941422,0.025702171184807686,,-1.0769970034521954,1.7293637478568986,0.25234006768844125,0.44595294958425574,,1.083188401370328,0.44462077553938845,,-2.7774354471787874,3.0386424014807383,-0.08695243820925815,0.332225710303141,brick3_q_v2_robust_mahalanobis_clipped,2026-03-18T05:10:36.278770+00:00
AMD,,,10-Q,2021-03-27,2021-04-28,https://www.sec.gov/Archives/edgar/data/2488/000000248821000056/amd-20210327.htm,37.55,5.040907736516787,,0.9403002822367572,0.9403002822367572,5,assets_growth_yoy,2.4387,equity_to_assets,1.2482,net_income_growth_yoy,0.4671,robust_mcd,,,,,,,,,,2.4386843583609537,0.4670542831496861,,,1.2482425586322963,-0.4466084660798534,0.10091174496099622,,2.4386843583609537,0.4670542831496861,,,1.2482425586322963,-0.4466084660798534,0.10091174496099622,brick3_q_v2_robust_mahalanobis_clipped,2026-03-18T05:10:36.278770+00:00
AMD,,,10-Q,2024-06-29,2024-07-31,https://www.sec.gov/Archives/edgar/data/2488/000000248824000123/amd-20240629.htm,37.47,5.003816825570676,1.2523415981710653,0.7917839562982462,0.9680923835664427,5,net_income_growth_yoy,2.7561,equity_to_assets,1.2937,accrual_ratio,0.4802,robust_mcd,,-0.6475257054928716,3.745722437222871,,,1.2699267364751532,0.31194457955194155,0.2865885321124889,,0.6169913722267836,1.2716916757257908,,,1.3294542064946675,0.7326104126739289,-0.008172114370060025,,-0.14171887440500947,2.756110132624039,,,1.293737724482959,0.4802109128007365,0.16868427351946935,brick3_q_v2_robust_mahalanobis_clipped,2026-03-18T05:10:36.278770+00:00
ZS,,,10-Q,2023-10-31,2023-12-06,https://www.sec.gov/Archives/edgar/data/1713683/000171368323000171/zs-20231031.htm,37.39,4.99446184058641,1.331975944374479,0.7733107392836321,0.9572070842544759,6,ocf_to_net_income,-3.9808,assets_growth_yoy,0.8462,net_income_growth_yoy,0.3429,robust_mcd,,0.8442577371990829,0.9282054994571095,,-0.12651279270959795,0.12651279270959556,0.592990218068323,-5.373376626103165,,0.8490669532074262,-0.5351358778205058,,0.6935402837587297,-0.4501536481211709,-0.2200965796781867,-1.8918710931157738,,0.8461814236024202,0.34286894854606337,,0.2015084378777331,-0.10415378362271106,0.26775549896971906,-3.9807744129082083,brick3_q_v2_robust_mahalanobis_clipped,2026-03-18T05:10:36.278770+00:00
INSM,,,10-Q,2024-09-30,2024-10-31,https://www.sec.gov/Archives/edgar/data/1104506/000110450624000033/insm-20240930.htm,37.32,4.953871676166731,0.9056122167248487,1.8170526314767106,1.0171541879992183,6,assets_growth_yoy,2.2886,accrual_ratio,1.5439,net_income_growth_yoy,-0.8249,robust_mcd,,0.6448364690569115,-0.4399734476732082,,-1.1133100911893488,1.1133100911893477,0.6744907594765952,1.4477524417636798,,4.754286870789049,-1.4022580205999393,,0.7246091857126498,-0.7115195540460987,2.8480144377734615,-0.46162771993906504,,2.2886166297497668,-0.8248872768439006,,-0.37814238042854936,0.3833782330951691,1.5439002307953418,0.6840003770825819,brick3_q_v2_robust_mahalanobis_clipped,2026-03-18T05:10:36.278770+00:00
FAST,,,10-Q,2021-03-31,2021-04-16,https://www.sec.gov/Archives/edgar/data/815556/000081555621000018/fast-20210331.htm,37.24,4.9433863875218425,,0.5611472502612328,0.5611472502612328,5,equity_to_assets,1.6336,assets_growth_yoy,-0.5316,net_income_growth_yoy,-0.4062,robust_mcd,,,,,,,,,,-0.5316219676386336,-0.4062075239307384,,,1.633558029881734,-0.14677185509137883,-0.08757687476367933,,-0.5316219676386336,-0.4062075239307384,,,1.633558029881734,-0.14677185509137883,-0.08757687476367933,brick3_q_v2_robust_mahalanobis_clipped,2026-03-18T05:10:36.278770+00:00
FAST,,,10-Q,2024-09-30,2024-10-16,https://www.sec.gov/Archives/edgar/data/815556/000081555624000037/fast-20240930.htm,37.16,4.906005135633941,0.6071834194022314,0.8058438793203162,0.5118065647568051,5,equity_to_assets,1.6354,net_income_growth_yoy,-0.3276,accrual_ratio,0.2355,robust_mcd,,0.1479037546516134,-0.37567297267939087,,,1.9317397967790153,-0.30369121422189793,0.2769093586792397,,-0.5494176069825255,-0.2555239618816026,,,1.1907884795130912,1.0442889775946982,-0.9892003706296636,,-0.13102479000204217,-0.32761336836027555,,,1.6353592698726456,0.23550086250474056,-0.22953453304432167,brick3_q_v2_robust_mahalanobis_clipped,2026-03-18T05:10:36.278770+00:00
FAST,,,10-Q,2022-03-31,2022-04-18,https://www.sec.gov/Archives/edgar/data/815556/000081555622000020/fast-20220331.htm,37.09,4.891706805217476,,0.7039155063510509,0.7039155063510509,5,equity_to_assets,1.4214,accrual_ratio,1.2524,ocf_to_net_income,-0.4889,robust_mcd,,,,,,,,,,0.19402465977554093,0.16288737964600522,,,1.4213901402593117,1.2523523091409576,-0.4889230429334393,,0.19402465977554093,0.16288737964600522,,,1.4213901402593117,1.2523523091409576,-0.4889230429334393,brick3_q_v2_robust_mahalanobis_clipped,2026-03-18T05:10:36.278770+00:00
WDC,,,10-Q,2025-10-03,2025-10-31,https://www.sec.gov/Archives/edgar/data/106040/000162828025047613/wdc-20251003.htm,37.01,4.861720436595764,1.3933413671257036,0.6744907594765953,0.8748852140005087,6,assets_growth_yoy,-2.8366,accrual_ratio,1.1443,debt_to_assets,0.4729,robust_mcd,,-4.278001692332924,-0.25525853769229767,,1.237775497154673,-0.908499177974831,1.457507329314641,-0.22300596828485497,,-0.6744907594765952,0.6744907594765953,,-0.6744907594765952,0.6744907594765952,0.6744907594765953,-0.6744907594765952,,-2.836597319190392,0.11664118117525954,,0.47286899450216574,-0.27530320299426053,1.1443007013794229,-0.40359988476155106,brick3_q_v2_robust_mahalanobis_clipped,2026-03-18T05:10:36.278770+00:00
AMGN,,,10-Q,2022-03-31,2022-04-28,https://www.sec.gov/Archives/edgar/data/318154/000031815422000021/amgn-20220331.htm,36.93,4.857924376233949,,0.6658344706896197,0.6658344706896197,5,equity_to_assets,-1.3439,assets_growth_yoy,-1.0574,net_income_growth_yoy,-0.597,robust_mcd,,,,,,,,,,-1.05741672428819,-0.5969889590314987,,,-1.3439039352906728,-0.02320120184514334,0.3076615329925934,,-1.05741672428819,-0.5969889590314987,,,-1.3439039352906728,-0.02320120184514334,0.3076615329925934,brick3_q_v2_robust_mahalanobis_clipped,2026-03-18T05:10:36.278770+00:00
MCHP,,,10-Q,2023-12-31,2024-02-01,https://www.sec.gov/Archives/edgar/data/827054/000082705424000024/mchp-20231231.htm,36.85,4.83330539879371,1.4002502727676502,0.9093585311862998,1.1641817175501328,5,ocf_to_net_income,1.7394,equity_to_assets,1.3203,accrual_ratio,-1.2572,robust_mcd,,0.1654660774374064,-1.6088233583256781,,,2.200455535936099,-1.216375356373724,1.8101310357653428,,-0.8876400604954835,-0.7074312559682032,,,0.0,-1.3184527808079354,1.6332685586598774,,-0.25577637773574957,-1.2482665173826881,,,1.3202733215616593,-1.2572063261474087,1.7393860449231568,brick3_q_v2_robust_mahalanobis_clipped,2026-03-18T05:10:36.278770+00:00
GILD,,,10-Q,2024-09-30,2024-11-12,https://www.sec.gov/Archives/edgar/data/882095/000088209524000028/gild-20240930.htm,36.78,4.830830884504272,1.607663909848722,1.3801731364681342,1.4628954366838745,5,ocf_to_net_income,2.1962,accrual_ratio,-2.1166,assets_growth_yoy,-1.63,robust_mcd,,-1.282458261668466,-0.8475519256184497,,,0.6550092995763036,-2.457485915272889,2.7958141471075004,,-2.1513551414819254,-1.511343124148175,,,-0.33607602382882656,-1.605187787150857,1.2969036057308867,,-1.6300170135938497,-1.1130684050303399,,,0.2585751702142515,-2.1165666640240763,2.196249930556855,brick3_q_v2_robust_mahalanobis_clipped,2026-03-18T05:10:36.278770+00:00
ABNB,,,10-Q,2024-03-31,2024-05-08,https://www.sec.gov/Archives/edgar/data/1559720/000155972024000017/abnb-20240331.htm,36.7,4.812611144056397,0.8943597399965304,2.667736020987149,1.2304800861353744,6,ocf_to_net_income,4.1646,assets_growth_yoy,0.9125,accrual_ratio,-0.8162,robust_mcd,,0.6018277166576219,-0.4229988162402938,,-0.8628175632592778,0.8628729174468311,1.007979751115675,1.607661675259483,,1.3784989055248087,2.4226334927241098,,0.40049747757103277,-0.2522609183255405,-3.5525253317774026,8.0,,0.9124961922044966,0.7152541073454677,,-0.3574915469271535,0.4168193831378825,-0.8162222820415562,4.16459700515569,brick3_q_v2_robust_mahalanobis_clipped,2026-03-18T05:10:36.278770+00:00
PLTR,,,10-Q,2021-06-30,2021-08-12,https://www.sec.gov/Archives/edgar/data/1321655/000095012321010430/d175251d10q.htm,36.62,4.8040722281121,,1.1629350173879487,1.1629350173879487,6,accrual_ratio,-1.8124,ocf_to_net_income,-1.6006,equity_to_assets,1.3038,robust_mcd,,,,,,,,,,0.6105215182574779,-0.8818219753470682,,-0.7683780686611404,1.3038423343881502,-1.8124473370483223,-1.6005988706255336,,0.6105215182574779,-0.8818219753470682,,-0.7683780686611404,1.3038423343881502,-1.8124473370483223,-1.6005988706255336,brick3_q_v2_robust_mahalanobis_clipped,2026-03-18T05:10:36.278770+00:00
MPWR,,,10-Q,2022-06-30,2022-08-05,https://www.sec.gov/Archives/edgar/data/1280452/000143774922019150/mpwr20220630_10q.htm,36.55,4.80290638235718,1.5346638595201003,1.2218900714344614,1.3983372340437228,6,equity_to_assets,2.6045,debt_to_assets,-2.4619,net_income_growth_yoy,1.4826,robust_mcd,,0.5906172895282188,1.4884683791287106,,-3.3461161311598513,3.3461161311598078,0.009639921902495548,-0.42702530424151763,,2.3724772409638115,1.4736951931570437,,-1.1356802812282132,1.4921864942049616,-0.7876327750905663,0.06966844396217346,,1.303361270102456,1.482559104740044,,-2.4619417911871957,2.6045442763778697,-0.3092691568947292,-0.22834780496004115,brick3_q_v2_robust_mahalanobis_clipped,2026-03-18T05:10:36.278770+00:00
AMZN,,,10-Q,2022-03-31,2022-04-29,https://www.sec.gov/Archives/edgar/data/1018724/000101872422000013/amzn-20220331.htm,36.47,4.789632759603703,,1.2522629417775968,1.2522629417775968,5,net_income_growth_yoy,-3.3138,assets_growth_yoy,1.6577,ocf_to_net_income,-0.6544,robust_mcd,,,,,,,,,,1.657733862500487,-3.3137565652770715,,,-0.0948254673854773,0.5406416319348345,-0.6543571817901129,,1.657733862500487,-3.3137565652770715,,,-0.0948254673854773,0.5406416319348345,-0.6543571817901129,brick3_q_v2_robust_mahalanobis_clipped,2026-03-18T05:10:36.278770+00:00
FTNT,,,10-Q,2022-03-31,2022-05-06,https://www.sec.gov/Archives/edgar/data/1262039/000126203922000019/ftnt-20220331.htm,36.39,4.781119813405171,,1.1903442878769075,1.1903442878769075,6,accrual_ratio,-2.1387,ocf_to_net_income,2.1215,debt_to_assets,1.4191,robust_mcd,,,,,,,,,,-0.026995981343162244,0.18447449210995276,,1.4190889351205138,-1.2512544837025295,-2.1387045686578356,2.1215472663274504,,-0.026995981343162244,0.18447449210995276,,1.4190889351205138,-1.2512544837025295,-2.1387045686578356,2.1215472663274504,brick3_q_v2_robust_mahalanobis_clipped,2026-03-18T05:10:36.278770+00:00
KDP,,,10-Q,2024-03-31,2024-04-25,https://www.sec.gov/Archives/edgar/data/1418135/000141813524000054/kdp-20240331.htm,36.31,4.778367158584071,1.8198091069623938,0.6947651862724665,1.3177568482440616,6,debt_to_assets,2.2474,equity_to_assets,-2.1703,ocf_to_net_income,-1.2874,robust_mcd,,-0.6247294415541089,-0.5081583847012038,,3.821997219472796,-3.800973561303745,1.049778899209794,-1.1132171355327152,,-0.884283454566971,-0.26422479101851326,,-0.11453762032931304,0.2757225579883967,1.0812655588022928,-1.5485571349293121,,-0.7285510467592538,-0.4105849472281276,,2.2473832835519523,-2.170295113586888,1.0623735630467936,-1.287353135291354,brick3_q_v2_robust_mahalanobis_clipped,2026-03-18T05:10:36.278770+00:00
CPRT,,,10-Q,2024-04-30,2024-05-23,https://www.sec.gov/Archives/edgar/data/900075/000090007524000014/cprt-20240430.htm,36.24,4.735706858616984,0.9820690342278358,0.6996811509534521,0.8109692537576297,5,debt_to_assets,-1.1895,accrual_ratio,-1.16,ocf_to_net_income,0.9412,robust_mcd,,-0.5984150333734904,-0.4537234860320918,,-0.783915582243895,,-1.5055493014447134,1.5687417680449878,,0.36340391975282776,-0.6952825433095399,,-1.7979735226933313,,-0.6417457690115617,0.0,,-0.21368745212296317,-0.5503471089430709,,-1.1895387584236694,,-1.1600278884714528,0.9412450608269927,brick3_q_v2_robust_mahalanobis_clipped,2026-03-18T05:10:36.278770+00:00
AMD,,,10-Q,2021-06-26,2021-07-28,https://www.sec.gov/Archives/edgar/data/2488/000000248821000116/amd-20210626.htm,36.16,4.731866058876664,,0.9137109581341119,0.9137109581341119,5,assets_growth_yoy,2.4387,equity_to_assets,1.1826,net_income_growth_yoy,0.4671,robust_mcd,,,,,,,,,,2.4386843583609537,0.4670542831496861,,,1.1825676588956917,-0.37769833978995915,-0.10255015047426858,,2.4386843583609537,0.4670542831496861,,,1.1825676588956917,-0.37769833978995915,-0.10255015047426858,brick3_q_v2_robust_mahalanobis_clipped,2026-03-18T05:10:36.278770+00:00
CHTR,,,10-Q,2021-03-31,2021-04-30,https://www.sec.gov/Archives/edgar/data/1091667/000109166721000084/chtr-20210331.htm,36.08,4.714523203963505,,0.946785042438408,0.946785042438408,7,ocf_to_net_income,2.8355,net_income_growth_yoy,1.5332,equity_to_assets,-0.8643,robust_mcd,,,,,,,,,-0.06879504988078315,-0.8591513308208139,1.5331962460874622,0.05110315853296477,,-0.8643108525202722,-0.41546546978211196,2.8354731894444476,-0.06879504988078315,-0.8591513308208139,1.5331962460874622,0.05110315853296477,,-0.8643108525202722,-0.41546546978211196,2.8354731894444476,brick3_q_v2_robust_mahalanobis_clipped,2026-03-18T05:10:36.278770+00:00
GEHC,,,10-Q,2024-09-30,2024-10-30,https://www.sec.gov/Archives/edgar/data/1932393/000193239324000050/gehc-20240930.htm,36.01,4.683813341457289,2.157024051803521,0.7487975321569751,1.2382336683677382,6,net_income_growth_yoy,1.9584,accrual_ratio,1.8099,ocf_to_net_income,-1.6694,robust_mcd,,,2.9626133542365767,,-1.7986329754652086,1.753422175400116,2.2509560706866707,-2.0194956832290316,,-0.39973397783265724,0.4520141296557877,,0.6737900018739886,-0.6744907594765952,1.1484380568717159,-1.1443182672311056,,-0.39973397783265724,1.958373664404261,,-0.8096637845295297,0.7822570014494314,1.8099488651606888,-1.6694247168298613,brick3_q_v2_robust_mahalanobis_clipped,2026-03-18T05:10:36.278770+00:00
ALNY,,,10-Q,2023-09-30,2023-11-02,https://www.sec.gov/Archives/edgar/data/1178670/000117867023000023/alny-20230930.htm,35.93,4.676684349182856,1.397088346607913,1.264853695943671,1.3441944863422162,6,net_income_growth_yoy,3.7446,equity_to_assets,-1.1013,assets_growth_yoy,1.0369,robust_mcd,,1.728174978041354,4.956959604099046,,0.5932862175315329,-0.5932862175315337,0.03271918031317732,-0.4781038821308333,,0.0,1.9260669867198705,,1.6336218942387521,-1.863426460156734,1.0810371934913052,-1.0849696410553638,,1.0369049868248124,3.7446025571473758,,1.0094204882144207,-1.101342314581614,0.4520463855844285,-0.7208501857006455,brick3_q_v2_robust_mahalanobis_clipped,2026-03-18T05:10:36.278770+00:00
CDNS,,,10-Q,2025-06-30,2025-07-30,https://www.sec.gov/Archives/edgar/data/813672/000081367225000113/cdns-20250630.htm,35.85,4.637249798772195,1.2954167280081683,1.7363377167856722,1.4292126885685228,5,assets_growth_yoy,1.9478,net_income_growth_yoy,-1.8875,ocf_to_net_income,1.8771,robust_mcd,,1.5941192048667856,-2.258738835584829,,,-1.2607215596528571,-0.159290235317409,1.2042138046189603,,2.478367786408502,-1.3307458062965498,,,0.2660777184415448,-1.7200246413576454,2.88647263142412,,1.947818637483472,-1.8875416238695173,,,-0.6500018484150962,-0.7835839977335036,1.8771173353410242,brick3_q_v2_robust_mahalanobis_clipped,2026-03-18T05:10:36.278770+00:00
INSM,,,10-Q,2023-09-30,2023-10-26,https://www.sec.gov/Archives/edgar/data/1104506/000110450623000025/insm-20230930.htm,35.77,4.619355750377604,0.882710501917117,1.7454386904839954,1.0897147249965708,6,equity_to_assets,-1.8564,debt_to_assets,1.7072,accrual_ratio,1.4565,robust_mcd,,-0.02343619633244685,0.5938620790454467,,1.3826516960745907,-1.38265169607459,0.6744907594765952,1.2391705844990315,,2.0815152193759023,-0.6904025327949258,,2.1941131108115113,-2.5670305492081713,2.629474665402327,-0.31009606531113537,,0.8185443699508929,0.08015623430929775,,1.707236261969359,-1.8564032373280224,1.456484321846888,0.6194639245749647,brick3_q_v2_robust_mahalanobis_clipped,2026-03-18T05:10:36.278770+00:00
ISRG,,,10-Q,2025-09-30,2025-10-22,https://www.sec.gov/Archives/edgar/data/1035267/000103526725000209/isrg-20250930.htm,35.7,4.617756712615448,1.1071183497255301,0.6683350908911946,0.7831280701431443,6,assets_growth_yoy,-1.5909,equity_to_assets,1.5137,accrual_ratio,-0.7936,robust_mcd,,-2.6997924341299084,-0.14263241083024716,,0.7547555730537888,,-1.130793596822669,0.8076177337910376,,0.07245584812193265,0.5343292752288746,,-1.585801475868253,1.5137323545029966,-0.28777679981826204,0.015914791806848207,,-1.590893121229172,0.1281522635934016,,-0.181467246515028,1.5137323545029966,-0.7935868780209062,0.49093655699736183,brick3_q_v2_robust_mahalanobis_clipped,2026-03-18T05:10:36.278770+00:00
CPRT,,,10-Q,2022-04-30,2022-05-25,https://www.sec.gov/Archives/edgar/data/900075/000090007522000037/cprt-20220430.htm,35.62,4.616729092880536,2.031908710592958,0.8584712584109915,1.48805876707877,6,debt_to_assets,-1.7619,equity_to_assets,1.7383,accrual_ratio,-1.7118,robust_mcd,,-2.1647525101752794,-1.675878253917355,,-1.99421129976559,1.9942112997655916,-2.240715202525671,2.121683697408258,,0.558562219810508,-0.21151393696693344,,-1.4133391566359004,1.3545011922560517,-0.9183611646469071,0.6945498801496479,,-1.0754266181809644,-1.0901325271371862,,-1.7618624425137142,1.7383272567617756,-1.7117735873741655,1.5508301705048138,brick3_q_v2_robust_mahalanobis_clipped,2026-03-18T05:10:36.278770+00:00
GOOG,,,10-Q,2022-09-30,2022-10-26,https://www.sec.gov/Archives/edgar/data/1652044/000165204422000090/goog-20220930.htm,35.51,4.5877497926928195,,0.9515622068852497,0.9515622068852497,6,accrual_ratio,-2.4411,equity_to_assets,1.1212,debt_to_assets,-0.7652,robust_mcd,,,,,,,,,,0.0,-0.7073581328354398,,-0.7652070008203524,1.1211633721903698,-2.4411178263664284,0.6745269090989074,,0.0,-0.7073581328354398,,-0.7652070008203524,1.1211633721903698,-2.4411178263664284,0.6745269090989074,brick3_q_v2_robust_mahalanobis_clipped,2026-03-18T05:10:36.278770+00:00
GOOGL,,,10-Q,2022-09-30,2022-10-26,https://www.sec.gov/Archives/edgar/data/1652044/000165204422000090/goog-20220930.htm,35.51,4.5877497926928195,,0.9515622068852497,0.9515622068852497,6,accrual_ratio,-2.4411,equity_to_assets,1.1212,debt_to_assets,-0.7652,robust_mcd,,,,,,,,,,0.0,-0.7073581328354398,,-0.7652070008203524,1.1211633721903698,-2.4411178263664284,0.6745269090989074,,0.0,-0.7073581328354398,,-0.7652070008203524,1.1211633721903698,-2.4411178263664284,0.6745269090989074,brick3_q_v2_robust_mahalanobis_clipped,2026-03-18T05:10:36.278770+00:00
DDOG,,,10-Q,2025-09-30,2025-11-07,https://www.sec.gov/Archives/edgar/data/1561550/000156155025000313/ddog-20250930.htm,35.39,4.575559286920062,0.8014034857251993,2.2342057385591176,1.3745243868587667,6,ocf_to_net_income,3.6759,assets_growth_yoy,1.0926,equity_to_assets,0.9362,robust_mcd,,0.31637897671660875,-0.3989648024203871,,-1.278506527923869,1.2785065279238748,-0.7428279936737071,0.7932360856927493,,2.256975148335588,-1.3036294565415243,,-0.4012945117704321,0.4227083646284256,-1.0206269500787366,8.0,,1.0926174453642006,-0.760830664068842,,-0.9276217214624942,0.9361872626056951,-0.8539475762357189,3.6759416514156498,brick3_q_v2_robust_mahalanobis_clipped,2026-03-18T05:10:36.278770+00:00
ZS,,,10-Q,2023-01-31,2023-03-08,https://www.sec.gov/Archives/edgar/data/1713683/000171368323000030/zs-20230131.htm,35.31,4.550042862206955,1.6373507490971961,0.8689075116818419,1.3299734541310544,6,ocf_to_net_income,-2.6631,equity_to_assets,-1.6095,debt_to_assets,1.5958,robust_mcd,,0.7512194116157856,1.8214549299446763,,2.0401533690365334,-2.0401533690365325,-0.005712806200171035,-3.1654106087494776,,0.6744907594765952,0.0,,0.9293585550519357,-0.9634155923047343,-0.7364564757476868,-1.9097236875100998,,0.7205279507601094,1.0928729579668057,,1.5958354434426942,-1.6094582583438133,-0.29801027401917735,-2.6631358402537266,brick3_q_v2_robust_mahalanobis_clipped,2026-03-18T05:10:36.278770+00:00
KLAC,,,10-Q,2021-09-30,2021-10-28,https://www.sec.gov/Archives/edgar/data/319201/000031920121000037/klac-20210930.htm,35.24,4.549084419383686,,1.260963799270706,1.260963799270706,6,net_income_growth_yoy,2.9499,ocf_to_net_income,-1.5375,accrual_ratio,1.5024,robust_mcd,,,,,,,,,,0.8650059309605652,2.9499240910804736,,0.45999305317894634,-0.25096845145940816,1.5023817295559037,-1.537509539388939,,0.8650059309605652,2.9499240910804736,,0.45999305317894634,-0.25096845145940816,1.5023817295559037,-1.537509539388939,brick3_q_v2_robust_mahalanobis_clipped,2026-03-18T05:10:36.278770+00:00
KLAC,,,10-Q,2023-09-30,2023-10-27,https://www.sec.gov/Archives/edgar/data/319201/000031920123000039/klac-20230930.htm,35.16,4.539445238815113,1.7038313974384927,0.7135938581703699,1.3077363817312435,6,assets_growth_yoy,-2.2115,debt_to_assets,1.5641,equity_to_assets,-1.5249,robust_mcd,,-3.636567056587102,-1.071342863542213,,2.0610251735143232,-1.99129969532025,0.7487818972690131,-0.7139716983980551,,-0.07397019208713622,-0.7991839170352907,,0.8187156564139401,-0.8252496437002829,0.8139836491233003,-0.9504600906622691,,-2.2115283107871155,-0.9624792849394441,,1.56410136667417,-1.5248796746722633,0.774862598010728,-0.8085670553037407,brick3_q_v2_robust_mahalanobis_clipped,2026-03-18T05:10:36.278770+00:00
AMAT,,,10-Q,2022-07-31,2022-08-25,https://www.sec.gov/Archives/edgar/data/6951/000000695122000032/amat-20220731.htm,35.08,4.477750576702785,2.6779330362550544,0.25201921918539233,1.1626629907512775,6,equity_to_assets,-2.1371,debt_to_assets,2.1357,accrual_ratio,-1.5297,robust_mcd,,,,,3.693640297635208,-3.693640297635136,-2.0997995578514907,1.224651991898383,,-0.4227201467953087,-0.015988550318405827,,-0.20116947165435875,0.19774638686768523,-0.6744907594765952,0.0,,-0.4227201467953087,-0.015988550318405827,,2.135716389919381,-2.1370856238340075,-1.5296760385015324,0.7347911951390297,brick3_q_v2_robust_mahalanobis_clipped,2026-03-18T05:10:36.278770+00:00
PLTR,,,10-Q,2025-03-31,2025-05-06,https://www.sec.gov/Archives/edgar/data/1321655/000132165525000066/pltr-20250331.htm,35.0,4.474431520447911,1.2446312265263597,1.257870578944256,1.2115197624302199,6,assets_growth_yoy,1.9482,accrual_ratio,1.5208,equity_to_assets,1.5118,robust_mcd,,1.3611310411216966,0.059255123846259236,,-1.2853622603742276,1.6107625384971347,2.726749145286478,0.42452725003236236,,2.8287462173649285,1.7452433233963651,,-1.2216480434509491,1.3632488978190962,-0.2880540379747384,0.10028295365945868,,1.9481771116189894,0.7336504036663016,,-1.2598765736049162,1.5117570822259192,1.5208278719819914,0.29482953148320085,brick3_q_v2_robust_mahalanobis_clipped,2026-03-18T05:10:36.278770+00:00
KDP,,,10-Q,2022-06-30,2022-07-28,https://www.sec.gov/Archives/edgar/data/1418135/000141813522000017/kdp-20220630.htm,34.93,4.454900442529518,2.0064851587219055,0.6687887118440425,1.4145856549498736,6,ocf_to_net_income,3.1572,net_income_growth_yoy,-1.9022,equity_to_assets,1.3313,robust_mcd,,-0.2009210673791649,-2.7098611701216972,,-1.9319449316548167,1.9285521897584026,-1.4085534299926166,3.8590781634247344,,-0.23558599393736498,-0.6907777480781445,,-0.12039457089933883,0.43532363628753146,0.42615693765664947,2.104493384205226,,-0.21478703800244495,-1.9022278013042762,,-1.2073247873526254,1.3312607683700541,-0.6746692829329101,3.157244251736931,brick3_q_v2_robust_mahalanobis_clipped,2026-03-18T05:10:36.278770+00:00
INSM,,,10-Q,2024-03-31,2024-05-09,https://www.sec.gov/Archives/edgar/data/1104506/000110450624000016/insm-20240331.htm,34.85,4.423220131204666,1.3623928555610494,1.7099281776838098,1.2004930911901102,6,assets_growth_yoy,-2.1815,debt_to_assets,1.7985,equity_to_assets,-1.7085,robust_mcd,,-1.5633253982174888,0.7698447187765605,,1.3825545998198074,-1.3267301558946196,-2.5222906445508255,-0.609611616106994,,-3.108860336053893,-0.17098076946026705,,2.422471940358858,-2.281219468569708,2.085873429690058,-0.19016312197007504,,-2.1815393733520505,0.3935145234818294,,1.7985215360354276,-1.708525880964655,-0.6790250148544719,-0.44183221845222637,brick3_q_v2_robust_mahalanobis_clipped,2026-03-18T05:10:36.278770+00:00
BKR,,,10-Q,2021-03-31,2021-04-23,https://www.sec.gov/Archives/edgar/data/1701605/000170160521000048/bkr-20210331.htm,34.77,4.422563911610211,,1.1599122508919817,1.1599122508919817,5,ocf_to_net_income,-2.5399,net_income_growth_yoy,1.3738,accrual_ratio,-0.9876,robust_mcd,,,,,,,,,,-0.7974775107202813,1.373762317786818,,,0.10078607660150082,-0.9876346185083348,-2.539900730842974,,-0.7974775107202813,1.373762317786818,,,0.10078607660150082,-0.9876346185083348,-2.539900730842974,brick3_q_v2_robust_mahalanobis_clipped,2026-03-18T05:10:36.278770+00:00
CDNS,,,10-Q,2023-03-31,2023-04-24,https://www.sec.gov/Archives/edgar/data/813672/000081367223000025/cdns-20230331.htm,34.7,4.386936348016399,1.1240459502551974,0.37552687904135973,0.631983563907793,5,equity_to_assets,-1.2277,accrual_ratio,0.8471,ocf_to_net_income,-0.7963,robust_mcd,,-0.09921161758608397,-0.6253829198444654,,,-2.524327485185413,1.2075291344053936,-1.1637785942546308,,0.2708440668205781,0.33814382534552045,,,0.7171309849120377,0.30636541287850666,-0.24515010525015585,,0.04881065617658086,-0.23997222176847105,,,-1.2277440971464328,0.8470636457946388,-0.7963271986528409,brick3_q_v2_robust_mahalanobis_clipped,2026-03-18T05:10:36.278770+00:00
AMD,,,10-Q,2023-04-01,2023-05-03,https://www.sec.gov/Archives/edgar/data/2488/000000248823000076/amd-20230401.htm,34.62,4.382257349323992,1.2074672031255695,1.0683512060283782,1.1189240912271354,5,ocf_to_net_income,-3.0198,equity_to_assets,0.8855,assets_growth_yoy,-0.8016,robust_mcd,,-1.0212814319404468,-0.44649412698864394,,,0.5946571518397594,0.7826191386947385,-3.1922841661642583,,-0.4720135402315839,-0.5812307102086098,,,1.3217130244018513,-0.20560445662223326,-2.7611942986776135,,-0.8015742752569016,-0.5003887602766303,,,0.8854795008645961,0.3873297005679498,-3.0198482191696003,brick3_q_v2_robust_mahalanobis_clipped,2026-03-18T05:10:36.278770+00:00
IDXX,,,10-Q,2021-09-30,2021-11-02,https://www.sec.gov/Archives/edgar/data/874716/000087471621000055/idxx-20210930.htm,34.54,4.3669791494288,,0.6905617010492965,0.6905617010492965,6,accrual_ratio,-2.3299,assets_growth_yoy,0.6183,debt_to_assets,0.5872,robust_mcd,,,,,,,,,,0.6182501418419063,-0.13460447525197536,,0.5872080078166398,-0.40486946903420956,-2.329861265505966,-0.06857684684508122,,0.6182501418419063,-0.13460447525197536,,0.5872080078166398,-0.40486946903420956,-2.329861265505966,-0.06857684684508122,brick3_q_v2_robust_mahalanobis_clipped,2026-03-18T05:10:36.278770+00:00
ROST,,,10-Q,2024-08-03,2024-09-11,https://www.sec.gov/Archives/edgar/data/745732/000074573224000050/rost-20240803.htm,34.46,4.353488380437699,1.133770305074528,2.0364935687777757,0.48712063286851953,5,equity_to_assets,-1.3028,assets_growth_yoy,-0.7595,accrual_ratio,0.1886,robust_mcd,,-1.715482477084613,-0.34585566654886046,,,3.1619992760998774,-0.24139695806397943,0.20411714757530855,,0.6744907594765952,0.6744907594765952,,,-8.0,0.8334863249356871,0.0,,-0.7594931824601296,0.06228290386132179,,,-1.3028004343400739,0.18855635513588723,0.12247028854518513,brick3_q_v2_robust_mahalanobis_clipped,2026-03-18T05:10:36.278770+00:00
LRCX,,,10-Q,2025-03-30,2025-04-25,https://www.sec.gov/Archives/edgar/data/707549/000070754925000054/lrcx-20250330.htm,34.39,4.353069234244766,1.6777938836442214,0.6974063567835294,1.2856388728999446,6,equity_to_assets,2.3676,debt_to_assets,-2.311,accrual_ratio,-1.152,robust_mcd,,0.10378850375935206,0.9247903290412888,,-3.496373319578515,3.496373319578545,-1.155486035402744,0.8899517945048837,,0.5801493144247275,1.1725367215574327,,-0.5328768034747269,0.6744907594765952,-1.1467735885690362,0.07761095319865792,,0.29433282802550226,1.0238888860477464,,-2.3109747131369995,2.367620295537765,-1.152001056669261,0.5650154579823934,brick3_q_v2_robust_mahalanobis_clipped,2026-03-18T05:10:36.278770+00:00
TEAM,,,10-Q,2025-09-30,2025-10-31,https://www.sec.gov/Archives/edgar/data/1650372/000165037225000068/team-20250930.htm,34.31,4.3301068514261,,1.2536976216512123,1.2536976216512123,6,ocf_to_net_income,-3.2189,net_income_growth_yoy,1.5742,debt_to_assets,0.8391,robust_mcd,,,,,,,,,,0.6281606317298764,1.57421848297903,,0.8390812090065999,-0.7665342201537733,0.49528764648427503,-3.218903539553719,,0.6281606317298764,1.57421848297903,,0.8390812090065999,-0.7665342201537733,0.49528764648427503,-3.218903539553719,brick3_q_v2_robust_mahalanobis_clipped,2026-03-18T05:10:36.278770+00:00
BKNG,,,10-Q,2024-09-30,2024-10-30,https://www.sec.gov/Archives/edgar/data/1075531/000107553124000048/bkng-20240930.htm,34.23,4.299276905769215,1.513565701998385,1.1021031516552189,1.2675542428806452,4,equity_to_assets,-2.4203,debt_to_assets,2.3601,revenue_growth_yoy,-0.2121,robust_mcd,-0.6249705050787416,0.08291260665848442,,,2.6731898481281564,-2.673189848128157,,,0.4071321949023661,0.06968672250225467,,,1.890542410680677,-2.0410512785355777,,,-0.2121294250862985,0.07762225299599251,,,2.360130873149165,-2.420334420291125,,,brick3_q_v2_robust_mahalanobis_clipped,2026-03-18T05:10:36.278770+00:00
CSCO,,,10-Q,2025-04-26,2025-05-20,https://www.sec.gov/Archives/edgar/data/858877/000085887725000033/csco-20250426.htm,34.16,4.291680679224714,1.1855744380330198,,1.1855744380330198,6,debt_to_assets,2.4179,equity_to_assets,-2.4179,ocf_to_net_income,0.9784,robust_mcd,,-0.4693428569284568,0.0,,2.4178949715728284,-2.4178949715728213,-0.8299088502608541,0.9784049778631583,,,,,,,,,,-0.4693428569284568,0.0,,2.4178949715728284,-2.4178949715728213,-0.8299088502608541,0.9784049778631583,brick3_q_v2_robust_mahalanobis_clipped,2026-03-18T05:10:36.278770+00:00
LRCX,,,10-Q,2022-09-25,2022-10-24,https://www.sec.gov/Archives/edgar/data/707549/000070754922000124/lrcx-20220925.htm,34.08,4.273329290822438,1.5599518487266297,,1.5599518487266297,4,debt_to_assets,-1.6573,accrual_ratio,1.6532,equity_to_assets,1.6417,robust_mcd,,,,,-1.6572607367206973,1.641739653979045,1.6531678228301587,-1.2876391813766184,,,,,,,,,,,,,-1.6572607367206973,1.641739653979045,1.6531678228301587,-1.2876391813766184,brick3_q_v2_robust_mahalanobis_clipped,2026-03-18T05:10:36.278770+00:00
VRSK,,,10-Q,2025-09-30,2025-10-29,https://www.sec.gov/Archives/edgar/data/1442145/000143774925032073/vrsk20250930_10q.htm,34.0,4.246434155035583,0.8707256915308509,1.207193261772426,0.8364994604512908,6,assets_growth_yoy,3.1388,debt_to_assets,0.7872,equity_to_assets,-0.7384,robust_mcd,,3.315323501139877,-0.010127912171390314,,0.2961829655767506,-0.2817692910459399,-0.6429899603282461,0.6779605189229018,,2.8740732249711995,-0.15592073476038407,,1.5236846520033336,-1.423381515078212,0.5514869763551701,-0.7146124674662555,,3.138823390672406,-0.06844504120698783,,0.7871836401473838,-0.7384141806588489,-0.16519918565487957,0.1209313243672388,brick3_q_v2_robust_mahalanobis_clipped,2026-03-18T05:10:36.278770+00:00
WBD,,,10-Q,2025-03-31,2025-05-08,https://www.sec.gov/Archives/edgar/data/1437107/000143710725000096/disca-20250331.htm,33.92,4.1648760973362124,1.0984390953319378,1.1086356430345614,1.1008047481442211,6,ocf_to_net_income,-1.8272,debt_to_assets,1.5824,assets_growth_yoy,-1.4059,robust_mcd,,-1.070958547847617,0.30596894397846974,,2.3993177898074443,-1.2423530134875822,0.6802626584823422,-0.8917736183881718,,-1.908364690631165,0.8266975103308524,,0.35691374278350946,-0.3166872960419851,-0.012847247015746967,-3.23030337140411,,-1.4059210049610362,0.5142603705194229,,1.5823561709978704,-0.8720867265093433,0.40301869628310655,-1.827185519594547,brick3_q_v2_robust_mahalanobis_clipped,2026-03-18T05:10:36.278770+00:00
AMAT,,,10-Q,2023-07-30,2023-08-24,https://www.sec.gov/Archives/edgar/data/6951/000000695123000031/amat-20230730.htm,33.85,4.158640995127107,1.2022332185530866,1.0357360423060527,1.045702246790727,6,ocf_to_net_income,3.282,accrual_ratio,-1.7125,net_income_growth_yoy,-0.6745,robust_mcd,,0.0,-0.6744907594765952,,-0.7291380789223656,0.7291380789223686,-2.1096901556930017,2.9709422383041892,,0.0,-0.6744907594765953,,0.0,-0.6744907594765959,-1.1167541111538164,3.7486806237293093,,0.0,-0.6744907594765952,,-0.43748284735341936,0.16768654356278279,-1.7125157378773275,3.2820375924742375,brick3_q_v2_robust_mahalanobis_clipped,2026-03-18T05:10:36.278770+00:00
ADSK,,,10-Q,2022-10-31,2022-12-06,https://www.sec.gov/Archives/edgar/data/769397/000076939722000148/adsk-20221031.htm,33.77,4.138060001836789,1.266459719382166,0.7977079201813991,1.0789589997018594,5,assets_growth_yoy,-1.3863,accrual_ratio,-1.2812,ocf_to_net_income,1.0845,robust_mcd,,-1.306951830087385,0.7863238405879726,,,-1.0522899604951252,-1.685713525970822,1.501019439769525,,-1.5053664258903738,0.6744907594765952,,,-0.6744907594765952,-0.6744907594765952,0.45970089658683616,,-1.3863176684085805,0.7415906081434216,,,-0.9011702800877133,-1.2812244193731313,1.0844920224964494,brick3_q_v2_robust_mahalanobis_clipped,2026-03-18T05:10:36.278770+00:00
WDC,,,10-Q,2023-12-29,2024-02-12,https://www.sec.gov/Archives/edgar/data/106040/000010604024000014/wdc-20231229.htm,33.69,4.134923288741268,0.8483466029110841,0.6744907594765951,0.6088946318509877,6,accrual_ratio,1.7138,ocf_to_net_income,0.9093,equity_to_assets,-0.4608,robust_mcd,,0.0,0.0,,0.3998876621137735,-1.2175806787274501,2.406697860703815,1.065913415921466,,0.6744907594765952,-0.6744907594765946,,-0.6744907594765951,0.6744907594765952,0.6744907594765952,0.6744907594765952,,0.26979630379063807,-0.26979630379063785,,-0.029863706522373967,-0.460752103445832,1.7138150202129272,0.9093443533435177,brick3_q_v2_robust_mahalanobis_clipped,2026-03-18T05:10:36.278770+00:00
LRCX,,,10-Q,2022-12-25,2023-01-30,https://www.sec.gov/Archives/edgar/data/707549/000070754923000008/lrcx-20221225.htm,33.62,4.118623490349332,1.3972882923221595,0.6744907594765952,1.103414760321724,6,equity_to_assets,2.777,debt_to_assets,-1.936,assets_growth_yoy,-0.6745,robust_mcd,,,,,-2.777047356215393,2.7770473562154034,-0.03323119647942184,-0.0018272603784201553,,-0.6744907594765952,0.6744907594765952,,-0.6744907594765952,,-0.6744907594765953,0.6744907594765952,,-0.6744907594765952,0.6744907594765952,,-1.9360247175198737,2.7770473562154034,-0.28973502167829124,0.26869994756358595,brick3_q_v2_robust_mahalanobis_clipped,2026-03-18T05:10:36.278770+00:00
AEP,,,10-Q,2025-09-30,2025-10-29,https://www.sec.gov/Archives/edgar/data/4904/000000490425000171/aep-20250930.htm,33.54,4.118194326767471,2.1090425299704387,0.3724494287225697,1.152555312912427,4,debt_to_assets,-1.9351,equity_to_assets,1.483,assets_growth_yoy,0.9885,robust_mcd,0.33857670874828544,1.5279312160639624,,,-3.6707842657084053,2.8988779293611007,,,0.001217075674453074,0.17933075642150648,,,0.6684116867114769,-0.6408381960828425,,,0.2036328555187525,0.9884910322069801,,,-1.9351058847404523,1.4829914791835235,,,brick3_q_v2_robust_mahalanobis_clipped,2026-03-18T05:10:36.278770+00:00
VRTX,,,10-Q,2022-09-30,2022-10-28,https://www.sec.gov/Archives/edgar/data/875320/000087532022000038/vrtx-20220930.htm,33.46,4.113764930222446,1.341779196226445,1.1833886415577308,1.2595200703672584,6,accrual_ratio,-1.7813,assets_growth_yoy,1.7044,equity_to_assets,1.5638,robust_mcd,,1.0943159543993841,-0.45977802396700174,,-1.6965100007525376,1.697271349298061,-1.7098968501428438,1.3929029987988426,,2.6195906096486237,0.14177177993775658,,-0.9929406369901276,1.3636967594912885,-1.888510468986931,0.0938215942916576,,1.70442581649908,-0.21915810240509842,,-1.4150822552475737,1.5638415133753518,-1.7813422976804785,0.8732704369959686,brick3_q_v2_robust_mahalanobis_clipped,2026-03-18T05:10:36.278770+00:00
HON,,,10-Q,2023-06-30,2023-07-27,https://www.sec.gov/Archives/edgar/data/773840/000077384023000073/hon-20230630.htm,33.38,4.102718269936339,0.4809027438183541,0.7202137223340431,0.5446839307216509,5,equity_to_assets,-1.2216,accrual_ratio,0.6809,ocf_to_net_income,-0.5434,robust_mcd,,0.13309668542907863,-0.10334463931936086,,,-1.685106096855832,0.25770216809131397,-0.22526412939618484,,-0.7130101501989032,-0.025404541604247828,,,-0.5262445940071435,1.315767908222664,-1.0206414176372571,,-0.2053460488221141,-0.07216860023331564,,,-1.2215614957163565,0.680928464143854,-0.5434150446926138,brick3_q_v2_robust_mahalanobis_clipped,2026-03-18T05:10:36.278770+00:00
TMUS,,,10-Q,2025-06-30,2025-07-23,https://www.sec.gov/Archives/edgar/data/1283699/000128369925000117/tmus-20250630.htm,33.31,4.059447630165773,0.8252546493746837,0.3119311727825574,0.5858800252987599,5,equity_to_assets,-1.1631,accrual_ratio,-1.1444,assets_growth_yoy,-0.3632,robust_mcd,,-0.15570253636637382,-0.18873874498700807,,,-1.545719480559983,-2.003670030297329,-0.23244245466272448,,-0.6744907594765952,-0.0830947211316789,,,-0.5892876743103049,0.14460436134684143,0.06817834764736656,,-0.36321782561046234,-0.1464811354448764,,,-1.1631467580601118,-1.144360273639661,-0.11219413373868806,brick3_q_v2_robust_mahalanobis_clipped,2026-03-18T05:10:36.278770+00:00
TMUS,,,10-Q,2024-09-30,2024-10-23,https://www.sec.gov/Archives/edgar/data/1283699/000128369924000142/tmus-20240930.htm,33.23,4.05785044010585,0.6141563564544364,0.6892511183609056,0.5307851730152474,5,equity_to_assets,-1.2725,assets_growth_yoy,-0.5156,net_income_growth_yoy,0.5061,robust_mcd,,-0.3535335972725462,0.20507913472000694,,,-1.8145612230278523,-0.4725378675074032,-0.22506995974437385,,-0.7588073348496206,0.957698261554057,,,-0.45942730379776475,0.7195272685361126,-0.5507954230669728,,-0.5156430923033759,0.506126785453627,,,-1.2725076553358172,0.0042881869100031555,-0.35536014507341346,brick3_q_v2_robust_mahalanobis_clipped,2026-03-18T05:10:36.278770+00:00
AMZN,,,10-Q,2021-09-30,2021-10-29,https://www.sec.gov/Archives/edgar/data/1018724/000101872421000028/amzn-20210930.htm,33.15,4.040561676667121,,1.1462799976421123,1.1462799976421123,5,assets_growth_yoy,2.1444,net_income_growth_yoy,-1.7434,accrual_ratio,0.8571,robust_mcd,,,,,,,,,,2.144400312481658,-1.743418031585229,,,-0.4104189759743741,0.8571348791489296,-0.5760277890203709,,2.144400312481658,-1.743418031585229,,,-0.4104189759743741,0.8571348791489296,-0.5760277890203709,brick3_q_v2_robust_mahalanobis_clipped,2026-03-18T05:10:36.278770+00:00
ISRG,,,10-Q,2022-03-31,2022-04-22,https://www.sec.gov/Archives/edgar/data/1035267/000103526722000085/isrg-20220331.htm,33.08,3.999851827668304,,1.249518098221604,1.249518098221604,6,equity_to_assets,2.0844,debt_to_assets,-1.6462,accrual_ratio,1.3495,robust_mcd,,,,,,,,,,0.9376589003421875,-0.6744907594765952,,-1.6462464438160855,2.0843617137179873,1.3494501160840577,-0.8049006558927105,,0.9376589003421875,-0.6744907594765952,,-1.6462464438160855,2.0843617137179873,1.3494501160840577,-0.8049006558927105,brick3_q_v2_robust_mahalanobis_clipped,2026-03-18T05:10:36.278770+00:00
AEP,,,10-Q,2021-03-31,2021-04-22,https://www.sec.gov/Archives/edgar/data/4904/000000490421000033/aep-20210331.htm,33.0,3.966723186784956,,0.44592135491726653,0.44592135491726653,4,debt_to_assets,0.7164,equity_to_assets,-0.3702,revenue_growth_yoy,0.3513,robust_mcd,,,,,,,,,0.3513121787403291,-0.3458562705302445,,,0.7163563398385084,-0.37016063055998405,,,0.3513121787403291,-0.3458562705302445,,,0.7163563398385084,-0.37016063055998405,,,brick3_q_v2_robust_mahalanobis_clipped,2026-03-18T05:10:36.278770+00:00
DASH,,,10-Q,2025-09-30,2025-11-06,https://www.sec.gov/Archives/edgar/data/1792789/000179278925000020/dash-20250930.htm,32.92,3.9607235134286696,1.2513445534280596,1.585947129524036,1.3144269586313106,6,assets_growth_yoy,2.2477,ocf_to_net_income,2.188,debt_to_assets,1.0428,robust_mcd,,1.1839460370470047,0.17096802778784592,,1.906545266071833,-1.9093872467711357,-0.7349107974348553,1.6023099454556833,,3.843379239531927,1.3418037120355648,,-0.2528938425599196,0.27779584670362534,-0.7333150318758781,3.0664951044373012,,2.2477193180409736,0.6393023014869336,,1.0427696226191319,-1.0345140093812313,-0.7342724912112644,2.1879840090483302,brick3_q_v2_robust_mahalanobis_clipped,2026-03-18T05:10:36.278770+00:00
AXON,,,10-Q,2024-03-31,2024-05-07,https://www.sec.gov/Archives/edgar/data/1069183/000106918324000032/axon-20240331x10q.htm,32.85,3.942471204618871,0.7333849785010994,1.774315813425588,0.9275557228280569,6,accrual_ratio,1.9003,net_income_growth_yoy,1.885,ocf_to_net_income,-0.9762,robust_mcd,,-0.9869058756302249,0.6215347869623868,,0.7319385575499001,-0.7319385575498989,1.0156351342844863,-0.31235695902969984,,1.0210869438142827,3.7802927365525676,,-0.2405361702067345,0.40488880830026946,3.2272064433105574,-1.9718837783691183,,-0.18370874785242186,1.8850379667984591,,0.34294866644724625,-0.2772076112098315,1.9002636578949148,-0.9761676867654673,brick3_q_v2_robust_mahalanobis_clipped,2026-03-18T05:10:36.278770+00:00
AAPL,,,10-Q,2023-12-30,2024-02-02,https://www.sec.gov/Archives/edgar/data/320193/000032019324000006/aapl-20231230.htm,32.77,3.9405402775609013,1.0146910706570327,,1.0146910706570327,6,equity_to_assets,1.9533,debt_to_assets,-1.9533,accrual_ratio,1.2891,robust_mcd,,0.0,0.0,,-1.9533432852429387,1.9533432852429498,1.2891132445458575,-0.8923466089104504,,,,,,,,,,0.0,0.0,,-1.9533432852429387,1.9533432852429498,1.2891132445458575,-0.8923466089104504,brick3_q_v2_robust_mahalanobis_clipped,2026-03-18T05:10:36.278770+00:00
MPWR,,,10-Q,2021-06-30,2021-08-09,https://www.sec.gov/Archives/edgar/data/1280452/000143774921019111/mpwr20210630_10q.htm,32.69,3.931885547709433,,1.1917993609670805,1.1917993609670805,6,equity_to_assets,1.8532,accrual_ratio,-1.7002,debt_to_assets,-1.2102,robust_mcd,,,,,,,,,,1.1272663936909457,0.5582870156375666,,-1.210235067173372,1.8531995557196106,-1.7002339217292932,0.7015742118516954,,1.1272663936909457,0.5582870156375666,,-1.210235067173372,1.8531995557196106,-1.7002339217292932,0.7015742118516954,brick3_q_v2_robust_mahalanobis_clipped,2026-03-18T05:10:36.278770+00:00
ODFL,,,10-Q,2022-06-30,2022-08-03,https://www.sec.gov/Archives/edgar/data/878927/000095017022014258/odfl-20220630.htm,32.61,3.92011168445022,1.0327702033110384,0.875759731397347,0.9080693700784076,6,accrual_ratio,-2.119,assets_growth_yoy,-1.1471,ocf_to_net_income,0.7049,robust_mcd,,-1.9770315792693416,,,-0.0274376029707232,0.027437602970722837,-2.1033456687613246,1.0285985625830796,,0.09787577224635476,0.5443047883013014,,-0.9508213413971676,1.2997573627064596,-2.1423867172463993,0.2194124064863998,,-1.147068638663063,0.5443047883013014,,-0.396791098341301,0.5363655068650175,-2.118962088155355,0.7049241001444077,brick3_q_v2_robust_mahalanobis_clipped,2026-03-18T05:10:36.278770+00:00
CSGP,,,10-Q,2021-03-31,2021-04-28,https://www.sec.gov/Archives/edgar/data/1057352/000105735221000067/csgp-20210331.htm,32.54,3.811155591698807,,1.1653868918443004,1.1653868918443004,6,equity_to_assets,2.1014,assets_growth_yoy,2.0447,debt_to_assets,-1.5772,robust_mcd,,,,,,,,,,2.0447307440206948,-0.44504454776232794,,-1.5772218041624284,2.1013912812284024,0.6305356381575048,-0.19339733573444431,,2.0447307440206948,-0.44504454776232794,,-1.5772218041624284,2.1013912812284024,0.6305356381575048,-0.19339733573444431,brick3_q_v2_robust_mahalanobis_clipped,2026-03-18T05:10:36.278770+00:00
BKR,,,10-Q,2025-03-31,2025-04-23,https://www.sec.gov/Archives/edgar/data/1701605/000170160525000075/bkr-20250331.htm,32.46,3.8093463197416875,1.0630270100632817,0.2883990586818926,0.691161710935677,5,equity_to_assets,1.2235,accrual_ratio,0.9626,net_income_growth_yoy,-0.8397,robust_mcd,,0.4999484248312551,-1.1529207658164542,,,1.9790914871538339,1.5360771944109026,0.14709717810396328,,-0.3875882410940568,-0.36983826387327356,,,0.09019094500497161,0.10238146459231114,0.49199637884484987,,0.14493375846113035,-0.839687765039182,,,1.2235312702942889,0.962598902483466,0.2850568584003179,brick3_q_v2_robust_mahalanobis_clipped,2026-03-18T05:10:36.278770+00:00
KDP,,,10-Q,2025-03-31,2025-04-24,https://www.sec.gov/Archives/edgar/data/1418135/000141813525000061/kdp-20250331.htm,32.38,3.800098140319517,1.6568352795742107,0.4630903017457861,1.0982524783950822,6,debt_to_assets,1.9594,equity_to_assets,-1.9125,ocf_to_net_income,-1.1865,robust_mcd,,1.0177408430450887,-0.07275059710236853,,3.2709477313221265,-3.2667844377960606,1.1377169894414771,-1.1750710787381429,,-0.37957947607525294,0.10181765658668664,,-0.007809734852418402,0.11892920784383126,0.9668728366820012,-1.203532898434526,,0.458812715396952,-0.0029232956267464597,,1.9594447448523082,-1.9124989795401037,1.069379328337687,-1.1864558066166961,brick3_q_v2_robust_mahalanobis_clipped,2026-03-18T05:10:36.278770+00:00
CTAS,,,10-Q,2023-08-31,2023-10-05,https://www.sec.gov/Archives/edgar/data/723254/000072325423000037/ctas-20230831.htm,32.31,3.799180160925788,1.1102456805876404,0.6744907594765952,0.8330224182485317,5,equity_to_assets,1.3211,net_income_growth_yoy,0.7675,assets_growth_yoy,0.7581,robust_mcd,,1.7131856921000035,0.7674533116794435,,,1.7521050871388548,0.6597135002173521,-0.6587708118025478,,-0.6744907594765952,,,,0.6744907594765951,,,,0.7581151114693638,0.7674533116794435,,,1.321059356073951,0.6597135002173521,-0.6587708118025478,brick3_q_v2_robust_mahalanobis_clipped,2026-03-18T05:10:36.278770+00:00
ROST,,,10-Q,2021-10-30,2021-12-08,https://www.sec.gov/Archives/edgar/data/745732/000074573221000058/rost-20211030.htm,32.23,3.7845352936200527,,0.9239916135349737,0.9239916135349737,5,accrual_ratio,-1.922,assets_growth_yoy,0.6745,ocf_to_net_income,0.6745,robust_mcd,,,,,,,,,,0.6744907594765953,0.6744907594765952,,,-0.6744907594765952,-1.9219950297684887,0.6744907594765953,,0.6744907594765953,0.6744907594765952,,,-0.6744907594765952,-1.9219950297684887,0.6744907594765953,brick3_q_v2_robust_mahalanobis_clipped,2026-03-18T05:10:36.278770+00:00
ADSK,,,10-Q,2021-04-30,2021-06-03,https://www.sec.gov/Archives/edgar/data/769397/000076939721000034/adsk-20210430.htm,32.15,3.7723838414073723,,0.7745412534806903,0.7745412534806903,5,accrual_ratio,1.5914,net_income_growth_yoy,0.8939,equity_to_assets,-0.5958,robust_mcd,,,,,,,,,,-0.26291170510469214,0.8939117298294151,,,-0.5957846834094891,1.5913699242663681,0.5287282247934867,,-0.26291170510469214,0.8939117298294151,,,-0.5957846834094891,1.5913699242663681,0.5287282247934867,brick3_q_v2_robust_mahalanobis_clipped,2026-03-18T05:10:36.278770+00:00
ODFL,,,10-Q,2021-09-30,2021-11-03,https://www.sec.gov/Archives/edgar/data/878927/000156459021054053/odfl-10q_20210930.htm,32.07,3.770935182724582,,0.9250830669986696,0.9250830669986696,6,equity_to_assets,1.7738,accrual_ratio,-1.7071,debt_to_assets,-1.2405,robust_mcd,,,,,,,,,,-0.07137548187581706,0.6451499737534566,,-1.2404881062833928,1.7737625637834906,-1.7071224532031422,-0.11259982309271865,,-0.07137548187581706,0.6451499737534566,,-1.2404881062833928,1.7737625637834906,-1.7071224532031422,-0.11259982309271865,brick3_q_v2_robust_mahalanobis_clipped,2026-03-18T05:10:36.278770+00:00
HON,,,10-Q,2022-03-31,2022-04-29,https://www.sec.gov/Archives/edgar/data/773840/000077384022000037/hon-20220331.htm,32.0,3.7607169811701553,,1.002789302110194,1.002789302110194,5,accrual_ratio,1.7794,ocf_to_net_income,-1.5563,net_income_growth_yoy,-0.7992,robust_mcd,,,,,,,,,,-0.6381505984077381,-0.799219313809763,,,-0.24087014643031707,1.77944100362283,-1.5562654482803213,,-0.6381505984077381,-0.799219313809763,,,-0.24087014643031707,1.77944100362283,-1.5562654482803213,brick3_q_v2_robust_mahalanobis_clipped,2026-03-18T05:10:36.278770+00:00
BKR,,,10-Q,2024-03-31,2024-04-24,https://www.sec.gov/Archives/edgar/data/1701605/000170160524000067/bkr-20240331.htm,31.92,3.723326136740236,1.3788673195641419,0.35251674453903953,0.8959304113893172,5,accrual_ratio,1.5536,net_income_growth_yoy,-1.4102,assets_growth_yoy,1.0765,robust_mcd,,2.046266130820226,-1.9200328525134605,,,-0.14391098623114312,2.5268590736686067,0.2572675545872726,,-0.3781729846152638,-0.6454846734335713,,,0.07430625391463426,0.09359373522617062,0.5710260755055577,,1.07649048464603,-1.4102135808815046,,,-0.05662409017283217,1.5535529382916322,0.3827709629545866,brick3_q_v2_robust_mahalanobis_clipped,2026-03-18T05:10:36.278770+00:00
ODFL,,,10-Q,2024-03-31,2024-05-07,https://www.sec.gov/Archives/edgar/data/878927/000095017024054284/odfl-20240331.htm,31.84,3.7187671902729367,1.7780630312936465,0.6918826345335861,1.2107808312418433,6,equity_to_assets,2.3399,debt_to_assets,-2.2647,assets_growth_yoy,1.1137,robust_mcd,,1.5422153894230617,-1.7479068061300487,,-2.993262635024431,2.9932626350244287,0.7105627313051404,-0.6811679908547682,,0.4708485118019987,-0.15265254256820118,,-1.1719748598563413,1.3597445828666335,-0.8016679765963957,0.194407333511946,,1.1136686383746366,-1.1098051007053096,,-2.264747524957195,2.3398554141613106,0.10567044814452592,-0.3309378611080825,brick3_q_v2_robust_mahalanobis_clipped,2026-03-18T05:10:36.278770+00:00
LRCX,,,10-Q,2023-09-24,2023-10-23,https://www.sec.gov/Archives/edgar/data/707549/000070754923000115/lrcx-20230924.htm,31.77,3.71858905952675,1.2120338978626173,,1.2120338978626173,6,net_income_growth_yoy,-2.6845,equity_to_assets,1.2491,debt_to_assets,-1.2491,robust_mcd,,-1.1070799975010222,-2.6844788147695042,,-1.2490579835488425,1.2490579835488453,0.5204871516342134,-0.46204145617327663,,,,,,,,,,-1.1070799975010222,-2.6844788147695042,,-1.2490579835488425,1.2490579835488453,0.5204871516342134,-0.46204145617327663,brick3_q_v2_robust_mahalanobis_clipped,2026-03-18T05:10:36.278770+00:00
ADSK,,,10-Q,2022-04-30,2022-06-02,https://www.sec.gov/Archives/edgar/data/769397/000076939722000074/adsk-20220430.htm,31.69,3.5780763539445464,,0.5357499568153476,0.5357499568153476,5,equity_to_assets,-1.1037,ocf_to_net_income,0.6616,accrual_ratio,0.578,robust_mcd,,,,,,,,,,-0.0646344026071675,-0.270814457137067,,,-1.1036931807267922,0.5779652192790041,0.6616425243267078,,-0.0646344026071675,-0.270814457137067,,,-1.1036931807267922,0.5779652192790041,0.6616425243267078,brick3_q_v2_robust_mahalanobis_clipped,2026-03-18T05:10:36.278770+00:00
WDAY,,,10-Q,2025-10-31,2025-11-26,https://www.sec.gov/Archives/edgar/data/1327811/000132781125000198/wday-20251031.htm,31.61,3.574952218600994,1.1065210869196045,0.7210605613696871,0.9169080226299462,6,accrual_ratio,-2.0505,ocf_to_net_income,1.1578,equity_to_assets,0.8954,robust_mcd,,-0.9949086070093943,-0.17714427034845587,,-0.5547459889499793,0.5549203092105097,-3.2535349402026545,1.1038724057966325,,-0.5933242001314664,0.5492620944229574,,-0.29277291333977795,1.4062424876179698,-0.24600116778600645,1.2387605049199446,,-0.8342748442582232,0.11341827556010943,,-0.44995675870589874,0.8954491805734939,-2.050521431235995,1.1578276454459573,brick3_q_v2_robust_mahalanobis_clipped,2026-03-18T05:10:36.278770+00:00
CSX,,,10-Q,2022-06-30,2022-07-21,https://www.sec.gov/Archives/edgar/data/277948/000027794822000034/csx-20220630.htm,31.53,3.5626010762271982,1.3615413899185973,0.20450238529897474,0.8966476112589422,5,assets_growth_yoy,-2.1817,debt_to_assets,0.8336,net_income_growth_yoy,-0.5266,robust_mcd,,-3.399534644310576,-0.8862721994494298,,1.0942301376314545,,-0.7883232084118627,0.6393467597896629,,-0.3548433811254339,0.012988605073786635,,0.4426731115682151,,-0.003127496202458095,0.20887933252497998,,-2.181658139036519,-0.5265678776401432,,0.8336073272061587,,-0.4742449235281008,0.46715978888378973,brick3_q_v2_robust_mahalanobis_clipped,2026-03-18T05:10:36.278770+00:00
MCHP,,,10-Q,2024-09-30,2024-11-05,https://www.sec.gov/Archives/edgar/data/827054/000082705424000206/mchp-20240930.htm,31.46,3.5296276723907494,1.1609625294452521,1.1751578645662235,1.149418355752936,5,net_income_growth_yoy,-2.3714,assets_growth_yoy,-1.4782,ocf_to_net_income,1.0699,robust_mcd,,-1.4851064966138838,-2.0629517974764453,,,0.43298890463212136,0.644664320372298,1.1791011281315125,,-1.4678642457165625,-2.8340893006378662,,,-0.10763942337940383,0.5601646050417638,0.9060317480555214,,-1.4782095962549553,-2.3714067987410137,,,0.21673757342751127,0.6108644342400844,1.069873376101116,brick3_q_v2_robust_mahalanobis_clipped,2026-03-18T05:10:36.278770+00:00
ODFL,,,10-Q,2024-09-30,2024-11-06,https://www.sec.gov/Archives/edgar/data/878927/000095017024122440/odfl-20240930.htm,31.38,3.5073262519110435,1.3287062491264263,1.083236287769332,1.2305182645835886,6,accrual_ratio,-1.7795,ocf_to_net_income,1.2221,equity_to_assets,1.2126,robust_mcd,,-1.4107762538578392,-1.2425513816888902,,-1.20190834984077,1.201908349840767,-1.1097238280666037,1.805369331463687,,-0.6198625160209531,-0.5428482630801367,,-0.976754813419479,1.228572179605702,-2.784193754718678,0.3471861997710429,,-1.0944107587230847,-0.9626701342453888,,-1.1118469352722538,1.212573881746741,-1.7795117987274334,1.2220960787866293,brick3_q_v2_robust_mahalanobis_clipped,2026-03-18T05:10:36.278770+00:00
INTC,,,10-Q,2025-03-29,2025-04-25,https://www.sec.gov/Archives/edgar/data/50863/000005086325000074/intc-20250329.htm,31.3,3.4979405855228745,1.1866685479560204,0.7747311392417686,0.8907936576436658,5,net_income_growth_yoy,1.9868,ocf_to_net_income,-1.5037,equity_to_assets,-0.8126,robust_mcd,,0.26370213072296983,3.0605593711374786,,,-1.3093250201584716,0.46186012197111237,-0.8378960957900692,,-0.5039234255986431,0.376158107530337,,,-0.06738873611143262,-0.4238213465821324,-2.5023640803862977,,-0.043348091805675365,1.9867988656946218,,,-0.812550506539656,0.10758753454981443,-1.5036832896285608,brick3_q_v2_robust_mahalanobis_clipped,2026-03-18T05:10:36.278770+00:00
PCAR,,,10-Q,2021-03-31,2021-05-03,https://www.sec.gov/Archives/edgar/data/75362/000156459021022825/pcar-10q_20210331.htm,31.23,3.4577382430501094,,0.31049346585170134,0.31049346585170134,7,accrual_ratio,0.6106,assets_growth_yoy,-0.481,revenue_growth_yoy,0.2962,robust_mcd,,,,,,,,,0.2962260938874394,-0.48095277468191877,0.11919628373817526,0.20897372042955195,,0.2261689162046793,0.6105833279819745,-0.23135314403817042,0.2962260938874394,-0.48095277468191877,0.11919628373817526,0.20897372042955195,,0.2261689162046793,0.6105833279819745,-0.23135314403817042,brick3_q_v2_robust_mahalanobis_clipped,2026-03-18T05:10:36.278770+00:00
ROST,,,10-Q,2021-05-01,2021-06-09,https://www.sec.gov/Archives/edgar/data/745732/000074573221000041/rost-20210501.htm,31.15,3.4536941672827517,,0.6046538451111321,0.6046538451111321,5,net_income_growth_yoy,1.2619,equity_to_assets,-1.1088,ocf_to_net_income,-0.3525,robust_mcd,,,,,,,,,,0.0,1.2619303357261407,,,-1.1088357814373506,0.29999455685251725,-0.352508551539652,,0.0,1.2619303357261407,,,-1.1088357814373506,0.29999455685251725,-0.352508551539652,brick3_q_v2_robust_mahalanobis_clipped,2026-03-18T05:10:36.278770+00:00
CTSH,,,10-Q,2021-06-30,2021-07-29,https://www.sec.gov/Archives/edgar/data/1058290/000105829021000212/ctsh-20210630.htm,31.07,3.4454782882059307,,0.5528810539604587,0.5528810539604587,8,assets_growth_yoy,-1.346,equity_to_assets,1.2722,debt_to_assets,-0.7429,robust_mcd,,,,,,,,,-0.23788301522151523,-1.3460440611643927,0.012632472126198351,0.1195705829831695,-0.7429187549429569,1.2721889762014063,0.42869694896274746,-0.2631136200812828,-0.23788301522151523,-1.3460440611643927,0.012632472126198351,0.1195705829831695,-0.7429187549429569,1.2721889762014063,0.42869694896274746,-0.2631136200812828,brick3_q_v2_robust_mahalanobis_clipped,2026-03-18T05:10:36.278770+00:00
ISRG,,,10-Q,2024-03-31,2024-04-19,https://www.sec.gov/Archives/edgar/data/1035267/000103526724000137/isrg-20240331.htm,30.99,3.4399413088633097,0.8922505186751181,1.3739536236225003,1.163246180190231,6,equity_to_assets,1.6754,accrual_ratio,1.3457,ocf_to_net_income,-1.0903,robust_mcd,,0.7406880848370477,0.902148731234142,,-0.6744907594765952,,1.083319668402904,-1.0606053494249015,,1.2389945053428375,0.9104650362220604,,-1.5449562649458104,1.6753947140367202,1.7391502987277005,-1.1347609224598727,,0.9400106530393637,0.9054752532293093,,-1.0226769616642812,1.6753947140367202,1.3456519205328226,-1.09026757863889,brick3_q_v2_robust_mahalanobis_clipped,2026-03-18T05:10:36.278770+00:00
IDXX,,,10-Q,2023-06-30,2023-08-01,https://www.sec.gov/Archives/edgar/data/874716/000087471623000100/idxx-20230630.htm,30.92,3.423515604662722,1.6983882500938001,0.4295894694846664,1.0782431350432777,6,net_income_growth_yoy,1.9842,equity_to_assets,1.9191,debt_to_assets,-1.813,robust_mcd,,-0.26215100096265787,2.608707394283477,,-3.204600302976066,3.2608301138380194,-0.508560394240381,0.34548029426219934,,0.20954371989763473,1.0475474693919593,,0.27439548183075807,-0.09342314869319489,-0.6852973264645241,-0.2673296706299272,,-0.07347311261854082,1.9842434243268698,,-1.8130019890533364,1.9191288088255336,-0.5792551671300383,0.10035630830534872,brick3_q_v2_robust_mahalanobis_clipped,2026-03-18T05:10:36.278770+00:00
CMCSA,,,10-Q,2021-06-30,2021-07-29,https://www.sec.gov/Archives/edgar/data/1166691/000116669121000029/cmcsa-20210630.htm,30.84,3.4159031526233763,,0.43653433536943326,0.43653433536943326,7,ocf_to_net_income,1.2295,assets_growth_yoy,-0.5334,accrual_ratio,-0.4182,robust_mcd,,,,,,,,,0.04419237439243904,-0.5334423226452,-0.20971936685571027,0.40472035805221324,,-0.21593978788723167,-0.41821049679337663,1.2295156409598622,0.04419237439243904,-0.5334423226452,-0.20971936685571027,0.40472035805221324,,-0.21593978788723167,-0.41821049679337663,1.2295156409598622,brick3_q_v2_robust_mahalanobis_clipped,2026-03-18T05:10:36.278770+00:00
BKR,,,10-Q,2025-06-30,2025-07-23,https://www.sec.gov/Archives/edgar/data/1701605/000170160525000107/bkr-20250630.htm,30.76,3.4148106878127074,0.8527237911051821,0.2290474443261367,0.516424435429658,5,equity_to_assets,1.3098,accrual_ratio,0.616,assets_growth_yoy,0.4069,robust_mcd,,0.8634718797336302,-0.3870491979797195,,,2.171847263852617,0.8340986553797942,0.007151958580150063,,-0.27807875031047435,0.25387341784371287,,,0.016759526928673444,0.2887656152534341,-0.30775991129438857,,0.4068516277159883,-0.13068015165034652,,,1.3098121690830398,0.6159654393292501,-0.1188127893696654,brick3_q_v2_robust_mahalanobis_clipped,2026-03-18T05:10:36.278770+00:00
KHC,,,10-Q,2023-04-01,2023-05-03,https://www.sec.gov/Archives/edgar/data/1637459/000163745923000047/khc-20230401.htm,30.69,3.3911486782247864,1.7570282182577823,0.5853295718576598,1.0690529213689084,6,net_income_growth_yoy,-1.8939,debt_to_assets,-1.1642,accrual_ratio,1.1191,robust_mcd,,1.835043730126019,-3.668273077916002,,-1.490598444639054,1.5466259460192473,1.1029516137369118,-0.8986764971094606,,-0.8769679787216065,0.7677508087445806,,-0.6744907594765954,0.02726849455133897,1.1433770623309572,-0.022122327320880108,,0.7502390465869686,-1.893863523251769,,-1.1641553705740706,0.9388829654320839,1.1191217931745299,-0.5480548291940284,brick3_q_v2_robust_mahalanobis_clipped,2026-03-18T05:10:36.278770+00:00
IDXX,,,10-Q,2023-09-30,2023-11-01,https://www.sec.gov/Archives/edgar/data/874716/000087471623000128/idxx-20230930.htm,30.61,3.3719222062917176,1.6040724731573437,0.46081795010384524,1.112381092780563,6,accrual_ratio,-1.7733,equity_to_assets,1.391,debt_to_assets,-1.3237,robust_mcd,,1.4021222367437134,0.0720995011327735,,-2.3065336630632003,2.3194195242031563,-1.7534141981774731,1.7708457156237443,,0.7038117810622658,-0.05145116585520799,,0.15059255246358613,-0.0017282243899779573,-1.8031741358954463,-0.054149840956587245,,1.1227980544711345,0.022679234337580897,,-1.3236831768524857,1.3909604247659026,-1.7733181732646623,1.0408474929916116,brick3_q_v2_robust_mahalanobis_clipped,2026-03-18T05:10:36.278770+00:00
MCHP,,,10-Q,2022-09-30,2022-11-03,https://www.sec.gov/Archives/edgar/data/827054/000082705422000193/mchp-20220930.htm,30.53,3.3514881025976893,1.2731924693927723,0.7492698968107272,0.908890031242291,5,assets_growth_yoy,1.7343,equity_to_assets,1.0179,net_income_growth_yoy,0.9041,robust_mcd,,3.1040844493314643,-0.43115002449777245,,,1.6901557105737417,-0.8195070369192184,-0.32106512564166423,,-0.3203587702387367,2.906868793712206,,,0.009607117496148983,-0.49864009154986644,-0.010874711056677828,,1.7343071615033838,0.904057502786219,,,1.0179362733427044,-0.6911602587714776,-0.19698895980766964,brick3_q_v2_robust_mahalanobis_clipped,2026-03-18T05:10:36.278770+00:00
MU,,,10-Q,2025-11-27,2025-12-18,https://www.sec.gov/Archives/edgar/data/723125/000072312525000046/mu-20251127.htm,30.45,3.3492814635736585,0.7404344588455666,,0.7404344588455666,6,assets_growth_yoy,2.7546,accrual_ratio,0.6194,ocf_to_net_income,-0.5086,robust_mcd,,2.754593123942922,0.0,,0.2799789576196064,-0.2799789576196067,0.6194107324284677,-0.508644981462797,,,,,,,,,,2.754593123942922,0.0,,0.2799789576196064,-0.2799789576196067,0.6194107324284677,-0.508644981462797,brick3_q_v2_robust_mahalanobis_clipped,2026-03-18T05:10:36.278770+00:00
FAST,,,10-Q,2025-03-31,2025-04-16,https://www.sec.gov/Archives/edgar/data/815556/000081555625000083/fast-20250331.htm,30.38,3.3378227048545983,0.7211168502046017,0.6121594787626773,0.6775339016278319,5,equity_to_assets,1.2509,assets_growth_yoy,0.7955,accrual_ratio,0.5775,robust_mcd,,1.3070640132826798,-0.5253921592813994,,,1.288628082942458,0.2444813404908592,-0.24001865502561223,,0.028185685397801072,-0.1483908002122854,,,1.1942572346281222,1.0770588640240244,-0.6129048095511532,,0.7955126821287283,-0.37459161565375376,,,1.2508797436167236,0.5775123499041253,-0.38917311683582867,brick3_q_v2_robust_mahalanobis_clipped,2026-03-18T05:10:36.278770+00:00
TXN,,,10-Q,2021-06-30,2021-07-22,https://www.sec.gov/Archives/edgar/data/97476/000009747621000020/txn-20210630.htm,30.3,3.334102719089085,,0.596179597835092,0.596179597835092,6,accrual_ratio,-2.0584,equity_to_assets,0.6988,assets_growth_yoy,0.431,robust_mcd,,,,,,,,,,0.43100943754090737,-0.012632472126198276,,-0.2817511860084053,0.6988230793363448,-2.0584490713648567,0.0944123406338395,,0.43100943754090737,-0.012632472126198276,,-0.2817511860084053,0.6988230793363448,-2.0584490713648567,0.0944123406338395,brick3_q_v2_robust_mahalanobis_clipped,2026-03-18T05:10:36.278770+00:00
MSFT,,,10-Q,2024-03-31,2024-04-25,https://www.sec.gov/Archives/edgar/data/789019/000095017024048288/msft-20240331.htm,30.22,3.3122042601532082,1.2353089558700674,0.6140617299394842,0.9717868669160735,6,assets_growth_yoy,2.7606,equity_to_assets,1.001,debt_to_assets,-0.9347,robust_mcd,,3.3404238633020937,-0.07511599290880229,,-1.3639791664294818,1.3639791664294836,-0.5459832721573947,0.722372273993148,,1.8907967821945701,0.21018467301841437,,-0.2908273565189257,0.4564443537093327,-0.6353230176613865,0.2007941965342752,,2.760573030859084,0.039004273462084384,,-0.9347184424652594,1.0009652413414232,-0.5817191703589915,0.5137410430095988,brick3_q_v2_robust_mahalanobis_clipped,2026-03-18T05:10:36.278770+00:00
ADSK,,,10-Q,2021-07-31,2021-09-01,https://www.sec.gov/Archives/edgar/data/769397/000076939721000075/adsk-20210731.htm,30.15,3.308990597737916,,0.41676156592967395,0.41676156592967395,5,equity_to_assets,-1.1635,ocf_to_net_income,0.6745,assets_growth_yoy,0.1762,robust_mcd,,,,,,,,,,0.17617482870846415,0.020471057546132466,,,-1.1635028697357457,0.04916831418143219,0.6744907594765952,,0.17617482870846415,0.020471057546132466,,,-1.1635028697357457,0.04916831418143219,0.6744907594765952,brick3_q_v2_robust_mahalanobis_clipped,2026-03-18T05:10:36.278770+00:00
SNPS,,,10-Q,2023-07-31,2023-08-18,https://www.sec.gov/Archives/edgar/data/883241/000088324123000016/snps-20230731.htm,30.07,3.3013589170878097,1.1188053760685948,0.5249409703698446,0.6513637355242513,6,assets_growth_yoy,-2.6247,accrual_ratio,-0.6742,ocf_to_net_income,0.1909,robust_mcd,,-4.3745144187230105,0.3121884024870432,,0.4659821053063742,-0.6541272538308662,-0.5878681572735736,0.31815191879070054,,0.0,-0.04405504828046367,,-0.8444541133967625,1.4573410418714523,-0.8037956186703887,0.0,,-2.624708651233806,0.16969102218004045,,-0.05819238217488054,0.19046006445006125,-0.6742391418322996,0.19089115127442033,brick3_q_v2_robust_mahalanobis_clipped,2026-03-18T05:10:36.278770+00:00
ISRG,,,10-Q,2021-09-30,2021-10-20,https://www.sec.gov/Archives/edgar/data/1035267/000103526721000178/isrg-20210930.htm,29.99,3.2832433703814954,,1.1302284556156181,1.1302284556156181,6,equity_to_assets,2.4249,debt_to_assets,-1.8629,assets_growth_yoy,1.044,robust_mcd,,,,,,,,,,1.0439648113054052,-0.10305209461124422,,-1.862861272440314,2.424924302384397,-0.8506408326542423,0.49592742029810616,,1.0439648113054052,-0.10305209461124422,,-1.862861272440314,2.424924302384397,-0.8506408326542423,0.49592742029810616,brick3_q_v2_robust_mahalanobis_clipped,2026-03-18T05:10:36.278770+00:00
WDC,,,10-Q,2023-03-31,2023-05-10,https://www.sec.gov/Archives/edgar/data/106040/000010604023000017/wdc-20230331.htm,29.92,3.263861287531357,0.9703785416735197,0.49769830570812434,0.7353050898395691,6,accrual_ratio,1.3458,assets_growth_yoy,-0.7914,debt_to_assets,-0.7416,robust_mcd,,,,,-1.0683534408733162,0.1253095849477704,2.22421738461943,-0.4636337562535623,,-0.7913763582196033,0.6893671506495119,,-0.2515265200254784,0.345882952409224,0.028226910629462757,-0.8798099423154655,,-0.7913763582196033,0.6893671506495119,,-0.7416226725341811,0.21353893193235185,1.345821195023443,-0.6301042306783236,brick3_q_v2_robust_mahalanobis_clipped,2026-03-18T05:10:36.278770+00:00
WDAY,,,10-Q,2022-10-31,2022-11-29,https://www.sec.gov/Archives/edgar/data/1327811/000132781122000184/wday-20221031.htm,29.84,3.261721803917015,1.2567372801801797,0.978854159884901,1.1277516517708384,6,net_income_growth_yoy,-2.1031,assets_growth_yoy,1.9771,equity_to_assets,0.9936,robust_mcd,,3.024489844996532,-1.1128646372973923,,-1.3171920541390385,1.3171920541390316,-0.0891619014561502,-0.6795231890529346,,0.4059162396158099,-3.588442637144522,,-0.2099281336552777,0.5082307584484136,0.48611643096878693,-0.6744907594765953,,1.9770604028442431,-2.103095837236244,,-0.8742864859455342,0.9936075358627844,0.14094943151382466,-0.6775102172223989,brick3_q_v2_robust_mahalanobis_clipped,2026-03-18T05:10:36.278770+00:00
PLTR,,,10-Q,2025-06-30,2025-08-05,https://www.sec.gov/Archives/edgar/data/1321655/000132165525000106/pltr-20250630.htm,29.76,3.252765822320431,0.7696642617481344,2.028373330409049,1.2038862573654914,6,assets_growth_yoy,2.3299,net_income_growth_yoy,1.8238,equity_to_assets,1.1614,robust_mcd,,1.5021177508734107,0.3491670333738613,,-0.9119070809519217,1.0944673062678174,0.3463081592350439,0.4140182397867517,,3.5714570826236725,4.035825769256106,,-1.241215606419303,1.2618630847983838,-1.6167595255930827,0.4431189137637452,,2.3298534835735154,1.8238305277267592,,-1.0436304911388743,1.161425617680044,-0.4389189146962068,0.42565850937754907,brick3_q_v2_robust_mahalanobis_clipped,2026-03-18T05:10:36.278770+00:00
ROP,,,10-Q,2023-09-30,2023-11-02,https://www.sec.gov/Archives/edgar/data/882835/000088283523000052/rop-20230930.htm,29.68,3.2457419607467988,1.7930515462039167,0.44628340120509097,1.2181199229800599,6,ocf_to_net_income,2.2857,assets_growth_yoy,1.5087,accrual_ratio,-1.4848,robust_mcd,,2.1225037159744558,-0.9295254833107578,,-0.755766790100087,0.755766790100087,-2.655861786810198,3.5388847109279147,,0.5879459133782567,-0.23603728060282753,,-0.4383890492229654,0.7376408345164551,0.2716827391824487,0.4060045903275923,,1.508680594935976,-0.6521302022275857,,-0.6288156937492384,0.7485164078666342,-1.4848439764131394,2.2857326626877854,brick3_q_v2_robust_mahalanobis_clipped,2026-03-18T05:10:36.278770+00:00
KDP,,,10-Q,2023-03-31,2023-04-27,https://www.sec.gov/Archives/edgar/data/1418135/000141813523000009/kdp-20230331.htm,29.61,3.2434518705922133,0.9643845708500823,0.7439227938649303,0.8531480563580572,6,assets_growth_yoy,-1.6476,accrual_ratio,1.33,ocf_to_net_income,-1.2779,robust_mcd,,-2.406474245391576,-0.6286581439671483,,0.0582100712904756,-0.05704894719934557,1.460136154337934,-1.175779862914014,,-0.5092429522090612,-0.757365509716154,,-0.21536099158799726,0.415537523475042,1.1348690530423433,-1.431160733158984,,-1.6475817281185703,-0.6801410902667506,,-0.05121835386091355,0.13198564107040947,1.330029313819698,-1.277932211012002,brick3_q_v2_robust_mahalanobis_clipped,2026-03-18T05:10:36.278770+00:00
DXCM,,,10-Q,2025-09-30,2025-10-30,https://www.sec.gov/Archives/edgar/data/1093557/000109355725000280/dxcm-20250930.htm,29.53,3.233683257280979,0.6674462885418039,1.0897425807455363,0.8363648054232969,6,net_income_growth_yoy,2.0256,accrual_ratio,-1.7241,assets_growth_yoy,0.4777,robust_mcd,,0.14316350589687118,1.2328867339365088,,0.025106005465143428,-0.04349019098465475,-2.178561924151124,0.38146937081652166,,0.9794287028158021,3.2147321064176695,,0.3749213549105451,-0.32150884970269616,-1.042465167590043,0.6053993030364618,,0.4776695846644436,2.025624882928973,,0.16503214524330412,-0.15469765447187134,-1.7241232215266915,0.4710413437044977,brick3_q_v2_robust_mahalanobis_clipped,2026-03-18T05:10:36.278770+00:00
KHC,,,10-Q,2022-03-26,2022-04-28,https://www.sec.gov/Archives/edgar/data/1637459/000163745922000060/khc-20220326.htm,29.45,3.214339179061036,,0.705145284636875,0.705145284636875,6,net_income_growth_yoy,2.2074,accrual_ratio,0.6745,ocf_to_net_income,-0.6745,robust_mcd,,,,,,,,,,0.0,2.2073994293914647,,-0.6744907594765951,0.0,0.6744907594765952,-0.6744907594765952,,0.0,2.2073994293914647,,-0.6744907594765951,0.0,0.6744907594765952,-0.6744907594765952,brick3_q_v2_robust_mahalanobis_clipped,2026-03-18T05:10:36.278770+00:00
WDAY,,,10-Q,2021-07-31,2021-08-26,https://www.sec.gov/Archives/edgar/data/1327811/000132781121000133/wday-20210731.htm,29.38,3.2065551628124145,,0.7961618381075591,0.7961618381075591,6,net_income_growth_yoy,2.956,accrual_ratio,0.9171,debt_to_assets,0.4364,robust_mcd,,,,,,,,,,-0.1761748287084643,2.9559879830706293,,0.4363755084554828,0.0,0.9170853875819541,-0.2913473208288248,,-0.1761748287084643,2.9559879830706293,,0.4363755084554828,0.0,0.9170853875819541,-0.2913473208288248,brick3_q_v2_robust_mahalanobis_clipped,2026-03-18T05:10:36.278770+00:00
ALNY,,,10-Q,2023-03-31,2023-05-04,https://www.sec.gov/Archives/edgar/data/1178670/000117867023000011/alny-20230331.htm,29.3,3.205609027689308,1.2975648704310914,0.89937085543548,1.0737843083535217,6,debt_to_assets,1.7197,equity_to_assets,-1.6903,assets_growth_yoy,-1.5308,robust_mcd,,-2.1015947718152974,1.413473816789008,,1.7274264594152557,-1.7274264594152573,-0.39174134328682947,-0.4237263718649013,,-0.6744907594765952,0.464101607717966,,1.7080688781137745,-1.6345495716723393,0.48377217059493904,-0.43124214503726577,,-1.5307531668798164,1.0337249331605913,,1.719683426894663,-1.6902757043180903,-0.041535937734122036,-0.4267326811338471,brick3_q_v2_robust_mahalanobis_clipped,2026-03-18T05:10:36.278770+00:00
META,,,10-Q,2024-03-31,2024-04-25,https://www.sec.gov/Archives/edgar/data/1326801/000132680124000049/meta-20240331.htm,29.22,3.204930885000193,,1.1360751288677542,1.1360751288677542,6,net_income_growth_yoy,2.2347,accrual_ratio,-1.2718,assets_growth_yoy,1.1893,robust_mcd,,,,,,,,,,1.1893096176563716,2.2346918207574658,,-0.8008930659457126,0.9793335073021187,-1.2717927890563379,0.34042997248851864,,1.1893096176563716,2.2346918207574658,,-0.8008930659457126,0.9793335073021187,-1.2717927890563379,0.34042997248851864,brick3_q_v2_robust_mahalanobis_clipped,2026-03-18T05:10:36.278770+00:00
CSGP,,,10-Q,2023-09-30,2023-10-25,https://www.sec.gov/Archives/edgar/data/1057352/000105735223000127/csgp-20230930.htm,29.14,3.1835621507333225,1.391493852765006,0.6142734033374696,1.0202155292660307,6,equity_to_assets,2.3339,debt_to_assets,-2.1429,net_income_growth_yoy,0.6409,robust_mcd,,-0.634792749217835,1.0135681919147705,,-2.815343478364528,2.8157303069730446,-0.5457193268647443,0.5238090632551143,,-0.14385375429431826,0.081933327944664,,-1.1342656984385278,1.61121635685644,0.45292607795970463,0.2614452045311627,,-0.43841715124842834,0.6409142463267279,,-2.142912366394128,2.3339247269264027,-0.14626116493496472,0.41886351976553365,brick3_q_v2_robust_mahalanobis_clipped,2026-03-18T05:10:36.278770+00:00
DDOG,,,10-Q,2024-09-30,2024-11-08,https://www.sec.gov/Archives/edgar/data/1561550/000156155024000175/ddog-20240930.htm,29.07,3.1827897593511816,0.9934935621648009,1.9615136141497065,1.380701582958763,6,ocf_to_net_income,1.8248,net_income_growth_yoy,1.4282,assets_growth_yoy,1.4266,robust_mcd,,0.8608624165492402,0.09003732307710377,,-1.7252476935155645,1.7252476935155665,-0.9564043891413307,0.6031618571900002,,2.2752409883566718,3.435439882228427,,-0.3335373619617099,0.4951013519930602,-1.5724568347909984,3.657305265567371,,1.4266138452722128,1.4281983467376331,,-1.1685635608940226,1.233189156906564,-1.2028253674011977,1.8248192205409484,brick3_q_v2_robust_mahalanobis_clipped,2026-03-18T05:10:36.278770+00:00
TXN,,,10-Q,2025-03-31,2025-04-24,https://www.sec.gov/Archives/edgar/data/97476/000009747625000027/txn-20250331.htm,28.99,3.163029552455673,1.1257028590820568,0.5478958103768425,0.8453188145863223,6,assets_growth_yoy,-2.0371,accrual_ratio,1.0335,ocf_to_net_income,-0.866,robust_mcd,,-2.8030780422769017,0.2089125584949893,,0.964734983010756,-0.9647349830107564,0.9091405362546426,-0.9036160514442951,,-0.8881986176176749,-0.03085242559392531,,-0.1103422242685774,0.22826453773986435,1.220120140396678,-0.8095969166443358,,-2.037126272413211,0.11300656485942344,,0.5347041000990227,-0.48753517471050806,1.033532377911457,-0.8660083975243114,brick3_q_v2_robust_mahalanobis_clipped,2026-03-18T05:10:36.278770+00:00
PLTR,,,10-Q,2024-09-30,2024-11-05,https://www.sec.gov/Archives/edgar/data/1321655/000132165524000209/pltr-20240930.htm,28.91,3.1530809224007403,1.1700782659631466,1.6088322439852536,1.3455798571719895,6,assets_growth_yoy,1.8904,ocf_to_net_income,1.5989,equity_to_assets,1.5555,robust_mcd,,1.167497993580822,0.07829775311248789,,-1.1938632223934074,1.7487056582755087,-0.6168553156219417,2.2152496527947116,,2.9746798978924867,2.633262982260586,,-1.0608103790930419,1.265721141166926,-1.0440283040218858,0.6744907594765952,,1.8903707553054878,1.1002838447717274,,-1.1406420850732613,1.5555118514320756,-0.7877245109819193,1.598946095467465,brick3_q_v2_robust_mahalanobis_clipped,2026-03-18T05:10:36.278770+00:00
ISRG,,,10-Q,2021-03-31,2021-04-21,https://www.sec.gov/Archives/edgar/data/1035267/000103526721000067/isrg-20210331.htm,28.84,3.1503152558043612,,0.9460467707892263,0.9460467707892263,6,equity_to_assets,2.4904,debt_to_assets,-2.0043,accrual_ratio,0.4907,robust_mcd,,,,,,,,,,0.22587981854345313,0.216026533595752,,-2.0043004672532456,2.4904308317742494,0.4907496808291298,-0.24889329273952743,,0.22587981854345313,0.216026533595752,,-2.0043004672532456,2.4904308317742494,0.4907496808291298,-0.24889329273952743,brick3_q_v2_robust_mahalanobis_clipped,2026-03-18T05:10:36.278770+00:00
TXN,,,10-Q,2023-03-31,2023-04-26,https://www.sec.gov/Archives/edgar/data/97476/000009747623000025/txn-20230331.htm,28.76,3.1436293622464686,1.2320437706096725,0.8392379285194939,0.8827773623370154,6,net_income_growth_yoy,-2.0926,accrual_ratio,1.2504,ocf_to_net_income,-0.8716,robust_mcd,,-0.3717375585232871,-2.9448176784944358,,1.149154146069904,-1.1491541460699015,0.8419399231226438,-0.9354591713778636,,0.6987163668762214,-0.814379753342609,,-0.3376596957093545,0.5458145022801071,1.8631349751026933,-0.7757222778059771,,0.0564440116365163,-2.092642508433705,,0.5544286093582006,-0.4711666867298981,1.2504179439146637,-0.871564413949109,brick3_q_v2_robust_mahalanobis_clipped,2026-03-18T05:10:36.278770+00:00
PLTR,,,10-Q,2022-09-30,2022-11-07,https://www.sec.gov/Archives/edgar/data/1321655/000132165522000032/pltr-20220930.htm,28.68,3.135437727267652,1.0434184144484113,0.816066944135132,0.8616659138662603,6,assets_growth_yoy,-2.3005,equity_to_assets,0.9457,ocf_to_net_income,-0.8342,robust_mcd,,-3.8226292747230666,0.06502144843217872,,-0.8035880518246605,0.8035880518246558,0.3890381138520165,-0.3766455460338894,,-0.01724248292933652,-0.58251484645771,,-0.8005339503887693,1.1587861181577217,-0.8167519640865435,-1.5205723027907108,,-2.300474558005574,-0.1939930695237768,,-0.802366411250304,0.9456672783578821,-0.09327791732340754,-0.834216248736618,brick3_q_v2_robust_mahalanobis_clipped,2026-03-18T05:10:36.278770+00:00
CPRT,,,10-Q,2021-10-31,2021-11-19,https://www.sec.gov/Archives/edgar/data/900075/000090007521000032/cprt-20211031.htm,28.6,3.133064281292981,,0.7499700131420549,0.7499700131420549,6,accrual_ratio,1.5859,equity_to_assets,1.252,debt_to_assets,-1.0531,robust_mcd,,,,,,,,,,-0.265043933807149,0.2888735651243936,,-1.0530740703504378,1.251975324965494,1.585935442838247,0.054917741766608914,,-0.265043933807149,0.2888735651243936,,-1.0530740703504378,1.251975324965494,1.585935442838247,0.054917741766608914,brick3_q_v2_robust_mahalanobis_clipped,2026-03-18T05:10:36.278770+00:00
INSM,,,10-Q,2025-09-30,2025-10-30,https://www.sec.gov/Archives/edgar/data/1104506/000110450625000053/insm-20250930.htm,28.53,3.1219331051346195,0.9441213263864084,1.1183030418965416,0.7781863448183809,6,net_income_growth_yoy,-1.4459,accrual_ratio,1.4457,equity_to_assets,0.7543,robust_mcd,,-0.6601673100423522,-0.8496306548933078,,-1.3817414989835206,1.3817414989835202,0.6744907594765952,0.7169562359391549,,0.671359565488314,-2.3402947451769145,,0.23441370701257871,-0.18679347631311832,2.6024659979117284,-0.6744907594765952,,-0.12755655983008568,-1.4458962910067505,,-0.7352794165850809,0.7543275088648648,1.4456808548506486,0.16037743777285485,brick3_q_v2_robust_mahalanobis_clipped,2026-03-18T05:10:36.278770+00:00
INTC,,,10-Q,2025-06-28,2025-07-24,https://www.sec.gov/Archives/edgar/data/50863/000005086325000109/intc-20250628.htm,28.45,3.0958426499875022,0.9597954548853405,0.49242724239884694,0.6670333401842955,5,net_income_growth_yoy,1.3205,equity_to_assets,-0.9884,ocf_to_net_income,-0.7708,robust_mcd,,0.0,1.950128679508909,,,-1.6496130269399423,-0.5283225677978717,-0.6709130001799799,,-0.5039234255986431,0.376158107530337,,,0.003422517950764145,0.6579201677145337,-0.9207119931999569,,-0.20156937023945726,1.3205404507174803,,,-0.9883988089836597,-0.05382547359290951,-0.7708325973879706,brick3_q_v2_robust_mahalanobis_clipped,2026-03-18T05:10:36.278770+00:00
AXON,,,10-Q,2022-09-30,2022-11-09,https://www.sec.gov/Archives/edgar/data/1069183/000106918322000055/axon-20220930x10q.htm,28.37,3.0846394264560733,1.3032383676478512,1.1419733591134975,0.8423978898698969,6,ocf_to_net_income,2.9137,net_income_growth_yoy,-1.1816,debt_to_assets,0.4308,robust_mcd,,-1.3976999136514083,-0.7308024370109909,,1.0266298910774332,-1.0266298910774323,-0.12918927547421363,3.508478797595629,,1.7060227374101509,-1.857731769077725,,-0.4630562496431398,0.799376716555999,0.004052854122306441,2.0215998278716647,,-0.15621085322678452,-1.1815741698376845,,0.430755434789204,-0.29622724802405975,-0.0758924236356056,2.9137272097060434,brick3_q_v2_robust_mahalanobis_clipped,2026-03-18T05:10:36.278770+00:00
HON,,,10-Q,2022-06-30,2022-07-28,https://www.sec.gov/Archives/edgar/data/773840/000077384022000054/hon-20220630.htm,28.3,3.059827230623659,0.9237672932308539,0.6246826641729555,0.8041334416076946,5,assets_growth_yoy,-2.1752,accrual_ratio,0.859,ocf_to_net_income,-0.4498,robust_mcd,,-3.169716226008068,-0.5897362336842448,,,-9.92227332381572e-05,0.4428250071978484,-0.41645977653087085,,-0.6833932201655476,-0.15347780962059593,,,-0.3034540930717611,1.4832334732140504,-0.4998547247928222,,-2.17518702367106,-0.41523286405878523,,,-0.12144117086864732,0.8589883936043292,-0.4498177558356514,brick3_q_v2_robust_mahalanobis_clipped,2026-03-18T05:10:36.278770+00:00
WDAY,,,10-Q,2025-04-30,2025-05-23,https://www.sec.gov/Archives/edgar/data/1327811/000132781125000107/wday-20250430.htm,28.22,2.936116540791923,0.9256896292303948,1.197189050138262,1.0342893975935417,6,assets_growth_yoy,-1.5463,equity_to_assets,1.541,ocf_to_net_income,1.3339,robust_mcd,,-1.7216132389620016,-0.3969341138344278,,-1.1802981014345424,1.1801248562737454,0.12462296994077175,0.9505444949368796,,-1.2832954417188234,-0.595442229333057,,-0.7659224138345918,2.0823037332939545,0.5471562024784666,1.9090142801706782,,-1.5462861200647304,-0.4763373600338795,,-1.0145478263945622,1.540996407081829,0.2936362629558497,1.3339324090303992,brick3_q_v2_robust_mahalanobis_clipped,2026-03-18T05:10:36.278770+00:00
ALNY,,,10-Q,2023-06-30,2023-08-03,https://www.sec.gov/Archives/edgar/data/1178670/000117867023000015/alny-20230630.htm,28.14,2.9095852074838198,1.0985652375703594,1.0299090395048758,0.9593129753889094,6,equity_to_assets,-1.6338,debt_to_assets,1.4895,ocf_to_net_income,-1.1535,robust_mcd,,-0.5671285498259124,0.240752180761452,,1.264302770851557,-1.2643027708515573,-1.8502228990669187,-1.404682254064759,,-0.5250360291497521,-0.3850924663542093,,1.82731966754474,-2.188024807105349,0.47729510102224687,-0.7766861658529572,,-0.5502915415554483,-0.00958567808481256,,1.48950952952883,-1.633791585353074,-0.9192156990312523,-1.1534838187800383,brick3_q_v2_robust_mahalanobis_clipped,2026-03-18T05:10:36.278770+00:00
ABNB,,,10-Q,2025-09-30,2025-11-06,https://www.sec.gov/Archives/edgar/data/1559720/000155972025000030/abnb-20250930.htm,28.06,2.9092125171104,1.1609606551543887,0.4001509062969213,0.773511814308081,6,accrual_ratio,-1.6841,assets_growth_yoy,-1.0307,equity_to_assets,0.6193,robust_mcd,,-1.426428816032128,-0.45211217989801733,,-1.2226336824109136,1.2227595989911595,-2.0626242448864383,-0.579205408707676,,-0.43704444649948604,-0.2185748946517757,,0.33765668480435196,-0.2857803749705538,-1.1162658780397592,-0.005583158815601231,,-1.0306750682190713,-0.35869726579952066,,-0.5985175355248074,0.6193436094064741,-1.6840808981477666,-0.3497565087508461,brick3_q_v2_robust_mahalanobis_clipped,2026-03-18T05:10:36.278770+00:00
EXC,,,10-Q,2024-09-30,2024-10-30,https://www.sec.gov/Archives/edgar/data/1109357/000110935724000187/exc-20240930.htm,27.99,2.899955317709363,0.8298377499227434,0.49799830832879455,0.6644553315018145,4,debt_to_assets,0.9832,equity_to_assets,-0.8905,assets_growth_yoy,0.4597,robust_mcd,-0.20848548922930954,0.8749301936405504,,,1.1885674094665741,-1.0473679073545394,,,-0.49840068662413767,-0.16323320891674672,,,0.6751915170792018,-0.6551678206950919,,,-0.3244515681872408,0.45966483261763147,,,0.9832170525116253,-0.8904878726907605,,,brick3_q_v2_robust_mahalanobis_clipped,2026-03-18T05:10:36.278770+00:00
MRVL,,,10-Q,2024-08-03,2024-08-30,https://www.sec.gov/Archives/edgar/data/1835632/000183563224000142/mrvl-20240803.htm,27.91,2.8950792967505117,0.8884838776817716,0.9157727503176402,0.8521837319213699,6,accrual_ratio,-1.4343,net_income_growth_yoy,-1.3648,ocf_to_net_income,-1.1902,robust_mcd,,-0.6744907594765952,-0.3168663544855398,,0.207537328096403,-0.2075345439304278,-2.390549597306634,-1.5339246827950306,,-0.9677102482799834,-2.936662743831622,,,0.0,0.0,-0.6744907594765952,,-0.7917785549979506,-1.3647849102239729,,0.207537328096403,-0.12452072635825667,-1.4343297583839802,-1.1901511134676563,brick3_q_v2_robust_mahalanobis_clipped,2026-03-18T05:10:36.278770+00:00
FTNT,,,10-Q,2023-09-30,2023-11-07,https://www.sec.gov/Archives/edgar/data/1262039/000126203923000038/ftnt-20230930.htm,27.83,2.88953263193908,0.4677654638787685,1.6347382758351803,0.9345545886613332,6,accrual_ratio,-1.7461,assets_growth_yoy,1.1753,ocf_to_net_income,0.7811,robust_mcd,,0.1765216882326103,0.5596095069790511,,0.16865803287706146,-0.1599093517532412,-1.1284764829612364,0.6134177204694106,,2.673521882433474,0.31592016193124306,,1.4637073626324915,-1.6501268477944673,-2.672469038075222,1.0326843621441837,,1.1753217659129558,0.46213376895992786,,0.6866777647792335,-0.7559963501697318,-1.7460735050068306,0.7811243771393198,brick3_q_v2_robust_mahalanobis_clipped,2026-03-18T05:10:36.278770+00:00
WDAY,,,10-Q,2022-04-30,2022-05-26,https://www.sec.gov/Archives/edgar/data/1327811/000132781122000091/wday-20220430.htm,27.76,2.8846013745416794,,0.9411863670443106,0.9411863670443106,6,net_income_growth_yoy,-2.1569,assets_growth_yoy,1.5094,ocf_to_net_income,-1.2109,robust_mcd,,,,,,,,,,1.50943904453036,-2.1569412093083526,,0.23990738821658475,-0.10596633357178986,0.42397703241747253,-1.2108871942213038,,1.50943904453036,-2.1569412093083526,,0.23990738821658475,-0.10596633357178986,0.42397703241747253,-1.2108871942213038,brick3_q_v2_robust_mahalanobis_clipped,2026-03-18T05:10:36.278770+00:00
WDC,,,10-Q,2023-09-29,2023-11-07,https://www.sec.gov/Archives/edgar/data/106040/000010604023000034/wdc-20230929.htm,27.68,2.87580714734974,0.7535220709240508,0.6744907594765951,0.4577119346824741,6,accrual_ratio,1.0836,net_income_growth_yoy,-0.6745,equity_to_assets,-0.5667,robust_mcd,,-0.6744907594765952,-0.6744907594765952,,0.16059909667266453,-1.3941750590084383,1.3563088019051643,-0.26106794900484687,,0.6744907594765952,-0.6744907594765946,,-0.6744907594765951,0.6744907594765952,0.6744907594765952,0.6744907594765952,,-0.13489815189531906,-0.674490759476595,,-0.17343684578703936,-0.5667087316144248,1.0835815849337367,0.11315553438772996,brick3_q_v2_robust_mahalanobis_clipped,2026-03-18T05:10:36.278770+00:00
ROST,,,10-Q,2024-11-02,2024-12-11,https://www.sec.gov/Archives/edgar/data/745732/000074573224000062/rost-20241102.htm,27.6,2.853200616306931,1.3211923205626976,0.6744907594765952,0.6557507716077644,5,equity_to_assets,1.1876,ocf_to_net_income,0.9009,assets_growth_yoy,-0.7595,robust_mcd,,-1.715482477084613,-0.34585566654886046,,,2.428933268558608,-1.0638720115068436,1.0518181791145629,,0.6744907594765952,0.6744907594765952,,,-0.6744907594765951,0.6744907594765952,0.6744907594765952,,-0.7594931824601296,0.06228290386132179,,,1.1875636573445267,-0.3685269031134681,0.9008872112593758,brick3_q_v2_robust_mahalanobis_clipped,2026-03-18T05:10:36.278770+00:00
CDNS,,,10-Q,2024-06-30,2024-07-24,https://www.sec.gov/Archives/edgar/data/813672/000081367224000155/cdns-20240630.htm,27.53,2.823365913333734,1.0034983442108711,0.7630724568257584,0.8084899415542222,5,assets_growth_yoy,2.5226,net_income_growth_yoy,-0.5629,ocf_to_net_income,-0.4795,robust_mcd,,2.34180844856206,-0.9372490072671986,,,-0.4340719911178591,0.7309445811446054,-0.5734176929626326,,2.7937498002383863,-0.0012630272357205714,,,0.6177377981412744,0.06393699944653015,-0.3386746590668803,,2.5225849892325902,-0.5628546152546073,,,-0.013348075414205712,0.46414154846537525,-0.4795204794043316,brick3_q_v2_robust_mahalanobis_clipped,2026-03-18T05:10:36.278770+00:00
MPWR,,,10-Q,2022-03-31,2022-05-10,https://www.sec.gov/Archives/edgar/data/1280452/000143774922011721/mpwr20220331_10q.htm,27.45,2.809150909699527,,1.0811034108853108,1.0811034108853108,6,assets_growth_yoy,1.9817,equity_to_assets,1.7039,debt_to_assets,-1.2347,robust_mcd,,,,,,,,,,1.981748560474589,1.0980887822672283,,-1.2347357455644605,1.7038682088584305,-0.31133771611894573,0.1568414520282107,,1.981748560474589,1.0980887822672283,,-1.2347357455644605,1.7038682088584305,-0.31133771611894573,0.1568414520282107,brick3_q_v2_robust_mahalanobis_clipped,2026-03-18T05:10:36.278770+00:00
INTC,,,10-Q,2022-10-01,2022-10-28,https://www.sec.gov/Archives/edgar/data/50863/000005086322000038/intc-20221001.htm,27.37,2.807220316403637,1.3595127351651728,0.6744907594765956,0.9210986707244831,5,ocf_to_net_income,2.2839,net_income_growth_yoy,-0.6745,assets_growth_yoy,-0.6745,robust_mcd,,,,,,0.6374160911923441,0.08424789393341359,3.3568742203697606,,-0.6744907594765952,-0.6744907594765953,,,0.6744907594765981,0.6744907594765951,0.674490759476595,,-0.6744907594765952,-0.6744907594765953,,,0.6522459585060456,0.3203450401506862,2.283920836012494,brick3_q_v2_robust_mahalanobis_clipped,2026-03-18T05:10:36.278770+00:00
BKR,,,10-Q,2025-09-30,2025-10-24,https://www.sec.gov/Archives/edgar/data/1701605/000170160525000117/bkr-20250930.htm,27.29,2.7972517032455975,0.9635463625337322,0.39053501611194213,0.6160618661992485,5,equity_to_assets,1.2051,net_income_growth_yoy,-0.8363,ocf_to_net_income,0.691,robust_mcd,,0.5036088196999718,-0.8141669747268253,,,1.9822039914700742,-0.569028956288645,0.9487230704831444,,-0.3850391442831625,-0.8695689427133165,,,0.03951500268543764,0.35421059175288516,0.30434139912490876,,0.14814963410671808,-0.8363277619214218,,,1.2051283959562193,-0.1997331370720329,0.6909704019398502,brick3_q_v2_robust_mahalanobis_clipped,2026-03-18T05:10:36.278770+00:00
CPRT,,,10-Q,2024-01-31,2024-02-27,https://www.sec.gov/Archives/edgar/data/900075/000090007524000007/cprt-20240131.htm,27.22,2.7879881815721994,0.42378166404765033,0.448801150865113,0.4051016882939817,5,debt_to_assets,-0.9557,net_income_growth_yoy,-0.5931,ocf_to_net_income,0.2272,robust_mcd,,-0.2707813701083128,-0.44043476566177364,,-1.1431439468969695,,0.19357785684986037,-0.0709703807213354,,0.0,-0.822181240950292,,-0.6744907594765952,,-0.07284299442208263,0.6744907594765953,,-0.1624688220649877,-0.593133355777181,,-0.9556826719288198,,0.08700951634108316,0.2272140753578369,brick3_q_v2_robust_mahalanobis_clipped,2026-03-18T05:10:36.278770+00:00
AXON,,,10-Q,2022-06-30,2022-08-09,https://www.sec.gov/Archives/edgar/data/1069183/000106918322000036/axon-20220630x10q.htm,27.14,2.787613377422162,1.2385692226325442,1.2492552855213157,0.9775048186667584,6,debt_to_assets,1.3083,net_income_growth_yoy,1.2179,equity_to_assets,-1.1755,robust_mcd,,-0.24383621982668782,0.13834242917597955,,2.5377236977972277,-2.537723697797238,1.2666762555372275,0.7071130356609037,,2.043006515033236,2.837191483038101,,-0.5359160416382304,0.8678612014512411,0.9910468263868814,-0.22050964558020517,,0.6709008741172818,1.2178820507208281,,1.3082678020230445,-1.1754897380978464,1.156424483877089,0.3360639631644601,brick3_q_v2_robust_mahalanobis_clipped,2026-03-18T05:10:36.278770+00:00
MCHP,,,10-Q,2023-09-30,2023-11-02,https://www.sec.gov/Archives/edgar/data/827054/000082705423000185/mchp-20230930.htm,27.06,2.7869369029838538,0.9480950560526565,0.19824722293308086,0.549472441811875,5,equity_to_assets,1.2032,net_income_growth_yoy,-0.8226,assets_growth_yoy,0.408,robust_mcd,,1.0042137525008064,-1.389307885861754,,,2.0080840034008025,0.07971606540814087,-0.25915357309177883,,-0.4861988483840584,0.027386343694643878,,,-0.004171006574870253,-0.09901555755237272,-0.374464358459459,,0.40804871214686045,-0.8226301940391948,,,1.2031819994105335,0.00822341622393543,-0.3052778872388509,brick3_q_v2_robust_mahalanobis_clipped,2026-03-18T05:10:36.278770+00:00
ORLY,,,10-Q,2024-06-30,2024-08-08,https://www.sec.gov/Archives/edgar/data/898173/000089817324000035/orly-20240630x10q.htm,26.99,2.7794217546051443,0.522950911220897,0.7704109813395841,0.619724341698942,5,net_income_growth_yoy,-1.0917,equity_to_assets,-0.9895,accrual_ratio,-0.5575,robust_mcd,,0.4698922600979666,-1.743739828554195,,,-0.3126416926410925,0.009210823205957808,0.07926995160527289,,0.04185353780820106,-0.11358222575187267,,,-2.0047830590515883,-1.4075645929140705,0.28427149117218775,,0.2986767711820604,-1.091676787433266,,,-0.9894982392052908,-0.5574993432420535,0.16127056743203882,brick3_q_v2_robust_mahalanobis_clipped,2026-03-18T05:10:36.278770+00:00
CSGP,,,10-Q,2024-09-30,2024-10-23,https://www.sec.gov/Archives/edgar/data/1057352/000105735224000125/csgp-20240930.htm,26.91,2.7271359697658704,1.169674408784381,0.9893643953850247,1.0371266869552045,6,net_income_growth_yoy,-2.7225,ocf_to_net_income,1.0073,equity_to_assets,0.8694,robust_mcd,,-0.7904309022568972,-3.5497070085713744,,-0.5088825241919552,0.5086444409690746,-0.6597329403269155,1.0006486363900684,,-0.4369908468632372,-1.4817773765951163,,-1.136362929120892,1.4105757873310376,0.45317787352075434,1.0173015588791097,,-0.6490548800994331,-2.7225351557808715,,-0.7598746861635299,0.8694169795138598,-0.21456861478784756,1.0073098053856848,brick3_q_v2_robust_mahalanobis_clipped,2026-03-18T05:10:36.278770+00:00
KLAC,,,10-Q,2023-12-31,2024-01-26,https://www.sec.gov/Archives/edgar/data/319201/000031920124000006/klac-20231231.htm,26.83,2.719454468780007,1.0245887571894932,0.5017787561683348,0.8099445103382156,6,assets_growth_yoy,-2.1084,net_income_growth_yoy,-1.1869,equity_to_assets,-0.7352,robust_mcd,,-3.5139764724725344,-1.338918602102797,,0.44331198787177345,-0.46082560685789475,0.027601232214071132,0.36289864161788826,,0.0,-0.9589001545011594,,0.4884091973877745,-1.1466460291673946,-0.2978892373368355,0.11882791861684464,,-2.1083858834835207,-1.186911223062142,,0.46135087167817385,-0.7351537757816947,-0.10259495560629152,0.26527035241747077,brick3_q_v2_robust_mahalanobis_clipped,2026-03-18T05:10:36.278770+00:00
GILD,,,10-Q,2025-09-30,2025-11-07,https://www.sec.gov/Archives/edgar/data/882095/000088209525000047/gild-20250930.htm,26.75,2.7185817020341325,0.953890761663768,1.0370289436985345,0.9222105717573037,5,net_income_growth_yoy,2.6598,equity_to_assets,0.6582,assets_growth_yoy,0.5723,robust_mcd,,1.0209513613120442,1.6114046988207484,,,1.3003779290976905,-0.38870303876040385,-0.4480167803279524,,-0.1007589884426125,4.232470897327817,,,-0.3050876535597052,-0.06869918536540491,-0.4781279937971337,,0.5722672214101815,2.659831178223576,,,0.6581916960347322,-0.2607014974024043,-0.46006126571562495,brick3_q_v2_robust_mahalanobis_clipped,2026-03-18T05:10:36.278770+00:00
QCOM,,,10-Q,2025-12-28,2026-02-04,https://www.sec.gov/Archives/edgar/data/804328/000080432826000017/qcom-20251228.htm,26.68,2.718012915296816,0.4699972147789028,0.4817791139118537,0.4287787538956364,7,assets_growth_yoy,-0.8605,accrual_ratio,0.6379,ocf_to_net_income,-0.6029,robust_mcd,0.0,-0.9845768079810174,-0.6744907594765952,-0.2679321197959397,-0.1942342436980075,,0.6135181836497763,-0.5552283888509839,-0.6744907594765952,-0.6744907594765952,0.0,0.6744907594765951,0.0,,0.6744907594765952,-0.6744907594765951,-0.26979630379063807,-0.8605423885792485,-0.40469445568595713,0.10903703191307423,-0.1165405462188045,,0.6379072139805038,-0.6029333371012284,brick3_q_v2_robust_mahalanobis_clipped,2026-03-18T05:10:36.278770+00:00
INSM,,,10-Q,2025-06-30,2025-08-07,https://www.sec.gov/Archives/edgar/data/1104506/000110450625000043/insm-20250630.htm,26.6,2.7110299097986177,0.8625522132527643,1.2028048311136914,0.8977080397796362,6,equity_to_assets,1.3186,debt_to_assets,-1.2967,assets_growth_yoy,1.2906,robust_mcd,,0.1153378100862774,0.6814898695616015,,-2.0741691264963094,2.0741691264963085,0.13403872888430543,0.09610861799178362,,3.0533883368552712,-0.6129262276435679,,-0.1305180783955444,0.18536188949046994,2.6782096079467625,-0.5564248463505335,,1.2905580207938752,0.1637234306795337,,-1.2967087072560033,1.318646231693973,1.1517070805092884,-0.16490476774514323,brick3_q_v2_robust_mahalanobis_clipped,2026-03-18T05:10:36.278770+00:00
ABNB,,,10-Q,2022-09-30,2022-11-03,https://www.sec.gov/Archives/edgar/data/1559720/000155972022000019/abnb-20220930.htm,26.52,2.7101169765083517,,0.7561353423248858,0.7561353423248858,6,accrual_ratio,-1.4706,assets_growth_yoy,1.3642,net_income_growth_yoy,1.0048,robust_mcd,,,,,,,,,,1.3642302785581704,1.0048444602077982,,0.38452756578544367,-0.1033176310199384,-1.4706136895005455,-0.20927842887741827,,1.3642302785581704,1.0048444602077982,,0.38452756578544367,-0.1033176310199384,-1.4706136895005455,-0.20927842887741827,brick3_q_v2_robust_mahalanobis_clipped,2026-03-18T05:10:36.278770+00:00
MRVL,,,10-Q,2022-04-30,2022-05-27,https://www.sec.gov/Archives/edgar/data/1835632/000183563222000028/mrvl-20220430.htm,26.45,2.6966880385798464,,0.9708968959192058,0.9708968959192058,6,net_income_growth_yoy,1.8559,debt_to_assets,-1.0335,equity_to_assets,1.0189,robust_mcd,,,,,,,,,,-0.5519899962755681,1.8559421238556375,,-1.0334738904538552,1.0189306222305583,0.9591506885550151,-0.4058940541446015,,-0.5519899962755681,1.8559421238556375,,-1.0334738904538552,1.0189306222305583,0.9591506885550151,-0.4058940541446015,brick3_q_v2_robust_mahalanobis_clipped,2026-03-18T05:10:36.278770+00:00
PANW,,,10-Q,2024-04-30,2024-05-21,https://www.sec.gov/Archives/edgar/data/1327567/000132756724000017/panw-20240430.htm,26.37,2.689267786294144,1.431645780058215,1.331869558798325,1.1457281415867209,6,ocf_to_net_income,1.9095,equity_to_assets,1.7876,debt_to_assets,-1.3085,robust_mcd,,0.3283129146818502,0.3728336732630693,,-3.0206862215632135,3.3695253596892893,-0.6568194640984004,0.8416970470534667,,0.3869575054254854,0.46076249465339947,,1.259856133174554,-0.5851974915819831,-1.7871888124837667,3.5112549154707606,,0.35177075097930427,0.4080052018192014,,-1.3084692796681066,1.7876362191807804,-1.108967203452547,1.9095201944203843,brick3_q_v2_robust_mahalanobis_clipped,2026-03-18T05:10:36.278770+00:00
MU,,,10-Q,2024-11-28,2024-12-19,https://www.sec.gov/Archives/edgar/data/723125/000072312524000047/mu-20241128.htm,26.29,2.687523371501241,0.9365404630907902,,0.9365404630907902,6,equity_to_assets,-1.706,debt_to_assets,1.706,accrual_ratio,0.8568,robust_mcd,,0.25491808743071337,0.8213458973124789,,1.7059751337475983,-1.7059751337476048,0.8568473474023034,-0.2741811789040435,,,,,,,,,,0.25491808743071337,0.8213458973124789,,1.7059751337475983,-1.7059751337476048,0.8568473474023034,-0.2741811789040435,brick3_q_v2_robust_mahalanobis_clipped,2026-03-18T05:10:36.278770+00:00
NVDA,,,10-Q,2025-04-27,2025-05-28,https://www.sec.gov/Archives/edgar/data/1045810/000104581025000116/nvda-20250427.htm,26.21,2.685465226535716,0.6653618341693692,0.6744907594765953,0.5362775522045258,8,equity_to_assets,1.291,debt_to_assets,-1.291,assets_growth_yoy,0.7414,robust_mcd,-0.11588699053073155,0.7860648681047383,-0.23368492524572596,0.3009073150731076,-1.7020670025496631,1.7020670025496645,-0.14172488507860637,-0.3404916842227165,,0.6744907594765952,0.6744907594765952,,-0.6744907594765953,0.674490759476596,-0.6744907594765951,0.6744907594765952,-0.11588699053073155,0.741435224653481,0.1295853486432025,0.3009073150731076,-1.291036505320436,1.291036505320437,-0.3548312348378019,0.06550129325700818,brick3_q_v2_robust_mahalanobis_clipped,2026-03-18T05:10:36.278770+00:00
AVGO,,,10-Q,2023-04-30,2023-06-07,https://www.sec.gov/Archives/edgar/data/1730168/000173016823000064/avgo-20230430.htm,26.14,2.6807527141699543,0.4284424908424996,0.9600206182763257,0.49448914133372285,5,accrual_ratio,1.1514,debt_to_assets,0.8185,assets_growth_yoy,-0.293,robust_mcd,,0.0,,,0.868486248009228,,0.4309609132691581,0.4143228020916122,,-0.7324909457391755,-0.03554975767316439,,0.7435063336806513,,2.231938833263001,-1.0566172210256368,,-0.2929963782956702,-0.03554975767316439,,0.8184942822777973,,1.151352081266695,-0.17405320715528746,brick3_q_v2_robust_mahalanobis_clipped,2026-03-18T05:10:36.278770+00:00
KDP,,,10-Q,2023-06-30,2023-07-27,https://www.sec.gov/Archives/edgar/data/1418135/000141813523000014/kdp-20230630.htm,26.06,2.6704862767736888,0.9003627474553216,0.8380999688012644,0.8754576359936989,6,net_income_growth_yoy,1.6661,assets_growth_yoy,-1.4555,accrual_ratio,0.859,robust_mcd,,-1.9872817794533506,1.241404470735599,,-0.2880913946403684,0.2855154033133766,0.8130355883651995,-0.786847848224036,,-0.6577189756391135,2.3031896439147217,,-0.05647609325717791,0.3529408763330792,0.9280499736067067,-0.7302242500567878,,-1.4554566579276558,1.666118540007248,,-0.19544527408709222,0.3124855925212576,0.8590413424618024,-0.7641984089571368,brick3_q_v2_robust_mahalanobis_clipped,2026-03-18T05:10:36.278770+00:00
WDAY,,,10-Q,2024-10-31,2024-12-05,https://www.sec.gov/Archives/edgar/data/1327811/000132781124000242/wday-20241031.htm,25.98,2.670101423627588,0.7919800790105209,0.7237381347201151,0.746204158025246,6,equity_to_assets,1.9696,debt_to_assets,-1.2307,accrual_ratio,0.8792,robust_mcd,,-0.20064885214988548,-0.05995651943197059,,-1.8155859481410377,1.8152151375861567,0.7525090733746853,-0.10796494337939012,,-0.10280671614400362,0.5671767786955368,,-0.3534411199029717,2.2012241590799495,1.0691212391278406,0.048658795370388586,,-0.16151199774753272,0.1908967998190324,,-1.2307280168458112,1.9696187461836738,0.8791539396759475,-0.04531544787947864,brick3_q_v2_robust_mahalanobis_clipped,2026-03-18T05:10:36.278770+00:00
KHC,,,10-Q,2021-09-25,2021-10-28,https://www.sec.gov/Archives/edgar/data/1637459/000163745921000127/khc-20210925.htm,25.91,2.669401754186959,,0.6455835209717116,0.6455835209717116,5,accrual_ratio,1.0061,net_income_growth_yoy,0.8729,assets_growth_yoy,-0.6745,robust_mcd,,,,,,,,,,-0.6744907594765952,0.8728536387462832,,,-0.6744907594765952,1.0060824471590841,0.0,,-0.6744907594765952,0.8728536387462832,,,-0.6744907594765952,1.0060824471590841,0.0,brick3_q_v2_robust_mahalanobis_clipped,2026-03-18T05:10:36.278770+00:00
INSM,,,10-Q,2025-03-31,2025-05-08,https://www.sec.gov/Archives/edgar/data/1104506/000110450625000026/insm-20250331.htm,25.83,2.6648282491722948,0.684599765151841,1.5559901258233682,0.8901023041292303,6,assets_growth_yoy,2.0641,net_income_growth_yoy,-0.9789,accrual_ratio,-0.7956,robust_mcd,,0.6755492224858568,-0.7482295662891498,,-0.09138200060030788,0.09138200060030796,-1.8585780292570382,-0.6424777716783853,,4.146903530098195,-1.3248954389923073,,1.3270995268421963,-1.3045488071710702,0.7987560378832387,-0.43373741395320226,,2.064090945530792,-0.9788959153704129,,0.47601061037669384,-0.46699032250824335,-0.7956444024009275,-0.558981628588312,brick3_q_v2_robust_mahalanobis_clipped,2026-03-18T05:10:36.278770+00:00
CSCO,,,10-Q,2025-10-25,2025-11-18,https://www.sec.gov/Archives/edgar/data/858877/000085887725000171/csco-20251025.htm,25.75,2.6494098779567015,0.9033963169797197,,0.9033963169797197,6,debt_to_assets,1.6413,equity_to_assets,-1.6413,accrual_ratio,0.8382,robust_mcd,,-0.4693428569284568,0.0,,1.6412997636226163,-1.6412997636226136,0.8382225792783569,-0.8302129384262747,,,,,,,,,,-0.4693428569284568,0.0,,1.6412997636226163,-1.6412997636226136,0.8382225792783569,-0.8302129384262747,brick3_q_v2_robust_mahalanobis_clipped,2026-03-18T05:10:36.278770+00:00
TXN,,,10-Q,2024-03-31,2024-04-24,https://www.sec.gov/Archives/edgar/data/97476/000009747624000021/txn-20240331.htm,25.67,2.648412124858536,1.3352516997214827,0.6365288390801527,0.9735073306866951,6,debt_to_assets,1.436,equity_to_assets,-1.371,net_income_growth_yoy,-1.2422,robust_mcd,,-0.07991943633532164,-1.4405489460109415,,2.5048131866066603,-2.5048131866066505,0.7575039083015523,-0.7239115344677681,,1.040899170562533,-0.9446121378122507,,-0.16726227762310283,0.32977275371082965,0.7998501876704315,-0.5367765071017684,,0.36840800642382027,-1.2421742227314652,,1.435983000914755,-1.3709788104796583,0.774442420049104,-0.6490575235213683,brick3_q_v2_robust_mahalanobis_clipped,2026-03-18T05:10:36.278770+00:00
XEL,,,10-Q,2024-09-30,2024-10-31,https://www.sec.gov/Archives/edgar/data/72903/000007290324000199/xel-20240930.htm,25.6,2.6320062077331365,1.4350591314782535,0.40100922068459643,0.933071162922935,5,assets_growth_yoy,1.8537,accrual_ratio,-1.1618,ocf_to_net_income,0.8574,robust_mcd,,2.9703453771015584,-0.2310209706751712,,,1.347183519355866,-1.9363408991811017,0.6904048910775686,,0.17861479568360938,-0.1663043461402672,,,-0.5523000264865964,0.0,1.1078269351125092,,1.8536531445343787,-0.20513432086120958,,,0.5873901010188811,-1.161804539508661,0.8573737086915448,brick3_q_v2_robust_mahalanobis_clipped,2026-03-18T05:10:36.278770+00:00
CPRT,,,10-Q,2023-10-31,2023-11-21,https://www.sec.gov/Archives/edgar/data/900075/000090007523000043/cprt-20231031.htm,25.52,2.6166460257471424,0.6562813082213169,1.1985442656939387,0.7888725190426458,6,debt_to_assets,-1.3928,equity_to_assets,1.0061,accrual_ratio,1.0019,robust_mcd,,0.37896227018264345,0.49358265273621965,,-1.2088134573693492,0.28070167694334097,0.7888690082908443,-0.7867587838055042,,1.0389202544105225,-0.6323547912579001,,-1.6687959316933252,2.094139342362148,1.3215088359318907,-0.4355464385078468,,0.642945463873795,0.04320767513857171,,-1.3928064470989396,1.006076743110864,1.001924939347263,-0.6462738456864412,brick3_q_v2_robust_mahalanobis_clipped,2026-03-18T05:10:36.278770+00:00
FAST,,,10-Q,2025-06-30,2025-07-17,https://www.sec.gov/Archives/edgar/data/815556/000081555625000106/fast-20250630.htm,25.44,2.596351033981827,0.914542483838758,0.6658138000411147,0.8150510103197007,5,net_income_growth_yoy,1.044,equity_to_assets,1.0265,assets_growth_yoy,0.8342,robust_mcd,,1.3431629684853057,1.739935967921434,,,0.979108169028746,0.2887178509611277,-0.22178746279717645,,0.07083272806497078,0.0,,,1.0976437102322738,1.0720101254192562,-1.0885824364890726,,0.8342308723171716,1.0439615807528604,,,1.026522385510157,0.6020347607443791,-0.568505452273935,brick3_q_v2_robust_mahalanobis_clipped,2026-03-18T05:10:36.278770+00:00
DXCM,,,10-Q,2024-09-30,2024-10-24,https://www.sec.gov/Archives/edgar/data/1093557/000109355724000180/dxcm-20240930.htm,25.37,2.5674764367434593,1.1545848768695257,0.6451300252303535,0.94383932199081,6,assets_growth_yoy,-1.3237,accrual_ratio,-1.2463,debt_to_assets,1.1692,robust_mcd,,-1.3791266527912873,-0.17137907898163512,,1.6268976793007832,-1.518769260826316,-1.5011327173230162,0.7302038719941163,,-1.2405831914593486,0.05222710667284984,,0.48253944298033025,-0.4354836751384959,-0.8640212717855481,0.795925463345548,,-1.3237092682585119,-0.08193660471984113,,1.169154384772602,-1.085455026551188,-1.246288139108029,0.756492508534689,brick3_q_v2_robust_mahalanobis_clipped,2026-03-18T05:10:36.278770+00:00
CTAS,,,10-Q,2025-02-28,2025-04-03,https://www.sec.gov/Archives/edgar/data/723254/000162828025016483/ctas-20250228.htm,25.29,2.566446344297001,0.9686328273595727,0.26979630379063807,0.6890982179319989,5,equity_to_assets,0.9996,accrual_ratio,-0.9817,assets_growth_yoy,0.9739,robust_mcd,,1.6231201799201636,0.022228354080758028,,,1.2163784517838232,-1.186537457942008,0.7948996930711109,,0.0,0.0,,,0.6744907594765952,-0.6744907594765952,0.0,,0.9738721079520981,0.013337012448454815,,,0.999623374860932,-0.9817187785558428,0.4769398158426665,brick3_q_v2_robust_mahalanobis_clipped,2026-03-18T05:10:36.278770+00:00
TMUS,,,10-Q,2021-09-30,2021-11-02,https://www.sec.gov/Archives/edgar/data/1283699/000128369921000169/tmus-20210930.htm,25.21,2.565889516230354,,0.8329932551189195,0.8329932551189195,5,net_income_growth_yoy,-1.6217,ocf_to_net_income,1.154,accrual_ratio,0.7928,robust_mcd,,,,,,,,,,-0.30529558034784077,-1.6216507196948604,,,-0.2911757379751868,0.7928286847763251,1.1540155528003841,,-0.30529558034784077,-1.6216507196948604,,,-0.2911757379751868,0.7928286847763251,1.1540155528003841,brick3_q_v2_robust_mahalanobis_clipped,2026-03-18T05:10:36.278770+00:00
ADSK,,,10-Q,2025-04-30,2025-05-29,https://www.sec.gov/Archives/edgar/data/769397/000076939725000071/adsk-20250430.htm,25.13,2.5556094570762498,1.245766267139157,0.9186599929372692,0.8514859620202978,5,net_income_growth_yoy,-2.0639,assets_growth_yoy,-0.9607,accrual_ratio,0.8433,robust_mcd,,-0.7260298497012349,-2.9901416943375057,,,1.2709415422381432,1.215338316817467,0.026379932601433932,,-1.3126997514129877,-0.6744907594765952,,,-1.6464862214881493,0.2851324728320184,0.6744907594765952,,-0.9606978103859359,-2.063881320393141,,,0.10397043674762618,0.8432559792232875,0.28562426335149843,brick3_q_v2_robust_mahalanobis_clipped,2026-03-18T05:10:36.278770+00:00
EXC,,,10-Q,2024-03-31,2024-05-02,https://www.sec.gov/Archives/edgar/data/1109357/000110935724000120/exc-20240331.htm,25.06,2.5534051061644085,0.8648802293994539,0.40712971756036453,0.6166416104966327,4,debt_to_assets,1.1535,equity_to_assets,-0.7649,assets_growth_yoy,0.3206,robust_mcd,0.26779046150830765,0.7513980267137954,,,1.4966029331997543,-0.9437294961759579,,,0.16725521773938942,-0.325692070835927,,,0.6389071689686476,-0.4966644126974939,,,0.22757636400074038,0.3205619876939064,,,1.1535246275073117,-0.7649034627845723,,,brick3_q_v2_robust_mahalanobis_clipped,2026-03-18T05:10:36.278770+00:00
ADSK,,,10-Q,2023-04-30,2023-06-01,https://www.sec.gov/Archives/edgar/data/769397/000076939723000110/adsk-20230430.htm,24.98,2.5428765787630243,0.406895425432373,0.555163032072379,0.46620246808837534,5,equity_to_assets,-0.9746,assets_growth_yoy,-0.5019,net_income_growth_yoy,-0.4068,robust_mcd,,-0.7382745452830898,-0.47689978548945466,,,-0.5965831936540518,-0.08528445262736843,0.13743515010790022,,-0.1474452565944837,-0.3016302294718088,,,-1.5416204190004192,-0.02840047896423575,0.7567187763309472,,-0.5019428298076474,-0.4067919630823963,,,-0.9745980837925987,-0.06253086316211535,0.38514860059711903,brick3_q_v2_robust_mahalanobis_clipped,2026-03-18T05:10:36.278770+00:00
TTWO,,,10-Q,2023-12-31,2024-02-09,https://www.sec.gov/Archives/edgar/data/946581/000162828024003951/ttwo-20231231.htm,24.9,2.535185596757744,0.6009114828742053,1.2274238552857326,0.7948314769018121,6,assets_growth_yoy,-1.8454,net_income_growth_yoy,1.0504,debt_to_assets,-0.5704,robust_mcd,,-0.6500756099358304,1.325729240982179,,-0.4810023880040004,0.4810023880040004,0.3842344956342008,0.2834247746850205,,-3.638373126882898,0.6375299852897657,,-0.7044839232430663,0.6744907594765952,0.6744907594765952,-1.035174577345476,,-1.8453946167146575,1.0504495387052137,,-0.5703950020996268,0.5583977365930384,0.5003370011711585,-0.2440149661271781,brick3_q_v2_robust_mahalanobis_clipped,2026-03-18T05:10:36.278770+00:00
WDC,,,10-Q,2024-09-27,2024-10-31,https://www.sec.gov/Archives/edgar/data/106040/000010604024000040/wdc-20240927.htm,24.83,2.5202422058553533,1.4162763328454215,0.6744907594765953,0.849765799707253,6,assets_growth_yoy,2.2839,debt_to_assets,-0.8146,equity_to_assets,0.7163,robust_mcd,,4.256093825034331,0.8437207722022884,,-0.9080658944583341,0.7442058605595979,1.2669795919451454,-0.4785920528728326,,-0.674490759476595,-0.6744907594765952,,-0.6744907594765952,0.6744907594765952,-0.6744907594765955,-0.6744907594765953,,2.283859991229961,0.23643615953073488,,-0.8146358404656384,0.7163198201263968,0.490391451376449,-0.5569515355143377,brick3_q_v2_robust_mahalanobis_clipped,2026-03-18T05:10:36.278770+00:00
ODFL,,,10-Q,2025-03-31,2025-05-06,https://www.sec.gov/Archives/edgar/data/878927/000095017025064508/odfl-20250331.htm,24.75,2.5111964853047493,1.1155526315922024,0.6562787105942048,0.8882308259700872,6,assets_growth_yoy,-1.8454,equity_to_assets,1.038,debt_to_assets,-0.9656,robust_mcd,,-2.5064016855526248,-0.7672294016463975,,-0.9014619424728544,0.901461942472852,0.79558574907221,-0.8211750683362762,,-0.853821374090078,-0.3925668384019506,,-1.0617822466356222,1.2428308407150006,-0.32709177917187177,-0.05957918455070648,,-1.845369560967606,-0.6173643763486187,,-0.9655900641379614,1.0380095017697115,0.34651473777457725,-0.5165367148220483,brick3_q_v2_robust_mahalanobis_clipped,2026-03-18T05:10:36.278770+00:00
PYPL,,,10-Q,2024-06-30,2024-07-30,https://www.sec.gov/Archives/edgar/data/1633917/000163391724000098/pypl-20240630.htm,24.67,2.5063713808277934,0.8878165633420855,0.39166145528485996,0.6590751723828878,8,debt_to_assets,1.3303,equity_to_assets,-1.3239,assets_growth_yoy,0.9298,robust_mcd,-0.42203147442677696,1.276638415869445,0.009160017155096642,0.06321065060753106,1.7581184945950448,-1.7581184945950565,-0.8810597259797707,0.9341952335079614,0.30279347736307294,0.40960232502350014,0.14345097636837337,0.3276789108771949,0.688533092491054,-0.6724695187109873,-0.02036702742087491,0.5683963140238225,-0.13210149371083701,0.929823979531067,0.06287640084040734,0.1689979547153966,1.3302843337534482,-1.3238589042414288,-0.5367826465562124,0.7878756657143058,brick3_q_v2_robust_mahalanobis_clipped,2026-03-18T05:10:36.278770+00:00
VRSK,,,10-Q,2025-03-31,2025-05-07,https://www.sec.gov/Archives/edgar/data/1442145/000143774925014907/vrsk20250331_10q.htm,24.6,2.5021030389654118,0.8309393978727605,1.0234621453331552,0.9015839737851729,6,accrual_ratio,-1.5028,debt_to_assets,1.1036,equity_to_assets,-1.0949,robust_mcd,,0.960019109421901,0.07328823020733531,,0.8860274904061265,-0.8816046309426114,-1.1766248746117005,1.0080720516468884,,0.5764431127166799,-0.047733923038091236,,1.42993869603934,-1.4147666283381908,-1.9919934580199317,0.6798970538466974,,0.8065887107398126,0.02487936890916469,,1.103591972659412,-1.094869429900843,-1.5027723079749928,0.8768020525268119,brick3_q_v2_robust_mahalanobis_clipped,2026-03-18T05:10:36.278770+00:00
WBD,,,10-Q,2021-03-31,2021-04-29,https://www.sec.gov/Archives/edgar/data/1437107/000143710721000088/disca-20210331.htm,24.52,2.4874074462560447,,0.49196515039378164,0.49196515039378164,8,net_income_growth_yoy,-1.7041,assets_growth_yoy,-0.6959,accrual_ratio,0.5251,robust_mcd,,,,,,,,,-0.2142022445663711,-0.695926127611452,-1.7040757286897736,-0.08920188758043722,0.20575506974147914,-0.049983003876548845,0.525062667699089,0.45151447338510214,-0.2142022445663711,-0.695926127611452,-1.7040757286897736,-0.08920188758043722,0.20575506974147914,-0.049983003876548845,0.525062667699089,0.45151447338510214,brick3_q_v2_robust_mahalanobis_clipped,2026-03-18T05:10:36.278770+00:00
WDAY,,,10-Q,2023-07-31,2023-08-24,https://www.sec.gov/Archives/edgar/data/1327811/000132781123000150/wday-20230731.htm,24.44,2.4644169284823083,0.9309659658863126,1.0547552366576889,0.9804816741948632,6,net_income_growth_yoy,1.6492,ocf_to_net_income,1.1978,assets_growth_yoy,-0.971,robust_mcd,,-1.2344600165149349,0.4951857820037338,,-0.9131607753157734,0.9116327828290008,0.4847040828429835,1.5466523558114496,,-0.5759321224802623,3.3802009912942017,,0.0,0.6744907594765952,1.0234167872184785,0.6744907594765952,,-0.9710488589010657,1.6491918657199212,,-0.547896465189464,0.8167759734880387,0.7001891645931815,1.1977877172775078,brick3_q_v2_robust_mahalanobis_clipped,2026-03-18T05:10:36.278770+00:00
KDP,,,10-Q,2023-09-30,2023-10-26,https://www.sec.gov/Archives/edgar/data/1418135/000141813523000018/kdp-20230930.htm,24.36,2.463330131105419,0.79174442480541,0.865639513363349,0.8109431115178823,6,net_income_growth_yoy,2.074,assets_growth_yoy,-1.3885,equity_to_assets,0.4602,robust_mcd,,-1.8645364958661848,1.6039285101424021,,-0.5900749043202003,0.5817608828133081,-0.051796743553516794,-0.05836901213684788,,-0.6744907594765952,2.779110033513882,,-0.07219933188743197,0.27795016521151567,0.8167317058726785,-0.5733550842179902,,-1.388518201310349,2.074001119490994,,-0.38292467534709296,0.46023659577259113,0.2956146362169614,-0.2643634409693048,brick3_q_v2_robust_mahalanobis_clipped,2026-03-18T05:10:36.278770+00:00
ADP,,,10-Q,2021-03-31,2021-04-30,https://www.sec.gov/Archives/edgar/data/8670/000000867021000014/adp-20210331.htm,24.29,2.461281221330327,,0.8679274595234847,0.8679274595234847,7,ocf_to_net_income,1.4036,debt_to_assets,1.3767,equity_to_assets,-1.0599,robust_mcd,,,,,,,,,,0.7301496933640469,-0.5070481089410662,-0.0511031585329647,1.3766927545149679,-1.0599224558058429,-0.9469884249512753,1.4035876205542281,,0.7301496933640469,-0.5070481089410662,-0.0511031585329647,1.3766927545149679,-1.0599224558058429,-0.9469884249512753,1.4035876205542281,brick3_q_v2_robust_mahalanobis_clipped,2026-03-18T05:10:36.278770+00:00
IDXX,,,10-Q,2025-09-30,2025-11-03,https://www.sec.gov/Archives/edgar/data/874716/000087471625000165/idxx-20250930.htm,24.21,2.4588423160957866,1.0140131156278918,0.5035584332757469,0.8091252798016928,6,accrual_ratio,-1.6435,assets_growth_yoy,-1.0027,ocf_to_net_income,0.8648,robust_mcd,,-1.1811102399861249,0.4191972962978159,,-0.7924798412936044,0.7922971974648275,-1.4576762811459183,1.4413178375790598,,-0.7351966848820211,0.32562074081663905,,0.005294721640057817,0.03288032882747079,-1.9223581234882927,0.0,,-1.0027448179444833,0.38176667410534515,,-0.47337001612013946,0.4885304500098848,-1.643549018082868,0.8647907025474358,brick3_q_v2_robust_mahalanobis_clipped,2026-03-18T05:10:36.278770+00:00
ALNY,,,10-Q,2024-03-31,2024-05-02,https://www.sec.gov/Archives/edgar/data/1178670/000117867024000023/alny-20240331.htm,24.13,2.4559745388309446,1.1053536094028125,0.9537984138767105,1.0312956321135909,6,assets_growth_yoy,1.7515,net_income_growth_yoy,1.5356,debt_to_assets,1.0269,robust_mcd,,2.6939631266519624,1.8301697998881246,,0.5748819953820129,-0.5748819953820123,0.044414039441518796,0.9138106996712437,,0.3377758460059592,1.0938422903987266,,1.7048641248386291,-1.5894203461390486,0.8961186327870432,-0.10076924309085562,,1.751488214393561,1.5356387960923654,,1.0268748471646594,-0.980697335684827,0.38509587677972856,0.5079787225664039,brick3_q_v2_robust_mahalanobis_clipped,2026-03-18T05:10:36.278770+00:00
META,,,10-Q,2025-06-30,2025-07-31,https://www.sec.gov/Archives/edgar/data/1326801/000162828025036791/meta-20250630.htm,24.06,2.4541353345293797,0.6255813431534635,1.2611523513381089,0.6832211777756183,6,assets_growth_yoy,1.7788,accrual_ratio,-1.4617,ocf_to_net_income,0.4933,robust_mcd,,1.5662057476888427,-0.632905867253964,,0.25136346688310696,-0.2513634668831113,-0.5854284333578829,0.4662210768538735,,2.097746729615151,0.7203238642384482,,-0.6887737380042818,0.7500216370965291,-2.776129370223223,0.5339187688510209,,1.7788221404593658,-0.09161397465699911,,-0.12469141507184853,0.1491905747087449,-1.461708808104019,0.4933001536527324,brick3_q_v2_robust_mahalanobis_clipped,2026-03-18T05:10:36.278770+00:00
ZS,,,10-Q,2022-01-31,2022-03-09,https://www.sec.gov/Archives/edgar/data/1713683/000171368322000029/zs-20220131.htm,23.98,2.4496966670337468,,0.932200029377689,0.932200029377689,6,net_income_growth_yoy,-1.4694,equity_to_assets,-1.2284,debt_to_assets,1.2284,robust_mcd,,,,,,,,,,0.0,-1.469447204653382,,1.2284444530557197,-1.22844445305572,-0.9540767362154792,-0.7127873292858333,,0.0,-1.469447204653382,,1.2284444530557197,-1.22844445305572,-0.9540767362154792,-0.7127873292858333,brick3_q_v2_robust_mahalanobis_clipped,2026-03-18T05:10:36.278770+00:00
IDXX,,,10-Q,2025-06-30,2025-08-04,https://www.sec.gov/Archives/edgar/data/874716/000087471625000121/idxx-20250630.htm,23.9,2.4448099965746017,1.0280174115259928,0.5671988504837685,0.7891719749878412,6,net_income_growth_yoy,1.8208,assets_growth_yoy,-1.5523,equity_to_assets,0.453,robust_mcd,,-1.8239187391396523,2.381034753456595,,-0.7890872497097218,0.7887611799832489,0.17034614093603795,-0.21495640593070006,,-1.1448456050905471,0.9804413435325917,,0.10276676957346188,-0.05059910993194474,-0.5571798788063145,-0.567360395967751,,-1.5522894855200102,1.8207973894869935,,-0.4323456419964483,0.45301706401717146,-0.12066426696090304,-0.3559180019455205,brick3_q_v2_robust_mahalanobis_clipped,2026-03-18T05:10:36.278770+00:00
CTSH,,,10-Q,2024-09-30,2024-10-31,https://www.sec.gov/Archives/edgar/data/1058290/000105829024000327/ctsh-20240930.htm,23.82,2.4376485114552464,0.8010894885574251,0.4613827562374416,0.5403537878573359,8,assets_growth_yoy,2.302,equity_to_assets,0.8534,debt_to_assets,-0.7622,robust_mcd,0.13406133494878208,3.6270778039792395,-0.06681052716200006,0.1502223051783062,-0.7314123654312746,0.7314123654312763,-0.45516355240424244,0.5125556539242803,-0.48446131366741524,0.31435162512075937,0.03315918890620053,-0.12533484294639813,-0.8083142457667281,1.0364967900468447,0.3649777178211514,-0.5239663256240356,-0.11334772449769687,2.3019873324358473,-0.02682264073471982,0.03999944592842447,-0.762173117565456,0.8534461352775036,-0.1271070443140849,0.09794686210495393,brick3_q_v2_robust_mahalanobis_clipped,2026-03-18T05:10:36.278770+00:00
WDAY,,,10-Q,2023-04-30,2023-05-25,https://www.sec.gov/Archives/edgar/data/1327811/000132781123000078/wday-20230430.htm,23.75,2.4267325303795166,1.1599475278329434,0.5752301310570799,0.9121816573366871,5,assets_growth_yoy,-1.6142,net_income_growth_yoy,0.9227,accrual_ratio,0.7944,robust_mcd,,-2.356126329994654,0.4375918173432536,,-1.053486608799232,1.0537679827349655,0.8987649002926117,,,-0.501300616836223,1.650249172777979,,0.0867431986619425,0.0,0.6378576670092553,,,-1.6141960447312815,0.9226547595171437,,-0.5973946858147623,0.6322607896409793,0.7944020069792691,,brick3_q_v2_robust_mahalanobis_clipped,2026-03-18T05:10:36.278770+00:00
CSGP,,,10-Q,2021-09-30,2021-10-27,https://www.sec.gov/Archives/edgar/data/1057352/000105735221000104/csgp-20210930.htm,23.67,2.4236242704682778,,0.9192823457245867,0.9192823457245867,6,equity_to_assets,2.0014,debt_to_assets,-1.4316,ocf_to_net_income,1.1109,robust_mcd,,,,,,,,,,-0.3147394969578583,-0.34904586368650525,,-1.4316006685242817,2.001412019838606,0.30798498783536576,1.1109110375049025,,-0.3147394969578583,-0.34904586368650525,,-1.4316006685242817,2.001412019838606,0.30798498783536576,1.1109110375049025,brick3_q_v2_robust_mahalanobis_clipped,2026-03-18T05:10:36.278770+00:00
PANW,,,10-Q,2024-10-31,2024-11-21,https://www.sec.gov/Archives/edgar/data/1327567/000132756724000040/panw-20241031.htm,23.59,2.4129035529725664,1.4605169737067307,0.7352804028569594,0.934732586082267,6,equity_to_assets,1.5647,debt_to_assets,-1.37,assets_growth_yoy,1.131,robust_mcd,,1.0563299784015812,-0.20326803677775787,,-2.917085586788924,2.9492105366160817,1.4191158194972757,0.21809188415876338,,1.2430614009329664,0.7818047402576537,,0.9506565791770728,-0.5121145602904557,0.07129325058008201,0.8527518859035267,,1.1310225474141353,0.1907610740364068,,-1.3699887204025252,1.5646804978534665,0.8799867919303982,0.47195588485666873,brick3_q_v2_robust_mahalanobis_clipped,2026-03-18T05:10:36.278770+00:00
IDXX,,,10-Q,2024-03-31,2024-05-01,https://www.sec.gov/Archives/edgar/data/874716/000087471624000083/idxx-20240331.htm,23.52,2.4119576404020346,1.2164515113627565,0.5639881692028564,0.9548793908624121,6,assets_growth_yoy,1.3957,equity_to_assets,1.3225,debt_to_assets,-1.2489,robust_mcd,,1.630630310881581,-0.26081121280020075,,-2.0134878141617745,2.02896231226411,0.6775210811868404,-0.6872963368820332,,1.0433185686485762,0.004400877272881891,,-0.10193338847021526,0.26280144604794214,1.3278858515533867,-0.6435888832241364,,1.395705613988379,-0.1547263767709677,,-1.2488660438851507,1.3224979657776428,0.9376669893334589,-0.6698133554188744,brick3_q_v2_robust_mahalanobis_clipped,2026-03-18T05:10:36.278770+00:00
DASH,,,10-Q,2022-03-31,2022-05-06,https://www.sec.gov/Archives/edgar/data/1792789/000162828022013038/dash-20220331.htm,23.44,2.406356050062359,,1.0719029451376918,1.0719029451376918,6,ocf_to_net_income,-1.4419,net_income_growth_yoy,-1.4192,equity_to_assets,1.3349,robust_mcd,,,,,,,,,,0.6920918209186584,-1.4192287348130643,,-0.9021495711542304,1.3349040582355296,-0.6411498634419588,-1.4418936222627086,,0.6920918209186584,-1.4192287348130643,,-0.9021495711542304,1.3349040582355296,-0.6411498634419588,-1.4418936222627086,brick3_q_v2_robust_mahalanobis_clipped,2026-03-18T05:10:36.278770+00:00
FTNT,,,10-Q,2023-06-30,2023-08-07,https://www.sec.gov/Archives/edgar/data/1262039/000126203923000032/ftnt-20230630.htm,23.36,2.3887287175651712,0.480096308154984,1.7602452937477215,0.9866064539080256,6,assets_growth_yoy,1.503,net_income_growth_yoy,1.4754,accrual_ratio,-1.1929,robust_mcd,,0.4383252635976449,1.9865764146526539,,-0.007659141877293357,0.020088100542974045,-0.24166071183198978,0.1862682164273479,,3.1000283929365575,0.7087027675223162,,1.3224933505842684,-1.5071093764339272,-2.619850794589711,1.3032870804195495,,1.5030065153332102,1.4754269558005189,,0.5244018551073314,-0.5907908902477864,-1.1929367449350783,0.6330757620242285,brick3_q_v2_robust_mahalanobis_clipped,2026-03-18T05:10:36.278770+00:00
TXN,,,10-Q,2022-09-30,2022-10-26,https://www.sec.gov/Archives/edgar/data/97476/000009747622000048/txn-20220930.htm,23.28,2.381314409828497,0.9837018283458537,0.8212260435643075,0.7615954981731825,6,accrual_ratio,-1.8254,net_income_growth_yoy,-0.8116,ocf_to_net_income,0.7299,robust_mcd,,-0.8514035499071719,-1.5839728871337908,,-0.5408082047515356,0.540808204751537,-1.1419086445389102,1.2433094789921775,,0.7910394994879023,0.34705341822405056,,-0.28673360655669394,0.611595374261328,-2.8506571586174276,-0.04027720423844213,,-0.19442633014914218,-0.8115623649906542,,-0.4391783654735989,0.5691230725554535,-1.8254080501703172,0.7298748056999296,brick3_q_v2_robust_mahalanobis_clipped,2026-03-18T05:10:36.278770+00:00
ISRG,,,10-Q,2025-03-31,2025-04-23,https://www.sec.gov/Archives/edgar/data/1035267/000103526725000109/isrg-20250331.htm,23.21,2.3635838785588996,0.6389110849137524,1.047561603844372,0.8972900437136181,6,equity_to_assets,1.5881,accrual_ratio,0.997,debt_to_assets,-0.9842,robust_mcd,,0.6205188855491844,0.05210571227085335,,-0.6744907594765952,,1.002823782394935,-0.8446162848771935,,1.2253378889830544,0.36593855018262517,,-1.4486494530555474,1.5880985971899317,0.988260668548581,-0.6690844651064931,,0.8624464869227324,0.17763884743556208,,-0.9841542369081762,1.5880985971899317,0.9969985368563934,-0.7744035569689134,brick3_q_v2_robust_mahalanobis_clipped,2026-03-18T05:10:36.278770+00:00
XEL,,,10-Q,2022-09-30,2022-10-27,https://www.sec.gov/Archives/edgar/data/72903/000007290322000063/xel-20220930.htm,23.13,2.356345342769115,1.2433883538883397,0.25869079097506115,0.7630558292537634,5,ocf_to_net_income,1.1768,accrual_ratio,-1.1346,equity_to_assets,0.9094,robust_mcd,,-0.7503622005019418,0.25662709627218844,,,1.745003919009988,-1.9532419679829518,1.5117065856746281,,0.10290227297801426,0.07866497333811788,,,-0.344002640401333,0.09342945830355749,0.674454609854283,,-0.4090564111099594,0.18544224709856022,,,0.9094012952454595,-1.1345733974683478,1.17680579534649,brick3_q_v2_robust_mahalanobis_clipped,2026-03-18T05:10:36.278770+00:00
PANW,,,10-Q,2025-10-31,2025-11-20,https://www.sec.gov/Archives/edgar/data/1327567/000132756725000035/panw-20251031.htm,23.05,2.351299570738752,1.100773363359429,0.5088959706416617,0.7438686949344788,6,equity_to_assets,1.4824,accrual_ratio,0.8733,debt_to_assets,-0.7372,robust_mcd,,-0.8761657059191144,-0.4323302385360101,,-1.5884325747141934,2.4707041911704186,1.1966537439449898,-0.04035372587184783,,0.3010219920451567,-1.0120824089345482,,0.5396002541808964,0.0,0.3882988954234124,0.8123722732659563,,-0.4052906267334059,-0.6642311066954253,,-0.7372194431561574,1.4824225147022512,0.8733118045363588,0.30073667378327384,brick3_q_v2_robust_mahalanobis_clipped,2026-03-18T05:10:36.278770+00:00
AXON,,,10-Q,2024-06-30,2024-08-07,https://www.sec.gov/Archives/edgar/data/1069183/000106918324000049/axon-20240630x10q.htm,22.98,2.3484858165418423,0.5494408620229715,1.5271618672547895,0.6737112771390246,6,net_income_growth_yoy,3.0121,debt_to_assets,0.3211,equity_to_assets,-0.2455,robust_mcd,,-0.5849164355502118,0.772300131686885,,0.6462153731433864,-0.6383535406458921,-0.10127327756858585,0.5535864135428676,,1.1855560341995548,6.371693102524513,,-0.1666232783352645,0.34389011380160966,0.6338717341578091,-0.4613369405099864,,0.12327255234969486,3.0120573200219365,,0.321079912551926,-0.24545607886689136,0.19278472712197214,0.147617071921726,brick3_q_v2_robust_mahalanobis_clipped,2026-03-18T05:10:36.278770+00:00
ISRG,,,10-Q,2024-09-30,2024-10-18,https://www.sec.gov/Archives/edgar/data/1035267/000103526724000247/isrg-20240930.htm,22.9,2.3432211564484415,0.4639862086065111,0.8920422732940206,0.7209972427939286,6,equity_to_assets,1.5873,assets_growth_yoy,0.805,accrual_ratio,-0.5966,robust_mcd,,0.5141223351599218,0.25807886839508565,,-0.08925585350967152,,-0.8438039933315524,0.614669992636324,,1.2413776951252538,0.7588900848624972,,-1.3397629224075713,1.5872863849945336,-0.2258759824263532,-0.19906056994791457,,0.8050244791460546,0.4584033549820503,,-0.5894586810688315,1.5872863849945336,-0.5966327889694727,0.2891777676026286,brick3_q_v2_robust_mahalanobis_clipped,2026-03-18T05:10:36.278770+00:00
MPWR,,,10-Q,2021-03-31,2021-05-10,https://www.sec.gov/Archives/edgar/data/1280452/000143774921011491/mpwr20210331_10q.htm,22.82,2.3400337934884408,,0.9249991846644389,0.9249991846644389,6,equity_to_assets,2.0841,debt_to_assets,-1.561,assets_growth_yoy,0.986,robust_mcd,,,,,,,,,,0.9860443263126506,0.04172732997530301,,-1.5610308864643174,2.0840635726852184,-0.6220069654063896,0.25512202714275456,,0.9860443263126506,0.04172732997530301,,-1.5610308864643174,2.0840635726852184,-0.6220069654063896,0.25512202714275456,brick3_q_v2_robust_mahalanobis_clipped,2026-03-18T05:10:36.278770+00:00
MRVL,,,10-Q,2021-05-01,2021-06-09,https://www.sec.gov/Archives/edgar/data/1835632/000183563221000010/mrvl-20210501.htm,22.74,2.3347710436525047,,1.0875630330735144,1.0875630330735144,5,net_income_growth_yoy,-1.493,ocf_to_net_income,-1.2087,accrual_ratio,1.049,robust_mcd,,,,,,,,,,,-1.4930354815098306,,-0.6744907594765952,1.0126380234499148,1.048986962100673,-1.2086639388305596,,,-1.4930354815098306,,-0.6744907594765952,1.0126380234499148,1.048986962100673,-1.2086639388305596,brick3_q_v2_robust_mahalanobis_clipped,2026-03-18T05:10:36.278770+00:00
IDXX,,,10-Q,2025-03-31,2025-05-01,https://www.sec.gov/Archives/edgar/data/874716/000087471625000062/idxx-20250331.htm,22.67,2.313657876274412,1.0054249701686768,0.3935743852897273,0.7596434382367745,6,assets_growth_yoy,-1.8004,equity_to_assets,0.6761,accrual_ratio,0.6353,robust_mcd,,-2.355001376550522,-0.38997883259223715,,-1.059996693614329,1.0586492136749206,0.5925505188637228,-0.576373185716329,,-0.9684043112002183,-0.09892295455810379,,0.007809734852418402,0.10227341529745149,0.6993061643883282,-0.48472973144184384,,-1.8003625504104004,-0.2735564813785838,,-0.6328741222276301,0.6760988943239329,0.635252777073565,-0.539715804006535,brick3_q_v2_robust_mahalanobis_clipped,2026-03-18T05:10:36.278770+00:00
KHC,,,10-Q,2022-06-25,2022-07-28,https://www.sec.gov/Archives/edgar/data/1637459/000163745922000159/khc-20220625.htm,22.59,2.3081241749564696,0.8591701641287943,0.951195131521524,0.7518831685218489,6,net_income_growth_yoy,2.2074,debt_to_assets,-0.9181,equity_to_assets,0.6362,robust_mcd,,,,,-1.0805127153744425,1.0602667153113308,0.33088676244227905,0.9650144633871246,,0.0,2.2073994293914647,,-0.6744907594765951,0.0,0.6744907594765952,-2.1507898407844896,,0.0,2.2073994293914647,,-0.9181039330153036,0.6361600291867985,0.4683283612560055,-0.28130725828152114,brick3_q_v2_robust_mahalanobis_clipped,2026-03-18T05:10:36.278770+00:00
LRCX,,,10-Q,2025-09-28,2025-10-24,https://www.sec.gov/Archives/edgar/data/707549/000070754925000085/lrcx-20250928.htm,22.51,2.3046345438989415,1.0718337695816182,0.6744907594765953,0.912896565539609,6,equity_to_assets,1.5243,debt_to_assets,-1.5243,ocf_to_net_income,-0.7644,robust_mcd,,0.0,0.6744907594765952,,-2.0907914733276516,2.0907914733276516,0.7505296447903465,-0.8243992665674652,,-0.6744907594765961,0.6744907594765952,,-0.6744907594765941,0.6744907594765952,0.6744907594765952,-0.6744907594765952,,-0.26979630379063846,0.6744907594765952,,-1.5242711877872286,1.524271187787229,0.720114090664846,-0.7644358637311172,brick3_q_v2_robust_mahalanobis_clipped,2026-03-18T05:10:36.278770+00:00
FTNT,,,10-Q,2024-09-30,2024-11-08,https://www.sec.gov/Archives/edgar/data/1262039/000126203924000043/ftnt-20240930.htm,22.44,2.2977420754242153,0.8533739757861959,1.1748050740614266,0.6516822866919135,6,net_income_growth_yoy,2.0221,accrual_ratio,-1.1815,assets_growth_yoy,0.3544,robust_mcd,,-0.08389436387891394,2.261254448439016,,-0.8384861127277798,0.8384861127277781,-0.6208992230690974,-0.47722359387459007,,1.0117412588592933,1.6634870679920477,,1.1478816507683383,-1.1941837052541013,-2.0224627003027793,0.009074061191998876,,0.35435988521636896,2.022147496260229,,-0.04393900732933259,0.025418185535026228,-1.1815246139625701,-0.28270453184795447,brick3_q_v2_robust_mahalanobis_clipped,2026-03-18T05:10:36.278770+00:00
ABNB,,,10-Q,2023-06-30,2023-08-03,https://www.sec.gov/Archives/edgar/data/1559720/000155972023000015/abnb-20230630.htm,22.36,2.297549024596968,,0.885092555094776,0.885092555094776,6,accrual_ratio,-1.5784,net_income_growth_yoy,1.0806,ocf_to_net_income,0.9406,robust_mcd,,,,,,,,,,0.3073495360878521,1.0805979149495846,,0.7153725320662297,-0.6882179681970496,-1.578378969760137,0.9406384095078034,,0.3073495360878521,1.0805979149495846,,0.7153725320662297,-0.6882179681970496,-1.578378969760137,0.9406384095078034,brick3_q_v2_robust_mahalanobis_clipped,2026-03-18T05:10:36.278770+00:00
TXN,,,10-Q,2025-09-30,2025-10-23,https://www.sec.gov/Archives/edgar/data/97476/000009747625000060/txn-20250930.htm,22.28,2.2882586332793204,1.1746564621867897,0.40321825521909077,0.8485121136148885,6,assets_growth_yoy,-1.8931,ocf_to_net_income,0.9346,accrual_ratio,-0.8711,robust_mcd,,-2.532268422157553,-0.22386108684850134,,1.0163438811529097,-1.0163438811529097,-0.9295200275664771,1.3296014742423858,,-0.9343055093765932,-0.22764739374185988,,-0.04789276961231742,0.08387522377384267,-0.7833979561025792,0.34219067870735237,,-1.8930832570451692,-0.22537560960584474,,0.5906492208468188,-0.5762562391822087,-0.8710711989809179,0.9346371560283724,brick3_q_v2_robust_mahalanobis_clipped,2026-03-18T05:10:36.278770+00:00
VRTX,,,10-Q,2021-03-31,2021-04-30,https://www.sec.gov/Archives/edgar/data/875320/000087532021000015/vrtx-20210331.htm,22.21,2.265492088474625,,0.9122180347365166,0.9122180347365166,6,equity_to_assets,1.8998,debt_to_assets,-1.3888,assets_growth_yoy,1.3545,robust_mcd,,,,,,,,,,1.3544879435880302,-0.32065525446866644,,-1.388835917557292,1.8997961557860712,-0.5049967680523924,0.00453616896664775,,1.3544879435880302,-0.32065525446866644,,-1.388835917557292,1.8997961557860712,-0.5049967680523924,0.00453616896664775,brick3_q_v2_robust_mahalanobis_clipped,2026-03-18T05:10:36.278770+00:00
WDAY,,,10-Q,2021-04-30,2021-05-26,https://www.sec.gov/Archives/edgar/data/1327811/000132781121000054/wday-20210430.htm,22.13,2.260957890043913,,0.675444152132008,0.675444152132008,6,ocf_to_net_income,-2.4673,accrual_ratio,0.634,assets_growth_yoy,-0.6002,robust_mcd,,,,,,,,,,-0.6001636833162147,0.19447466281621664,,0.0,0.1567484132353695,0.6339528014481888,-2.4673253519760583,,-0.6001636833162147,0.19447466281621664,,0.0,0.1567484132353695,0.6339528014481888,-2.4673253519760583,brick3_q_v2_robust_mahalanobis_clipped,2026-03-18T05:10:36.278770+00:00
TXN,,,10-Q,2022-06-30,2022-07-27,https://www.sec.gov/Archives/edgar/data/97476/000009747622000040/txn-20220630.htm,22.05,2.25765687694715,1.4084249943102058,0.658337689641193,0.9981363629257022,6,net_income_growth_yoy,-1.9015,equity_to_assets,1.5885,debt_to_assets,-1.4583,robust_mcd,,-0.37750010897731506,-3.342893761376302,,-2.1800558792848244,2.1800558792848075,-0.18102184918258596,0.18902248775539998,,1.4321193740806375,0.2606526579107664,,-0.3757781241102119,0.7011654472829044,-1.180310534462638,0.0,,0.34634768424586604,-1.9014751936614747,,-1.4583447772149793,1.5884997064840463,-0.5807373232946068,0.11341349265323998,brick3_q_v2_robust_mahalanobis_clipped,2026-03-18T05:10:36.278770+00:00
NXPI,,,10-Q,2025-03-30,2025-04-29,https://www.sec.gov/Archives/edgar/data/1413447/000141344725000031/nxpi-20250330.htm,21.97,2.2492683614871707,0.827187243803197,0.7496013453046184,0.7251026439404686,6,accrual_ratio,1.3299,ocf_to_net_income,-1.0944,assets_growth_yoy,0.9485,robust_mcd,,1.0682373455348424,-1.005501047744786,,-0.4378822338541712,0.42397090186484404,1.0510308569290971,-0.9765010768914408,,0.7688322045284628,-0.17644479739575772,,0.5328768034747269,0.0,1.7480837006742307,-1.2713705657545322,,0.9484752891322906,-0.6738785476051747,,-0.04957861892261195,0.2543825411189064,1.3298519944271505,-1.0944488724366774,brick3_q_v2_robust_mahalanobis_clipped,2026-03-18T05:10:36.278770+00:00
FTNT,,,10-Q,2025-09-30,2025-11-07,https://www.sec.gov/Archives/edgar/data/1262039/000126203925000039/ftnt-20250930.htm,21.9,2.245904027219305,0.9981328981317157,1.0381797341930297,0.9000426890126958,6,net_income_growth_yoy,-1.8262,accrual_ratio,-1.3662,ocf_to_net_income,0.8232,robust_mcd,,-0.8283693683242004,-2.6354856612720803,,-0.28204404459778964,0.28850067311993893,-1.031884999579527,0.922512641896758,,-0.26217354397122267,-0.6123516959058136,,1.455263316678142,-1.3573148926138823,-1.8677842515112137,0.6741907044779055,,-0.6018910385830093,-1.8262320751255734,,0.41287889991258303,-0.36982555317358956,-1.3662447003522016,0.823183866929217,brick3_q_v2_robust_mahalanobis_clipped,2026-03-18T05:10:36.278770+00:00
XEL,,,10-Q,2021-03-31,2021-04-29,https://www.sec.gov/Archives/edgar/data/72903/000007290321000030/xel-20210331.htm,21.82,2.2393394079577638,,0.6603703053348273,0.6603703053348273,5,ocf_to_net_income,-1.5569,accrual_ratio,1.2379,equity_to_assets,-0.3358,robust_mcd,,,,,,,,,,-0.12948675737199655,-0.04172732997530307,,,-0.33579149930596514,1.2379486944367586,-1.556897245584114,,-0.12948675737199655,-0.04172732997530307,,,-0.33579149930596514,1.2379486944367586,-1.556897245584114,brick3_q_v2_robust_mahalanobis_clipped,2026-03-18T05:10:36.278770+00:00
VRTX,,,10-Q,2025-09-30,2025-11-04,https://www.sec.gov/Archives/edgar/data/875320/000087532025000232/vrtx-20250930.htm,21.74,2.2108853044911223,1.7095845734481403,0.45923002853798245,0.9171311460883612,6,debt_to_assets,1.6547,equity_to_assets,-1.6545,ocf_to_net_income,0.9699,robust_mcd,,-0.8613984010047251,-0.25076973211255243,,3.349752628235704,-3.350469820567891,-0.7838259329796313,1.6612909257883373,,0.3478509858218695,-0.12066628205810986,,-0.8879866658051433,0.8893371655330985,-0.44237681870191553,-0.06716225330775805,,-0.3776986462740872,-0.1987283520907754,,1.6546569106193652,-1.6545470261274953,-0.6472462872685449,0.969909654149899,brick3_q_v2_robust_mahalanobis_clipped,2026-03-18T05:10:36.278770+00:00
CSX,,,10-Q,2025-09-30,2025-10-16,https://www.sec.gov/Archives/edgar/data/277948/000027794825000054/csx-20250930.htm,21.67,2.209522453583259,1.2959835998641964,0.6643119186410468,1.0433149273749365,5,ocf_to_net_income,2.1125,assets_growth_yoy,-1.0985,net_income_growth_yoy,-0.9545,robust_mcd,,-1.301210287018,-0.9722118928260057,,0.21495385528120148,,-1.1125757752315433,2.878966188964231,,-0.7943335106976932,-0.9278835113430561,,0.6353631805577044,,-0.001285631769822751,0.9626937588369575,,-1.0984595764898772,-0.9544805402328259,,0.38311758539180263,,-0.6680597178468551,2.1124572169133216,brick3_q_v2_robust_mahalanobis_clipped,2026-03-18T05:10:36.278770+00:00
CTAS,,,10-Q,2025-08-31,2025-10-08,https://www.sec.gov/Archives/edgar/data/723254/000072325425000033/ctas-20250831.htm,21.59,2.208718067261226,0.8659227457754621,0.6744907594765952,0.6408887095357609,5,equity_to_assets,0.9496,accrual_ratio,0.7337,ocf_to_net_income,-0.6855,robust_mcd,,1.5616454945228027,-0.16892800084958015,,,1.1330369938834068,0.7731296973477287,-0.6928735422737927,,-0.6744907594765952,0.6744907594765952,,,0.6744907594765952,0.6744907594765952,-0.6744907594765954,,0.6671909929230435,0.16843950328088997,,,0.949618500120682,0.7336741221992753,-0.6855204291549137,brick3_q_v2_robust_mahalanobis_clipped,2026-03-18T05:10:36.278770+00:00
MRVL,,,10-Q,2021-10-30,2021-12-03,https://www.sec.gov/Archives/edgar/data/1835632/000183563221000032/mrvl-20211030.htm,21.51,2.19560651851852,,0.9700997658629845,0.9700997658629845,5,ocf_to_net_income,-2.1316,equity_to_assets,1.1373,net_income_growth_yoy,-0.9071,robust_mcd,,,,,,,,,,,-0.9071178531598325,,-0.6744907594765954,1.1373040124900717,0.0,-2.1315862041884235,,,-0.9071178531598325,,-0.6744907594765954,1.1373040124900717,0.0,-2.1315862041884235,brick3_q_v2_robust_mahalanobis_clipped,2026-03-18T05:10:36.278770+00:00
INTC,,,10-Q,2022-04-02,2022-04-29,https://www.sec.gov/Archives/edgar/data/50863/000005086322000020/intc-20220402.htm,21.43,2.1929000653415236,,0.6744907594765952,0.6744907594765952,5,net_income_growth_yoy,-0.6745,assets_growth_yoy,-0.6745,equity_to_assets,-0.6745,robust_mcd,,,,,,,,,,-0.6744907594765952,-0.6744907594765953,,,-0.6744907594765952,0.6744907594765952,-0.6744907594765951,,-0.6744907594765952,-0.6744907594765953,,,-0.6744907594765952,0.6744907594765952,-0.6744907594765951,brick3_q_v2_robust_mahalanobis_clipped,2026-03-18T05:10:36.278770+00:00
INTC,,,10-Q,2023-04-01,2023-04-28,https://www.sec.gov/Archives/edgar/data/50863/000005086323000028/intc-20230401.htm,21.36,2.1928279658212664,1.321963433979865,0.8801304851972983,0.7391377828997527,5,net_income_growth_yoy,-1.3414,accrual_ratio,0.7023,assets_growth_yoy,-0.6677,robust_mcd,,-2.7900688073086677,-1.149220220992074,,,-0.8918619670279582,1.0334999870753634,-0.7451661874952609,,2.5159556199734046,-1.6297015275186346,,,-0.02726849455133897,0.20560445662223326,0.022122327320880108,,-0.6676590363958388,-1.3414127436026984,,,-0.5460245780373105,0.7023417748941114,-0.4382507815688045,brick3_q_v2_robust_mahalanobis_clipped,2026-03-18T05:10:36.278770+00:00
BKR,,,10-Q,2022-03-31,2022-04-20,https://www.sec.gov/Archives/edgar/data/1701605/000170160522000079/bkr-20220331.htm,21.28,2.1786421396783475,,0.8659836486711125,0.8659836486711125,5,net_income_growth_yoy,1.9051,assets_growth_yoy,-1.0286,accrual_ratio,0.7004,robust_mcd,,,,,,,,,,-1.0285899182638316,1.9051432655761626,,,0.3977404545220549,0.7003927545980935,-0.2980518503954199,,-1.0285899182638316,1.9051432655761626,,,0.3977404545220549,0.7003927545980935,-0.2980518503954199,brick3_q_v2_robust_mahalanobis_clipped,2026-03-18T05:10:36.278770+00:00
DXCM,,,10-Q,2024-06-30,2024-07-25,https://www.sec.gov/Archives/edgar/data/1093557/000109355724000144/dxcm-20240630.htm,21.2,2.170839418722379,0.8110553451638017,0.560948214097687,0.6584617658120291,6,assets_growth_yoy,-1.3339,debt_to_assets,1.0476,accrual_ratio,-0.6946,robust_mcd,,-1.7470167892357649,-0.26275363462663415,,1.5247792307162382,-0.558837296978015,-0.6566053375524613,0.11633978187369753,,-0.714243411891674,0.496220019112424,,0.3319206433716596,-0.250529566300739,-0.7516456710701646,0.8211299728394611,,-1.3339074382981284,0.04083582686898915,,1.0476357957784068,-0.43551420470710456,-0.6946214709595426,0.398255858260003,brick3_q_v2_robust_mahalanobis_clipped,2026-03-18T05:10:36.278770+00:00
VRSK,,,10-Q,2024-09-30,2024-10-30,https://www.sec.gov/Archives/edgar/data/1442145/000143774924032536/vrsk20240930_10q.htm,21.13,2.1662971463529908,0.8908697530883559,0.7873424852311457,0.8082611875440051,6,equity_to_assets,-1.7688,debt_to_assets,1.7545,net_income_growth_yoy,0.6223,robust_mcd,,0.009959825218354567,0.8879578668984565,,2.0828055100259566,-2.062502299387673,-0.19602846678897834,-0.10596455021071587,,-0.3978738586333632,0.223897230894882,,1.261958280915905,-1.3283265639577897,0.6744907594765952,-0.8375082175083398,,-0.15317364832233257,0.6223336124970267,,1.7544666183819357,-1.7688320052157196,0.15217922371725107,-0.39858201712976543,brick3_q_v2_robust_mahalanobis_clipped,2026-03-18T05:10:36.278770+00:00
MCHP,,,10-Q,2024-06-30,2024-08-01,https://www.sec.gov/Archives/edgar/data/827054/000082705424000139/mchp-20240630.htm,21.05,2.1591417138473807,0.8633249733635509,0.8065916881945014,0.8203487646056713,5,net_income_growth_yoy,-1.8988,assets_growth_yoy,-1.0667,accrual_ratio,0.5949,robust_mcd,,-1.0904728751160013,-1.7653006051254718,,,0.6722802410225819,0.7551387804909484,-0.033432365062750796,,-1.0309893906097265,-2.098992714411763,,,-0.07661954421999749,0.35445007230329073,0.47190671942772955,,-1.0666794813134914,-1.8987774488399882,,,0.3727203269255501,0.5948632972158854,0.16870326873344135,brick3_q_v2_robust_mahalanobis_clipped,2026-03-18T05:10:36.278770+00:00
LRCX,,,10-Q,2023-12-24,2024-01-29,https://www.sec.gov/Archives/edgar/data/707549/000070754924000016/lrcx-20231224.htm,20.97,2.1499702126903055,1.1744520218440313,0.6744907594765952,0.8990599778519517,6,net_income_growth_yoy,-1.8805,assets_growth_yoy,-0.934,equity_to_assets,0.8924,robust_mcd,,-1.1070799975010222,-2.6844788147695042,,-0.8923591927532077,0.8923591927532089,-0.4788076931153283,0.9916272401719163,,-0.6744907594765952,-0.6744907594765952,,0.6744907594765952,,-0.6744907594765952,0.6744907594765951,,-0.9340443022912512,-1.8804835926523407,,-0.2656192118612865,0.8923591927532089,-0.557080919659835,0.8647726478937878,brick3_q_v2_robust_mahalanobis_clipped,2026-03-18T05:10:36.278770+00:00
ODFL,,,10-Q,2024-06-30,2024-08-05,https://www.sec.gov/Archives/edgar/data/878927/000095017024090872/odfl-20240630.htm,20.89,2.1214711714764234,1.0044633406994576,0.7837217859784936,0.8952773727604756,6,equity_to_assets,1.6867,debt_to_assets,-1.5586,accrual_ratio,-1.0415,robust_mcd,,-0.22842398253947305,-0.9435211595818759,,-1.9498790379463038,1.9498790379462958,-0.3758990829431237,0.5791777432396735,,-0.053110607927457226,0.15667009537947307,,-0.9717714334955837,1.2919846511062203,-2.0399448252648744,0.1888491026973522,,-0.1582986326946667,-0.5034446575973363,,-1.5586359961660157,1.6867212832102654,-1.041517379871824,0.423046287022745,brick3_q_v2_robust_mahalanobis_clipped,2026-03-18T05:10:36.278770+00:00
WDAY,,,10-Q,2024-04-30,2024-05-29,https://www.sec.gov/Archives/edgar/data/1327811/000132781124000093/wday-20240430.htm,20.82,2.1042599636236434,1.2022214311953368,0.4140624976921627,0.8869578577940672,5,equity_to_assets,1.9187,debt_to_assets,-1.5095,accrual_ratio,0.5657,robust_mcd,,-0.00360433228520585,,,-2.5158078037496914,2.5208219356614405,0.4931381413148391,0.4777349429655075,,0.0,,,0.0,1.0155094079385878,0.6744907594765952,0.3803123210456306,,-0.00216259937112351,,,-1.5094846822498147,1.9186969245722993,0.5656791885795416,0.43876589419755674,brick3_q_v2_robust_mahalanobis_clipped,2026-03-18T05:10:36.278770+00:00
ORLY,,,10-Q,2024-09-30,2024-11-08,https://www.sec.gov/Archives/edgar/data/898173/000089817324000043/orly-20240930x10q.htm,20.74,2.0997005933627797,0.38891844251509405,0.7969613564882143,0.5375804514597868,5,accrual_ratio,-1.0081,equity_to_assets,-0.7825,net_income_growth_yoy,-0.4297,robust_mcd,,0.1651963930345565,-0.5753400782039575,,,-0.020600735965165488,-0.6149194061410752,0.5685355992307156,,-0.09096972902847152,-0.21135704396157345,,,-1.9253690077216745,-1.597820480065438,0.15929052166391366,,0.0627299442093453,-0.4297468645070039,,,-0.7825080446677691,-1.0080798357108205,0.40483756820399486,brick3_q_v2_robust_mahalanobis_clipped,2026-03-18T05:10:36.278770+00:00
CPRT,,,10-Q,2025-01-31,2025-02-26,https://www.sec.gov/Archives/edgar/data/900075/000090007525000007/cprt-20250131.htm,20.66,2.0976973966993144,0.46719004988717633,0.1776994019696628,0.3513937907201709,5,debt_to_assets,-0.7572,assets_growth_yoy,-0.7362,net_income_growth_yoy,0.1752,robust_mcd,,-1.227040580504734,0.29201441650804466,,-0.6744907594765952,,0.09796261565320995,0.044441877293297814,,0.0,0.0,,-0.881386779811771,,0.007110230036542935,0.0,,-0.7362243483028403,0.1752086499048268,,-0.7572491676106656,,0.06162166140654314,0.026665126375978686,brick3_q_v2_robust_mahalanobis_clipped,2026-03-18T05:10:36.278770+00:00
KHC,,,10-Q,2022-09-24,2022-10-27,https://www.sec.gov/Archives/edgar/data/1637459/000163745922000191/khc-20220924.htm,20.59,2.0853654625780917,0.8798193056637732,0.6744907594765952,0.5103670584735344,6,debt_to_assets,-1.0276,assets_growth_yoy,-0.6745,net_income_growth_yoy,0.6745,robust_mcd,,,,,-1.0276085241671866,1.0936123590602416,-0.4871480358355835,0.9109083035920812,,-0.6744907594765952,0.6744907594765952,,,-0.674490759476595,0.6744907594765953,-0.6744907594765953,,-0.6744907594765952,0.6744907594765952,,-1.0276085241671866,0.38637111164550686,-0.02249251771071198,0.2767486783646106,brick3_q_v2_robust_mahalanobis_clipped,2026-03-18T05:10:36.278770+00:00
TXN,,,10-Q,2022-03-31,2022-04-27,https://www.sec.gov/Archives/edgar/data/97476/000009747622000028/txn-20220331.htm,20.51,2.076453358376991,,0.7230912012073464,0.7230912012073464,6,assets_growth_yoy,1.7882,accrual_ratio,0.8408,equity_to_assets,0.823,robust_mcd,,,,,,,,,,1.7881905946451255,0.11415548242509099,,-0.440710828551979,0.8229935615630551,0.8407921905921603,-0.33170454946666683,,1.7881905946451255,0.11415548242509099,,-0.440710828551979,0.8229935615630551,0.8407921905921603,-0.33170454946666683,brick3_q_v2_robust_mahalanobis_clipped,2026-03-18T05:10:36.278770+00:00
LRCX,,,10-Q,2022-03-27,2022-04-26,https://www.sec.gov/Archives/edgar/data/707549/000070754922000067/lrcx-20220327.htm,20.43,2.0479140638172493,,0.6744907594765952,0.6744907594765952,5,assets_growth_yoy,-0.6745,net_income_growth_yoy,0.6745,debt_to_assets,-0.6745,robust_mcd,,,,,,,,,,-0.6744907594765952,0.6744907594765952,,-0.6744907594765952,,-0.6744907594765951,0.6744907594765952,,-0.6744907594765952,0.6744907594765952,,-0.6744907594765952,,-0.6744907594765951,0.6744907594765952,brick3_q_v2_robust_mahalanobis_clipped,2026-03-18T05:10:36.278770+00:00
BKNG,,,10-Q,2025-09-30,2025-10-28,https://www.sec.gov/Archives/edgar/data/1075531/000107553125000051/bkng-20250930.htm,20.35,2.0396193408797014,0.6662076166800708,1.3557405940335774,0.8940307266969766,4,debt_to_assets,1.396,equity_to_assets,-1.3416,assets_growth_yoy,-0.6449,robust_mcd,-0.48262398906563714,-0.6988021718020825,,,0.7417021529262815,-0.7417021529262818,,,0.23995040462248424,-0.5640366254336148,,,2.377470375055983,-2.2415049710222275,,,-0.19359423159038858,-0.6448959532546954,,,1.396009441778162,-1.3416232801646601,,,brick3_q_v2_robust_mahalanobis_clipped,2026-03-18T05:10:36.278770+00:00
ADI,,,10-Q,2023-01-28,2023-02-15,https://www.sec.gov/Archives/edgar/data/6281/000000628123000031/adi-20230128.htm,20.28,2.030808569115339,0.9454808508373095,0.6744907594765952,0.8370848142930238,5,ocf_to_net_income,-1.5505,accrual_ratio,0.6967,assets_growth_yoy,-0.6698,robust_mcd,,-0.6666061489159377,-0.5666871848755529,,,0.6481552180462767,0.7114665476252068,-2.134489154723574,,-0.6744907594765952,-0.6744907594765951,,,0.6744907594765953,0.6744907594765953,-0.6744907594765952,,-0.6697599931402007,-0.6098086147159698,,,0.6586894346184042,0.6966762323657623,-1.5504897966247824,brick3_q_v2_robust_mahalanobis_clipped,2026-03-18T05:10:36.278770+00:00
ODFL,,,10-Q,2025-09-30,2025-11-06,https://www.sec.gov/Archives/edgar/data/878927/000119312525268415/odfl-20250930.htm,20.2,2.0285499741830346,0.9615506041122185,0.9527071836971341,0.9580132359461847,6,accrual_ratio,-1.2033,ocf_to_net_income,1.0669,assets_growth_yoy,-1.0121,robust_mcd,,-1.237179406452282,-0.5184842510098141,,-0.8107408005025925,0.8107408005025925,-0.9672465823529981,1.4249117838530325,,-0.6744907594765952,-0.6114516047081572,,-1.1768856636145497,1.1663266173103515,-1.557276607069919,0.5298118500032326,,-1.0121039476620073,-0.5556711924891513,,-0.9571987457473754,0.9529751272256961,-1.2032585922397665,1.0668718103131125,brick3_q_v2_robust_mahalanobis_clipped,2026-03-18T05:10:36.278770+00:00
MRVL,,,10-Q,2024-05-04,2024-05-31,https://www.sec.gov/Archives/edgar/data/1835632/000183563224000063/mrvl-20240504.htm,20.12,2.02017293913586,0.6496482975877832,0.9157727503176402,0.7338059408891738,6,assets_growth_yoy,-1.5663,net_income_growth_yoy,-1.3648,debt_to_assets,-0.5814,robust_mcd,,-1.9653169723766997,-0.3168663544855398,,-0.5813906834593584,0.5813764081970229,-0.2859654153762439,-0.16697395163183415,,-0.9677102482799834,-2.936662743831622,,,0.0,0.0,-0.6744907594765952,,-1.566274282738013,-1.3647849102239729,,-0.5813906834593584,0.3488258449182137,-0.17157924922574636,-0.36998067476973856,brick3_q_v2_robust_mahalanobis_clipped,2026-03-18T05:10:36.278770+00:00
WBD,,,10-Q,2025-06-30,2025-08-07,https://www.sec.gov/Archives/edgar/data/1437107/000143710725000192/wbd-20250630.htm,20.05,2.0162695626188696,0.5618972097177005,1.1844685812242834,0.6719365681392592,6,net_income_growth_yoy,1.6215,accrual_ratio,0.9458,assets_growth_yoy,-0.856,robust_mcd,,-0.42437573339863344,0.5835323541672849,,0.4067555636106311,0.04402562064225619,1.0793352195199135,0.833358766967484,,-1.5035469753865722,3.178512338195512,,0.35334024945363324,-0.34964862531729507,0.745382803598013,-0.9763804953946754,,-0.8560442301938089,1.6215243477785757,,0.385389437947832,-0.11344407774156431,0.9457542531511534,0.10946306202262018,brick3_q_v2_robust_mahalanobis_clipped,2026-03-18T05:10:36.278770+00:00
PYPL,,,10-Q,2024-03-31,2024-04-30,https://www.sec.gov/Archives/edgar/data/1633917/000163391724000048/pypl-20240331.htm,19.97,2.01445575948875,0.580194459726276,0.4379974124992583,0.43039854070880157,8,debt_to_assets,1.2465,equity_to_assets,-1.1897,ocf_to_net_income,0.4539,robust_mcd,0.10458881864733326,0.5136493520129173,0.07099522796970649,-0.429550132144709,1.6420524803095065,-1.6420524803095142,0.21360962568163042,-0.02505756073489063,0.23703456738432055,-0.16717161535001113,0.0387592438114296,0.6015607349307746,0.6530777000646375,-0.5111912018421106,-0.12285230988355206,1.1723319267272303,0.15756711814212818,0.2413209650677459,0.05810083430639573,-0.017105785314515565,1.2464625682115589,-1.1897079689225527,0.07902485145555743,0.45389823424995773,brick3_q_v2_robust_mahalanobis_clipped,2026-03-18T05:10:36.278770+00:00
BKR,,,10-Q,2023-06-30,2023-07-19,https://www.sec.gov/Archives/edgar/data/1701605/000170160523000063/bkr-20230630.htm,19.89,1.9916335674166237,1.1917125764861134,0.719642811436421,0.9838840714208323,5,net_income_growth_yoy,1.7792,assets_growth_yoy,1.4234,ocf_to_net_income,1.2517,robust_mcd,,2.4284510759910156,1.1802737872386304,,,-0.023064301994045636,0.6327886792364843,1.6939850379703902,,-0.08415729104270571,2.67749630100022,,,0.06556744272125703,0.18282379322172213,0.5881692291962001,,1.4234077291775271,1.7791627927432663,,,0.012388395892075433,0.4528027248305794,1.251658714460714,brick3_q_v2_robust_mahalanobis_clipped,2026-03-18T05:10:36.278770+00:00
EXC,,,10-Q,2025-09-30,2025-11-04,https://www.sec.gov/Archives/edgar/data/1109357/000110935725000182/exc-20250930.htm,19.81,1.985076742192914,0.9891512248271473,0.4864009927716709,0.7103177502359779,4,debt_to_assets,1.2504,equity_to_assets,-0.9165,assets_growth_yoy,0.5171,robust_mcd,0.4333802246293237,0.9497711083668644,,,1.5411663993712863,-1.032287166941115,,,-0.25666293898961656,-0.13200396985527757,,,0.8142297892116748,-0.7427072730301146,,,0.15736295918174753,0.5170610770780076,,,1.2503917553074415,-0.9164552093767149,,,brick3_q_v2_robust_mahalanobis_clipped,2026-03-18T05:10:36.278770+00:00
TXN,,,10-Q,2023-06-30,2023-07-26,https://www.sec.gov/Archives/edgar/data/97476/000009747623000035/txn-20230630.htm,19.74,1.9794140989034053,0.9745158372145086,0.6070839991907465,0.7463302243259395,6,net_income_growth_yoy,-1.7822,assets_growth_yoy,1.2766,debt_to_assets,0.4934,robust_mcd,,1.0621109061830263,-2.3650726419852974,,0.9166050084284503,-0.9166050084284529,0.38301712063212734,-0.20368433762969723,,1.598419461309995,-0.9080032572668782,,-0.14152350727915258,0.46757307531382897,0.13046492269338267,-0.3965197712812415,,1.2766343282338137,-1.7822448880979298,,0.49335360214540913,-0.3629337749315401,0.2819962414566295,-0.28081851109031497,brick3_q_v2_robust_mahalanobis_clipped,2026-03-18T05:10:36.278770+00:00
TTWO,,,10-Q,2021-12-31,2022-02-08,https://www.sec.gov/Archives/edgar/data/946581/000162828022001929/ttwo-20211231.htm,19.66,1.9777755926595084,,0.8577605817834694,0.8577605817834694,6,ocf_to_net_income,-1.6185,equity_to_assets,1.1013,accrual_ratio,0.8449,robust_mcd,,,,,,,,,,-0.3522843979137341,-0.5549838553043787,,-0.6744907594765952,1.1013277925181608,0.8449453924430332,-1.6185312930449145,,-0.3522843979137341,-0.5549838553043787,,-0.6744907594765952,1.1013277925181608,0.8449453924430332,-1.6185312930449145,brick3_q_v2_robust_mahalanobis_clipped,2026-03-18T05:10:36.278770+00:00
ODFL,,,10-Q,2021-03-31,2021-05-04,https://www.sec.gov/Archives/edgar/data/878927/000156459021023371/odfl-10q_20210331.htm,19.58,1.961281177116805,,0.7888859170881762,0.7888859170881762,6,equity_to_assets,1.8636,debt_to_assets,-1.355,accrual_ratio,-0.6956,robust_mcd,,,,,,,,,,-0.12507437656769255,0.5615619567257751,,-1.3550252825773894,1.8635939780042627,-0.6955838361004513,0.1324760725534865,,-0.12507437656769255,0.5615619567257751,,-1.3550252825773894,1.8635939780042627,-0.6955838361004513,0.1324760725534865,brick3_q_v2_robust_mahalanobis_clipped,2026-03-18T05:10:36.278770+00:00
LRCX,,,10-Q,2021-12-26,2022-02-01,https://www.sec.gov/Archives/edgar/data/707549/000070754922000012/lrcx-20211226.htm,19.51,1.9598726759606089,,0.6744907594765944,0.6744907594765944,5,assets_growth_yoy,-0.6745,debt_to_assets,-0.6745,accrual_ratio,-0.6745,robust_mcd,,,,,,,,,,-0.6744907594765954,-0.6744907594765914,,-0.6744907594765952,,-0.6744907594765952,0.674490759476595,,-0.6744907594765954,-0.6744907594765914,,-0.6744907594765952,,-0.6744907594765952,0.674490759476595,brick3_q_v2_robust_mahalanobis_clipped,2026-03-18T05:10:36.278770+00:00
CSX,,,10-Q,2025-03-31,2025-04-16,https://www.sec.gov/Archives/edgar/data/277948/000027794825000028/csx-20250331.htm,19.43,1.9515607976972367,0.7197340643806062,0.5349425185304526,0.5491980025908987,5,net_income_growth_yoy,-1.2038,debt_to_assets,0.7938,assets_growth_yoy,-0.3905,robust_mcd,,-0.33979024179560685,-1.5756718359493294,,0.9426851331283841,,0.522174817898938,-0.21834829313077242,,-0.46652141546206577,-0.645949710772745,,0.5705867851029139,,-0.27634908186412954,0.7153055994504091,,-0.3904827112621904,-1.2037829858786957,,0.793845793918196,,0.20276525799371098,0.15511326390170022,brick3_q_v2_robust_mahalanobis_clipped,2026-03-18T05:10:36.278770+00:00
AMGN,,,10-Q,2024-06-30,2024-08-07,https://www.sec.gov/Archives/edgar/data/318154/000031815424000035/amgn-20240630.htm,19.35,1.951238769814779,0.4830398051866739,0.9258482522235184,0.6601631840014117,5,net_income_growth_yoy,-1.3633,ocf_to_net_income,0.825,equity_to_assets,-0.5859,robust_mcd,,-0.03642449618262472,-1.4478105897906548,,,-0.07776844685757416,0.4140358048778663,0.4391596882246495,,-0.6256806431340176,-1.2366363770761875,,,-1.3481659400612462,0.014908001205771638,1.4038502996403688,,-0.2721269549631819,-1.363340904704868,,,-0.5859274441390431,0.2543846834090284,0.8250359327909371,brick3_q_v2_robust_mahalanobis_clipped,2026-03-18T05:10:36.278770+00:00
XEL,,,10-Q,2021-09-30,2021-10-28,https://www.sec.gov/Archives/edgar/data/72903/000007290321000084/xel-20210930.htm,19.28,1.9471518447684337,,0.5014479516496951,0.5014479516496951,5,accrual_ratio,0.7248,equity_to_assets,-0.6745,net_income_growth_yoy,-0.5679,robust_mcd,,,,,,,,,,-0.13969814796862856,-0.5678516859145337,,,-0.6744907594765952,0.7248109114640142,-0.4003882534247044,,-0.13969814796862856,-0.5678516859145337,,,-0.6744907594765952,0.7248109114640142,-0.4003882534247044,brick3_q_v2_robust_mahalanobis_clipped,2026-03-18T05:10:36.278770+00:00
TXN,,,10-Q,2025-06-30,2025-07-29,https://www.sec.gov/Archives/edgar/data/97476/000009747625000036/txn-20250630.htm,19.2,1.947024345938885,0.900937945915462,0.2767580083501175,0.6380841447004847,6,assets_growth_yoy,-1.9141,debt_to_assets,0.6877,equity_to_assets,-0.6663,robust_mcd,,-2.5782445886719416,0.17561103765009112,,1.1520110788055213,-1.1520110788055185,0.01843369386453291,0.32931619769516646,,-0.9178307399802502,0.06361316049846391,,-0.0088823507275162,0.06233080489198037,-0.607890994002494,0.0,,-1.914079049195265,0.13081188678944022,,0.6876537069923063,-0.6662743253265189,-0.23209618128227785,0.19758971861709987,brick3_q_v2_robust_mahalanobis_clipped,2026-03-18T05:10:36.278770+00:00
MRVL,,,10-Q,2021-07-31,2021-08-27,https://www.sec.gov/Archives/edgar/data/1835632/000183563221000022/mrvl-20210731.htm,19.12,1.9343907881814952,,1.0641387234228339,1.0641387234228339,5,equity_to_assets,1.3415,ocf_to_net_income,-1.1985,net_income_growth_yoy,-1.1936,robust_mcd,,,,,,,,,,,-1.1936127677601258,,-0.9126060104977074,1.3414681026492465,0.6744907594765952,-1.198515976730494,,,-1.1936127677601258,,-0.9126060104977074,1.3414681026492465,0.6744907594765952,-1.198515976730494,brick3_q_v2_robust_mahalanobis_clipped,2026-03-18T05:10:36.278770+00:00
XEL,,,10-Q,2022-03-31,2022-04-28,https://www.sec.gov/Archives/edgar/data/72903/000007290322000027/xel-20220331.htm,19.04,1.9153737881507407,,0.6836976489521029,0.6836976489521029,5,ocf_to_net_income,2.3009,assets_growth_yoy,-0.3927,equity_to_assets,-0.3155,robust_mcd,,,,,,,,,,-0.3926775333806447,-0.29376893187310127,,,-0.3155409288739231,-0.11561969556109274,2.300881155071753,,-0.3926775333806447,-0.29376893187310127,,,-0.3155409288739231,-0.11561969556109274,2.300881155071753,brick3_q_v2_robust_mahalanobis_clipped,2026-03-18T05:10:36.278770+00:00
CSGP,,,10-Q,2021-06-30,2021-07-28,https://www.sec.gov/Archives/edgar/data/1057352/000105735221000082/csgp-20210630.htm,18.97,1.9051813331210798,,0.7956630181036447,0.7956630181036447,6,equity_to_assets,1.8035,debt_to_assets,-1.1702,ocf_to_net_income,0.9497,robust_mcd,,,,,,,,,,-0.18362138716327536,-0.526008610945307,,-1.1702439886817035,1.8034789722905737,0.1409119635370412,0.9497131860039675,,-0.18362138716327536,-0.526008610945307,,-1.1702439886817035,1.8034789722905737,0.1409119635370412,0.9497131860039675,brick3_q_v2_robust_mahalanobis_clipped,2026-03-18T05:10:36.278770+00:00
PANW,,,10-Q,2025-01-31,2025-02-14,https://www.sec.gov/Archives/edgar/data/1327567/000132756725000010/panw-20250131.htm,18.89,1.9044830050074475,1.3395717939408325,1.0357172121976757,0.936312204232194,6,equity_to_assets,1.305,net_income_growth_yoy,-1.2652,ocf_to_net_income,1.0432,robust_mcd,,-1.0407685235670887,-1.2311636195450077,,-2.1616179175051156,2.6534128370995713,0.6162362583896646,0.33423160753854786,,-0.6785012817211632,-1.3162630122263859,,0.7206577585508925,-0.7177346595578318,-0.6744907594765952,2.106655801653186,,-0.8958616268287185,-1.265203376617559,,-1.008707647082712,1.3049538384366102,0.09994545124316068,1.0432012851844032,brick3_q_v2_robust_mahalanobis_clipped,2026-03-18T05:10:36.278770+00:00
CSCO,,,10-Q,2022-01-29,2022-02-22,https://www.sec.gov/Archives/edgar/data/858877/000085887722000004/csco-20220129.htm,18.81,1.8814167299870925,,0.6744907594765953,0.6744907594765953,5,assets_growth_yoy,0.6745,accrual_ratio,-0.6745,ocf_to_net_income,-0.6745,robust_mcd,,,,,,,,,,0.6744907594765955,-0.6744907594765952,,,-0.674490759476595,-0.6744907594765953,-0.6744907594765953,,0.6744907594765955,-0.6744907594765952,,,-0.674490759476595,-0.6744907594765953,-0.6744907594765953,brick3_q_v2_robust_mahalanobis_clipped,2026-03-18T05:10:36.278770+00:00
AAPL,,,10-Q,2024-12-28,2025-01-31,https://www.sec.gov/Archives/edgar/data/320193/000032019325000008/aapl-20241228.htm,18.74,1.881341080900081,0.581891713731043,,0.581891713731043,6,accrual_ratio,1.2527,ocf_to_net_income,-0.9508,assets_growth_yoy,-0.5453,robust_mcd,,-0.5452974988916466,-0.5438936910714676,,-0.09928369463728222,0.0992836946372829,1.2527469244956695,-0.9508447786529087,,,,,,,,,,-0.5452974988916466,-0.5438936910714676,,-0.09928369463728222,0.0992836946372829,1.2527469244956695,-0.9508447786529087,brick3_q_v2_robust_mahalanobis_clipped,2026-03-18T05:10:36.278770+00:00
KDP,,,10-Q,2025-06-30,2025-07-24,https://www.sec.gov/Archives/edgar/data/1418135/000141813525000103/kdp-20250630.htm,18.66,1.8744209990823728,1.1951020424317023,0.3679413012633157,0.7978235882424994,6,debt_to_assets,1.4102,equity_to_assets,-1.3852,assets_growth_yoy,0.8384,robust_mcd,,1.711640585473167,-0.21922886511505324,,2.3326625684495617,-2.3263648438045803,0.1818590801224836,-0.3988563116253681,,-0.4715511107231445,-0.2047164318335246,,0.026487631534905014,0.026555072190716976,0.6744907594765952,-0.8038468018210079,,0.8383639069946425,-0.21342389180244176,,1.410192593683699,-1.3851968774064614,0.37891175186412823,-0.560852507703624,brick3_q_v2_robust_mahalanobis_clipped,2026-03-18T05:10:36.278770+00:00
VRTX,,,10-Q,2021-09-30,2021-11-03,https://www.sec.gov/Archives/edgar/data/875320/000087532021000033/vrtx-20210930.htm,18.58,1.8559460273098185,,0.7555335786111397,0.7555335786111397,6,equity_to_assets,1.8453,debt_to_assets,-1.3005,ocf_to_net_income,-0.8195,robust_mcd,,,,,,,,,,0.22686791686133462,0.04453740245007626,,-1.3004813924385383,1.8452627399136992,-0.29652167414315955,-0.8195303458600303,,0.22686791686133462,0.04453740245007626,,-1.3004813924385383,1.8452627399136992,-0.29652167414315955,-0.8195303458600303,brick3_q_v2_robust_mahalanobis_clipped,2026-03-18T05:10:36.278770+00:00
AMD,,,10-Q,2023-09-30,2023-11-01,https://www.sec.gov/Archives/edgar/data/2488/000000248823000195/amd-20230930.htm,18.5,1.8529455513372963,0.4224848816329816,0.8857755029821247,0.6078011301726388,5,equity_to_assets,0.7946,assets_growth_yoy,-0.6805,accrual_ratio,0.6094,robust_mcd,,-0.6744907594765952,0.0,,,0.27460574637144824,0.5319885427159305,0.631339359600934,,-0.689443552165409,-0.9247445319019632,,,1.5745278738335278,0.7255663111839397,0.5145952458257835,,-0.6804718765521207,-0.36989781276078526,,,0.7945745973562801,0.6094196501031341,0.5846417140908737,brick3_q_v2_robust_mahalanobis_clipped,2026-03-18T05:10:36.278770+00:00
GILD,,,10-Q,2024-06-30,2024-08-08,https://www.sec.gov/Archives/edgar/data/882095/000088209524000022/gild-20240630.htm,18.43,1.8494086416980215,0.8542411518913091,0.7613218852348986,0.7208987859652025,5,assets_growth_yoy,-1.651,net_income_growth_yoy,0.8266,ocf_to_net_income,-0.6588,robust_mcd,,-1.4820368151604195,0.5391553678482318,,,0.7931500806627109,0.38780327222582817,-1.0690602235593551,,-1.9044086271130671,1.2577046165823402,,,-0.31361133605564806,-0.28748028434149175,-0.04340456208194551,,-1.6509855399414786,0.8265750673418752,,,0.3504455139753673,0.11768984959890019,-0.6587979589683912,brick3_q_v2_robust_mahalanobis_clipped,2026-03-18T05:10:36.278770+00:00
META,,,10-Q,2025-03-31,2025-05-01,https://www.sec.gov/Archives/edgar/data/1326801/000132680125000054/meta-20250331.htm,18.35,1.844614558156385,,0.7925634528245061,0.7925634528245061,6,assets_growth_yoy,1.5947,accrual_ratio,-1.044,equity_to_assets,0.8482,robust_mcd,,,,,,,,,,1.594735263977163,0.48404940796244583,,-0.6917003397264876,0.8481946857667702,-1.0440186396985915,0.09268237981557828,,1.594735263977163,0.48404940796244583,,-0.6917003397264876,0.8481946857667702,-1.0440186396985915,0.09268237981557828,brick3_q_v2_robust_mahalanobis_clipped,2026-03-18T05:10:36.278770+00:00
REGN,,,10-Q,2024-06-30,2024-08-01,https://www.sec.gov/Archives/edgar/data/872589/000180422024000028/regn-20240630.htm,18.27,1.842069760052726,0.934579402128174,0.9066061633994389,0.92339010663668,6,net_income_growth_yoy,1.7512,ocf_to_net_income,-0.947,equity_to_assets,0.9152,robust_mcd,,0.20155997565144604,2.188701376996271,,-0.6340008063496961,0.6340008063496952,0.8253290221275302,-1.1238844252944058,,0.8477254336965284,1.0949986885901295,,-1.0099039395194311,1.3371026154866474,0.4682401603684641,-0.6816661427354326,,0.46002615886947895,1.7512203016338146,,-0.7843620596175902,0.9152415300044761,0.6824934774239038,-0.9469971122708165,brick3_q_v2_robust_mahalanobis_clipped,2026-03-18T05:10:36.278770+00:00
WBD,,,10-Q,2024-03-31,2024-05-09,https://www.sec.gov/Archives/edgar/data/1437107/000143710724000110/disca-20240331.htm,18.2,1.8360510077774697,0.6215007970559057,0.8312692970461201,0.6441950647213582,6,ocf_to_net_income,-1.4531,assets_growth_yoy,-1.1314,equity_to_assets,0.7812,robust_mcd,,-0.6284296224562113,0.1983686099439268,,-0.5348205231391967,1.3604052783046596,0.34691039497981024,-0.6600703535116297,,-1.8858205392055092,-0.004400877272881861,,0.20707801159363182,-0.08762291546143139,-0.15999668815180518,-2.642696750591461,,-1.1313859891559306,0.11726081505720333,,-0.23806110924606527,0.7811940007982232,0.1441475617271641,-1.4531209123435622,brick3_q_v2_robust_mahalanobis_clipped,2026-03-18T05:10:36.278770+00:00
QCOM,,,10-Q,2022-03-27,2022-04-27,https://www.sec.gov/Archives/edgar/data/804328/000172894922000026/qcom-20220327.htm,18.12,1.8317935333911664,,0.6744907594765952,0.6744907594765952,5,accrual_ratio,0.6745,assets_growth_yoy,0.6745,net_income_growth_yoy,-0.6745,robust_mcd,,,,,,,,,,0.6744907594765952,-0.6744907594765952,,0.6744907594765952,,0.6744907594765953,-0.6744907594765952,,0.6744907594765952,-0.6744907594765952,,0.6744907594765952,,0.6744907594765953,-0.6744907594765952,brick3_q_v2_robust_mahalanobis_clipped,2026-03-18T05:10:36.278770+00:00
ORLY,,,10-Q,2024-03-31,2024-05-09,https://www.sec.gov/Archives/edgar/data/898173/000089817324000022/orly-20240331x10q.htm,18.04,1.8313225424346096,0.5585117442423473,0.3777264723194926,0.47946319263887477,5,equity_to_assets,-0.7578,assets_growth_yoy,0.5097,ocf_to_net_income,-0.4659,robust_mcd,,0.8495199584005243,-0.3292132809303103,,,-0.10812049449199014,0.7498635613779701,-0.7558414260109413,,0.0,-0.0831265606372299,,,-1.7324225233866277,-0.0420902677145658,-0.030993009859039394,,0.5097119750403145,-0.23077859281307816,,,-0.7578413060498452,0.43308202974095567,-0.4659020595501805,brick3_q_v2_robust_mahalanobis_clipped,2026-03-18T05:10:36.278770+00:00
AMAT,,,10-Q,2025-04-27,2025-05-22,https://www.sec.gov/Archives/edgar/data/6951/000000695125000024/amat-20250427.htm,17.96,1.8287461769880045,1.2408700765966592,0.6744907594765951,0.8344541472215417,6,assets_growth_yoy,-1.0074,equity_to_assets,0.878,debt_to_assets,-0.878,robust_mcd,,-1.2293351928281748,-0.8882613654693179,,-1.913017599829997,1.913017599830007,0.7458376198896985,-0.7557510817327595,,-0.6744907594765952,-0.6744907594765953,,0.6744907594765953,-0.6744907594765945,0.6744907594765953,-0.6744907594765952,,-1.007397419487543,-0.8027531230722288,,-0.8780142561073601,0.8780142561073663,0.7172988757244572,-0.7232469528302938,brick3_q_v2_robust_mahalanobis_clipped,2026-03-18T05:10:36.278770+00:00
LIN,,,10-Q,2021-09-30,2021-10-29,https://www.sec.gov/Archives/edgar/data/1707925/000162828021020801/lin-20210930.htm,17.89,1.824023317245328,,0.8158271886732233,0.8158271886732233,6,ocf_to_net_income,2.1733,assets_growth_yoy,-0.9876,equity_to_assets,0.6722,robust_mcd,,,,,,,,,,-0.9876072124385116,0.3253915718612422,,-0.387984395975805,0.6721783488292695,-0.3484838501465529,2.1733177527879586,,-0.9876072124385116,0.3253915718612422,,-0.387984395975805,0.6721783488292695,-0.3484838501465529,2.1733177527879586,brick3_q_v2_robust_mahalanobis_clipped,2026-03-18T05:10:36.278770+00:00
BKNG,,,10-Q,2025-06-30,2025-07-29,https://www.sec.gov/Archives/edgar/data/1075531/000107553125000036/bkng-20250630.htm,17.81,1.8231531833046217,0.6768458024317618,1.3866047995022175,0.8438458500856935,4,debt_to_assets,1.63,equity_to_assets,-1.6206,assets_growth_yoy,-0.0984,robust_mcd,-0.3896785039141688,-0.10789819208365095,,,1.1041732648771043,-1.1056332488521234,,,0.6505656781656931,-0.08411234569801988,,,2.4186708493513174,-2.393070324793839,,,0.02641916891777596,-0.09838385352939852,,,1.6299722986667895,-1.6206080792288098,,,brick3_q_v2_robust_mahalanobis_clipped,2026-03-18T05:10:36.278770+00:00
GEHC,,,10-Q,2023-06-30,2023-07-25,https://www.sec.gov/Archives/edgar/data/1932393/000193239323000112/gehc-20230630.htm,17.73,1.819397329402894,,0.7893439671827455,0.7893439671827455,6,assets_growth_yoy,0.9244,accrual_ratio,0.915,equity_to_assets,-0.7675,robust_mcd,,,,,,,,,,0.9243521969562563,-0.6804958125882401,,0.7529605837894816,-0.7675141336964859,0.9150099468459364,-0.6957311292200721,,0.9243521969562563,-0.6804958125882401,,0.7529605837894816,-0.7675141336964859,0.9150099468459364,-0.6957311292200721,brick3_q_v2_robust_mahalanobis_clipped,2026-03-18T05:10:36.278770+00:00
AMZN,,,10-Q,2021-06-30,2021-07-30,https://www.sec.gov/Archives/edgar/data/1018724/000101872421000020/amzn-20210630.htm,17.66,1.8178275480753716,,0.5735034310641639,0.5735034310641639,5,assets_growth_yoy,1.9088,accrual_ratio,0.3935,equity_to_assets,-0.327,robust_mcd,,,,,,,,,,1.9088118289569422,0.09932394986089527,,,-0.32696780612146853,0.39353832425524343,-0.13887524612626984,,1.9088118289569422,0.09932394986089527,,,-0.32696780612146853,0.39353832425524343,-0.13887524612626984,brick3_q_v2_robust_mahalanobis_clipped,2026-03-18T05:10:36.278770+00:00
INTC,,,10-Q,2025-09-27,2025-11-06,https://www.sec.gov/Archives/edgar/data/50863/000005086325000179/intc-20250927.htm,17.58,1.799930157118886,0.7448752532497516,0.5723685333674837,0.6163583365057039,5,net_income_growth_yoy,1.1701,ocf_to_net_income,-0.6772,accrual_ratio,0.6462,robust_mcd,,0.0,1.950128679508909,,,-0.9804494601489174,0.5458221732945125,0.24797595329641897,,0.0,0.0,,,0.0,0.796810152405187,-2.0650325144322315,,0.0,1.1700772077053454,,,-0.5882696760893504,0.6462173649387823,-0.6772274337950412,brick3_q_v2_robust_mahalanobis_clipped,2026-03-18T05:10:36.278770+00:00
CDNS,,,10-Q,2024-03-31,2024-04-24,https://www.sec.gov/Archives/edgar/data/813672/000081367224000092/cdns-20240331.htm,17.5,1.7970074541762584,0.7938080286358902,0.4120922494652028,0.6411217169676152,5,accrual_ratio,1.0071,ocf_to_net_income,-0.8444,net_income_growth_yoy,-0.6658,robust_mcd,,0.022047458252754698,-1.0061041948048173,,,0.5073738596176257,1.2900027316246017,-1.1435118988796513,,0.11487824447908423,-0.15546374598923343,,,0.8117027942034734,0.582692449548918,-0.39572401310530486,,0.059179772743286514,-0.6658480152785837,,,0.6291054334519648,1.0070786187943281,-0.8443967445699128,brick3_q_v2_robust_mahalanobis_clipped,2026-03-18T05:10:36.278770+00:00
ADSK,,,10-Q,2024-07-31,2024-09-03,https://www.sec.gov/Archives/edgar/data/769397/000076939724000150/adsk-20240731.htm,17.42,1.7894976691159836,0.9010643108719375,0.4387396811488061,0.5809797570961505,5,ocf_to_net_income,-0.8802,equity_to_assets,0.8336,accrual_ratio,0.6123,robust_mcd,,-0.3008387246028352,0.21411751773980928,,,1.9524351691936073,1.0205236519050487,-1.017406490918387,,-0.6744907594765952,0.0,,,-0.8447168867908404,0.0,-0.6744907594765952,,-0.4502995385523392,0.12847051064388557,,,0.833574346799828,0.6123141911430292,-0.8802401983416703,brick3_q_v2_robust_mahalanobis_clipped,2026-03-18T05:10:36.278770+00:00
GILD,,,10-Q,2022-06-30,2022-08-08,https://www.sec.gov/Archives/edgar/data/882095/000088209522000019/gild-20220630.htm,17.35,1.7829462103681741,0.743394522432463,0.51330395735085,0.6228484200352333,5,assets_growth_yoy,-1.8222,net_income_growth_yoy,-0.4744,equity_to_assets,0.4447,robust_mcd,,-2.277040631552494,-0.5703359284784587,,,0.8502805161662235,-0.009599828859961477,-0.009715707105177458,,-1.1398701234734452,-0.3304550150546512,,,-0.16361316662088637,-0.2321285199791904,0.7004529616260763,,-1.8221724283208744,-0.4743835631089357,,,0.4447230430513795,-0.09861130530765305,0.27435176038732406,brick3_q_v2_robust_mahalanobis_clipped,2026-03-18T05:10:36.278770+00:00
ABNB,,,10-Q,2024-06-30,2024-08-06,https://www.sec.gov/Archives/edgar/data/1559720/000155972024000024/abnb-20240630.htm,17.27,1.7738736901992351,0.5318929217251855,1.1821587019071995,0.7548422670929558,6,accrual_ratio,-1.3413,assets_growth_yoy,1.088,ocf_to_net_income,1.0204,robust_mcd,,0.8720057516195122,-1.0415687821562323,,-0.09288201381416943,0.0929028197110085,-0.8701238068973064,0.2218743561528843,,1.412011269116087,-0.4589628380569174,,0.5029820313201888,-0.4529275310057467,-2.0480015196345565,2.2180670223097017,,1.0880079586181421,-0.8085264045165064,,0.14546360423957388,-0.1254293205756936,-1.3412748919922066,1.0203514226156114,brick3_q_v2_robust_mahalanobis_clipped,2026-03-18T05:10:36.278770+00:00
ROST,,,10-Q,2021-07-31,2021-09-08,https://www.sec.gov/Archives/edgar/data/745732/000074573221000052/rost-20210731.htm,17.19,1.7715046023028629,,0.5052945233949486,0.5052945233949486,5,net_income_growth_yoy,1.1452,assets_growth_yoy,-0.6753,equity_to_assets,-0.6552,robust_mcd,,,,,,,,,,-0.6753005543730329,1.1452201610370545,,,-0.6552177600995602,-0.05073414146509566,0.0,,-0.6753005543730329,1.1452201610370545,,,-0.6552177600995602,-0.05073414146509566,0.0,brick3_q_v2_robust_mahalanobis_clipped,2026-03-18T05:10:36.278770+00:00
ADSK,,,10-Q,2025-10-31,2025-11-26,https://www.sec.gov/Archives/edgar/data/769397/000076939725000129/adsk-20251031.htm,17.12,1.767810186132241,0.8682874822210994,0.6384309342610737,0.5410602252803633,5,accrual_ratio,-1.6131,ocf_to_net_income,0.5037,net_income_growth_yoy,0.3414,robust_mcd,,0.2683882921538244,0.37454107228585987,,,1.1239380348773351,-2.0479658767120767,0.526604135076401,,-0.3010219920451564,0.291662793801641,,,-1.16950699393438,-0.9606826235297781,0.46928026799441236,,0.040624178474232095,0.3413897608921723,,,0.20656002335264906,-1.6130525754391574,0.5036745882436056,brick3_q_v2_robust_mahalanobis_clipped,2026-03-18T05:10:36.278770+00:00
MPWR,,,10-Q,2023-03-31,2023-05-05,https://www.sec.gov/Archives/edgar/data/1280452/000143774923012797/mpwr20230331_10q.htm,17.04,1.7646403242286877,0.7604533716028015,1.4789748861778467,0.9503590898018262,6,equity_to_assets,1.2165,debt_to_assets,-1.1084,accrual_ratio,-1.0871,robust_mcd,,0.47469394275970483,-1.5532856267246684,,-0.9927443257516793,0.99274432575168,-0.08939823261603579,0.45985377601304045,,1.8671015682678298,0.7312716572324516,,-1.2819178817858774,1.5522171364326656,-2.583717019521479,0.857624053826778,,1.0316569929629549,-0.6394627131418202,,-1.1084137481653586,1.216533450024074,-1.0871257473782132,0.6189618871385355,brick3_q_v2_robust_mahalanobis_clipped,2026-03-18T05:10:36.278770+00:00
CRWD,,,10-Q,2022-04-30,2022-06-03,https://www.sec.gov/Archives/edgar/data/1535527/000153552722000012/crwd-20220430.htm,16.96,1.7498878309915111,,0.7595493444237021,0.7595493444237021,6,ocf_to_net_income,-1.8582,net_income_growth_yoy,0.8845,assets_growth_yoy,0.8267,robust_mcd,,,,,,,,,,0.8266627717895074,0.8844873437983095,,0.5593304608406076,-0.40105992930479856,-0.027534852389554297,-1.858220708419435,,0.8266627717895074,0.8844873437983095,,0.5593304608406076,-0.40105992930479856,-0.027534852389554297,-1.858220708419435,brick3_q_v2_robust_mahalanobis_clipped,2026-03-18T05:10:36.278770+00:00
ROP,,,10-Q,2024-09-30,2024-11-01,https://www.sec.gov/Archives/edgar/data/882835/000088283524000044/rop-20240930.htm,16.89,1.7418398787111666,1.2051195343521777,0.3514321123472212,0.8454210139610042,6,ocf_to_net_income,1.82,accrual_ratio,-1.3116,assets_growth_yoy,0.7327,robust_mcd,,0.9839987569015695,-0.6577545672954466,,-0.3221048948505638,0.3221048948505657,-2.2771770608293616,2.66757703138556,,0.35565165267502047,-0.10847769377989311,,-0.39451119871898577,0.5646307629375542,0.13667663691893303,0.5486447290529408,,0.7326599152109499,-0.4380438178892252,,-0.3510674163979326,0.4191152420853611,-1.3116355817300436,1.8200041104525124,brick3_q_v2_robust_mahalanobis_clipped,2026-03-18T05:10:36.278770+00:00
GILD,,,10-Q,2025-03-31,2025-05-07,https://www.sec.gov/Archives/edgar/data/882095/000088209525000012/gild-20250331.htm,16.81,1.740413780643448,1.1560622031243473,0.6631415730312319,0.8177549997556378,5,net_income_growth_yoy,1.9965,ocf_to_net_income,-0.8841,accrual_ratio,0.7697,robust_mcd,,0.6914799281121747,1.8101398794358314,,,0.6274761141742992,1.2052517716357976,-1.445963322263633,,-0.5895235794699654,2.2759270038484187,,,-0.2925948663516801,0.11638944756811886,-0.04127296791797654,,0.17907852507931868,1.9964547292008663,,,0.2594477219639074,0.769706842008726,-0.8840871805253704,brick3_q_v2_robust_mahalanobis_clipped,2026-03-18T05:10:36.278770+00:00
INTC,,,10-Q,2023-07-01,2023-07-28,https://www.sec.gov/Archives/edgar/data/50863/000005086323000069/intc-20230701.htm,16.73,1.7216395066573777,0.710170850030095,1.2135682193343453,0.6576604320119463,5,accrual_ratio,1.0881,net_income_growth_yoy,-1.0566,ocf_to_net_income,-0.636,robust_mcd,,-1.0577890239160364,-0.6744907594765952,,,-0.22058741353175226,1.093760265640879,-0.5042267875852118,,2.5159556199734046,-1.6297015275186346,,,-0.008799743121572987,1.0796362177111938,-0.8337479883469207,,0.37170883363974005,-1.056575066693411,,,-0.13587234536768056,1.088110646469005,-0.6360352678898953,brick3_q_v2_robust_mahalanobis_clipped,2026-03-18T05:10:36.278770+00:00
PANW,,,10-Q,2021-10-31,2021-11-19,https://www.sec.gov/Archives/edgar/data/1327567/000132756721000040/panw-20211031.htm,16.65,1.716771662674339,,0.7794620574913648,0.7794620574913648,6,ocf_to_net_income,-1.2848,debt_to_assets,1.1531,equity_to_assets,-0.9822,robust_mcd,,,,,,,,,,-0.7936397786267215,-0.30500370967530965,,1.1531322966456485,-0.9821525220613961,0.15803276791160206,-1.2848112700275107,,-0.7936397786267215,-0.30500370967530965,,1.1531322966456485,-0.9821525220613961,0.15803276791160206,-1.2848112700275107,brick3_q_v2_robust_mahalanobis_clipped,2026-03-18T05:10:36.278770+00:00
CDNS,,,10-Q,2023-06-30,2023-07-24,https://www.sec.gov/Archives/edgar/data/813672/000081367223000041/cdns-20230630.htm,16.58,1.7133611946669078,0.4257326347090323,0.6250092026949126,0.31434548162535375,5,equity_to_assets,-0.7995,accrual_ratio,-0.5544,ocf_to_net_income,0.0959,robust_mcd,,0.0,0.0,,,-1.7806604054670596,0.16833023164831987,-0.17967253642978187,,0.23291561836343952,0.07194977681109382,,,0.6723569746205386,-1.6385926868098057,0.5092309568696846,,0.09316624734537582,0.02877991072443753,,,-0.7994534534320201,-0.5544389357349304,0.0958888608900047,brick3_q_v2_robust_mahalanobis_clipped,2026-03-18T05:10:36.278770+00:00
XEL,,,10-Q,2021-06-30,2021-07-29,https://www.sec.gov/Archives/edgar/data/72903/000007290321000064/xel-20210630.htm,16.5,1.7074021515210047,,0.45754589448868954,0.45754589448868954,5,accrual_ratio,0.6972,equity_to_assets,-0.5946,net_income_growth_yoy,-0.4322,robust_mcd,,,,,,,,,,-0.3903432233310355,-0.43220650864009497,,,-0.5945503478492096,0.69723925993499,-0.17339013268811773,,-0.3903432233310355,-0.43220650864009497,,,-0.5945503478492096,0.69723925993499,-0.17339013268811773,brick3_q_v2_robust_mahalanobis_clipped,2026-03-18T05:10:36.278770+00:00
LIN,,,10-Q,2024-09-30,2024-10-31,https://www.sec.gov/Archives/edgar/data/1707925/000162828024044457/lin-20240930.htm,16.42,1.7012979228394005,1.395550469833004,0.2555472591863296,0.8736945994785539,6,assets_growth_yoy,1.1687,equity_to_assets,-1.0252,debt_to_assets,1.0174,robust_mcd,,2.111112268967682,-0.9305758559585705,,1.7570370240711821,-1.8133120479258398,-0.9322825519754572,0.8289830700992936,,-0.24486738201263467,-0.30871434100778894,,-0.09213687818513706,0.1569051355205814,-0.3012335322103437,0.42942628618149165,,1.1687204085755551,-0.6818312499782578,,1.0173674631686542,-1.0252251745472714,-0.6798629440694118,0.6691603565321729,brick3_q_v2_robust_mahalanobis_clipped,2026-03-18T05:10:36.278770+00:00
HON,,,10-Q,2021-03-31,2021-04-23,https://www.sec.gov/Archives/edgar/data/773840/000077384021000032/hon-20210331.htm,16.35,1.6987985353906534,,0.5579725093065904,0.5579725093065904,5,accrual_ratio,1.1394,net_income_growth_yoy,-0.6721,ocf_to_net_income,-0.6292,robust_mcd,,,,,,,,,,-0.11948102174629134,-0.672126624483973,,,-0.22963596670518327,1.1394115621299166,-0.6292073714675878,,-0.11948102174629134,-0.672126624483973,,,-0.22963596670518327,1.1394115621299166,-0.6292073714675878,brick3_q_v2_robust_mahalanobis_clipped,2026-03-18T05:10:36.278770+00:00
AVGO,,,10-Q,2022-01-30,2022-03-10,https://www.sec.gov/Archives/edgar/data/1730168/000173016822000029/avgo-20220130.htm,16.27,1.6881830165658855,,0.6744907594765952,0.6744907594765952,4,debt_to_assets,0.6745,assets_growth_yoy,-0.6745,accrual_ratio,0.6745,robust_mcd,,,,,,,,,,-0.6744907594765952,,,0.6744907594765956,,0.6744907594765952,-0.6744907594765952,,-0.6744907594765952,,,0.6744907594765956,,0.6744907594765952,-0.6744907594765952,brick3_q_v2_robust_mahalanobis_clipped,2026-03-18T05:10:36.278770+00:00
KDP,,,10-Q,2024-06-30,2024-07-25,https://www.sec.gov/Archives/edgar/data/1418135/000141813524000073/kdp-20240630.htm,16.19,1.686771439929262,1.0104229952978698,0.35561818693994757,0.7208596878129843,6,debt_to_assets,1.3872,equity_to_assets,-1.3267,assets_growth_yoy,-0.6479,robust_mcd,,-0.682374186731784,-0.3422363830860524,,2.3319593707085318,-2.329570892358678,0.17019270087768668,-0.2062044380244867,,-0.5960902684201499,-0.03638811877506556,,-0.029825666737644606,0.17748471432522983,0.7106620802156449,-0.5832582731659505,,-0.6478606194071304,-0.21989707736165764,,1.3872453557300612,-1.3267486496851146,0.38638045261286996,-0.35702597208107223,brick3_q_v2_robust_mahalanobis_clipped,2026-03-18T05:10:36.278770+00:00
ADI,,,10-Q,2022-01-29,2022-02-16,https://www.sec.gov/Archives/edgar/data/6281/000000628122000020/adi-20220129.htm,16.11,1.6857571070792046,,0.6744907594765952,0.6744907594765952,5,equity_to_assets,0.6745,net_income_growth_yoy,0.6745,accrual_ratio,0.6745,robust_mcd,,,,,,,,,,-0.674490759476595,0.6744907594765952,,,0.6744907594765954,0.6744907594765951,0.6744907594765951,,-0.674490759476595,0.6744907594765952,,,0.6744907594765954,0.6744907594765951,0.6744907594765951,brick3_q_v2_robust_mahalanobis_clipped,2026-03-18T05:10:36.278770+00:00
MSFT,,,10-Q,2025-09-30,2025-10-29,https://www.sec.gov/Archives/edgar/data/789019/000119312525256321/msft-20250930.htm,16.04,1.6724593544667823,1.3903516491824626,0.6218598494142054,0.8771636587593091,6,assets_growth_yoy,1.465,equity_to_assets,1.1057,debt_to_assets,-1.0972,robust_mcd,,1.5441868827062692,-0.38024830604310156,,-1.5552766936935019,1.5552766936935076,-1.6757714005597844,1.6313499183986104,,1.3463289616449403,0.15606636176963584,,-0.41017389806352894,0.4312217079078849,0.575708350662081,-0.8116598164371615,,1.4650437142817376,-0.1657224389180066,,-1.0972355754415126,1.1056546993792584,-0.7751795000710381,0.6541460244643016,brick3_q_v2_robust_mahalanobis_clipped,2026-03-18T05:10:36.278770+00:00
AMAT,,,10-Q,2022-01-30,2022-02-24,https://www.sec.gov/Archives/edgar/data/6951/000000695122000011/amat-20220130.htm,15.96,1.666760064132474,,0.674490759476595,0.674490759476595,4,assets_growth_yoy,0.6745,accrual_ratio,-0.6745,ocf_to_net_income,0.6745,robust_mcd,,,,,,,,,,0.6744907594765952,,,-0.6744907594765948,,-0.6744907594765952,0.6744907594765952,,0.6744907594765952,,,-0.6744907594765948,,-0.6744907594765952,0.6744907594765952,brick3_q_v2_robust_mahalanobis_clipped,2026-03-18T05:10:36.278770+00:00
QCOM,,,10-Q,2021-12-26,2022-02-02,https://www.sec.gov/Archives/edgar/data/804328/000172894922000012/qcom-20211226.htm,15.88,1.6642591497125687,,0.674490759476596,0.674490759476596,5,net_income_growth_yoy,0.6745,ocf_to_net_income,-0.6745,debt_to_assets,0.6745,robust_mcd,,,,,,,,,,0.6744907594765951,0.674490759476599,,0.6744907594765952,,0.6744907594765952,-0.6744907594765953,,0.6744907594765951,0.674490759476599,,0.6744907594765952,,0.6744907594765952,-0.6744907594765953,brick3_q_v2_robust_mahalanobis_clipped,2026-03-18T05:10:36.278770+00:00
HON,,,10-Q,2021-09-30,2021-10-22,https://www.sec.gov/Archives/edgar/data/773840/000077384021000065/hon-20210930.htm,15.81,1.658733653568537,,0.5702739389633906,0.5702739389633906,5,net_income_growth_yoy,0.9224,assets_growth_yoy,-0.6169,equity_to_assets,-0.6018,robust_mcd,,,,,,,,,,-0.6168603977815239,0.9224020842908867,,,-0.601766201184594,0.36870449503106895,-0.34163651652887944,,-0.6168603977815239,0.9224020842908867,,,-0.601766201184594,0.36870449503106895,-0.34163651652887944,brick3_q_v2_robust_mahalanobis_clipped,2026-03-18T05:10:36.278770+00:00
KHC,,,10-Q,2023-07-01,2023-08-02,https://www.sec.gov/Archives/edgar/data/1637459/000163745923000114/khc-20230701.htm,15.73,1.6574544096831656,1.0693770053400788,0.5187646869854369,0.6060879114212605,6,debt_to_assets,-1.5062,equity_to_assets,1.2428,net_income_growth_yoy,-0.591,robust_mcd,,0.6744907594765952,-1.4968911592197034,,-2.0607472108565794,2.0653912612469116,-0.05489932977066982,0.06384231147001267,,-0.8769679787216065,0.7677508087445806,,-0.6744907594765953,0.008799743121572987,0.26934530124199646,-0.5152335306062695,,0.05390726419731451,-0.5910343720339898,,-1.5062446303045858,1.2427546539967762,0.07479852263439671,-0.16778802536050022,brick3_q_v2_robust_mahalanobis_clipped,2026-03-18T05:10:36.278770+00:00
AMGN,,,10-Q,2025-06-30,2025-08-06,https://www.sec.gov/Archives/edgar/data/318154/000031815425000056/amgn-20250630.htm,15.65,1.6493680900236405,0.7261675176414335,1.102947061247757,0.6380264300887546,5,net_income_growth_yoy,1.9981,assets_growth_yoy,-0.8617,accrual_ratio,0.1924,robust_mcd,,-0.6127657425311636,1.7021894620737466,,,0.6719502770373541,0.39503083690225255,-0.24890126966265058,,-1.2351799110219817,2.4418827112726333,,,-1.314849476663243,-0.11155333617004498,0.41126987111088115,,-0.8617314099274909,1.9980667617533014,,,-0.1227696244428848,0.1923971676733335,0.015167186646762115,brick3_q_v2_robust_mahalanobis_clipped,2026-03-18T05:10:36.278770+00:00
ISRG,,,10-Q,2024-06-30,2024-07-19,https://www.sec.gov/Archives/edgar/data/1035267/000103526724000207/isrg-20240630.htm,15.57,1.6491148384011227,0.34159584030573187,0.8570308910272592,0.6798363527780723,6,equity_to_assets,1.6623,debt_to_assets,-0.9425,assets_growth_yoy,0.7204,robust_mcd,,0.5173879350416766,0.010905296654605389,,-0.6744907594765952,,0.26475354612931756,-0.2404416642264647,,1.024981198876041,0.5310242105235786,,-1.3446357379281295,1.6622607621430265,0.1680374074455454,-0.41124602924723364,,0.7204252405754223,0.2189528622021947,,-0.942548750857209,1.6622607621430265,0.22606709065580868,-0.3087634102347723,brick3_q_v2_robust_mahalanobis_clipped,2026-03-18T05:10:36.278770+00:00
ROST,,,10-Q,2025-11-01,2025-12-10,https://www.sec.gov/Archives/edgar/data/745732/000074573225000061/rost-20251101.htm,15.5,1.6394354172741257,0.9570707923793247,0.6744907594765952,0.7361202577019776,5,ocf_to_net_income,1.1821,accrual_ratio,-1.105,equity_to_assets,0.6714,robust_mcd,,-0.1542515531591689,-0.14987590760886643,,,1.5687125807004194,-1.3920509007040647,1.5204630197241038,,-0.6744907594765951,-0.6744907594765952,,,-0.6744907594765951,-0.6744907594765953,0.6744907594765951,,-0.3623472356861394,-0.35972184835595794,,,0.6714312446296136,-1.1050268442130768,1.1820741156251002,brick3_q_v2_robust_mahalanobis_clipped,2026-03-18T05:10:36.278770+00:00
CTAS,,,10-Q,2023-02-28,2023-04-06,https://www.sec.gov/Archives/edgar/data/723254/000072325423000008/ctas-20230228.htm,15.42,1.6316857082171987,0.8789835143372068,0.6744907594765952,0.8318039464696142,5,assets_growth_yoy,1.0753,net_income_growth_yoy,-0.9385,accrual_ratio,-0.7829,robust_mcd,,1.3425232357684262,-0.9385178481632903,,,0.5962028815296707,-0.7828975399822494,0.734776066242397,,0.6744907594765953,,,,0.6744907594765952,,,,1.0753102452516938,-0.9385178481632903,,,0.6275180327084404,-0.7828975399822494,0.734776066242397,brick3_q_v2_robust_mahalanobis_clipped,2026-03-18T05:10:36.278770+00:00
KHC,,,10-Q,2024-03-30,2024-05-01,https://www.sec.gov/Archives/edgar/data/1637459/000163745924000069/khc-20240330.htm,15.34,1.6298838263652515,0.9020446458145713,0.5752040099719845,0.73290017220795,6,net_income_growth_yoy,-1.126,debt_to_assets,-1.0471,ocf_to_net_income,-0.8492,robust_mcd,,0.1896559074452846,-1.8251438840032972,,-1.2954332663958734,1.3214571133194006,0.47893047941614014,-0.30164722430743157,,-0.6169913722267836,-0.07728984322739968,,-0.6744907594765953,-0.003577783353972093,0.4083697430460468,-1.6705045585011102,,-0.13300300442354268,-1.1260022676929382,,-1.0470562636281622,0.7914431546500516,0.45070618486810277,-0.849190157984903,brick3_q_v2_robust_mahalanobis_clipped,2026-03-18T05:10:36.278770+00:00
CSCO,,,10-Q,2021-10-30,2021-11-23,https://www.sec.gov/Archives/edgar/data/858877/000085887721000018/csco-20211030.htm,15.27,1.62983205416739,,0.33724537973829766,0.33724537973829766,6,assets_growth_yoy,-0.6745,accrual_ratio,0.6745,debt_to_assets,0.6745,robust_mcd,,,,,,,,,,-0.6744907594765952,0.0,,0.6744907594765951,0.0,0.6744907594765952,0.0,,-0.6744907594765952,0.0,,0.6744907594765951,0.0,0.6744907594765952,0.0,brick3_q_v2_robust_mahalanobis_clipped,2026-03-18T05:10:36.278770+00:00
ODFL,,,10-Q,2021-06-30,2021-08-05,https://www.sec.gov/Archives/edgar/data/878927/000156459021041321/odfl-10q_20210630.htm,15.19,1.629256789404818,,0.6108416454018062,0.6108416454018062,6,equity_to_assets,1.6615,debt_to_assets,-1.056,accrual_ratio,-0.7257,robust_mcd,,,,,,,,,,-0.05027751852630646,0.1713498424020218,,-1.0560493783242084,1.6615017397283387,-0.7257274148254979,-0.00014397860446384333,,-0.05027751852630646,0.1713498424020218,,-1.0560493783242084,1.6615017397283387,-0.7257274148254979,-0.00014397860446384333,brick3_q_v2_robust_mahalanobis_clipped,2026-03-18T05:10:36.278770+00:00
TTWO,,,10-Q,2023-09-30,2023-11-09,https://www.sec.gov/Archives/edgar/data/946581/000162828023037956/ttwo-20230930.htm,15.11,1.621434796463717,0.6598075849233933,1.105610496686613,0.6998734456950316,6,assets_growth_yoy,-1.1457,net_income_growth_yoy,-0.9463,accrual_ratio,-0.8793,robust_mcd,,-0.6869666768729193,-0.11709670272847775,,0.709938296781211,-0.7099382967812181,-1.6138924849419856,-0.12101305143454809,,-1.8339070716677544,-2.1901485350348886,,-0.27803226739334674,0.5363393973728768,0.22254311473614777,-1.5726925939146634,,-1.1457428347908534,-0.9463174356510421,,0.31475007111138786,-0.2114272191195801,-0.8793182450707322,-0.7016848684265943,brick3_q_v2_robust_mahalanobis_clipped,2026-03-18T05:10:36.278770+00:00
FAST,,,10-Q,2025-09-30,2025-10-16,https://www.sec.gov/Archives/edgar/data/815556/000081555625000119/fast-20250930.htm,15.03,1.618842149041002,1.0968511618830181,0.6598180844120967,0.5993201912948907,5,equity_to_assets,0.8911,net_income_growth_yoy,0.8312,assets_growth_yoy,0.5804,robust_mcd,,0.9923714762840659,1.2799672398677011,,,0.7356393936340542,-1.303190172367136,1.1730875272621342,,-0.03764762842259904,0.15792616867250175,,,1.1241783808894885,0.8917058593185456,-1.0876323847573484,,0.5803638344013998,0.8311508113896213,,,0.8910549885362279,-0.4252317596928633,0.26879956245434117,brick3_q_v2_robust_mahalanobis_clipped,2026-03-18T05:10:36.278770+00:00
VRTX,,,10-Q,2023-03-31,2023-05-02,https://www.sec.gov/Archives/edgar/data/875320/000087532023000012/vrtx-20230331.htm,14.96,1.602982348716487,0.702955576283168,0.8719869925588001,0.7624104587415159,6,assets_growth_yoy,1.375,net_income_growth_yoy,-1.0671,accrual_ratio,0.616,robust_mcd,,0.8735645550255403,-1.4782167834101054,,-0.04525101922216906,0.04488448905307162,1.0675293544406026,-0.7082872565475189,,2.127137385665475,-0.4503810503892193,,-1.1550199188535482,1.4169676400059115,-0.061182630389288006,-0.02123333004935852,,1.3749936872815143,-1.067082490201751,,-0.4891585790747207,0.5937177494342075,0.6160445605086464,-0.43346568594825474,brick3_q_v2_robust_mahalanobis_clipped,2026-03-18T05:10:36.278770+00:00
MSFT,,,10-Q,2024-09-30,2024-10-30,https://www.sec.gov/Archives/edgar/data/789019/000095017024118967/msft-20240930.htm,14.88,1.6017394977165416,1.1227012668042715,0.5174382912992678,0.759041529692122,6,equity_to_assets,1.5418,debt_to_assets,-1.4803,assets_growth_yoy,0.9887,robust_mcd,,1.0434420236773017,-0.5392050976011872,,-2.28203600974694,2.28203600974694,-0.29071426853355276,0.2987741915197087,,0.9065004292507202,0.027426411746218193,,-0.27765594831043866,0.43137891003183926,0.6414659173454529,-0.8202021311109379,,0.988665385906669,-0.312552493862225,,-1.4802839851723393,1.5417731698608996,0.08215780581804952,-0.14881633753254997,brick3_q_v2_robust_mahalanobis_clipped,2026-03-18T05:10:36.278770+00:00
IDXX,,,10-Q,2024-09-30,2024-10-31,https://www.sec.gov/Archives/edgar/data/874716/000087471624000139/idxx-20240930.htm,14.8,1.6005084636162827,0.9810196331572856,0.37194808274246777,0.7120847243572342,6,accrual_ratio,-1.1661,equity_to_assets,1.0589,debt_to_assets,-1.012,robust_mcd,,-0.9153901388976493,-0.028297245244252076,,-1.6443498350119383,1.6400384530826504,-0.7492856004239061,0.9087565262833177,,0.010948063447115622,0.0,,-0.06349311726094635,0.1871657149797911,-1.7912324994581381,-0.17884910130881576,,-0.5448548579597433,-0.016978347146551245,,-1.0120071479115416,1.0588893578415066,-1.166064360037599,0.4737142752464643,brick3_q_v2_robust_mahalanobis_clipped,2026-03-18T05:10:36.278770+00:00
KLAC,,,10-Q,2025-09-30,2025-10-31,https://www.sec.gov/Archives/edgar/data/319201/000031920125000034/klac-20250930.htm,14.73,1.5980762685461323,0.9627263224164437,0.6819369843507873,0.6586575878211348,6,ocf_to_net_income,-0.9493,accrual_ratio,0.9099,assets_growth_yoy,-0.7981,robust_mcd,,-1.0410547845170666,-0.20740707342954792,,-1.4436605250134353,1.4436605250134387,0.8291704617516792,-0.8114045647734941,,-0.4335991643906543,0.34374959564231455,,0.5947559151323042,-0.5322809699912213,1.03098029385833,-1.156255967089899,,-0.7980725364665016,0.01305559419919708,,-0.6282939489551395,0.6532839270115747,0.9098943945943394,-0.9493451257000561,brick3_q_v2_robust_mahalanobis_clipped,2026-03-18T05:10:36.278770+00:00
CSGP,,,10-Q,2022-03-31,2022-04-28,https://www.sec.gov/Archives/edgar/data/1057352/000105735222000054/csgp-20220331.htm,14.65,1.5911333526369105,,0.6372209603637763,0.6372209603637763,6,equity_to_assets,1.7611,debt_to_assets,-1.2864,accrual_ratio,0.3502,robust_mcd,,,,,,,,,,-0.11048056751350384,0.011083663741673737,,-1.2863579407078185,1.761136793212949,0.35015985430734353,0.30410694269936966,,-0.11048056751350384,0.011083663741673737,,-1.2863579407078185,1.761136793212949,0.35015985430734353,0.30410694269936966,brick3_q_v2_robust_mahalanobis_clipped,2026-03-18T05:10:36.278770+00:00
WDAY,,,10-Q,2024-07-31,2024-08-28,https://www.sec.gov/Archives/edgar/data/1327811/000132781124000165/wday-20240731.htm,14.57,1.5834386986310232,0.7796320460034881,0.6452933773763595,0.6640645983283074,6,equity_to_assets,1.4129,debt_to_assets,-1.1432,accrual_ratio,0.7332,robust_mcd,,-0.15192609598290407,-0.12446092961147315,,-1.9053270227726204,1.905105758513402,-0.13964840262710182,0.4513240665134282,,0.06757585332460794,0.6744907594765952,,0.0,0.6744907594765952,2.0425406063111584,0.4126622856692003,,-0.06412531625989926,0.1951197460237542,,-1.1431962136635723,1.4128597588986793,0.7332272009482023,0.43585935417573707,brick3_q_v2_robust_mahalanobis_clipped,2026-03-18T05:10:36.278770+00:00
CSCO,,,10-Q,2023-01-28,2023-02-21,https://www.sec.gov/Archives/edgar/data/858877/000085887723000005/csco-20230128.htm,14.49,1.5774765812771199,0.7596280800668209,0.6744907594765952,0.6557733972236136,6,assets_growth_yoy,1.6917,net_income_growth_yoy,0.6605,ocf_to_net_income,0.6412,robust_mcd,,2.3697694777589136,0.6511965734736697,,-0.18625277981505856,0.1862527798150729,-0.5453245212891296,0.6189723482490819,,0.6744907594765951,0.6744907594765953,,,-0.6744907594765951,-0.6744907594765951,0.6744907594765953,,1.6916579904459863,0.6605142478748399,,-0.18625277981505856,-0.15804463590159434,-0.5969910165641158,0.6411797127400872,brick3_q_v2_robust_mahalanobis_clipped,2026-03-18T05:10:36.278770+00:00
ROP,,,10-Q,2022-09-30,2022-11-02,https://www.sec.gov/Archives/edgar/data/882835/000088283522000072/rop-20220930.htm,14.42,1.57592965689703,1.0105800321770448,0.3902387642089376,0.7053514172743928,6,equity_to_assets,1.6078,debt_to_assets,-1.477,net_income_growth_yoy,-0.5091,robust_mcd,,-0.43619551880961305,-1.0019314571368245,,-2.246695588923868,2.2466955889238664,-0.0912159341821625,0.040746105085934244,,-0.027197268361019215,0.23024774896342223,,-0.32238579977918075,0.6495645005282548,0.7515523057879846,-0.3604849618337642,,-0.27259621863017547,-0.5090597746967258,,-1.476971673265993,1.6078431535656217,0.24589136180589638,-0.11974632168194516,brick3_q_v2_robust_mahalanobis_clipped,2026-03-18T05:10:36.278770+00:00
ADI,,,10-Q,2025-02-01,2025-02-19,https://www.sec.gov/Archives/edgar/data/6281/000000628125000023/adi-20250201.htm,14.34,1.5718623253633597,0.522729268829796,,0.522729268829796,5,assets_growth_yoy,0.7947,equity_to_assets,0.7886,accrual_ratio,0.6066,robust_mcd,,0.7947419527385645,0.4052500251277706,,,0.788566071534325,0.6066338454502858,-0.018454449298033884,,,,,,,,,,0.7947419527385645,0.4052500251277706,,,0.788566071534325,0.6066338454502858,-0.018454449298033884,brick3_q_v2_robust_mahalanobis_clipped,2026-03-18T05:10:36.278770+00:00
XEL,,,10-Q,2023-09-30,2023-10-27,https://www.sec.gov/Archives/edgar/data/72903/000007290323000161/xel-20230930.htm,14.26,1.5704090347990163,1.0712618452293872,0.5954043388155913,0.7817845667724301,5,ocf_to_net_income,1.4528,accrual_ratio,-1.397,net_income_growth_yoy,-0.76,robust_mcd,,0.023562842033381784,-1.0527980052131136,,,0.6991356049439219,-2.236037853831167,1.344774920125351,,-0.3189497945615227,-0.3206934546513603,,,-0.5842449612714196,-0.13836313376501208,1.6147703498286425,,-0.11344221260458003,-0.7599561849884123,,,0.1857833784577853,-1.3969679658047052,1.4527730920066677,brick3_q_v2_robust_mahalanobis_clipped,2026-03-18T05:10:36.278770+00:00
TEAM,,,10-Q,2025-12-31,2026-02-06,https://www.sec.gov/Archives/edgar/data/1650372/000165037226000011/team-20251231.htm,14.19,1.5605757687356834,1.2497558909359372,0.4607556102763852,0.6285843915337994,6,debt_to_assets,-1.205,equity_to_assets,1.1894,assets_growth_yoy,-0.7741,robust_mcd,,-1.3467686626091988,0.40943119598240746,,-2.3584449335609414,2.3584449335609396,0.6897257116372213,0.33571990826491455,,0.08487734757106434,-0.7482172746205146,,0.525109450690941,-0.5640719489043888,0.16776688039480714,-0.6744907594765952,,-0.7741102585370936,-0.053628192258761365,,-1.2050231798601885,1.1894381805748082,0.4809421791402556,-0.06836435883168934,brick3_q_v2_robust_mahalanobis_clipped,2026-03-18T05:10:36.278770+00:00
REGN,,,10-Q,2025-06-30,2025-08-01,https://www.sec.gov/Archives/edgar/data/872589/000087258925000019/regn-20250630.htm,14.11,1.5347966593577056,0.7781901618105206,0.5890381334910745,0.7025293504827421,6,assets_growth_yoy,-1.2738,equity_to_assets,0.8749,debt_to_assets,-0.8484,robust_mcd,,-1.9535609243431447,-0.31899153504186767,,-0.6684297035083628,0.6684297035083671,0.5157526512112117,-0.5439764532501696,,-0.25426968976525854,-0.48421769786500646,,-1.118473171213587,1.1846504121500363,0.04048085894098413,-0.45213697101157474,,-1.2738444305119903,-0.38508200017112315,,-0.8484470905904524,0.8749179869650348,0.32564393430312066,-0.5072406603547317,brick3_q_v2_robust_mahalanobis_clipped,2026-03-18T05:10:36.278770+00:00
LIN,,,10-Q,2025-03-31,2025-05-01,https://www.sec.gov/Archives/edgar/data/1707925/000162828025021379/lin-20250331.htm,14.03,1.5248854484386976,1.254141135853443,0.1687362095356457,0.7431917702187981,6,debt_to_assets,1.1638,equity_to_assets,-1.12,ocf_to_net_income,-0.6092,robust_mcd,,1.0828947724933393,-0.799444442536364,,1.9936423827097556,-1.9569331253768747,0.7410445143880153,-0.9508875776163085,,-0.35977927600006004,-0.1023545861404826,,-0.08084821235658272,0.13527797494980154,0.23746929127685204,-0.0966879164900952,,0.5058251530959795,-0.5206084999780114,,1.1638461446832202,-1.1200486852462042,0.53961442514355,-0.6092077131658231,brick3_q_v2_robust_mahalanobis_clipped,2026-03-18T05:10:36.278770+00:00
LIN,,,10-Q,2025-06-30,2025-08-01,https://www.sec.gov/Archives/edgar/data/1707925/000162828025037164/lin-20250630.htm,13.96,1.5152676688360884,1.0781514299338772,0.15688702288731673,0.6790400915992296,6,debt_to_assets,1.2464,equity_to_assets,-1.1865,assets_growth_yoy,0.9764,robust_mcd,,1.697481043647306,-0.650920436333241,,2.0713577995808277,-1.9663380426341899,0.03335598228726885,-0.049455275120430665,,-0.10532493025862648,-0.2053327195760886,,0.0088823507275162,-0.016759526928673246,-0.2703957365969861,0.33462687323601,,0.976358654084933,-0.47268534963038006,,1.2463676200395029,-1.1865066363519832,-0.08814470526643314,0.1041775842221456,brick3_q_v2_robust_mahalanobis_clipped,2026-03-18T05:10:36.278770+00:00
CMCSA,,,10-Q,2024-03-31,2024-04-25,https://www.sec.gov/Archives/edgar/data/1166691/000116669124000031/cmcsa-20240331.htm,13.88,1.5138807647733907,0.6784312712682639,0.5231750459680035,0.28689381291695437,5,equity_to_assets,-0.7069,net_income_growth_yoy,-0.4081,accrual_ratio,0.28,robust_mcd,,0.5077078889271354,-0.5512132647944337,,,-0.9896253086137946,0.664097543028048,-0.6795123509779077,,-0.8422986927846604,-0.19343382928802338,,,-0.28273598971300323,-0.296261064911982,1.0011456531423477,,-0.032294743757582955,-0.4081014905918695,,,-0.7068695810534781,0.27995409985203595,-0.0072491493298055265,brick3_q_v2_robust_mahalanobis_clipped,2026-03-18T05:10:36.278770+00:00
LIN,,,10-Q,2024-03-31,2024-05-02,https://www.sec.gov/Archives/edgar/data/1707925/000170792524000090/lin-20240331.htm,13.8,1.5107750088604495,1.241160839471963,0.35544948498049855,0.7087781735760772,6,debt_to_assets,0.9853,equity_to_assets,-0.964,net_income_growth_yoy,-0.9191,robust_mcd,,0.5357135984491607,-1.4965558545228568,,1.7855364172031345,-1.8182223113615419,0.8237053590559819,-0.987231496239102,,-1.0074914866222149,-0.052798382542068964,,-0.2149548438166576,0.3172106892543515,0.39074212075583564,-0.149499386891863,,-0.08156843557938959,-0.9190528657305416,,0.9853399127952176,-0.9640491111151845,0.6505200637359234,-0.6521386525002064,brick3_q_v2_robust_mahalanobis_clipped,2026-03-18T05:10:36.278770+00:00
XEL,,,10-Q,2025-03-31,2025-04-24,https://www.sec.gov/Archives/edgar/data/72903/000007290325000088/xel-20250331.htm,13.72,1.4870094129643228,1.0090912349566104,0.4229917931038205,0.6005495853397653,5,assets_growth_yoy,1.4841,net_income_growth_yoy,-0.7632,accrual_ratio,0.5327,robust_mcd,,2.256985336042439,-1.1563904524259545,,,0.09419584649592942,0.7959705977694725,-0.7419139420492566,,0.32481759770897206,-0.17353035833208735,,,-0.532025637980614,0.1377424357680162,0.9468429357294127,,1.4841182407090523,-0.7632464147884076,,,-0.15629274729468795,0.53267933296889,-0.06641119093778886,brick3_q_v2_robust_mahalanobis_clipped,2026-03-18T05:10:36.278770+00:00
VRSK,,,10-Q,2025-06-30,2025-07-30,https://www.sec.gov/Archives/edgar/data/1442145/000143774925023862/vrsk20250630_10q.htm,13.65,1.4853086800901603,0.5602934580987718,1.0579896850605692,0.759371948883491,6,net_income_growth_yoy,-1.181,ocf_to_net_income,-0.8111,debt_to_assets,0.7145,robust_mcd,,-0.37370730293598264,-1.3380172071401808,,0.24352220302860805,-0.23031568860105212,0.4793022185388561,-0.6968961283479518,,-0.8226768353421386,-0.9455123758230458,,1.420973575712079,-1.3845991972294531,0.7917848645209159,-0.9823912617357834,,-0.553295115898445,-1.181015274613327,,0.7145027521019964,-0.6920290920524126,0.6042952769316801,-0.8110941817030844,brick3_q_v2_robust_mahalanobis_clipped,2026-03-18T05:10:36.278770+00:00
STX,,,10-Q,2021-10-01,2021-10-28,https://www.sec.gov/Archives/edgar/data/1137789/000113778921000128/stx-20211001.htm,13.57,1.4781414774302832,,0.674490759476595,0.674490759476595,6,equity_to_assets,-0.6745,assets_growth_yoy,0.6745,net_income_growth_yoy,-0.6745,robust_mcd,,,,,,,,,,0.6744907594765952,-0.6744907594765952,,0.6744907594765952,-0.6744907594765953,0.6744907594765952,0.6744907594765944,,0.6744907594765952,-0.6744907594765952,,0.6744907594765952,-0.6744907594765953,0.6744907594765952,0.6744907594765944,brick3_q_v2_robust_mahalanobis_clipped,2026-03-18T05:10:36.278770+00:00
FTNT,,,10-Q,2024-03-31,2024-05-06,https://www.sec.gov/Archives/edgar/data/1262039/000126203924000020/ftnt-20240331.htm,13.49,1.4630486633638755,0.6499416637789798,1.533955732552679,0.5940542675326433,6,accrual_ratio,-1.1842,debt_to_assets,0.8399,equity_to_assets,-0.7829,robust_mcd,,-0.718195801789469,-0.7783499130051418,,0.3535464887310811,-0.3378596416475707,0.46521695050516343,-1.2464811869954524,,0.27380250187393235,0.22984797004376625,,1.5693486053758312,-1.4504978623080513,-3.6582104107291693,2.0220270449853244,,-0.32139648032410845,-0.3750707597855785,,0.8398673353889812,-0.782914929911763,-1.18415399398857,0.06092210579685842,brick3_q_v2_robust_mahalanobis_clipped,2026-03-18T05:10:36.278770+00:00
CTAS,,,10-Q,2024-02-29,2024-04-05,https://www.sec.gov/Archives/edgar/data/723254/000072325424000018/ctas-20240229.htm,13.42,1.4594976764129461,1.070982510054991,0.26979630379063807,0.6425895060329946,5,accrual_ratio,-0.9582,equity_to_assets,0.7136,ocf_to_net_income,0.5667,robust_mcd,,0.9279864357494497,1.145595657298039,,,1.1893998208699337,-1.1473999206041925,0.9445307157533406,,0.0,-0.6744907594765952,,,0.0,-0.6744907594765952,0.0,,0.5567918614496699,0.4175610905881853,,,0.7136398925219601,-0.9582362561531534,0.5667184294520043,brick3_q_v2_robust_mahalanobis_clipped,2026-03-18T05:10:36.278770+00:00
DXCM,,,10-Q,2022-03-31,2022-04-28,https://www.sec.gov/Archives/edgar/data/1093557/000109355722000098/dxcm-20220331.htm,13.34,1.4384942180314573,,0.6176509473119552,0.6176509473119552,6,net_income_growth_yoy,1.0388,accrual_ratio,1.0242,assets_growth_yoy,0.6596,robust_mcd,,,,,,,,,,0.6595756223337149,1.038775347964774,,0.0,0.3340781795110394,1.0241814254767179,-0.6492951085854849,,0.6595756223337149,1.038775347964774,,0.0,0.3340781795110394,1.0241814254767179,-0.6492951085854849,brick3_q_v2_robust_mahalanobis_clipped,2026-03-18T05:10:36.278770+00:00
KDP,,,10-Q,2021-03-31,2021-04-29,https://www.sec.gov/Archives/edgar/data/1418135/000141813521000011/kdp-20210331.htm,13.26,1.4295086352976922,,0.6377998437847419,0.6377998437847419,6,net_income_growth_yoy,1.6215,equity_to_assets,0.6745,assets_growth_yoy,-0.5522,robust_mcd,,,,,,,,,,-0.5522016633389423,1.621492933858869,,-0.24401976917317666,0.6744907594765952,0.4941647117073087,0.24042922515355933,,-0.5522016633389423,1.621492933858869,,-0.24401976917317666,0.6744907594765952,0.4941647117073087,0.24042922515355933,brick3_q_v2_robust_mahalanobis_clipped,2026-03-18T05:10:36.278770+00:00
PCAR,,,10-Q,2022-03-31,2022-05-03,https://www.sec.gov/Archives/edgar/data/75362/000156459022017431/pcar-10q_20220331.htm,13.18,1.4253854319584,,0.301742662318991,0.301742662318991,7,accrual_ratio,0.9878,ocf_to_net_income,-0.6036,equity_to_assets,0.1898,robust_mcd,,,,,,,,,-0.14566265035350826,0.0,0.15364554751359252,0.0317207758404661,,0.18975689035446955,0.9878077657621875,-0.603605006408713,-0.14566265035350826,0.0,0.15364554751359252,0.0317207758404661,,0.18975689035446955,0.9878077657621875,-0.603605006408713,brick3_q_v2_robust_mahalanobis_clipped,2026-03-18T05:10:36.278770+00:00
ROST,,,10-Q,2025-05-03,2025-06-11,https://www.sec.gov/Archives/edgar/data/745732/000074573225000031/rost-20250503.htm,13.11,1.41818316233905,1.0333830902048728,0.9017771956873029,0.5830745403967683,5,equity_to_assets,0.6956,ocf_to_net_income,-0.6183,accrual_ratio,0.6132,robust_mcd,,-0.7055764165289157,-0.4919050590205672,,,2.8162398072466623,0.5722954396774552,-0.5808987285507637,,0.0,-0.6744907594765952,,,-2.485413700006729,0.6744907594765952,-0.6744907594765952,,-0.4233458499173494,-0.5649393392029785,,,0.6955784043453057,0.6131735675971112,-0.6183355409210963,brick3_q_v2_robust_mahalanobis_clipped,2026-03-18T05:10:36.278770+00:00
GILD,,,10-Q,2021-06-30,2021-08-05,https://www.sec.gov/Archives/edgar/data/882095/000088209521000021/gild-20210630.htm,13.03,1.4072158458368011,,0.7838202227044839,0.7838202227044839,5,net_income_growth_yoy,1.3918,ocf_to_net_income,0.7472,assets_growth_yoy,0.6688,robust_mcd,,,,,,,,,,0.6687606923394377,1.391766365960794,,,-0.4596015373272152,-0.6517422590182003,0.7472302588767722,,0.6687606923394377,1.391766365960794,,,-0.4596015373272152,-0.6517422590182003,0.7472302588767722,brick3_q_v2_robust_mahalanobis_clipped,2026-03-18T05:10:36.278770+00:00
ADSK,,,10-Q,2021-10-31,2021-12-03,https://www.sec.gov/Archives/edgar/data/769397/000076939721000094/adsk-20211031.htm,12.95,1.3989894435239836,,0.42918374183155283,0.42918374183155283,5,ocf_to_net_income,0.9704,equity_to_assets,-0.6717,assets_growth_yoy,0.265,robust_mcd,,,,,,,,,,0.265043933807149,-0.08075712926589747,,,-0.6716623256253479,-0.15803276791160206,0.9704225525477677,,0.265043933807149,-0.08075712926589747,,,-0.6716623256253479,-0.15803276791160206,0.9704225525477677,brick3_q_v2_robust_mahalanobis_clipped,2026-03-18T05:10:36.278770+00:00
ROP,,,10-Q,2025-09-30,2025-10-31,https://www.sec.gov/Archives/edgar/data/882835/000088283525000045/rop-20250930.htm,12.88,1.3916520762276394,0.9867996802654532,0.37805955035927497,0.5762598887050882,6,ocf_to_net_income,2.0166,accrual_ratio,-1.1031,assets_growth_yoy,0.1941,robust_mcd,,0.2385589682724317,-0.15685630714365045,,0.34935592626638057,-0.3493559262663783,-2.0578239260099314,2.7688470276339463,,0.12738974540080691,0.026430268115168857,,-0.4387142592866806,0.45858552387356355,0.3290979957087896,0.88813950977064,,0.19409127912378177,-0.08354167704012273,,0.03412785204515609,-0.026179346210401522,-1.103055157322443,2.016564020488624,brick3_q_v2_robust_mahalanobis_clipped,2026-03-18T05:10:36.278770+00:00
VRTX,,,10-Q,2022-03-31,2022-05-06,https://www.sec.gov/Archives/edgar/data/875320/000087532022000014/vrtx-20220331.htm,12.8,1.387825253539019,,0.6634542074633547,0.6634542074633547,6,equity_to_assets,1.6692,debt_to_assets,-1.2035,assets_growth_yoy,0.8663,robust_mcd,,,,,,,,,,0.866314156554651,-0.06155949660793457,,-1.2034782060768756,1.6691917478538514,-0.14727108396126817,0.03291055372554742,,0.866314156554651,-0.06155949660793457,,-1.2034782060768756,1.6691917478538514,-0.14727108396126817,0.03291055372554742,brick3_q_v2_robust_mahalanobis_clipped,2026-03-18T05:10:36.278770+00:00
REGN,,,10-Q,2025-03-31,2025-04-29,https://www.sec.gov/Archives/edgar/data/872589/000180422025000022/regn-20250331.htm,12.72,1.386802626071737,0.8304996943509896,0.4899833812346988,0.670219486901959,6,assets_growth_yoy,-0.8577,equity_to_assets,0.851,debt_to_assets,-0.7775,robust_mcd,,-1.549856579119792,0.26396970401517356,,-0.5625684582944732,0.5625684582944714,0.970707505177066,-1.073327461204961,,0.18055261651885687,0.06729407913322018,,-1.0999567043816225,1.2835381029206459,0.21265592625186155,-0.09590285820198571,,-0.8576929008643324,0.18529945406239218,,-0.7775237567293329,0.8509563161449412,0.6674868736069842,-0.6823576200037709,brick3_q_v2_robust_mahalanobis_clipped,2026-03-18T05:10:36.278770+00:00
ORLY,,,10-Q,2025-03-31,2025-05-09,https://www.sec.gov/Archives/edgar/data/898173/000089817325000029/orly-20250331x10q.htm,12.64,1.3850561891747237,0.6412331931268584,0.4724539156545302,0.46288014172909087,5,net_income_growth_yoy,-0.8624,equity_to_assets,-0.578,ocf_to_net_income,-0.4374,robust_mcd,,0.09962696061291128,-1.3146108284190368,,,0.24727962807993253,0.7881156859576772,-0.7565328625647347,,0.040446187874614827,-0.18415341024783066,,,-1.8158310447148778,-0.2805659675173513,0.04127296791797682,,0.0759546515175927,-0.8624278611505543,,,-0.5779646410379916,0.3606430245676658,-0.43741053037165006,brick3_q_v2_robust_mahalanobis_clipped,2026-03-18T05:10:36.278770+00:00
LRCX,,,10-Q,2021-03-28,2021-04-28,https://www.sec.gov/Archives/edgar/data/707549/000070754921000089/lrcx-20210328.htm,12.57,1.3796903598064494,,0.6919957756026508,0.6919957756026508,6,ocf_to_net_income,-1.454,net_income_growth_yoy,-0.6745,debt_to_assets,-0.6745,robust_mcd,,,,,,,,,,0.0,-0.6744907594765952,,-0.6744907594765952,0.6744907594765952,0.6744907594765952,-1.454011615709524,,0.0,-0.6744907594765952,,-0.6744907594765952,0.6744907594765952,0.6744907594765952,-1.454011615709524,brick3_q_v2_robust_mahalanobis_clipped,2026-03-18T05:10:36.278770+00:00
WDC,,,10-Q,2021-04-02,2021-05-06,https://www.sec.gov/Archives/edgar/data/106040/000010604021000024/wdc-20210402.htm,12.49,1.3792018754215596,,0.6744907594765953,0.6744907594765953,6,debt_to_assets,-0.6745,net_income_growth_yoy,0.6745,equity_to_assets,0.6745,robust_mcd,,,,,,,,,,-0.6744907594765951,0.6744907594765953,,-0.6744907594765954,0.6744907594765952,0.6744907594765952,0.6744907594765952,,-0.6744907594765951,0.6744907594765953,,-0.6744907594765954,0.6744907594765952,0.6744907594765952,0.6744907594765952,brick3_q_v2_robust_mahalanobis_clipped,2026-03-18T05:10:36.278770+00:00
WDC,,,10-Q,2021-01-01,2021-02-09,https://www.sec.gov/Archives/edgar/data/106040/000010604021000011/wdc-20210101.htm,12.41,1.379201875421559,,0.6744907594765953,0.6744907594765953,6,net_income_growth_yoy,0.6745,equity_to_assets,0.6745,debt_to_assets,-0.6745,robust_mcd,,,,,,,,,,-0.6744907594765951,0.6744907594765953,,-0.6744907594765952,0.6744907594765953,0.6744907594765951,0.6744907594765952,,-0.6744907594765951,0.6744907594765953,,-0.6744907594765952,0.6744907594765953,0.6744907594765951,0.6744907594765952,brick3_q_v2_robust_mahalanobis_clipped,2026-03-18T05:10:36.278770+00:00
VRSK,,,10-Q,2021-03-31,2021-05-04,https://www.sec.gov/Archives/edgar/data/1442145/000143774921010755/vrsk20210331_10q.htm,12.34,1.378168436035377,,0.5469694437237687,0.5469694437237687,6,accrual_ratio,-1.2799,ocf_to_net_income,1.0984,net_income_growth_yoy,-0.518,robust_mcd,,,,,,,,,,-0.0014175869850619025,-0.5179832932389721,,0.2888337478148764,0.09527419880762267,-1.2798857578474283,1.0984220776486509,,-0.0014175869850619025,-0.5179832932389721,,0.2888337478148764,0.09527419880762267,-1.2798857578474283,1.0984220776486509,brick3_q_v2_robust_mahalanobis_clipped,2026-03-18T05:10:36.278770+00:00
CPRT,,,10-Q,2021-04-30,2021-05-24,https://www.sec.gov/Archives/edgar/data/900075/000090007521000014/cprt-20210430.htm,12.26,1.3656111113883374,,0.7673374796705273,0.7673374796705273,6,equity_to_assets,1.2965,debt_to_assets,-1.1378,accrual_ratio,-0.8997,robust_mcd,,,,,,,,,,-0.1591601677221546,0.4550697891237754,,-1.1378060570566646,1.2964827428929768,-0.8997086602957635,0.6557974609318297,,-0.1591601677221546,0.4550697891237754,,-1.1378060570566646,1.2964827428929768,-0.8997086602957635,0.6557974609318297,brick3_q_v2_robust_mahalanobis_clipped,2026-03-18T05:10:36.278770+00:00
TTWO,,,10-Q,2023-06-30,2023-08-09,https://www.sec.gov/Archives/edgar/data/946581/000162828023028326/ttwo-20230630.htm,12.18,1.357191374978041,0.48263727772673687,1.1864651744097483,0.6897145725546242,6,assets_growth_yoy,-1.3027,net_income_growth_yoy,-0.8329,equity_to_assets,0.7838,robust_mcd,,-0.9174867079896497,0.22502414289446468,,-0.7804478499285074,0.8256197892156785,-0.12341486198024668,0.023830314351874105,,-1.880499366014752,-2.419794238335469,,-0.3294919686050278,0.7211070562024973,0.5134304622986395,-1.2544679550021047,,-1.3026917711996906,-0.8329032095975089,,-0.6000654973991155,0.783814696010406,0.1313232677313078,-0.48748899338971746,brick3_q_v2_robust_mahalanobis_clipped,2026-03-18T05:10:36.278770+00:00
MSFT,,,10-Q,2025-03-31,2025-04-30,https://www.sec.gov/Archives/edgar/data/789019/000095017025061046/msft-20250331.htm,12.1,1.3283737492163907,0.9923437266933225,0.43399735788860977,0.7690051791714373,6,equity_to_assets,1.4027,debt_to_assets,-1.3479,assets_growth_yoy,0.758,robust_mcd,,0.7465753070899854,0.17504696237027348,,-1.9814886957873823,1.981488695787386,-0.5154390964064539,0.5540236027184536,,0.775124952728974,0.17261756861720343,,-0.397570475122904,0.5345498502436394,-0.6427184971163029,0.08140280350263501,,0.7579951653455809,0.17407520486904546,,-1.347921407521591,1.4027131575698875,-0.5663508566903934,0.3649752830321262,brick3_q_v2_robust_mahalanobis_clipped,2026-03-18T05:10:36.278770+00:00
HON,,,10-Q,2021-06-30,2021-07-23,https://www.sec.gov/Archives/edgar/data/773840/000077384021000057/hon-20210630.htm,12.03,1.3257112877715702,,0.39720844513465015,0.39720844513465015,5,assets_growth_yoy,-0.7828,equity_to_assets,-0.5024,accrual_ratio,0.4161,robust_mcd,,,,,,,,,,-0.782849975186008,-0.11422049091527255,,,-0.5024170571067866,0.41608274207292173,-0.17047196039226165,,-0.782849975186008,-0.11422049091527255,,,-0.5024170571067866,0.41608274207292173,-0.17047196039226165,brick3_q_v2_robust_mahalanobis_clipped,2026-03-18T05:10:36.278770+00:00
GEHC,,,10-Q,2023-09-30,2023-10-31,https://www.sec.gov/Archives/edgar/data/1932393/000193239323000125/gehc-20230930.htm,11.95,1.32133978060937,,0.6462780776468692,0.6462780776468692,6,equity_to_assets,-0.8055,assets_growth_yoy,0.7835,debt_to_assets,0.7739,robust_mcd,,,,,,,,,,0.7834989820553284,-0.7204408053766768,,0.7739046547716921,-0.8055250738729826,0.602826719224104,-0.19147223058043106,,0.7834989820553284,-0.7204408053766768,,0.7739046547716921,-0.8055250738729826,0.602826719224104,-0.19147223058043106,brick3_q_v2_robust_mahalanobis_clipped,2026-03-18T05:10:36.278770+00:00
WDAY,,,10-Q,2023-10-31,2023-11-28,https://www.sec.gov/Archives/edgar/data/1327811/000132781123000202/wday-20231031.htm,11.87,1.320024497674483,0.8673318521081966,0.45529907603073044,0.7025187416772102,6,equity_to_assets,1.0836,debt_to_assets,-0.9168,ocf_to_net_income,0.6404,robust_mcd,,-0.4168831910000767,0.566924977583628,,-1.381082401935061,1.38220055041513,0.40704312776765933,1.0498568639476245,,-0.1849876042513198,0.720170807419111,,-0.22035746889766034,0.6356058093275966,0.9444385656373304,0.026234200651364337,,-0.3241249563005739,0.6282233095178211,,-0.9167924287201007,1.0835626539801166,0.6220013029155278,0.6404077986291205,brick3_q_v2_robust_mahalanobis_clipped,2026-03-18T05:10:36.278770+00:00
GEHC,,,10-Q,2024-03-31,2024-04-30,https://www.sec.gov/Archives/edgar/data/1932393/000193239324000034/gehc-20240331.htm,11.8,1.3197927246664671,,0.5726557152614632,0.5726557152614632,6,assets_growth_yoy,-1.1519,debt_to_assets,0.6959,equity_to_assets,-0.576,robust_mcd,,,,,,,,,,-1.151864224903962,-0.19473643789561335,,0.695903818888553,-0.5760090558296797,0.5566014240555986,-0.2608193299953723,,-1.151864224903962,-0.19473643789561335,,0.695903818888553,-0.5760090558296797,0.5566014240555986,-0.2608193299953723,brick3_q_v2_robust_mahalanobis_clipped,2026-03-18T05:10:36.278770+00:00
WDC,,,10-Q,2021-10-01,2021-11-04,https://www.sec.gov/Archives/edgar/data/106040/000010604021000053/wdc-20211001.htm,11.72,1.3127576275324586,,0.6744907594765953,0.6744907594765953,6,ocf_to_net_income,-0.6745,net_income_growth_yoy,0.6745,debt_to_assets,-0.6745,robust_mcd,,,,,,,,,,-0.6744907594765951,0.6744907594765953,,-0.6744907594765952,0.6744907594765952,-0.6744907594765952,-0.6744907594765961,,-0.6744907594765951,0.6744907594765953,,-0.6744907594765952,0.6744907594765952,-0.6744907594765952,-0.6744907594765961,brick3_q_v2_robust_mahalanobis_clipped,2026-03-18T05:10:36.278770+00:00
GEHC,,,10-Q,2025-06-30,2025-07-30,https://www.sec.gov/Archives/edgar/data/1932393/000193239325000049/gehc-20250630.htm,11.64,1.311931635467463,1.0988803689537432,0.6210653762524041,0.7345780005671858,6,debt_to_assets,-0.9309,equity_to_assets,0.9273,ocf_to_net_income,-0.8235,robust_mcd,,0.7801100769455777,0.6115959223523979,,-1.9915651992311543,1.971240730398847,0.6709012848520947,-0.5678689999423865,,0.33553042212849554,0.021775814271137985,,0.6602077809489085,-0.6386150038462537,0.8633921301593087,-1.2068711061603203,,0.6022782150187448,0.3756678791198939,,-0.930856007159129,0.9272984367008067,0.7478976229749803,-0.8234698424295601,brick3_q_v2_robust_mahalanobis_clipped,2026-03-18T05:10:36.278770+00:00
LIN,,,10-Q,2021-06-30,2021-07-30,https://www.sec.gov/Archives/edgar/data/1707925/000162828021015013/lin-20210630.htm,11.57,1.3031194303649842,,0.7298052548170345,0.7298052548170345,6,ocf_to_net_income,1.5458,assets_growth_yoy,-0.9415,equity_to_assets,0.7053,robust_mcd,,,,,,,,,,-0.9415093242326991,0.5682005801780254,,-0.3506911229508201,0.705300133088881,-0.26729924841801694,1.5458311200337649,,-0.9415093242326991,0.5682005801780254,,-0.3506911229508201,0.705300133088881,-0.26729924841801694,1.5458311200337649,brick3_q_v2_robust_mahalanobis_clipped,2026-03-18T05:10:36.278770+00:00
ODFL,,,10-Q,2022-03-31,2022-05-04,https://www.sec.gov/Archives/edgar/data/878927/000156459022017820/odfl-10q_20220331.htm,11.49,1.3019616383958965,,0.6603540107543878,0.6603540107543878,6,equity_to_assets,1.5757,debt_to_assets,-1.1192,net_income_growth_yoy,0.6057,robust_mcd,,,,,,,,,,0.10140507379044948,0.6056590300667978,,-1.1191773705697101,1.5756701628846073,-0.47254835801619255,0.08766406919857007,,0.10140507379044948,0.6056590300667978,,-1.1191773705697101,1.5756701628846073,-0.47254835801619255,0.08766406919857007,brick3_q_v2_robust_mahalanobis_clipped,2026-03-18T05:10:36.278770+00:00
NXPI,,,10-Q,2022-10-02,2022-11-01,https://www.sec.gov/Archives/edgar/data/1413447/000141344722000067/nxpi-20221002.htm,11.41,1.2854629302042473,0.8697268757615131,,0.8697268757615131,4,accrual_ratio,-1.2422,ocf_to_net_income,0.9412,equity_to_assets,-0.6532,robust_mcd,,,,,0.6423267835099041,-0.653227993191919,-1.2422020369548659,0.9411506893893632,,,,,,,,,,,,,0.6423267835099041,-0.653227993191919,-1.2422020369548659,0.9411506893893632,brick3_q_v2_robust_mahalanobis_clipped,2026-03-18T05:10:36.278770+00:00
WMT,,,10-Q,2025-10-31,2025-12-03,https://www.sec.gov/Archives/edgar/data/104169/000010416925000191/wmt-20251031.htm,11.33,1.2815496155098898,0.9476140537197326,0.49094402071026305,0.48787424952613445,7,assets_growth_yoy,1.5365,ocf_to_net_income,0.8074,accrual_ratio,-0.4814,robust_mcd,0.5763152787579998,2.83543891268421,-0.19202157069591133,0.5657833419968543,,0.7092528136304344,-0.7666021970156475,0.9878842612570705,-0.6744907594765952,-0.4118684302551009,0.7099499755911616,-0.6744907594765952,,-0.3754958659086813,-0.0537031085764731,0.5366092456872341,0.07599286346416179,1.5365159755084856,0.16876704781891785,0.06967370140747453,,0.2753533418147881,-0.4814425616399777,0.8073742550291358,brick3_q_v2_robust_mahalanobis_clipped,2026-03-18T05:10:36.278770+00:00
AMGN,,,10-Q,2024-09-30,2024-10-31,https://www.sec.gov/Archives/edgar/data/318154/000031815424000044/amgn-20240930.htm,11.26,1.276518301730465,0.6544381942435986,0.8291461452393512,0.572646221732961,5,net_income_growth_yoy,1.8844,ocf_to_net_income,-0.4481,assets_growth_yoy,-0.3619,robust_mcd,,-0.05292123827594087,2.1015097012471595,,,0.6138148442066464,-0.018164959580597856,-0.4857802279076485,,-0.8254242923165154,1.558755801132925,,,-1.2659790756779252,0.10408484040319693,-0.39148671666619295,,-0.3619224598921707,1.8844081412014657,,,-0.1381027237471822,0.030734960412920065,-0.4480628234110663,brick3_q_v2_robust_mahalanobis_clipped,2026-03-18T05:10:36.278770+00:00
VRSK,,,10-Q,2021-09-30,2021-11-02,https://www.sec.gov/Archives/edgar/data/1442145/000143774921024931/vrsk20210930_10q.htm,11.18,1.2179121612052213,,0.5406709194753615,0.5406709194753615,6,ocf_to_net_income,-1.1516,accrual_ratio,0.8565,debt_to_assets,0.4145,robust_mcd,,,,,,,,,,-0.21662230603352475,-0.39402664516980573,,0.4145433473764656,-0.2106568640351277,0.8565480593949976,-1.151628294842247,,-0.21662230603352475,-0.39402664516980573,,0.4145433473764656,-0.2106568640351277,0.8565480593949976,-1.151628294842247,brick3_q_v2_robust_mahalanobis_clipped,2026-03-18T05:10:36.278770+00:00
IDXX,,,10-Q,2021-06-30,2021-07-30,https://www.sec.gov/Archives/edgar/data/874716/000087471621000050/idxx-20210630.htm,11.1,1.216787352454617,,0.4851704863073208,0.4851704863073208,6,accrual_ratio,-1.069,assets_growth_yoy,0.7711,debt_to_assets,0.5745,robust_mcd,,,,,,,,,,0.7710870962095273,-0.06462788708896663,,0.5745221362102384,-0.36723150136948807,-1.0689775327259112,-0.06457676423979321,,0.7710870962095273,-0.06462788708896663,,0.5745221362102384,-0.36723150136948807,-1.0689775327259112,-0.06457676423979321,brick3_q_v2_robust_mahalanobis_clipped,2026-03-18T05:10:36.278770+00:00
ABNB,,,10-Q,2025-06-30,2025-08-06,https://www.sec.gov/Archives/edgar/data/1559720/000155972025000025/abnb-20250630.htm,11.03,1.2098276881841314,0.6025599435716623,0.9526836441659262,0.6235321520567322,6,assets_growth_yoy,-1.3377,ocf_to_net_income,0.6013,accrual_ratio,-0.5962,robust_mcd,,-1.8219065014482956,-0.33273352146085844,,0.46178880412736467,-0.4617742342234139,0.2527043552994559,-0.28445224487058524,,-0.6112949883497131,0.08734463788970569,,0.6320265629377598,-0.5859303621911242,-1.8694817687668097,1.9300235448604453,,-1.3376618962088627,-0.1647022577206328,,0.5298839076515227,-0.511436685410498,-0.5961700943270504,0.601338071021827,brick3_q_v2_robust_mahalanobis_clipped,2026-03-18T05:10:36.278770+00:00
PANW,,,10-Q,2025-04-30,2025-05-21,https://www.sec.gov/Archives/edgar/data/1327567/000132756725000017/panw-20250430.htm,10.95,1.2072296672338898,0.9180250891303988,0.9638501838626944,0.7299827751428617,6,ocf_to_net_income,1.5759,equity_to_assets,1.2126,debt_to_assets,-0.869,robust_mcd,,-0.30429910687749,-0.5351615880491447,,-1.8980193484555645,2.37203568216948,-0.01885411177186826,0.379780697458845,,0.19770478387510676,0.14907055061711552,,0.6744907594765952,-0.5265265451345965,-0.8651939534990783,3.370114510573674,,-0.1034975505764513,-0.2614687325826406,,-0.8690153052827005,1.2126107912478492,-0.3573900484627523,1.5759142227047767,brick3_q_v2_robust_mahalanobis_clipped,2026-03-18T05:10:36.278770+00:00
LIN,,,10-Q,2024-06-30,2024-08-02,https://www.sec.gov/Archives/edgar/data/1707925/000162828024034299/lin-20240630.htm,10.87,1.19222205379477,1.1129040231658018,0.15555137102534003,0.6055218654893451,6,debt_to_assets,1.1754,equity_to_assets,-1.1444,net_income_growth_yoy,-0.5796,robust_mcd,,1.0680895900643597,-0.9948268563696785,,2.022954271976944,-2.0349295911931358,0.1628369825016089,-0.39378684688908433,,-0.5221300957790979,0.04319050874563052,,-0.09584316542971094,0.19148816313592823,-0.02456465599527077,0.05609163706640196,,0.43200171572697665,-0.5796199103235549,,1.175435297014282,-1.14436248946151,0.08787632710285703,-0.2138354533068898,brick3_q_v2_robust_mahalanobis_clipped,2026-03-18T05:10:36.278770+00:00
CDNS,,,10-Q,2022-04-02,2022-04-25,https://www.sec.gov/Archives/edgar/data/813672/000081367222000022/cdns-20220402.htm,10.79,1.188129926127905,,0.6744907594765952,0.6744907594765952,5,ocf_to_net_income,0.6745,assets_growth_yoy,0.6745,net_income_growth_yoy,0.6745,robust_mcd,,,,,,,,,,0.6744907594765952,0.6744907594765952,,,0.6744907594765952,-0.6744907594765952,0.6744907594765953,,0.6744907594765952,0.6744907594765952,,,0.6744907594765952,-0.6744907594765952,0.6744907594765953,brick3_q_v2_robust_mahalanobis_clipped,2026-03-18T05:10:36.278770+00:00
IDXX,,,10-Q,2024-06-30,2024-08-06,https://www.sec.gov/Archives/edgar/data/874716/000087471624000121/idxx-20240630.htm,10.72,1.1861724530937665,1.0094112363983625,0.4778119709452339,0.7911965799101704,6,equity_to_assets,1.0024,debt_to_assets,-0.9437,accrual_ratio,-0.8475,robust_mcd,,0.7237934915908669,-1.0615189391161937,,-1.5728582763424264,1.5760425553425872,-0.4792962988767869,0.6429578571213139,,0.9553510670430184,-0.3277765408060877,,0.0001588285048161507,0.14200738725240664,-1.3999247032678361,-0.041653298797238475,,0.8164165217717275,-0.7680219797921513,,-0.9436514344035293,1.0024284881065149,-0.8475476606332065,0.369113394753893,brick3_q_v2_robust_mahalanobis_clipped,2026-03-18T05:10:36.278770+00:00
ISRG,,,10-Q,2025-06-30,2025-07-23,https://www.sec.gov/Archives/edgar/data/1035267/000103526725000192/isrg-20250630.htm,10.64,1.1745959544394926,0.32004597659942907,0.8555739370255222,0.601279879078234,6,equity_to_assets,1.4887,debt_to_assets,-0.9991,assets_growth_yoy,0.8722,robust_mcd,,0.5456338995204996,-0.2537092535556329,,-0.6744907594765952,,-0.12435180648565025,-0.002044163958767269,,1.3619633997333418,0.3738354922522732,,-1.4859771796754777,1.488720482686137,-0.3165973361085432,-0.10634973169736005,,0.8721656996056365,-0.002691355232470466,,-0.9990853275561482,1.488720482686137,-0.20125001833480743,-0.043766391054204386,brick3_q_v2_robust_mahalanobis_clipped,2026-03-18T05:10:36.278770+00:00
FAST,,,10-Q,2022-09-30,2022-10-18,https://www.sec.gov/Archives/edgar/data/815556/000081555622000041/fast-20220930.htm,10.56,1.1658215246191637,1.1460924616074624,0.7828251861981199,0.5188573723547389,5,assets_growth_yoy,1.8001,net_income_growth_yoy,0.4223,ocf_to_net_income,0.2538,robust_mcd,,2.6144186343977225,0.4881938506342912,,,-0.7405107435838532,-0.9527883998806337,0.9345506795408114,,0.5786376069170662,0.323437204767369,,,1.037587296452043,1.2072613947995454,-0.7672024280545765,,1.80010622340546,0.4222911922875223,,,-0.029271527569494693,-0.08876848200856197,0.2538494365026562,brick3_q_v2_robust_mahalanobis_clipped,2026-03-18T05:10:36.278770+00:00
SNPS,,,10-Q,2021-07-31,2021-08-20,https://www.sec.gov/Archives/edgar/data/883241/000088324121000017/snps-20210731.htm,10.49,1.1641629424695599,,0.6868863288054591,0.6868863288054591,6,ocf_to_net_income,1.009,accrual_ratio,-0.9112,equity_to_assets,0.8656,robust_mcd,,,,,,,,,,-0.6736809645801575,-0.22546500407606201,,-0.43637550845548306,0.8655903631304397,-0.9111630353308445,1.009043097259767,,-0.6736809645801575,-0.22546500407606201,,-0.43637550845548306,0.8655903631304397,-0.9111630353308445,1.009043097259767,brick3_q_v2_robust_mahalanobis_clipped,2026-03-18T05:10:36.278770+00:00
TXN,,,10-Q,2024-06-30,2024-07-24,https://www.sec.gov/Archives/edgar/data/97476/000009747624000030/txn-20240630.htm,10.41,1.1620032588063238,1.0556879140794815,0.37519219693298095,0.6637193895926649,6,net_income_growth_yoy,-1.1356,debt_to_assets,0.9783,equity_to_assets,-0.9148,robust_mcd,,-0.9066811491261155,-1.256370161318441,,1.6903209549461922,-1.690320954946198,0.06404602734713966,0.7263882367928021,,0.4639601291836464,-0.9545238057322082,,-0.08980088037291327,0.24844673163435402,-0.4659121023300767,0.02850953234468705,,-0.3584246378022107,-1.135631619083948,,0.9782722208185499,-0.9148138803139771,-0.14793722452374689,0.4472367550135561,brick3_q_v2_robust_mahalanobis_clipped,2026-03-18T05:10:36.278770+00:00
ROST,,,10-Q,2022-10-29,2022-12-07,https://www.sec.gov/Archives/edgar/data/745732/000074573222000064/rost-20221029.htm,10.33,1.1573638411253506,0.5730554917636514,0.6744907594765952,0.5300555415836803,5,assets_growth_yoy,-0.6745,net_income_growth_yoy,-0.6745,equity_to_assets,0.6355,robust_mcd,,,,,,1.508852835059737,0.13293496825878903,-0.07737867197242834,,-0.6744907594765952,-0.6744907594765952,,,-0.6744907594765952,0.6744907594765952,-0.6744907594765952,,-0.6744907594765952,-0.6744907594765952,,,0.6355153972452041,0.34955728474591147,-0.31622350697409507,brick3_q_v2_robust_mahalanobis_clipped,2026-03-18T05:10:36.278770+00:00
MSFT,,,10-Q,2021-09-30,2021-10-26,https://www.sec.gov/Archives/edgar/data/789019/000156459021051992/msft-10q_20210930.htm,10.25,1.1552142403824952,,0.5216813341299732,0.5216813341299732,6,ocf_to_net_income,-1.29,accrual_ratio,0.8315,net_income_growth_yoy,0.5032,robust_mcd,,,,,,,,,,0.20919150078658968,0.5031839477486613,,0.0,0.2961179792150212,0.8315457703767511,-1.290048806652816,,0.20919150078658968,0.5031839477486613,,0.0,0.2961179792150212,0.8315457703767511,-1.290048806652816,brick3_q_v2_robust_mahalanobis_clipped,2026-03-18T05:10:36.278770+00:00
AMAT,,,10-Q,2025-07-27,2025-08-21,https://www.sec.gov/Archives/edgar/data/6951/000000695125000037/amat-20250727.htm,10.18,1.1516134757346723,1.152405535286581,0.6744907594765953,0.6914433211719485,6,assets_growth_yoy,-1.0074,net_income_growth_yoy,-0.8028,equity_to_assets,0.75,robust_mcd,,-1.2293351928281748,-0.8882613654693179,,-1.6996553936988712,1.6996553936988745,-0.6046100539683298,0.7929158120559173,,-0.6744907594765952,-0.6744907594765953,,0.6744907594765955,-0.6744907594765958,0.6744907594765952,0.674490759476595,,-1.007397419487543,-0.8027531230722288,,-0.7499969324286845,0.7499969324286864,-0.09296972859035979,0.7455457910241884,brick3_q_v2_robust_mahalanobis_clipped,2026-03-18T05:10:36.278770+00:00
AMD,,,10-Q,2025-03-29,2025-05-07,https://www.sec.gov/Archives/edgar/data/2488/000000248825000047/amd-20250329.htm,10.1,1.1466130931826897,0.8374537701361484,0.7409716839016962,0.6480024666784019,5,net_income_growth_yoy,1.2975,ocf_to_net_income,-0.7194,accrual_ratio,0.677,robust_mcd,,-0.3238356035864073,1.5140010168321367,,,-0.18369949355865603,0.8457081791561047,-1.3200245575474376,,0.8450580933545472,0.9728234114228533,,,1.2815927828417573,0.4238213465821324,0.1815627853071906,,0.1437218751899745,1.2975299746684232,,,0.4024174170015093,0.6769534461265159,-0.7193896204055864,brick3_q_v2_robust_mahalanobis_clipped,2026-03-18T05:10:36.278770+00:00
GILD,,,10-Q,2023-09-30,2023-11-07,https://www.sec.gov/Archives/edgar/data/882095/000088209523000031/gild-20230930.htm,10.02,1.1409620248513805,0.5666603190455568,0.28308873806627843,0.38229204916700094,5,equity_to_assets,0.7632,ocf_to_net_income,-0.4843,accrual_ratio,-0.3046,robust_mcd,,0.1267976970332784,0.20782561264593663,,,1.4408262100511915,-0.4177285194358739,-0.6401235560615034,,-0.7525613283959277,0.024274534999897606,,,-0.2531761887428606,-0.134987402479094,-0.2504442357136126,,-0.22494591313840406,0.13440518158752102,,,0.7632252505335706,-0.30463207265316194,-0.48425182792234706,brick3_q_v2_robust_mahalanobis_clipped,2026-03-18T05:10:36.278770+00:00
MCHP,,,10-Q,2021-06-30,2021-08-03,https://www.sec.gov/Archives/edgar/data/827054/000082705421000187/mchp-20210630.htm,9.95,1.1408219374015565,,0.5319507161864093,0.5319507161864093,5,assets_growth_yoy,-1.1244,net_income_growth_yoy,0.8461,ocf_to_net_income,0.3352,robust_mcd,,,,,,,,,,-1.1243725861863638,0.8460935053836545,,,-0.23258843009535082,0.12151041682332644,0.33518864244335134,,-1.1243725861863638,0.8460935053836545,,,-0.23258843009535082,0.12151041682332644,0.33518864244335134,brick3_q_v2_robust_mahalanobis_clipped,2026-03-18T05:10:36.278770+00:00
MPWR,,,10-Q,2022-09-30,2022-11-09,https://www.sec.gov/Archives/edgar/data/1280452/000143774922026581/mpwr20220930_10q.htm,9.87,1.1393311382465914,0.5961223219977135,1.2265974595558213,0.7510198325433359,6,equity_to_assets,1.22,debt_to_assets,-1.0707,net_income_growth_yoy,0.8057,robust_mcd,,-0.4864627223881044,0.11555421859992322,,-1.0957552048124368,1.0957552048124217,0.3949409700696604,-0.3882656113037347,,2.324903693764359,1.8409300008746765,,-1.0331132360070052,1.4064800596665044,0.22563801224976607,-0.5285197547726171,,0.6380838440728809,0.8057045315098246,,-1.0706984172902643,1.220045146754055,0.3272197869417026,-0.44436726869128773,brick3_q_v2_robust_mahalanobis_clipped,2026-03-18T05:10:36.278770+00:00
KLAC,,,10-Q,2024-09-30,2024-10-31,https://www.sec.gov/Archives/edgar/data/319201/000031920124000027/klac-20240930.htm,9.79,1.1351603933831382,0.5646586281428662,0.6997081199374647,0.48831491423829343,6,ocf_to_net_income,-0.8988,accrual_ratio,0.8985,assets_growth_yoy,-0.4328,robust_mcd,,-0.8896392421832002,0.3092065135888432,,-0.26431379264258265,0.21914595825760422,0.8507976347216414,-0.8548486274633249,,0.2525367033178107,0.5170379498708957,,0.751599320090304,-0.7422968225335879,0.9699677604888931,-0.9648101633232978,,-0.43276886398279585,0.3923390881016642,,0.14205145245057202,-0.1654311540588726,0.8984656850285421,-0.8988332418073142,brick3_q_v2_robust_mahalanobis_clipped,2026-03-18T05:10:36.278770+00:00
STX,,,10-Q,2021-01-01,2021-01-28,https://www.sec.gov/Archives/edgar/data/1137789/000113778921000006/stx-20210101.htm,9.71,1.1320745250013704,,0.6744907594765953,0.6744907594765953,6,accrual_ratio,-0.6745,assets_growth_yoy,0.6745,net_income_growth_yoy,-0.6745,robust_mcd,,,,,,,,,,0.6744907594765952,-0.6744907594765952,,0.6744907594765952,-0.6744907594765952,-0.6744907594765954,-0.6744907594765952,,0.6744907594765952,-0.6744907594765952,,0.6744907594765952,-0.6744907594765952,-0.6744907594765954,-0.6744907594765952,brick3_q_v2_robust_mahalanobis_clipped,2026-03-18T05:10:36.278770+00:00
STX,,,10-Q,2021-04-02,2021-04-29,https://www.sec.gov/Archives/edgar/data/1137789/000113778921000028/stx-20210402.htm,9.64,1.13207452500137,,0.6744907594765953,0.6744907594765953,6,assets_growth_yoy,0.6745,net_income_growth_yoy,-0.6745,equity_to_assets,-0.6745,robust_mcd,,,,,,,,,,0.6744907594765952,-0.6744907594765952,,0.674490759476595,-0.6744907594765952,-0.6744907594765952,-0.6744907594765952,,0.6744907594765952,-0.6744907594765952,,0.674490759476595,-0.6744907594765952,-0.6744907594765952,-0.6744907594765952,brick3_q_v2_robust_mahalanobis_clipped,2026-03-18T05:10:36.278770+00:00
KLAC,,,10-Q,2021-12-31,2022-01-28,https://www.sec.gov/Archives/edgar/data/319201/000031920122000006/klac-20211231.htm,9.56,1.1250376041448233,,0.5653841298232346,0.5653841298232346,6,assets_growth_yoy,1.2855,debt_to_assets,0.6777,accrual_ratio,-0.6058,robust_mcd,,,,,,,,,,1.285540163354015,0.164998917809957,,0.6777369089838408,-0.4349268543880985,-0.6058473907643237,0.2232545436391726,,1.285540163354015,0.164998917809957,,0.6777369089838408,-0.4349268543880985,-0.6058473907643237,0.2232545436391726,brick3_q_v2_robust_mahalanobis_clipped,2026-03-18T05:10:36.278770+00:00
CSX,,,10-Q,2024-09-30,2024-10-17,https://www.sec.gov/Archives/edgar/data/277948/000027794824000054/csx-20240930.htm,9.48,1.1227525188457694,1.0665844619975893,0.39701772955879483,0.7105455057768381,5,ocf_to_net_income,1.5615,accrual_ratio,-0.9684,assets_growth_yoy,0.5319,robust_mcd,,1.2205473485755642,0.3547122719159783,,0.15170662607598503,,-1.3039845302385245,2.3019715331818937,,-0.5009784275234446,-0.050348217759263486,,0.517934007031194,,-0.4649526523704899,0.4508753431095821,,0.5319370381359606,0.19268807604588156,,0.2981975784580686,,-0.9683717790913107,1.5615330571529689,brick3_q_v2_robust_mahalanobis_clipped,2026-03-18T05:10:36.278770+00:00
REGN,,,10-Q,2023-03-31,2023-05-04,https://www.sec.gov/Archives/edgar/data/872589/000180422023000016/regn-20230331.htm,9.41,1.112468052175564,0.8668628995251586,0.8290647765283108,0.6379238510801587,6,equity_to_assets,1.2299,debt_to_assets,-1.1233,net_income_growth_yoy,-0.6099,robust_mcd,,-1.3166627331370746,-0.5828142661975028,,-1.054230829050608,1.0542308290506048,0.534639303447559,-0.6585994362676026,,0.5746868784013507,-0.6504724819734984,,-1.2267980155159453,1.4934696673334664,-0.5697936556999863,0.45916796024561807,,-0.5601228885217044,-0.609877552507901,,-1.1232577036367428,1.2299263643637495,0.09286611978854081,-0.21149247766231433,brick3_q_v2_robust_mahalanobis_clipped,2026-03-18T05:10:36.278770+00:00
XEL,,,10-Q,2023-03-31,2023-04-27,https://www.sec.gov/Archives/edgar/data/72903/000007290323000026/xel-20230331.htm,9.33,1.1103056440901855,0.6844258144838008,0.8099323667918021,0.6786398915310166,5,ocf_to_net_income,1.3963,net_income_growth_yoy,0.9568,equity_to_assets,0.5685,robust_mcd,,-0.11408961546136218,1.584880679948459,,,1.1807634482227025,-0.18321567799172223,0.3591796507947583,,-0.1586647935320185,0.014715705264588272,,,-0.34992839922490493,-0.5744349629119081,2.951917973025591,,-0.13191968668962473,0.9568146900749106,,,0.5684867092436595,-0.3397033919597966,1.3962749796870915,brick3_q_v2_robust_mahalanobis_clipped,2026-03-18T05:10:36.278770+00:00
IDXX,,,10-Q,2023-03-31,2023-05-02,https://www.sec.gov/Archives/edgar/data/874716/000087471623000034/idxx-20230331.htm,9.25,1.0874246748512644,0.5164684880280238,0.4503819869011931,0.38148665249479724,6,accrual_ratio,0.9498,ocf_to_net_income,-0.6213,assets_growth_yoy,-0.456,robust_mcd,,-0.8292410255978567,-0.03917764127418392,,-0.4330980155062775,0.43750628312032286,0.6921482259557696,-0.6676397367137317,,0.10389332430830625,0.023852009424012076,,0.4222508771213816,-0.26410805226500683,1.3363172251726687,-0.5518704331157831,,-0.45598728563539154,-0.01396578099490552,,-0.09095845845521383,0.15686054896619095,0.9498158256425293,-0.6213320152745523,brick3_q_v2_robust_mahalanobis_clipped,2026-03-18T05:10:36.278770+00:00
KDP,,,10-Q,2022-03-31,2022-04-28,https://www.sec.gov/Archives/edgar/data/1418135/000141813522000011/kdp-20220331.htm,9.18,1.0835360519791657,,0.5374861498017122,0.5374861498017122,6,net_income_growth_yoy,1.1931,accrual_ratio,0.6056,equity_to_assets,0.595,robust_mcd,,,,,,,,,,-0.47122048580122194,1.193108094421864,,-0.2351845019246162,0.5949869504368367,0.605627216194792,-0.12478965003094177,,-0.47122048580122194,1.193108094421864,,-0.2351845019246162,0.5949869504368367,0.605627216194792,-0.12478965003094177,brick3_q_v2_robust_mahalanobis_clipped,2026-03-18T05:10:36.278770+00:00
TTWO,,,10-Q,2021-06-30,2021-08-03,https://www.sec.gov/Archives/edgar/data/946581/000162828021015202/ttwo-20210630.htm,9.1,1.0818720811678635,,0.5623583559029418,0.5623583559029418,6,equity_to_assets,0.8453,accrual_ratio,0.806,ocf_to_net_income,-0.5049,robust_mcd,,,,,,,,,,0.3963142602900728,0.41475704863984836,,-0.406846215746823,0.8453259042131531,0.8060037713091548,-0.5049029352185992,,0.3963142602900728,0.41475704863984836,,-0.406846215746823,0.8453259042131531,0.8060037713091548,-0.5049029352185992,brick3_q_v2_robust_mahalanobis_clipped,2026-03-18T05:10:36.278770+00:00
AEP,,,10-Q,2021-09-30,2021-10-28,https://www.sec.gov/Archives/edgar/data/4904/000000490421000069/aep-20210930.htm,9.02,1.070945171670634,,0.4457760565843789,0.4457760565843789,4,debt_to_assets,0.8234,equity_to_assets,-0.7039,revenue_growth_yoy,-0.1845,robust_mcd,,,,,,,,,-0.1844517330685169,0.07137548187581706,,,0.8234156749886163,-0.7038613364045654,,,-0.1844517330685169,0.07137548187581706,,,0.8234156749886163,-0.7038613364045654,,,brick3_q_v2_robust_mahalanobis_clipped,2026-03-18T05:10:36.278770+00:00
CSX,,,10-Q,2021-06-30,2021-07-22,https://www.sec.gov/Archives/edgar/data/277948/000027794821000041/csx-20210630.htm,8.94,1.0395027479989027,,0.5071891255873643,0.5071891255873643,5,net_income_growth_yoy,1.252,assets_growth_yoy,-0.6226,debt_to_assets,0.4799,robust_mcd,,,,,,,,,,-0.6225623131405534,1.252032674721323,,0.4799268879558734,,-0.0932426964721664,0.08818105564690527,,-0.6225623131405534,1.252032674721323,,0.4799268879558734,,-0.0932426964721664,0.08818105564690527,brick3_q_v2_robust_mahalanobis_clipped,2026-03-18T05:10:36.278770+00:00
WMT,,,10-Q,2023-07-31,2023-09-01,https://www.sec.gov/Archives/edgar/data/104169/000010416923000097/wmt-20230731.htm,8.87,1.0377265173309693,,0.48081857690457497,0.48081857690457497,5,ocf_to_net_income,-0.9399,assets_growth_yoy,-0.6745,accrual_ratio,0.6745,robust_mcd,,,,,,,,,,-0.6744907594765952,0.0,,,-0.11520230018289068,0.6744907594765952,-0.9399090653867939,,-0.6744907594765952,0.0,,,-0.11520230018289068,0.6744907594765952,-0.9399090653867939,brick3_q_v2_robust_mahalanobis_clipped,2026-03-18T05:10:36.278770+00:00
NXPI,,,10-Q,2022-04-03,2022-05-03,https://www.sec.gov/Archives/edgar/data/1413447/000141344722000014/nxpi-20220403.htm,8.79,1.0263840611287294,,0.6744907594765953,0.6744907594765953,6,net_income_growth_yoy,0.6745,assets_growth_yoy,0.6745,equity_to_assets,0.6745,robust_mcd,,,,,,,,,,0.6744907594765952,0.6744907594765953,,-0.6744907594765951,0.6744907594765952,0.6744907594765952,-0.6744907594765951,,0.6744907594765952,0.6744907594765953,,-0.6744907594765951,0.6744907594765952,0.6744907594765952,-0.6744907594765951,brick3_q_v2_robust_mahalanobis_clipped,2026-03-18T05:10:36.278770+00:00
WDC,,,10-Q,2022-12-30,2023-02-03,https://www.sec.gov/Archives/edgar/data/106040/000010604023000010/wdc-20221230.htm,8.71,1.0225935078030333,0.841133576733659,0.6744907594765953,0.6512157851158747,6,equity_to_assets,0.9635,debt_to_assets,-0.9394,net_income_growth_yoy,-0.6745,robust_mcd,,,,,-1.1159951067040386,1.1562004590649746,0.2804416978861484,-0.8118970432794745,,0.6744907594765951,-0.6744907594765953,,-0.6744907594765952,0.6744907594765952,0.6744907594765953,0.6744907594765952,,0.6744907594765951,-0.6744907594765953,,-0.9393933678130613,0.9635165792296227,0.4380613225223272,-0.21734192217704662,brick3_q_v2_robust_mahalanobis_clipped,2026-03-18T05:10:36.278770+00:00
LIN,,,10-Q,2021-03-31,2021-05-06,https://www.sec.gov/Archives/edgar/data/1707925/000162828021009226/lin-20210331.htm,8.64,1.0119570041514852,,0.6394736470281759,0.6394736470281759,6,equity_to_assets,0.9818,net_income_growth_yoy,0.8969,assets_growth_yoy,-0.6939,robust_mcd,,,,,,,,,,-0.6938595471279312,0.8968591219128972,,-0.6037924964021447,0.9818201700299204,-0.007367729691750035,0.6531428170044119,,-0.6938595471279312,0.8968591219128972,,-0.6037924964021447,0.9818201700299204,-0.007367729691750035,0.6531428170044119,brick3_q_v2_robust_mahalanobis_clipped,2026-03-18T05:10:36.278770+00:00
FTNT,,,10-Q,2024-06-30,2024-08-08,https://www.sec.gov/Archives/edgar/data/1262039/000126203924000037/ftnt-20240630.htm,8.56,1.0079813258712444,0.38918763886692775,1.1087652402974315,0.5376603259541658,6,net_income_growth_yoy,0.8798,accrual_ratio,-0.846,equity_to_assets,-0.5167,robust_mcd,,-0.536279339778016,0.8239521163220217,,-0.09772791886711941,0.11104770510659188,0.09217751712219584,-0.6739412360056217,,-0.030816656097707333,0.9636942303219884,,1.3527095542284877,-1.4583158495093658,-2.2532972121336745,0.5937579394933654,,-0.3340942663058925,0.8798489619220085,,0.4824470703711235,-0.5166977167397913,-0.8460123745801524,-0.16686156580602687,brick3_q_v2_robust_mahalanobis_clipped,2026-03-18T05:10:36.278770+00:00
FTNT,,,10-Q,2025-06-30,2025-08-08,https://www.sec.gov/Archives/edgar/data/1262039/000126203925000028/ftnt-20250630.htm,8.48,0.9979802818013701,0.9163152908306745,1.2154510782732495,0.652079729965728,6,assets_growth_yoy,1.2508,net_income_growth_yoy,-0.6823,debt_to_assets,-0.6187,robust_mcd,,0.3935341648883428,-1.1994806312143407,,-1.6758118776560227,1.6329411027691356,0.35034415933280066,-0.2457798091234044,,2.536765963216105,0.09355193268076527,,0.9668457355762915,-0.9245904478734582,-1.9892133403818,0.7817390499110769,,1.2508268842194477,-0.6822676056562983,,-0.618748832363097,0.6099284825120981,-0.5854788405530397,0.16522773449038816,brick3_q_v2_robust_mahalanobis_clipped,2026-03-18T05:10:36.278770+00:00
CTAS,,,10-Q,2024-11-30,2025-01-08,https://www.sec.gov/Archives/edgar/data/723254/000072325425000003/ctas-20241130.htm,8.4,0.9943165001502213,0.5296320545728759,0.6744907594765952,0.6022042120161302,5,net_income_growth_yoy,0.9868,assets_growth_yoy,0.8621,equity_to_assets,0.5403,robust_mcd,,0.9872095037299351,0.9868067880844351,,,0.45083307739750195,-0.1801583752905882,0.04315252836191903,,0.6744907594765952,,,,0.6744907594765952,-0.6744907594765958,-0.6744907594765952,,0.862122006028599,0.9868067880844351,,,0.5402961502291392,-0.3778913289649912,-0.24390478677348665,brick3_q_v2_robust_mahalanobis_clipped,2026-03-18T05:10:36.278770+00:00
CDNS,,,10-Q,2023-09-30,2023-10-23,https://www.sec.gov/Archives/edgar/data/813672/000081367223000068/cdns-20230930.htm,8.33,0.9772030409070125,0.35235907030606833,0.6465547694944638,0.37203101922938825,5,accrual_ratio,-1.1097,ocf_to_net_income,0.4023,equity_to_assets,-0.2733,robust_mcd,,0.0,0.0,,,-0.8638667668496904,-0.5498391623802965,0.3480894223003547,,0.1498947635377626,0.03727401466455113,,,0.6125395672002387,-1.9495073902867968,0.48355811178296926,,0.05995790541510504,0.014909605865820453,,,-0.27330423322971875,-1.1097064535428967,0.40227689809340056,brick3_q_v2_robust_mahalanobis_clipped,2026-03-18T05:10:36.278770+00:00
AMZN,,,10-Q,2022-09-30,2022-10-28,https://www.sec.gov/Archives/edgar/data/1018724/000101872422000023/amzn-20220930.htm,8.25,0.976682355010067,1.1590563144601291,0.44451896719964806,0.5727687815543486,5,ocf_to_net_income,1.5826,assets_growth_yoy,-0.817,equity_to_assets,0.2117,robust_mcd,,-1.8923013007544431,0.2853644223732262,,,0.47485721718323237,-0.7347847581953842,2.4079738737943597,,0.7959828462965967,-0.2908867706300265,,,-0.18297064096015467,0.6081134546231475,0.3446411234883148,,-0.8169876419340272,0.05486394517192508,,,0.21172607392587753,-0.19762547306797154,1.5826407736719417,brick3_q_v2_robust_mahalanobis_clipped,2026-03-18T05:10:36.278770+00:00
MSFT,,,10-Q,2021-12-31,2022-01-25,https://www.sec.gov/Archives/edgar/data/789019/000156459022002324/msft-10q_20211231.htm,8.17,0.971307193617351,,0.46385132741989016,0.46385132741989016,6,ocf_to_net_income,-1.084,accrual_ratio,0.7431,equity_to_assets,0.3899,robust_mcd,,,,,,,,,,0.3522843979137339,-0.164998917809957,,-0.0487364174569403,0.3899447021648864,0.7431341281888665,-1.084009400984957,,0.3522843979137339,-0.164998917809957,,-0.0487364174569403,0.3899447021648864,0.7431341281888665,-1.084009400984957,brick3_q_v2_robust_mahalanobis_clipped,2026-03-18T05:10:36.278770+00:00
GEHC,,,10-Q,2023-03-31,2023-04-25,https://www.sec.gov/Archives/edgar/data/1932393/000193239323000087/gehc-20230331.htm,8.1,0.9625760414422075,,0.5102655042490514,0.5102655042490514,6,assets_growth_yoy,0.8819,debt_to_assets,0.7238,equity_to_assets,-0.6087,robust_mcd,,,,,,,,,,0.8819430103235454,-0.35302046508129376,,0.7238312485853124,-0.6086581208785167,0.4382471681399135,-0.055893012485726576,,0.8819430103235454,-0.35302046508129376,,0.7238312485853124,-0.6086581208785167,0.4382471681399135,-0.055893012485726576,brick3_q_v2_robust_mahalanobis_clipped,2026-03-18T05:10:36.278770+00:00
ZS,,,10-Q,2021-10-31,2021-12-08,https://www.sec.gov/Archives/edgar/data/1713683/000171368321000238/zs-20211031.htm,8.02,0.9610673697324602,,0.5668103503176775,0.5668103503176775,6,net_income_growth_yoy,-1.044,debt_to_assets,0.691,assets_growth_yoy,-0.6576,robust_mcd,,,,,,,,,,-0.6575922850713637,-1.0439778092778809,,0.6910477170748349,-0.4133821911929179,-0.2163031328836447,-0.3785589664054229,,-0.6575922850713637,-1.0439778092778809,,0.6910477170748349,-0.4133821911929179,-0.2163031328836447,-0.3785589664054229,brick3_q_v2_robust_mahalanobis_clipped,2026-03-18T05:10:36.278770+00:00
AAPL,,,10-Q,2025-06-28,2025-08-01,https://www.sec.gov/Archives/edgar/data/320193/000032019325000073/aapl-20250628.htm,7.94,0.9601164259882383,0.5168181918506245,0.8617013803189423,0.4433181697125643,6,accrual_ratio,-0.9296,assets_growth_yoy,0.7882,ocf_to_net_income,0.5409,robust_mcd,,0.9777731765319959,0.31924843248461604,,-0.4032472079700211,0.40324720797002356,-0.5583188245856523,0.43907430156143773,,0.5039234255986431,-0.376158107530337,,0.6744907594765951,-1.435435857518349,-1.4866290829977917,0.6935710487919372,,0.7882332761586548,0.041085816478634796,,0.0278479790086254,-0.3322260182253255,-0.9296429279505081,0.5408730004536375,brick3_q_v2_robust_mahalanobis_clipped,2026-03-18T05:10:36.278770+00:00
INSM,,,10-Q,2024-06-30,2024-08-08,https://www.sec.gov/Archives/edgar/data/1104506/000110450624000026/insm-20240630.htm,7.86,0.9576781570290027,0.49180464712128397,1.1601475122012121,0.5478601371243227,6,ocf_to_net_income,-0.7671,accrual_ratio,-0.7229,equity_to_assets,-0.5687,robust_mcd,,-0.16606756018622332,0.13094563154686,,-0.060272167116069204,0.06027216711606921,-1.8436601006228202,-0.6896102561396613,,1.5469002003220549,-0.6622307265282583,,1.3981463827583351,-1.5120762084505581,0.9582761312691602,-0.8832554238789057,,0.519119544017088,-0.18632491168318732,,0.5230952528336925,-0.5686671831105817,-0.722885607866028,-0.767068323235359,brick3_q_v2_robust_mahalanobis_clipped,2026-03-18T05:10:36.278770+00:00
ROP,,,10-Q,2025-03-31,2025-05-02,https://www.sec.gov/Archives/edgar/data/882835/000088283525000020/rop-20250331.htm,7.79,0.9574907158307802,0.7753654498674026,0.38385577731560594,0.5809144656736208,6,net_income_growth_yoy,-0.9098,equity_to_assets,0.7148,debt_to_assets,-0.6565,robust_mcd,,-0.8205258194329221,-1.2491709659636128,,-0.7407099230204511,0.740709923020452,0.6019921300906625,-0.4990839376763147,,-0.19946992783960082,-0.4008124383657762,,-0.5300614345581689,0.67583133907301,0.21310616025910617,0.2838533637979736,,-0.5721034627955935,-0.9098275549244782,,-0.6564505276355382,0.7147584894414751,0.44643774215804,-0.1859090170865994,brick3_q_v2_robust_mahalanobis_clipped,2026-03-18T05:10:36.278770+00:00
DXCM,,,10-Q,2021-06-30,2021-07-29,https://www.sec.gov/Archives/edgar/data/1093557/000109355721000191/dxcm-20210630.htm,7.71,0.9565806933685582,,0.44919036522777045,0.44919036522777045,6,assets_growth_yoy,1.1069,accrual_ratio,0.7171,ocf_to_net_income,-0.4124,robust_mcd,,,,,,,,,,1.1068756695920134,0.37820026928353645,,0.08052775173902228,0.0,0.7171447603350778,-0.41239374041697296,,1.1068756695920134,0.37820026928353645,,0.08052775173902228,0.0,0.7171447603350778,-0.41239374041697296,brick3_q_v2_robust_mahalanobis_clipped,2026-03-18T05:10:36.278770+00:00
CSX,,,10-Q,2024-06-30,2024-08-05,https://www.sec.gov/Archives/edgar/data/277948/000027794824000047/csx-20240630.htm,7.63,0.9503090195527111,0.5428425696469675,0.22361926191421802,0.34363341584002777,5,assets_growth_yoy,0.704,debt_to_assets,0.5912,net_income_growth_yoy,-0.2898,robust_mcd,,1.4363628537622866,-0.38381420975322317,,0.6370512042378058,,0.10179023108465628,0.15519434939686627,,-0.3944693937931115,-0.14873203465730592,,0.5223653329522844,,-0.052529548168388306,0.0,,0.7040299547401273,-0.28978133971485626,,0.5911768557235972,,0.04006231938343845,0.09311660963811975,brick3_q_v2_robust_mahalanobis_clipped,2026-03-18T05:10:36.278770+00:00
LIN,,,10-Q,2023-09-30,2023-10-26,https://www.sec.gov/Archives/edgar/data/1707925/000162828023035251/lin-20230930.htm,7.56,0.947300055407165,0.9400617081835199,0.2605175301990359,0.555358447523357,6,assets_growth_yoy,1.1987,accrual_ratio,-0.6444,debt_to_assets,0.5481,robust_mcd,,2.2168284800958697,-0.316115967081904,,1.0191700464103821,-0.9650290380645354,-0.9086348554343304,0.21459186201409786,,-0.3284714146302588,0.042241792612834735,,-0.15862815726872204,0.3173005564859544,-0.2479587034229652,0.46850455677348035,,1.1987085222054183,-0.17277286320400848,,0.5480507649387404,-0.4520972002443395,-0.6443643946297843,0.3161569399178509,brick3_q_v2_robust_mahalanobis_clipped,2026-03-18T05:10:36.278770+00:00
VRTX,,,10-Q,2023-09-30,2023-11-07,https://www.sec.gov/Archives/edgar/data/875320/000087532023000031/vrtx-20230930.htm,7.48,0.9444775634164999,0.396059582828966,0.8840283467143703,0.5681226141409053,6,accrual_ratio,-1.0831,assets_growth_yoy,0.7988,ocf_to_net_income,0.6125,robust_mcd,,0.1203977113627347,0.009739955391526067,,0.04995555477359648,-0.049990068376939575,-1.1194272338639557,1.0268469732050434,,1.8164622886223984,-0.15160351751175027,,-0.9360983139754253,1.3624325591395934,-1.0286682120334787,-0.008905189003575033,,0.7988235422666002,-0.05479743376978447,,-0.34446599272601225,0.5149789826296736,-1.0831236251317649,0.6125461083215961,brick3_q_v2_robust_mahalanobis_clipped,2026-03-18T05:10:36.278770+00:00
PYPL,,,10-Q,2023-09-30,2023-11-02,https://www.sec.gov/Archives/edgar/data/1633917/000163391723000156/pypl-20230930.htm,7.4,0.9407589559938476,0.4535589895986661,0.6055879018987728,0.4025958486686552,8,debt_to_assets,0.7339,equity_to_assets,-0.7273,assets_growth_yoy,-0.6306,robust_mcd,-0.3975706743514828,-0.5663440937919519,-0.4634404275015403,-0.4229634985978763,0.7769397892198096,-0.7769397892198073,0.06968076204737844,0.15459288205948193,0.3720791646604985,-0.7271030679476876,-0.7255931769051371,0.5137785707508138,0.6692430251928598,-0.6528081746382364,0.7016987491050218,-0.4823992859899269,-0.08971073874669025,-0.6306476834542463,-0.568301527262979,-0.04826667085840025,0.7338610836090296,-0.7272871433871789,0.3224879568704358,-0.1002039851602816,brick3_q_v2_robust_mahalanobis_clipped,2026-03-18T05:10:36.278770+00:00
LIN,,,10-Q,2025-09-30,2025-10-31,https://www.sec.gov/Archives/edgar/data/1707925/000162828025047710/lin-20250930.htm,7.32,0.9391166985531412,0.9869980065208716,0.25229517358101056,0.6349899520193212,6,debt_to_assets,1.0271,equity_to_assets,-1.0157,accrual_ratio,-0.5912,robust_mcd,,0.7998391345810932,0.12142396679632075,,1.7214193370393107,-1.6859063030823385,-0.933304507419498,0.6600947902066686,,-0.4216067730850374,0.5281444594891257,,-0.014345136857007073,-0.010427410096035757,-0.07798271508430188,0.4612645468745554,,0.31126077151464093,0.28411216387344274,,1.0271135474807835,-1.0157147458878173,-0.5911757904854195,0.5805626928738233,brick3_q_v2_robust_mahalanobis_clipped,2026-03-18T05:10:36.278770+00:00
SBUX,,,10-Q,2022-04-03,2022-05-03,https://www.sec.gov/Archives/edgar/data/829224/000082922422000030/sbux-20220403.htm,7.25,0.9372373562617679,,0.6744907594765953,0.6744907594765953,6,debt_to_assets,0.6745,ocf_to_net_income,0.6745,accrual_ratio,-0.6745,robust_mcd,,,,,,,,,,-0.6744907594765952,-0.6744907594765952,,0.6744907594765954,-0.6744907594765952,-0.6744907594765953,0.6744907594765954,,-0.6744907594765952,-0.6744907594765952,,0.6744907594765954,-0.6744907594765952,-0.6744907594765953,0.6744907594765954,brick3_q_v2_robust_mahalanobis_clipped,2026-03-18T05:10:36.278770+00:00
CSX,,,10-Q,2025-06-30,2025-07-23,https://www.sec.gov/Archives/edgar/data/277948/000027794825000044/csx-20250630.htm,7.17,0.9333280490139049,0.39604209636067444,0.4897858545176459,0.41970169987986716,5,net_income_growth_yoy,-0.7349,assets_growth_yoy,-0.5988,debt_to_assets,0.5284,robust_mcd,,-0.5042537578546104,-0.674238624749315,,0.45928790376606426,,0.20217167459109514,0.14025852084228765,,-0.7405268699790201,-0.8260102768150188,,0.6320067088267142,,-0.08648687339747384,0.16389854357000233,,-0.5987630027043742,-0.7349472855755965,,0.5283754257903243,,0.08670825539566754,0.14971452993337353,brick3_q_v2_robust_mahalanobis_clipped,2026-03-18T05:10:36.278770+00:00
MSFT,,,10-Q,2023-03-31,2023-04-25,https://www.sec.gov/Archives/edgar/data/789019/000095017023014423/msft-20230331.htm,7.09,0.9287370373081034,0.7413953250604304,0.25886769693287914,0.5483842738094098,6,equity_to_assets,1.3302,debt_to_assets,-1.2478,accrual_ratio,-0.2692,robust_mcd,,0.16665264567504567,-0.1294794669881459,,-1.8761713163520546,1.8761713163520557,-0.1620652023944139,0.23783200260086618,,0.2652750009891463,-0.0008574961516215477,,-0.30530868995802724,0.5113343803328432,-0.4298557853611411,0.04057482880449548,,0.20610158780068594,-0.07803067865353616,,-1.2478262657944434,1.3302365419443705,-0.2691814355811048,0.1589291330823179,brick3_q_v2_robust_mahalanobis_clipped,2026-03-18T05:10:36.278770+00:00
NXPI,,,10-Q,2023-10-01,2023-11-07,https://www.sec.gov/Archives/edgar/data/1413447/000141344723000107/nxpi-20231001.htm,7.02,0.924354114024238,0.6122688054930597,,0.6122688054930597,6,accrual_ratio,-0.8878,assets_growth_yoy,-0.6745,net_income_growth_yoy,-0.6745,robust_mcd,,-0.6744907594765952,-0.6744907594765952,,-0.5038058467743655,0.47204487457911504,-0.8878425073049117,0.46093808534677616,,,,,,,,,,-0.6744907594765952,-0.6744907594765952,,-0.5038058467743655,0.47204487457911504,-0.8878425073049117,0.46093808534677616,brick3_q_v2_robust_mahalanobis_clipped,2026-03-18T05:10:36.278770+00:00
FTNT,,,10-Q,2025-03-31,2025-05-08,https://www.sec.gov/Archives/edgar/data/1262039/000126203925000017/ftnt-20250331.htm,6.94,0.9218747907911,1.1297878055635382,1.2668955185685256,0.632519454448356,6,assets_growth_yoy,1.2932,equity_to_assets,0.6853,debt_to_assets,-0.6552,robust_mcd,,0.5164285753882484,0.49437205955667146,,-1.679741612905789,1.695090281084997,1.1021945196877545,-1.2908997847577703,,2.4584701573818344,0.6733091853729375,,0.8814950813278077,-0.8293793332718419,-1.9820497758091828,0.7766695782475478,,1.293245208185683,0.5659469098831779,,-0.6552469352123502,0.6853024353422614,-0.13150319851102044,-0.463872039555643,brick3_q_v2_robust_mahalanobis_clipped,2026-03-18T05:10:36.278770+00:00
TXN,,,10-Q,2024-09-30,2024-10-23,https://www.sec.gov/Archives/edgar/data/97476/000009747624000042/txn-20240930.htm,6.86,0.9117886890599496,1.007730035215544,0.38691629419293294,0.6710640412861194,6,net_income_growth_yoy,-0.8387,ocf_to_net_income,0.7897,accrual_ratio,-0.7012,robust_mcd,,-0.9078501795155696,-0.8189131579817631,,1.1656714060999873,-1.1656714060999906,-0.6417224744467632,1.3465515871491907,,0.32542983588025753,-0.868466994259513,,-0.08259478361013757,0.20894764112960085,-0.790477039495233,-0.04558147078285596,,-0.41453817335723864,-0.838734692492863,,0.6663649302159373,-0.615823787208154,-0.7012243004661511,0.789698363976372,brick3_q_v2_robust_mahalanobis_clipped,2026-03-18T05:10:36.278770+00:00
MCHP,,,10-Q,2022-06-30,2022-08-02,https://www.sec.gov/Archives/edgar/data/827054/000082705422000148/mchp-20220630.htm,6.78,0.909405989601655,,0.46953822894618213,0.46953822894618213,5,net_income_growth_yoy,1.3753,assets_growth_yoy,-0.4767,accrual_ratio,0.4717,robust_mcd,,,,,,,,,,-0.4766712752190792,1.3753247668552293,,,0.0,0.4716772040397282,-0.024017898616873836,,-0.4766712752190792,1.3753247668552293,,,0.0,0.4716772040397282,-0.024017898616873836,brick3_q_v2_robust_mahalanobis_clipped,2026-03-18T05:10:36.278770+00:00
LIN,,,10-Q,2023-03-31,2023-04-27,https://www.sec.gov/Archives/edgar/data/1707925/000162828023013457/lin-20230331.htm,6.71,0.9082007797933032,0.7631073072532168,0.41015799092973976,0.4846604080564627,6,accrual_ratio,0.7075,ocf_to_net_income,-0.6979,debt_to_assets,0.5807,robust_mcd,,0.018358744703467312,-0.1530485035408741,,1.1771102886823608,-1.1317365689546341,0.9719807038616014,-1.1264090337763624,,-0.8181586627954798,0.5042868328472683,,-0.3139051345583342,0.4584877880803778,0.31085151022585944,-0.05525801707111879,,-0.31624821829611155,0.10988563101438285,,0.5807041193860827,-0.4956468261406294,0.7075290264073045,-0.697948627094265,brick3_q_v2_robust_mahalanobis_clipped,2026-03-18T05:10:36.278770+00:00
CMCSA,,,10-Q,2024-06-30,2024-07-23,https://www.sec.gov/Archives/edgar/data/1166691/000116669124000048/cmcsa-20240630.htm,6.63,0.9049113051515325,0.3435823159108896,0.4448934638845257,0.3465044573910043,5,net_income_growth_yoy,-0.5805,equity_to_assets,-0.4832,ocf_to_net_income,0.399,robust_mcd,,0.030185213203694744,-0.7792130533594602,,,-0.5357298505080927,0.15739585515932908,0.21538760732387138,,-0.6734405984217294,-0.2823385125419956,,,-0.404460783104477,-0.18973666587783145,0.6744907594765952,,-0.2512651114464749,-0.5804632370324744,,,-0.48322222354664646,0.018542846744464866,0.39902886818496086,brick3_q_v2_robust_mahalanobis_clipped,2026-03-18T05:10:36.278770+00:00
XEL,,,10-Q,2024-03-31,2024-04-25,https://www.sec.gov/Archives/edgar/data/72903/000007290324000096/xel-20240331.htm,6.55,0.8835307240823597,0.9824340375782983,0.4104790762515174,0.5743325946346447,5,assets_growth_yoy,1.1983,net_income_growth_yoy,1.0982,accrual_ratio,0.3049,robust_mcd,,2.1346742837915484,1.7340406067873184,,,0.12084416152523696,0.43376664909751056,-0.48884448668987734,,-0.2062136427582116,0.14437799624864453,,,-0.427796965424566,0.11153467484670447,1.1624721019794606,,1.1983191131716444,1.0981755625718488,,,-0.09861228925468425,0.3048738593971881,0.17168214877785787,brick3_q_v2_robust_mahalanobis_clipped,2026-03-18T05:10:36.278770+00:00
EA,,,10-Q,2024-09-30,2024-11-01,https://www.sec.gov/Archives/edgar/data/712515/000071251524000048/ea-20240930.htm,6.48,0.8730709162376238,0.4683639198116145,0.6194977261315024,0.3020458661354346,8,net_income_growth_yoy,-1.2327,assets_growth_yoy,-0.4469,debt_to_assets,0.1875,robust_mcd,0.01851725855306575,-0.16675441486575215,-1.3595950894069337,-0.419696134620123,0.5269389071829634,-0.5269389071829621,-0.3992029191174729,0.3292677275636434,-0.06123180045148956,-0.8671743248070796,-1.042404606315038,0.34397766310882927,-0.32167814171438797,0.48157809936686086,0.9389891057523975,-0.8989480675359371,-0.013382365048756376,-0.44692237884228314,-1.2327188961701754,-0.11422661552854207,0.18749208762402286,-0.12353210456303293,0.13607389083047525,-0.16201859047618886,brick3_q_v2_robust_mahalanobis_clipped,2026-03-18T05:10:36.278770+00:00
WDC,,,10-Q,2024-12-27,2025-01-31,https://www.sec.gov/Archives/edgar/data/106040/000010604025000008/wdc-20241227.htm,6.4,0.8636414287171482,0.6438095518080212,0.6744907594765951,0.5142430361982103,6,debt_to_assets,-0.8829,equity_to_assets,0.8094,accrual_ratio,0.5117,robust_mcd,,1.18793919243338,0.2595344870684721,,-1.0218490317334086,0.8993148638062298,0.4031046721508149,-0.09111506365582238,,-0.674490759476595,-0.6744907594765952,,-0.6744907594765951,0.6744907594765953,0.6744907594765952,-0.6744907594765952,,0.4429672116693899,-0.11407561154955481,,-0.8829057228306831,0.809385222074376,0.5116591070811269,-0.3244653419841315,brick3_q_v2_robust_mahalanobis_clipped,2026-03-18T05:10:36.278770+00:00
WDAY,,,10-Q,2025-07-31,2025-08-22,https://www.sec.gov/Archives/edgar/data/1327811/000132781125000184/wday-20250731.htm,6.32,0.8628775577385911,0.7103431911973473,0.4915177651842921,0.6228130207921252,6,accrual_ratio,-0.862,ocf_to_net_income,0.8247,equity_to_assets,0.7413,robust_mcd,,-0.8459795516097754,0.011112696692877322,,-0.7860731110939445,0.7857907855349727,-1.4366870343106408,0.39641596794187356,,0.0,0.807550216738242,,0.0,0.6744907594765952,0.0,1.4670656148909151,,-0.5075877309658653,0.3296877047110232,,-0.4716438666563667,0.7412707751116216,-0.8620122205863845,0.8246758267214902,brick3_q_v2_robust_mahalanobis_clipped,2026-03-18T05:10:36.278770+00:00
KDP,,,10-Q,2024-09-30,2024-10-24,https://www.sec.gov/Archives/edgar/data/1418135/000141813524000090/kdp-20240930.htm,6.25,0.8557981986739874,0.854080644291144,0.38552223862791757,0.44395232156655223,6,debt_to_assets,1.1255,equity_to_assets,-1.0693,assets_growth_yoy,-0.1554,robust_mcd,,0.19180316618741391,-0.00804442273122946,,1.8984788843095552,-1.8845239824979951,-0.7161511121810726,0.4254822978395969,,-0.676198523358575,0.266419088342137,,-0.03400542246102768,0.15354043963897523,0.7263533327160475,-0.456616625250743,,-0.15539750963098167,0.10174098169811714,,1.1254851616013222,-1.069298213643207,-0.13914933422222459,0.07264272860346091,brick3_q_v2_robust_mahalanobis_clipped,2026-03-18T05:10:36.278770+00:00
CTAS,,,10-Q,2023-11-30,2024-01-08,https://www.sec.gov/Archives/edgar/data/723254/000072325424000005/ctas-20231130.htm,6.17,0.8439466327407099,0.6152536619836504,0.4046944556859563,0.5131128958874778,5,net_income_growth_yoy,1.1637,equity_to_assets,0.5514,assets_growth_yoy,0.3557,robust_mcd,,0.5927523436305924,1.4899165329507678,,,0.9189449184323297,-0.06610299354352173,-0.008551521361040135,,0.0,0.6744907594765953,,,0.0,0.6744907594765907,0.6744907594765952,,0.3556514061783554,1.1637462235610987,,,0.5513669510593978,0.23013450766452326,0.264665390974014,brick3_q_v2_robust_mahalanobis_clipped,2026-03-18T05:10:36.278770+00:00
GILD,,,10-Q,2025-06-30,2025-08-07,https://www.sec.gov/Archives/edgar/data/882095/000088209525000032/gild-20250630.htm,6.09,0.8407185788907514,0.7584306862847469,0.4224351128121608,0.4941342704603162,5,ocf_to_net_income,-1.0445,accrual_ratio,0.7136,equity_to_assets,0.2891,robust_mcd,,0.7096772994728062,0.124419387868211,,,0.7179329521760656,0.9489647192371287,-1.291159072669523,,-0.45760294314274635,0.26518939761564797,,,-0.3542607220784801,0.3606317417473341,-0.6744907594765952,,0.24276520242658517,0.18072739176718577,,,0.2890554824742473,0.7136315282412109,-1.0444917473923518,brick3_q_v2_robust_mahalanobis_clipped,2026-03-18T05:10:36.278770+00:00
CSX,,,10-Q,2021-09-30,2021-10-21,https://www.sec.gov/Archives/edgar/data/277948/000027794821000050/csx-20210930.htm,6.01,0.8399620883041051,,0.4347596331184608,0.4347596331184608,5,assets_growth_yoy,-0.5698,debt_to_assets,0.5373,accrual_ratio,-0.4713,robust_mcd,,,,,,,,,,-0.5697980066585513,0.13380285857337051,,0.537348204601486,,-0.4713124541865925,0.46153664157230356,,-0.5697980066585513,0.13380285857337051,,0.537348204601486,,-0.4713124541865925,0.46153664157230356,brick3_q_v2_robust_mahalanobis_clipped,2026-03-18T05:10:36.278770+00:00
KDP,,,10-Q,2025-09-30,2025-10-28,https://www.sec.gov/Archives/edgar/data/1418135/000141813525000125/kdp-20250930.htm,5.94,0.8290547863060967,0.9291707675443176,0.3382986012936316,0.46423769719275515,6,debt_to_assets,0.9599,equity_to_assets,-0.9443,assets_growth_yoy,0.6525,robust_mcd,,1.4087678671389665,-0.1708600542605779,,1.603383246744991,-1.602564781257485,-0.4848110905220672,0.3046375653418181,,-0.4818805895886584,0.0,,-0.0052947216400573965,0.04303323386011651,0.8686261265009444,-0.6309569361720129,,0.6525084844479164,-0.10251603255634674,,0.9599120593909717,-0.9443255752104445,0.056563796287137424,-0.06960023526371431,brick3_q_v2_robust_mahalanobis_clipped,2026-03-18T05:10:36.278770+00:00
CMCSA,,,10-Q,2024-09-30,2024-10-31,https://www.sec.gov/Archives/edgar/data/1166691/000116669124000056/cmcsa-20240930.htm,5.86,0.8265880462553464,0.7295754815823047,0.5370842299554148,0.5693419420404532,5,ocf_to_net_income,1.1387,net_income_growth_yoy,-0.6664,accrual_ratio,-0.4707,robust_mcd,,0.7570835258875394,-0.7245515793884977,,,-0.2664032450063405,-0.6155496337845895,1.2842894238445564,,-0.5202314930693471,-0.5791901816519681,,,-0.41236026288121974,-0.2533234716965455,0.9203157404779936,,0.24615751830478472,-0.6664070202938859,,,-0.3247860521562922,-0.4706591689493719,1.1386999504979312,brick3_q_v2_robust_mahalanobis_clipped,2026-03-18T05:10:36.278770+00:00
TXN,,,10-Q,2023-09-30,2023-10-25,https://www.sec.gov/Archives/edgar/data/97476/000009747623000041/txn-20230930.htm,5.78,0.8073854523160501,0.6979230730593217,0.5731693845989626,0.5334615971007409,6,net_income_growth_yoy,-1.2779,accrual_ratio,-0.6182,ocf_to_net_income,0.6099,robust_mcd,,0.2775830596986535,-1.6213900970688029,,0.26695815892637237,-0.26695815892637287,-0.5565430499667722,1.1981059137689565,,1.0858596422680513,-0.7625435646594139,,-0.1862908278220715,0.42117318225800515,-0.710677152489586,-0.27247193809664805,,0.6008936927264126,-1.2778514841050472,,0.08565856422699482,0.008294377547378357,-0.6181966909758977,0.6098747730227146,brick3_q_v2_robust_mahalanobis_clipped,2026-03-18T05:10:36.278770+00:00
CTAS,,,10-Q,2024-08-31,2024-10-04,https://www.sec.gov/Archives/edgar/data/723254/000072325424000053/ctas-20240831.htm,5.71,0.7994811741648523,0.4447235793571812,0.674490759476595,0.5405151653693995,5,net_income_growth_yoy,0.8504,accrual_ratio,0.6192,ocf_to_net_income,-0.6115,robust_mcd,,-0.04245965882385547,0.850428660503821,,,0.17895850741503372,0.5823385238663745,-0.5694325461768212,,0.6744907594765952,,,,0.6744907594765948,0.6744907594765952,-0.6744907594765946,,0.24432050849632478,0.850428660503821,,,0.3771714082396581,0.6191994181104628,-0.6114558314967306,brick3_q_v2_robust_mahalanobis_clipped,2026-03-18T05:10:36.278770+00:00
AVGO,,,10-Q,2023-01-29,2023-03-08,https://www.sec.gov/Archives/edgar/data/1730168/000173016823000008/avgo-20230129.htm,5.63,0.7900781873929038,0.6713299721992143,0.6744907594765953,0.45789512749751343,5,net_income_growth_yoy,0.6745,ocf_to_net_income,-0.6745,accrual_ratio,0.6745,robust_mcd,,0.647624731225336,,,-0.6950352131730927,,,,,-0.6744907594765952,0.6744907594765954,,0.6744907594765952,,0.6744907594765951,-0.6744907594765952,,0.11877853494456353,0.6744907594765954,,-0.14722482411321752,,0.6744907594765951,-0.6744907594765952,brick3_q_v2_robust_mahalanobis_clipped,2026-03-18T05:10:36.278770+00:00
STX,,,10-Q,2025-10-03,2025-10-31,https://www.sec.gov/Archives/edgar/data/1137789/000113778925000317/stx-20251003.htm,5.55,0.7739081606801858,0.49083894673359074,0.6744907594765951,0.29844546732294636,6,accrual_ratio,0.7088,net_income_growth_yoy,-0.51,assets_growth_yoy,0.2902,robust_mcd,,0.03406118508125469,-0.40042033676042776,,-0.38363993399734303,0.38363993399734236,1.6309416423383611,-0.11233064822681543,,0.6744907594765952,-0.674490759476595,,0.6744907594765952,-0.6744907594765951,-0.6744907594765952,0.6744907594765952,,0.2902330148393909,-0.5100485058468947,,0.03961234339223227,-0.03961234339223266,0.7087686816123786,0.20239791485454883,brick3_q_v2_robust_mahalanobis_clipped,2026-03-18T05:10:36.278770+00:00
DXCM,,,10-Q,2025-03-31,2025-05-01,https://www.sec.gov/Archives/edgar/data/1093557/000109355725000113/dxcm-20250331.htm,5.47,0.7610190402507897,0.7003817004491081,0.36865469982779536,0.4893203628730178,6,net_income_growth_yoy,-0.6899,equity_to_assets,-0.663,debt_to_assets,0.637,robust_mcd,,-0.6690756286134417,-0.7018257132580827,,0.8010225478485388,-0.900815942135813,0.5466606652726236,-0.5828897055661485,,-0.254899832743541,-0.6720881370056172,,0.3909130766601348,-0.3062481226007401,-0.12053856515552705,0.46724046480121223,,-0.5034053102654814,-0.6899306827570966,,0.6369787593731772,-0.6629888143217838,0.2797809731013633,-0.1628376374192042,brick3_q_v2_robust_mahalanobis_clipped,2026-03-18T05:10:36.278770+00:00
CTAS,,,10-Q,2022-11-30,2023-01-06,https://www.sec.gov/Archives/edgar/data/723254/000072325423000003/ctas-20221130.htm,5.4,0.7573696085896585,0.6394701842114368,0.6744907594765954,0.4774598265473797,5,assets_growth_yoy,1.3175,net_income_growth_yoy,0.9473,ocf_to_net_income,-0.0612,robust_mcd,,1.7461523316723586,0.9473306285860682,,,-0.40698966452038643,0.0357134067241157,-0.06116488955425457,,0.6744907594765951,,,,0.6744907594765959,,,,1.3174877027940533,0.9473306285860682,,,0.0256025050784065,0.0357134067241157,-0.06116488955425457,brick3_q_v2_robust_mahalanobis_clipped,2026-03-18T05:10:36.278770+00:00
ADI,,,10-Q,2023-07-29,2023-08-23,https://www.sec.gov/Archives/edgar/data/6281/000000628123000179/adi-20230729.htm,5.32,0.754216688838422,0.5482166864005038,0.4046944556859572,0.49080779411468517,5,ocf_to_net_income,1.2254,accrual_ratio,-0.8974,equity_to_assets,0.3313,robust_mcd,,0.0,0.0,,,0.10246320042138157,-1.0459803755710018,1.5926398560101358,,0.0,0.0,,,0.6744907594765952,-0.6744907594765952,0.6744907594765952,,0.0,0.0,,,0.331274224043467,-0.8973845291332392,1.2253802173967194,brick3_q_v2_robust_mahalanobis_clipped,2026-03-18T05:10:36.278770+00:00
GEHC,,,10-Q,2025-09-30,2025-10-29,https://www.sec.gov/Archives/edgar/data/1932393/000193239325000053/gehc-20250930.htm,5.24,0.7363061450479724,0.6255373694623535,0.7190818671908267,0.48725568950595144,6,equity_to_assets,0.6529,debt_to_assets,-0.6466,ocf_to_net_income,-0.6292,robust_mcd,,-0.09286969473134721,-0.32393164726813384,,-1.5313222596092102,1.5130631848868354,0.11775820040209398,-0.17427922987650082,,-0.165413889332975,-0.391004022983107,,0.6804569679856785,-0.6372891248727566,1.1287585307544046,-1.3115686672160383,,-0.12188737257199832,-0.35076059755412314,,-0.6466105685712547,0.6529222609829985,0.5221583325430182,-0.6291950048123158,brick3_q_v2_robust_mahalanobis_clipped,2026-03-18T05:10:36.278770+00:00
CSCO,,,10-Q,2022-04-30,2022-05-25,https://www.sec.gov/Archives/edgar/data/858877/000085887722000009/csco-20220430.htm,5.17,0.7337853816930309,0.8198993662252847,0.34758950142063383,0.5797703181317044,6,assets_growth_yoy,-0.7904,ocf_to_net_income,0.6583,accrual_ratio,-0.6466,robust_mcd,,,,,-0.8363531747968819,0.8363531747968754,-0.9790106073423631,0.6278805079650184,,-0.7904192991426825,-0.3373284115906882,,0.0,0.10596633357178968,-0.1478754963430212,0.7039474678756213,,-0.7904192991426825,-0.3373284115906882,,-0.5018119048781291,0.5441984383068411,-0.6465565629426263,0.6583072919292596,brick3_q_v2_robust_mahalanobis_clipped,2026-03-18T05:10:36.278770+00:00
ROP,,,10-Q,2021-03-31,2021-05-05,https://www.sec.gov/Archives/edgar/data/882835/000088283521000018/rop-20210331.htm,5.09,0.7320455858745154,,0.4039657058099843,0.4039657058099843,6,assets_growth_yoy,1.0879,equity_to_assets,0.5511,ocf_to_net_income,0.4645,robust_mcd,,,,,,,,,,1.0879074186153213,-0.0892324264895649,,-0.12862598803846678,0.5510871807017264,0.10239626046897607,0.4645449605458502,,1.0879074186153213,-0.0892324264895649,,-0.12862598803846678,0.5510871807017264,0.10239626046897607,0.4645449605458502,brick3_q_v2_robust_mahalanobis_clipped,2026-03-18T05:10:36.278770+00:00
ROP,,,10-Q,2021-09-30,2021-11-04,https://www.sec.gov/Archives/edgar/data/882835/000088283521000067/rop-20210930.htm,5.01,0.7101604731714487,,0.3999008819477217,0.3999008819477217,6,ocf_to_net_income,1.1005,assets_growth_yoy,-0.6837,equity_to_assets,0.4238,robust_mcd,,,,,,,,,,-0.6836916069727774,-0.05041940058653094,,-0.10720804198031444,0.42382205138789086,0.03377942784309855,1.1004847629157182,,-0.6836916069727774,-0.05041940058653094,,-0.10720804198031444,0.42382205138789086,0.03377942784309855,1.1004847629157182,brick3_q_v2_robust_mahalanobis_clipped,2026-03-18T05:10:36.278770+00:00
ADSK,,,10-Q,2024-10-31,2024-12-03,https://www.sec.gov/Archives/edgar/data/769397/000076939724000181/adsk-20241031.htm,4.93,0.706038848073125,0.4949357796716963,0.5150627433510498,0.2967431879029615,5,equity_to_assets,0.6171,assets_growth_yoy,-0.4037,net_income_growth_yoy,-0.3574,robust_mcd,,-0.23406661436274587,-0.2837723420876081,,,1.6163753134965102,-0.06891895154459408,-0.271545676867023,,-0.6581232039765744,-0.46796503669648765,,,-0.8817025924524418,-0.07129325058008186,0.4962296330496637,,-0.4036892502082773,-0.35744941993116,,,0.6171441511169293,-0.0698686711587892,0.0355644470996517,brick3_q_v2_robust_mahalanobis_clipped,2026-03-18T05:10:36.278770+00:00
BKR,,,10-Q,2024-06-30,2024-07-26,https://www.sec.gov/Archives/edgar/data/1701605/000170160524000111/bkr-20240630.htm,4.86,0.7007620201368144,0.5222213244247141,0.41362939857514214,0.2437232395109096,5,accrual_ratio,0.7873,equity_to_assets,0.175,ocf_to_net_income,0.0947,robust_mcd,,0.48581323554316447,-0.4679146639925092,,,0.29169206662622993,1.064157729438036,0.30152892652363084,,-0.5517551327109802,0.9288565845920774,,,0.0,0.37202918818504904,-0.21550608738760405,,0.07078588824150658,0.09079383544132552,,,0.17501523997573795,0.7873063129368412,0.09471492095913686,brick3_q_v2_robust_mahalanobis_clipped,2026-03-18T05:10:36.278770+00:00
TXN,,,10-Q,2021-03-31,2021-04-28,https://www.sec.gov/Archives/edgar/data/97476/000009747621000013/txn-20210331.htm,4.78,0.6989325146488843,,0.42880108568992825,0.42880108568992825,6,equity_to_assets,0.8608,net_income_growth_yoy,0.4751,accrual_ratio,0.4629,robust_mcd,,,,,,,,,,0.05026080637066433,0.4751151253060204,,-0.41800518105531004,0.8607841607340931,0.462913739888319,-0.3057275007851627,,0.05026080637066433,0.4751151253060204,,-0.41800518105531004,0.8607841607340931,0.462913739888319,-0.3057275007851627,brick3_q_v2_robust_mahalanobis_clipped,2026-03-18T05:10:36.278770+00:00
BKR,,,10-Q,2024-09-30,2024-10-23,https://www.sec.gov/Archives/edgar/data/1701605/000170160524000131/bkr-20240930.htm,4.7,0.6913842627192317,0.6409917905479479,0.42825971156532283,0.24792116128879113,5,equity_to_assets,0.6714,ocf_to_net_income,0.2442,assets_growth_yoy,0.1471,robust_mcd,,0.6389228588055291,-0.5918937334063308,,,1.1189657513433025,-0.30928284556836627,0.5458937636162109,,-0.5906877878484734,1.1042779225229433,,,0.0,0.23792049573610036,-0.20841235171909725,,0.1470786001439281,0.08657492896537888,,,0.6713794508059815,-0.09040150904657962,0.24417131748208765,brick3_q_v2_robust_mahalanobis_clipped,2026-03-18T05:10:36.278770+00:00
LIN,,,10-Q,2022-03-31,2022-05-02,https://www.sec.gov/Archives/edgar/data/1707925/000162828022011722/lin-20220331.htm,4.63,0.6892967328812417,,0.42998228430870733,0.42998228430870733,6,assets_growth_yoy,-0.8296,equity_to_assets,0.6804,ocf_to_net_income,0.6162,robust_mcd,,,,,,,,,,-0.8295557916578542,0.0,,-0.3746481700500949,0.680402520425266,0.07906366418434446,0.6162235595346843,,-0.8295557916578542,0.0,,-0.3746481700500949,0.680402520425266,0.07906366418434446,0.6162235595346843,brick3_q_v2_robust_mahalanobis_clipped,2026-03-18T05:10:36.278770+00:00
AEP,,,10-Q,2025-03-31,2025-05-06,https://www.sec.gov/Archives/edgar/data/4904/000000490425000061/aep-20250331.htm,4.55,0.6858869841090751,0.3057791767649671,0.3184264216146792,0.3052009376252917,4,equity_to_assets,-0.4313,debt_to_assets,0.4101,assets_growth_yoy,0.2634,robust_mcd,0.16586608858658244,0.45786145029552355,,,0.2602533542358769,-0.3391358139418854,,,0.04124405440308474,-0.028185685397801072,,,0.6348452063314132,-0.5694307403264178,,,0.11601727491318337,0.2634425960181937,,,0.41009009507409144,-0.4312537844956984,,,brick3_q_v2_robust_mahalanobis_clipped,2026-03-18T05:10:36.278770+00:00
ROST,,,10-Q,2023-10-28,2023-12-06,https://www.sec.gov/Archives/edgar/data/745732/000074573223000072/rost-20231028.htm,4.47,0.6785638701184429,0.6520353943579231,0.5395926075812761,0.49913975813100897,5,ocf_to_net_income,0.9926,accrual_ratio,-0.9104,equity_to_assets,0.323,robust_mcd,,0.0,0.0,,,0.9879111502197863,-1.0676458234881931,1.204619998081636,,0.6744907594765952,0.0,,,-0.6744907594765952,-0.6744907594765952,0.6744907594765952,,0.26979630379063807,0.0,,,0.3229503863412337,-0.9103837978835538,0.9925683026396195,brick3_q_v2_robust_mahalanobis_clipped,2026-03-18T05:10:36.278770+00:00
REGN,,,10-Q,2025-09-30,2025-10-28,https://www.sec.gov/Archives/edgar/data/872589/000087258925000028/regn-20250930.htm,4.39,0.6767856417227971,0.8213817118162311,0.4523530965346845,0.33217954011442613,6,assets_growth_yoy,-1.0653,accrual_ratio,-0.4354,ocf_to_net_income,0.2034,robust_mcd,,-1.703815799908593,0.11223649183925516,,0.9456585368522422,-0.9456585368522339,-0.7257253044709837,0.4951956009740784,,-0.10744261821190558,0.044745519077303876,,-1.1688913585653433,1.1586618687660153,0.0,-0.2343772145875387,,-1.065266527229918,0.08524010273447465,,0.09983857868520801,-0.1039303746049342,-0.43543518268259024,0.20336647474943154,brick3_q_v2_robust_mahalanobis_clipped,2026-03-18T05:10:36.278770+00:00
ROP,,,10-Q,2024-03-31,2024-05-03,https://www.sec.gov/Archives/edgar/data/882835/000088283524000018/rop-20240331.htm,4.32,0.6763473479611188,0.6438969361222954,0.3851449512471894,0.5252980989810418,6,net_income_growth_yoy,0.6313,equity_to_assets,0.618,accrual_ratio,0.5693,robust_mcd,,0.45537973616299743,0.7022266051092081,,-0.558984326866711,0.5589843268667105,0.7263051416691562,-0.8615014800589886,,0.09740677763412793,0.5249060820523384,,-0.5348686655812218,0.7066210489446663,0.3338318093366991,0.11323532393408285,,0.31219055275144963,0.6312983958864602,,-0.5493380623525153,0.6180390156978928,0.5693158087361734,-0.47160675846176,brick3_q_v2_robust_mahalanobis_clipped,2026-03-18T05:10:36.278770+00:00
CDNS,,,10-Q,2025-09-30,2025-10-29,https://www.sec.gov/Archives/edgar/data/813672/000081367225000148/cdns-20250930.htm,4.24,0.673070987545095,0.54357026857386,0.47295659352672664,0.46316977742300763,5,assets_growth_yoy,-0.6054,net_income_growth_yoy,0.5032,accrual_ratio,-0.4631,robust_mcd,,-0.7642087831043111,0.5666990821956243,,,-0.6867294936504257,-0.35345140055690244,0.34676258336203664,,-0.36710599699987795,0.4078523694789723,,,0.3259688820749939,-0.6274893303240894,0.6363663887556995,,-0.6053676686625378,0.5031603971089635,,,-0.28165014336025784,-0.46306657246377725,0.4626041055195018,brick3_q_v2_robust_mahalanobis_clipped,2026-03-18T05:10:36.278770+00:00
VRSK,,,10-Q,2021-06-30,2021-08-03,https://www.sec.gov/Archives/edgar/data/1442145/000143774921018343/vrsk20210630_10q.htm,4.16,0.6704704452507725,,0.3490565390786326,0.3490565390786326,6,net_income_growth_yoy,-0.729,accrual_ratio,0.4922,debt_to_assets,0.3932,robust_mcd,,,,,,,,,,-0.12404658586822137,-0.7290085393866733,,0.3932109151546721,-0.1503235569052216,0.4922400623290414,-0.2055095748279657,,-0.12404658586822137,-0.7290085393866733,,0.3932109151546721,-0.1503235569052216,0.4922400623290414,-0.2055095748279657,brick3_q_v2_robust_mahalanobis_clipped,2026-03-18T05:10:36.278770+00:00
ODFL,,,10-Q,2025-06-30,2025-08-06,https://www.sec.gov/Archives/edgar/data/878927/000095017025103916/odfl-20250630.htm,4.09,0.669545881165317,0.4200056909218019,0.8504148272768002,0.5477119833824595,6,net_income_growth_yoy,-0.8333,assets_growth_yoy,-0.6466,equity_to_assets,0.627,robust_mcd,,-0.7650952097933338,-0.7831141543277854,,-0.30591377856880314,0.30591377856880897,0.2222868104067085,0.1377104138653716,,-0.46876947128518115,-0.9085034980981181,,-1.043431304590818,1.1087476949311939,-1.3768805905208827,0.19615640423460717,,-0.6465649143900727,-0.8332698918359185,,-0.600920788977609,0.6270473451137629,-0.41738014996432804,0.16108881001306585,brick3_q_v2_robust_mahalanobis_clipped,2026-03-18T05:10:36.278770+00:00
CPRT,,,10-Q,2021-01-31,2021-02-24,https://www.sec.gov/Archives/edgar/data/900075/000090007521000007/cprt-20210131.htm,4.01,0.6627313302719675,,0.5309235638938591,0.5309235638938591,6,equity_to_assets,1.0376,debt_to_assets,-0.9551,net_income_growth_yoy,0.4854,robust_mcd,,,,,,,,,,0.0,0.48541282914709527,,-0.9551084496414676,1.0376403718435943,-0.3500827280474793,0.3572970046835181,,0.0,0.48541282914709527,,-0.9551084496414676,1.0376403718435943,-0.3500827280474793,0.3572970046835181,brick3_q_v2_robust_mahalanobis_clipped,2026-03-18T05:10:36.278770+00:00
KDP,,,10-Q,2021-09-30,2021-10-28,https://www.sec.gov/Archives/edgar/data/1418135/000141813521000028/kdp-20210930.htm,3.93,0.6556763229425518,,0.3406221379099597,0.3406221379099597,6,assets_growth_yoy,-0.5551,accrual_ratio,0.4817,equity_to_assets,0.4591,robust_mcd,,,,,,,,,,-0.5551282669945735,-0.1393251236998168,,-0.1368530873422058,0.45913463561695567,0.4817189198295797,0.2715727939766269,,-0.5551282669945735,-0.1393251236998168,,-0.1368530873422058,0.45913463561695567,0.4817189198295797,0.2715727939766269,brick3_q_v2_robust_mahalanobis_clipped,2026-03-18T05:10:36.278770+00:00
LRCX,,,10-Q,2024-09-29,2024-10-28,https://www.sec.gov/Archives/edgar/data/707549/000070754924000128/lrcx-20240929.htm,3.86,0.6549195166398626,0.3872886839333596,0.6744907594765959,0.44177912759104054,6,debt_to_assets,-0.5979,equity_to_assets,0.5979,accrual_ratio,0.5648,robust_mcd,,-0.3019519327980679,0.08827700071070727,,-0.5469049924838684,0.546904992483869,0.4916470890481599,-0.34804609607548503,,0.6744907594765952,0.6744907594765952,,-0.6744907594765986,0.6744907594765952,0.6744907594765952,-0.6744907594765952,,0.08862514411179731,0.32276250421706243,,-0.5979392992809605,0.5979392992809595,0.564784557219534,-0.4786239614359291,brick3_q_v2_robust_mahalanobis_clipped,2026-03-18T05:10:36.278770+00:00
KDP,,,10-Q,2021-06-30,2021-07-29,https://www.sec.gov/Archives/edgar/data/1418135/000141813521000018/kdp-20210630.htm,3.78,0.6514041920972574,,0.33326836387979736,0.33326836387979736,6,assets_growth_yoy,-0.6341,equity_to_assets,0.4234,accrual_ratio,0.3929,robust_mcd,,,,,,,,,,-0.634128286129832,0.12571436291682814,,-0.06028450005988462,0.42338385765090963,0.3928536978942497,0.36324547862708,,-0.634128286129832,0.12571436291682814,,-0.06028450005988462,0.42338385765090963,0.3928536978942497,0.36324547862708,brick3_q_v2_robust_mahalanobis_clipped,2026-03-18T05:10:36.278770+00:00
AMAT,,,10-Q,2023-01-29,2023-02-23,https://www.sec.gov/Archives/edgar/data/6951/000000695123000012/amat-20230129.htm,3.7,0.6456397087121724,0.4877269416710705,0.6744907594765952,0.3377259651009563,6,net_income_growth_yoy,-0.6858,assets_growth_yoy,0.6372,debt_to_assets,-0.2709,robust_mcd,,0.6123642100822873,-0.6934056688934228,,-0.0018562419981093517,0.0018562419981142202,0.7449306254937698,-0.8719486615607198,,0.6744907594765952,-0.6744907594765952,,-0.6744907594765952,,-0.6744907594765952,0.6744907594765951,,0.6372148298400104,-0.6858397051266918,,-0.27091004898950366,0.0018562419981142202,0.1771620715056238,-0.25337289314579375,brick3_q_v2_robust_mahalanobis_clipped,2026-03-18T05:10:36.278770+00:00
LRCX,,,10-Q,2024-12-29,2025-01-31,https://www.sec.gov/Archives/edgar/data/707549/000070754925000014/lrcx-20241229.htm,3.62,0.6427413238323129,0.5510549326797088,0.45535240675325434,0.512773922309127,6,equity_to_assets,0.9938,debt_to_assets,-0.724,assets_growth_yoy,-0.451,robust_mcd,,-0.3019519327980679,0.08827700071070727,,-1.206650435555373,1.2066504355553833,-0.188623756433339,0.3141760350253827,,-0.6744907594765952,0.6744907594765952,,0.0,0.6744907594765953,-0.7086421620897402,0.0,,-0.4509674634694788,0.32276250421706243,,-0.7239902613332239,0.9937865651238681,-0.3966311186958995,0.18850562101522964,brick3_q_v2_robust_mahalanobis_clipped,2026-03-18T05:10:36.278770+00:00
REGN,,,10-Q,2023-09-30,2023-11-02,https://www.sec.gov/Archives/edgar/data/872589/000180422023000031/regn-20230930.htm,3.55,0.6396351047911806,0.6315454474664438,0.7342685042516465,0.5895308936292022,6,equity_to_assets,0.8365,ocf_to_net_income,0.8273,accrual_ratio,-0.7047,robust_mcd,,-0.4155188827566133,-0.3468945196457475,,-0.4476146955590502,0.4476146955590525,-0.8370691486862598,1.2945607425919394,,0.6445297911934491,-0.7271492394488264,,-0.9817511971167664,1.4197422087923555,-0.5060580097448034,0.12638057921367854,,0.008500586823411704,-0.49899640756697905,,-0.6612692961821367,0.8364657008523737,-0.7046646931096772,0.827288677240635,brick3_q_v2_robust_mahalanobis_clipped,2026-03-18T05:10:36.278770+00:00
AMGN,,,10-Q,2025-09-30,2025-11-05,https://www.sec.gov/Archives/edgar/data/318154/000031815425000072/amgn-20250930.htm,3.47,0.6333030818695926,0.5636836358315656,0.5280068715415487,0.3443712544622176,5,equity_to_assets,0.5217,assets_growth_yoy,-0.4986,accrual_ratio,-0.3501,robust_mcd,,-0.21359754317509402,0.1808120989333577,,,1.7060807084552232,-0.6012802484689991,-0.1166475801251536,,-0.9261149231485077,0.19192858823360073,,,-1.2548621475175432,0.026648325315839026,-0.24048037349225262,,-0.4986044951644595,0.1852586946534549,,,0.5217035660661166,-0.3501088189550638,-0.1661806974719932,brick3_q_v2_robust_mahalanobis_clipped,2026-03-18T05:10:36.278770+00:00
CSX,,,10-Q,2021-03-31,2021-04-21,https://www.sec.gov/Archives/edgar/data/277948/000027794821000024/csx-20210331.htm,3.39,0.625997971756082,,0.38924818617898366,0.38924818617898366,5,net_income_growth_yoy,-0.6444,assets_growth_yoy,-0.609,debt_to_assets,0.39,robust_mcd,,,,,,,,,,-0.6090254661042883,-0.6443682585226214,,0.38995249514334124,,-0.005597689910673318,0.29729702121399404,,-0.6090254661042883,-0.6443682585226214,,0.38995249514334124,,-0.005597689910673318,0.29729702121399404,brick3_q_v2_robust_mahalanobis_clipped,2026-03-18T05:10:36.278770+00:00
KLAC,,,10-Q,2025-12-31,2026-01-30,https://www.sec.gov/Archives/edgar/data/319201/000031920126000008/klac-20251231.htm,3.32,0.6197398288767147,0.6080475273872951,0.20643095155214727,0.41092592858174387,6,debt_to_assets,-0.9178,equity_to_assets,0.8918,accrual_ratio,-0.4002,robust_mcd,,-0.02000161706860234,0.22477048347257006,,-1.5785303619502649,1.5785303619502635,-0.198993446420997,-0.047458893461072585,,0.0,0.2630254782217912,,0.07336638220947399,-0.1382977086857521,-0.7019979675549018,0.061898172640964505,,-0.012000970241161403,0.2400724813722585,,-0.9177716642863692,0.8917991336958573,-0.400195254874559,-0.003716067020257747,brick3_q_v2_robust_mahalanobis_clipped,2026-03-18T05:10:36.278770+00:00
ORLY,,,10-Q,2025-06-30,2025-08-08,https://www.sec.gov/Archives/edgar/data/898173/000089817325000049/orly-20250630x10q.htm,3.24,0.6107841038907756,0.35913400442103727,0.683541518734678,0.25201362423956475,5,equity_to_assets,-0.4303,assets_growth_yoy,0.4157,accrual_ratio,-0.2757,robust_mcd,,0.5780328722972341,0.23403455708059737,,,0.5466176032688541,0.2286546872681332,-0.2083303021903677,,0.17217052543933528,-0.16979974879183457,,,-1.8955978067390533,-1.0323265353821771,0.14781297732098975,,0.4156879335540746,0.07250083473162458,,,-0.43026856073430886,-0.2757378017919909,-0.0658729903858247,brick3_q_v2_robust_mahalanobis_clipped,2026-03-18T05:10:36.278770+00:00
MSFT,,,10-Q,2022-03-31,2022-04-26,https://www.sec.gov/Archives/edgar/data/789019/000156459022015675/msft-10q_20220331.htm,3.16,0.6034736312177404,,0.41040408867212547,0.41040408867212547,6,accrual_ratio,-0.8638,equity_to_assets,0.4943,ocf_to_net_income,0.3745,robust_mcd,,,,,,,,,,0.3560412329039982,-0.22935267680299437,,-0.14441455328496017,0.4942886665670886,-0.8638074582333477,0.3745199442403639,,0.3560412329039982,-0.22935267680299437,,-0.14441455328496017,0.4942886665670886,-0.8638074582333477,0.3745199442403639,brick3_q_v2_robust_mahalanobis_clipped,2026-03-18T05:10:36.278770+00:00
DXCM,,,10-Q,2021-09-30,2021-10-28,https://www.sec.gov/Archives/edgar/data/1093557/000109355721000248/dxcm-20210930.htm,3.08,0.5990642988717843,,0.3146973889662354,0.3146973889662354,6,assets_growth_yoy,1.2665,ocf_to_net_income,0.4052,net_income_growth_yoy,-0.11,robust_mcd,,,,,,,,,,1.266503933108998,-0.11001240755649132,,0.02510671370291018,0.025664141128966814,-0.05571803931728649,0.40517909898275956,,1.266503933108998,-0.11001240755649132,,0.02510671370291018,0.025664141128966814,-0.05571803931728649,0.40517909898275956,brick3_q_v2_robust_mahalanobis_clipped,2026-03-18T05:10:36.278770+00:00
ROP,,,10-Q,2024-06-30,2024-08-01,https://www.sec.gov/Archives/edgar/data/882835/000088283524000037/rop-20240630.htm,3.01,0.597182703806372,0.7810569326037343,0.34353097574851854,0.5744856327088455,6,net_income_growth_yoy,-1.0014,equity_to_assets,0.7167,ocf_to_net_income,0.7014,robust_mcd,,0.14699373808323596,-1.478908738087989,,-0.7376202997027003,0.7376202997026998,-0.635252386960257,0.9499461330855241,,0.06637042024429733,-0.28505051151521,,-0.45906373096488695,0.6853545008117716,0.23670687864601941,0.32863981230892586,,0.1147444109476605,-1.0013654474588773,,-0.6261976722075749,0.7167139801463285,-0.2864686807177464,0.7014236047748849,brick3_q_v2_robust_mahalanobis_clipped,2026-03-18T05:10:36.278770+00:00
REGN,,,10-Q,2024-09-30,2024-10-31,https://www.sec.gov/Archives/edgar/data/872589/000180422024000040/regn-20240930.htm,2.93,0.5937228606337872,0.44733816726872905,0.7011523548143658,0.49563846582099486,6,net_income_growth_yoy,0.9836,equity_to_assets,0.8394,debt_to_assets,-0.7362,robust_mcd,,-0.08355101034256397,1.189707802682138,,-0.5469499941907016,0.5469499941907058,-0.13429433021888487,0.18257587198738015,,0.8132330156766782,0.6744907594765952,,-1.0201820692379109,1.278092952392419,-0.021289670289658825,-0.39962566181293213,,0.2751626000651329,0.9836209853999207,,-0.7362428242095853,0.839407177471391,-0.08909246624719444,-0.050304741532744765,brick3_q_v2_robust_mahalanobis_clipped,2026-03-18T05:10:36.278770+00:00
REGN,,,10-Q,2024-03-31,2024-05-02,https://www.sec.gov/Archives/edgar/data/872589/000180422024000017/regn-20240331.htm,2.85,0.5866477530736949,0.49405391186078823,0.9003110729175022,0.4033230866578687,6,equity_to_assets,1.0285,debt_to_assets,-0.9531,ocf_to_net_income,0.2052,robust_mcd,,-0.41189099180891225,0.025384965661552614,,-0.7924420914728328,0.7924420914728332,0.5613600685884657,-0.38080326216013316,,0.5059591224531047,-0.4510683397879461,,-1.1941829447705037,1.3825109961131405,-0.7840112080064049,1.0841338263739129,,-0.04475094610410546,-0.16519635651824688,,-0.9531384327919012,1.0284696533289561,0.023211557950517436,0.20517157325348528,brick3_q_v2_robust_mahalanobis_clipped,2026-03-18T05:10:36.278770+00:00
NXPI,,,10-Q,2025-06-29,2025-07-24,https://www.sec.gov/Archives/edgar/data/1413447/000141344725000106/nxpi-20250629.htm,2.78,0.5845019772971599,0.5416842461554147,0.4945448240741741,0.4455763828152837,6,assets_growth_yoy,0.7822,equity_to_assets,0.6805,debt_to_assets,-0.4226,robust_mcd,,0.6744907594765952,-0.6744907594765952,,-0.7043279918304188,0.6844750511903955,0.12606044242030998,0.38626047253817325,,0.9437966660152589,0.0,,0.0,0.6744907594765952,0.6744907594765952,-0.6744907594765952,,0.7822131220920607,-0.40469445568595713,,-0.42259679509825127,0.6804813345048754,0.34543256924282406,-0.03804002026773412,brick3_q_v2_robust_mahalanobis_clipped,2026-03-18T05:10:36.278770+00:00
KLAC,,,10-Q,2024-12-31,2025-01-31,https://www.sec.gov/Archives/edgar/data/319201/000031920125000006/klac-20241231.htm,2.7,0.5818163706703411,0.5094736965236758,0.37698822622226585,0.30552297481352725,6,assets_growth_yoy,-0.7833,net_income_growth_yoy,0.446,debt_to_assets,-0.2702,robust_mcd,,-1.3054663766803183,0.293699975824008,,-0.7399983050403345,0.6207282658996006,-0.03980159718048371,-0.057147658517309435,,0.0,0.6744907594765952,,0.4345288573515522,-0.6119236567943672,-0.42880114655510165,0.11218493715597838,,-0.7832798260081909,0.4460162892850429,,-0.27018744008357976,0.12766749682201345,-0.19540141693033092,0.0105853797520057,brick3_q_v2_robust_mahalanobis_clipped,2026-03-18T05:10:36.278770+00:00
ROP,,,10-Q,2021-06-30,2021-08-05,https://www.sec.gov/Archives/edgar/data/882835/000088283521000044/rop-20210630.htm,2.62,0.581177557596756,,0.37903197592637333,0.37903197592637333,6,assets_growth_yoy,0.8736,ocf_to_net_income,0.8602,equity_to_assets,0.3485,robust_mcd,,,,,,,,,,0.8736296030303018,-0.13646660343799524,,0.0,0.34852411570425385,-0.055342341506969574,0.8602291918787195,,0.8736296030303018,-0.13646660343799524,,0.0,0.34852411570425385,-0.055342341506969574,0.8602291918787195,brick3_q_v2_robust_mahalanobis_clipped,2026-03-18T05:10:36.278770+00:00
ROP,,,10-Q,2023-06-30,2023-08-03,https://www.sec.gov/Archives/edgar/data/882835/000088283523000045/rop-20230630.htm,2.54,0.5686599920374772,0.7257787868909581,0.36214026353424117,0.5152693415945272,6,equity_to_assets,0.9943,debt_to_assets,-0.823,net_income_growth_yoy,0.7428,robust_mcd,,0.37318583164734526,1.0096291529807042,,-1.0817871121668268,1.0817871121668248,-0.4597472110437246,0.3485363013403219,,0.04437464254002279,0.34261575727492954,,-0.43479923149750255,0.8631466802399118,0.46661366528631304,-0.021291604366767206,,0.24166135600441627,0.7428237946983944,,-0.8229919598990971,0.9943309393960595,-0.08920286051170953,0.20060513905748623,brick3_q_v2_robust_mahalanobis_clipped,2026-03-18T05:10:36.278770+00:00
CSCO,,,10-Q,2022-10-29,2022-11-22,https://www.sec.gov/Archives/edgar/data/858877/000085887722000025/csco-20221029.htm,2.47,0.5583148663248276,0.6900600113841476,0.11241512657943253,0.2535059166643597,6,ocf_to_net_income,-0.6567,accrual_ratio,0.5945,equity_to_assets,0.2025,robust_mcd,,,,,-0.33742069260536184,0.33742069260536794,0.9909112993430919,-1.0944873609827688,,0.0,0.0,,0.6744907594765952,0.0,0.0,0.0,,0.0,0.0,,0.06734388822742096,0.20245241556322077,0.5945467796058551,-0.6566924165896613,brick3_q_v2_robust_mahalanobis_clipped,2026-03-18T05:10:36.278770+00:00
HON,,,10-Q,2023-09-30,2023-10-26,https://www.sec.gov/Archives/edgar/data/773840/000077384023000085/hon-20230930.htm,2.39,0.5513328953497585,0.6684408319307462,0.6058217650987212,0.3091704814705996,5,net_income_growth_yoy,-0.5922,equity_to_assets,-0.3678,accrual_ratio,-0.2752,robust_mcd,,0.631361132347938,-0.7342156760022193,,,-0.23909671938955585,-0.9473630671800378,0.7901675647339798,,-0.585946643506008,-0.37925352829354636,,,-0.5609632739042065,0.7330947002950517,-0.7698506794947936,,0.14443802200635958,-0.59223081691875,,,-0.3678433411954161,-0.27517996019000196,0.1661602670424704,brick3_q_v2_robust_mahalanobis_clipped,2026-03-18T05:10:36.278770+00:00
AMAT,,,10-Q,2023-04-30,2023-05-26,https://www.sec.gov/Archives/edgar/data/6951/000000695123000022/amat-20230430.htm,2.31,0.5469762735816522,0.5749203641139907,0.2524717114542983,0.44594090305011375,6,accrual_ratio,-0.8787,ocf_to_net_income,0.7043,net_income_growth_yoy,-0.5706,robust_mcd,,0.0,-0.6744907594765952,,-0.3020432173898768,0.30204321738987944,-1.0054040210653996,1.1655409693621936,,0.1474452565944837,-0.4147754109547426,,-0.08674319866194197,0.1645863891665456,-0.688766862966701,0.012513150381374854,,0.05897810263779349,-0.5706046200678542,,-0.21592320989870287,0.2470604861005459,-0.8787491578259201,0.7043298417698661,brick3_q_v2_robust_mahalanobis_clipped,2026-03-18T05:10:36.278770+00:00
REGN,,,10-Q,2023-06-30,2023-08-03,https://www.sec.gov/Archives/edgar/data/872589/000180422023000023/regn-20230630.htm,2.24,0.544227892516541,0.4651698700108266,0.6172378889753275,0.45117218657093777,6,equity_to_assets,1.0687,debt_to_assets,-0.8223,ocf_to_net_income,0.2368,robust_mcd,,-0.6792822752922681,0.29727489721672,,-0.7219116767688694,0.7219116767688701,-0.08350188089662589,0.28713681312160594,,0.44756786396760406,-0.11361881872506491,,-0.9729368116537889,1.5889927184552417,-0.4190462754658964,0.16126484558436965,,-0.22854221958831922,0.13291741084000602,,-0.8223217307228372,1.068744093443419,-0.21771963872433409,0.23678802610671143,brick3_q_v2_robust_mahalanobis_clipped,2026-03-18T05:10:36.278770+00:00
INTC,,,10-Q,2021-03-27,2021-04-23,https://www.sec.gov/Archives/edgar/data/50863/000005086321000018/intc-20210327.htm,2.16,0.5402089534589768,,0.3252189636727894,0.3252189636727894,5,net_income_growth_yoy,-0.8819,accrual_ratio,0.4466,ocf_to_net_income,-0.1009,robust_mcd,,,,,,,,,,0.09590841119869874,-0.8819272358035044,,,0.1007389603208942,0.4466084660798534,-0.10091174496099622,,0.09590841119869874,-0.8819272358035044,,,0.1007389603208942,0.4466084660798534,-0.10091174496099622,brick3_q_v2_robust_mahalanobis_clipped,2026-03-18T05:10:36.278770+00:00
NXPI,,,10-Q,2023-04-02,2023-05-02,https://www.sec.gov/Archives/edgar/data/1413447/000141344723000020/nxpi-20230402.htm,2.08,0.5259382988610651,0.8202678956754105,0.674490759476595,0.40222863614170024,6,ocf_to_net_income,-0.6319,debt_to_assets,-0.5761,equity_to_assets,0.5628,robust_mcd,,-0.7429705072645696,-0.7077801051478827,,-0.5104453740156318,0.4883041210354688,0.969270665758036,-1.5028366008308738,,0.6744907594765943,0.6744907594765953,,-0.6744907594765952,0.6744907594765952,-0.6744907594765952,0.6744907594765953,,-0.17598600056810398,-0.1548717592980915,,-0.5760635282000172,0.5627787764119193,0.3117660956641835,-0.6319056567078861,brick3_q_v2_robust_mahalanobis_clipped,2026-03-18T05:10:36.278770+00:00
INTC,,,10-Q,2021-06-26,2021-07-23,https://www.sec.gov/Archives/edgar/data/50863/000005086321000030/intc-20210626.htm,2.0,0.5052602657271641,,0.3248995994647861,0.3248995994647861,5,net_income_growth_yoy,-0.8819,accrual_ratio,0.3777,equity_to_assets,0.1664,robust_mcd,,,,,,,,,,0.09590841119869874,-0.8819272358035044,,,0.1664138600574988,0.37769833978995926,0.10255015047426906,,0.09590841119869874,-0.8819272358035044,,,0.1664138600574988,0.37769833978995926,0.10255015047426906,brick3_q_v2_robust_mahalanobis_clipped,2026-03-18T05:10:36.278770+00:00
ROST,,,10-Q,2023-04-29,2023-06-07,https://www.sec.gov/Archives/edgar/data/745732/000074573223000040/rost-20230429.htm,1.93,0.49213773384216725,0.45722003130950384,0.7829204517567344,0.33462045280693353,5,assets_growth_yoy,0.7259,accrual_ratio,0.5094,ocf_to_net_income,-0.2237,robust_mcd,,0.5307401760876834,-0.397958917577171,,,1.0123853571487533,0.17199484185013028,-0.173020863883781,,1.0186460660419225,0.4388678223355294,,,-1.141630594423611,1.015625995036565,-0.299831780946044,,0.725902532069379,-0.06322822161209082,,,0.15077897651980754,0.5094473031247041,-0.2237452307086862,brick3_q_v2_robust_mahalanobis_clipped,2026-03-18T05:10:36.278770+00:00
GILD,,,10-Q,2023-06-30,2023-08-04,https://www.sec.gov/Archives/edgar/data/882095/000088209523000025/gild-20230630.htm,1.85,0.46526180151923263,0.4650754614806428,0.621715109997003,0.4543516082147529,5,ocf_to_net_income,1.0375,equity_to_assets,0.3554,accrual_ratio,-0.3307,robust_mcd,,0.1274694370315562,-0.12301150133254139,,,0.7706354338816631,-0.22718520326429445,1.0770757318931587,,-0.8030691060620602,-0.573973912390131,,,-0.26741904865537786,-0.4858586324567872,0.978254850420659,,-0.2447459802058904,-0.3033964657555772,,,0.3554136408668467,-0.3306545749412916,1.0375473793041587,brick3_q_v2_robust_mahalanobis_clipped,2026-03-18T05:10:36.278770+00:00
NXPI,,,10-Q,2023-07-02,2023-07-25,https://www.sec.gov/Archives/edgar/data/1413447/000141344723000059/nxpi-20230702.htm,1.77,0.45795164537188093,0.39755044372595316,0.674490759476595,0.3284623674991179,6,accrual_ratio,0.4488,ocf_to_net_income,-0.4427,debt_to_assets,-0.4073,robust_mcd,,-0.6744907594765952,-0.6744907594765952,,-0.2291322947920828,0.22072495963808217,0.2982894606366117,-0.28817442833575163,,0.6744907594765943,0.6744907594765953,,-0.6744907594765951,0.6744907594765952,0.6744907594765952,-0.6744907594765952,,-0.1348981518953194,-0.134898151895319,,-0.4072756806658877,0.40223127957348737,0.44876998017260505,-0.44270096079208904,brick3_q_v2_robust_mahalanobis_clipped,2026-03-18T05:10:36.278770+00:00
MSFT,,,10-Q,2021-03-31,2021-04-27,https://www.sec.gov/Archives/edgar/data/789019/000156459021020891/msft-10q_20210331.htm,1.7,0.45113348600212083,,0.2802325908038563,0.2802325908038563,6,accrual_ratio,-0.4852,equity_to_assets,0.4789,net_income_growth_yoy,0.3671,robust_mcd,,,,,,,,,,-0.26278989319636614,0.36712482835930144,,-0.061193209389125876,0.47891983623865575,-0.4852478968527376,0.026119880786951172,,-0.26278989319636614,0.36712482835930144,,-0.061193209389125876,0.47891983623865575,-0.4852478968527376,0.026119880786951172,brick3_q_v2_robust_mahalanobis_clipped,2026-03-18T05:10:36.278770+00:00
CSX,,,10-Q,2022-03-31,2022-04-21,https://www.sec.gov/Archives/edgar/data/277948/000027794822000020/csx-20220331.htm,1.62,0.43423103635749827,,0.2530624846002301,0.2530624846002301,5,assets_growth_yoy,-0.4506,debt_to_assets,0.3867,ocf_to_net_income,0.3676,robust_mcd,,,,,,,,,,-0.45064499016176074,0.037167548454453615,,0.3867332323499067,,0.023201201845143227,0.36756545018988623,,-0.45064499016176074,0.037167548454453615,,0.3867332323499067,,0.023201201845143227,0.36756545018988623,brick3_q_v2_robust_mahalanobis_clipped,2026-03-18T05:10:36.278770+00:00
VRTX,,,10-Q,2023-06-30,2023-08-02,https://www.sec.gov/Archives/edgar/data/875320/000087532023000021/vrtx-20230630.htm,1.54,0.43199942958387766,0.13955959064976442,0.8845812675680413,0.4008153156743773,6,assets_growth_yoy,1.0001,equity_to_assets,0.5671,debt_to_assets,-0.3308,robust_mcd,,0.2654368504185688,0.14547854955401687,,0.04937273651597483,-0.049440163996738666,-0.03078566124760185,0.2968435821656855,,2.1019969019943914,-0.12742774230116388,,-0.9010526346227689,1.4920345296344906,-0.6636841924886663,0.021291604366766956,,1.0000608710488978,0.036316032811944565,,-0.33079741193952267,0.567149713455753,-0.28394507374402767,0.18662279104611806,brick3_q_v2_robust_mahalanobis_clipped,2026-03-18T05:10:36.278770+00:00
NVDA,,,10-Q,2022-05-01,2022-05-27,https://www.sec.gov/Archives/edgar/data/1045810/000104581022000079/nvda-20220501.htm,1.46,0.42364087135431105,,0.3372453797382975,0.3372453797382975,6,net_income_growth_yoy,-0.6745,debt_to_assets,-0.6745,equity_to_assets,0.6745,robust_mcd,,,,,,,,,,0.0,-0.6744907594765952,,-0.6744907594765952,0.6744907594765949,0.0,0.0,,0.0,-0.6744907594765952,,-0.6744907594765952,0.6744907594765949,0.0,0.0,brick3_q_v2_robust_mahalanobis_clipped,2026-03-18T05:10:36.278770+00:00
AMD,,,10-Q,2025-06-28,2025-08-06,https://www.sec.gov/Archives/edgar/data/2488/000000248825000108/amd-20250628.htm,1.39,0.42130918428573283,0.6364448965819454,0.9019824654359472,0.4168006677649728,5,net_income_growth_yoy,0.7938,ocf_to_net_income,0.397,assets_growth_yoy,0.338,robust_mcd,,0.0,0.6744907594765953,,,-1.30638073453292,-0.9765621662001475,0.2247908227000638,,0.8450580933545472,0.9728234114228533,,,1.3455590010024263,0.6910613512386564,0.655410470161253,,0.3380232373418189,0.7938238202550986,,,-0.24560484031878138,-0.3095127592246259,0.3970386816845395,brick3_q_v2_robust_mahalanobis_clipped,2026-03-18T05:10:36.278770+00:00
NXPI,,,10-Q,2025-09-28,2025-10-28,https://www.sec.gov/Archives/edgar/data/1413447/000141344725000120/nxpi-20250928.htm,1.31,0.39911120399131317,0.5866767294087935,0.6744907594765953,0.441938138908822,6,net_income_growth_yoy,-0.6745,assets_growth_yoy,0.6745,ocf_to_net_income,0.5278,robust_mcd,,0.6744907594765952,-0.6744907594765952,,-0.7518655021326363,0.7310137528991292,-0.2581633662881372,0.4300362361796679,,0.6744907594765943,-0.6744907594765952,,0.6744907594765963,-0.6744907594765952,-0.6744907594765952,0.6744907594765952,,0.6744907594765949,-0.6744907594765952,,-0.1813229974889432,0.1688119479488394,-0.4246943235635204,0.5278180454984388,brick3_q_v2_robust_mahalanobis_clipped,2026-03-18T05:10:36.278770+00:00
NXPI,,,10-Q,2022-07-03,2022-07-26,https://www.sec.gov/Archives/edgar/data/1413447/000141344722000049/nxpi-20220703.htm,1.23,0.3845889116572143,0.6270672259904639,0.6744907594765953,0.3950837657061505,6,net_income_growth_yoy,0.6745,assets_growth_yoy,0.6745,ocf_to_net_income,-0.3679,robust_mcd,,,,,0.9732462171619664,-0.9686445449584808,-0.40286688924450076,-0.16351125259690782,,0.6744907594765952,0.6744907594765953,,-0.6744907594765951,0.6744907594765952,0.6744907594765952,-0.674490759476595,,0.6744907594765952,0.6744907594765953,,0.31415142650654176,-0.31139042318445037,0.02807617024393763,-0.3679030553487827,brick3_q_v2_robust_mahalanobis_clipped,2026-03-18T05:10:36.278770+00:00
STX,,,10-Q,2025-03-28,2025-05-02,https://www.sec.gov/Archives/edgar/data/1137789/000113778925000075/stx-20250328.htm,1.16,0.3541388476753129,0.30878341538075454,0.6744907594765953,0.32549695947027907,6,net_income_growth_yoy,-0.5713,debt_to_assets,0.444,equity_to_assets,-0.444,robust_mcd,,0.03406118508125469,-0.5025156368687463,,0.29026046970203084,-0.2902604697020296,0.5374162695041376,0.19818646142632812,,0.6744907594765952,-0.674490759476595,,0.6744907594765952,-0.6744907594765952,-0.6744907594765956,-0.6744907594765952,,0.2902330148393909,-0.5713056859118858,,0.4439525856118566,-0.4439525856118558,0.052653457911844226,-0.15088442693484122,brick3_q_v2_robust_mahalanobis_clipped,2026-03-18T05:10:36.278770+00:00
CPRT,,,10-Q,2022-01-31,2022-03-03,https://www.sec.gov/Archives/edgar/data/900075/000090007522000015/cprt-20220131.htm,1.08,0.34460480095438834,,0.3623954590147549,0.3623954590147549,6,debt_to_assets,-0.6745,equity_to_assets,0.6745,assets_growth_yoy,0.43,robust_mcd,,,,,,,,,,0.4300135771301684,0.0,,-0.6744907594765952,0.6744907594765952,0.0,0.39537765800517055,,0.4300135771301684,0.0,,-0.6744907594765952,0.6744907594765952,0.0,0.39537765800517055,brick3_q_v2_robust_mahalanobis_clipped,2026-03-18T05:10:36.278770+00:00
DXCM,,,10-Q,2025-06-30,2025-07-30,https://www.sec.gov/Archives/edgar/data/1093557/000109355725000243/dxcm-20250630.htm,1.0,0.32841749386621744,0.27838346630069694,0.40063612625134853,0.28990366987437294,6,equity_to_assets,-0.4449,accrual_ratio,-0.4004,debt_to_assets,0.3071,robust_mcd,,-0.45277959592965117,0.060418438780324525,,0.23873548362333266,-0.500813180810812,-0.2306497966271378,-0.1869043020329234,,-0.05707061414718734,0.3842952066225469,,0.4097028207004539,-0.36105620996750565,-0.6549408789635478,0.5367510271068497,,-0.29449600321666564,0.18996914591721348,,0.30712241845418115,-0.4449103924734895,-0.40036622956170187,0.10255782962298587,brick3_q_v2_robust_mahalanobis_clipped,2026-03-18T05:10:36.278770+00:00
ADSK,,,10-Q,2023-10-31,2023-12-04,https://www.sec.gov/Archives/edgar/data/769397/000076939723000193/adsk-20231031.htm,0.93,0.32813851780846764,0.48173944811809155,0.4066335185093619,0.3042202671812996,5,assets_growth_yoy,-0.5407,equity_to_assets,0.2798,ocf_to_net_income,-0.2681,robust_mcd,,-0.5356186357389201,0.1198265358319244,,,0.941906885774213,-0.3819578070797895,-0.4293873761656111,,-0.5483164111149156,-0.7166267276952903,,,-0.7133757096255938,0.02861454345964524,-0.026234200651364337,,-0.5406977458893183,-0.2147547695789615,,,0.27979384761429027,-0.21772886686401557,-0.26812610595991243,brick3_q_v2_robust_mahalanobis_clipped,2026-03-18T05:10:36.278770+00:00
INTC,,,10-Q,2021-09-25,2021-10-22,https://www.sec.gov/Archives/edgar/data/50863/000005086321000038/intc-20210925.htm,0.85,0.32256514874913217,,0.26979630379063807,0.26979630379063807,5,net_income_growth_yoy,-0.6745,ocf_to_net_income,0.6745,assets_growth_yoy,0.0,robust_mcd,,,,,,,,,,0.0,-0.6744907594765952,,,0.0,0.0,0.6744907594765952,,0.0,-0.6744907594765952,,,0.0,0.0,0.6744907594765952,brick3_q_v2_robust_mahalanobis_clipped,2026-03-18T05:10:36.278770+00:00
GILD,,,10-Q,2021-03-31,2021-05-06,https://www.sec.gov/Archives/edgar/data/882095/000088209521000013/gild-20210331.htm,0.77,0.28542609872091246,,0.12179839775559631,0.12179839775559631,5,net_income_growth_yoy,-0.26,equity_to_assets,-0.2397,ocf_to_net_income,0.0914,robust_mcd,,,,,,,,,,0.012307962931371845,-0.2599779768446252,,,-0.23971261106876865,0.005597689910673221,0.09139574802254269,,0.012307962931371845,-0.2599779768446252,,,-0.23971261106876865,0.005597689910673221,0.09139574802254269,brick3_q_v2_robust_mahalanobis_clipped,2026-03-18T05:10:36.278770+00:00
ADSK,,,10-Q,2025-07-31,2025-09-02,https://www.sec.gov/Archives/edgar/data/769397/000076939725000117/adsk-20250731.htm,0.69,0.27281212016719364,0.4634967313908698,0.38370126003789806,0.27479395341274954,5,accrual_ratio,-0.3655,equity_to_assets,0.3028,assets_growth_yoy,-0.2628,robust_mcd,,-0.26188924594327606,-0.35869076579263953,,,1.157951115302784,-0.1594455205789209,-0.3795070093367286,,-0.2641118567320728,0.0,,,-0.9799036839808222,-0.6744907594765952,0.0,,-0.26277829025879473,-0.2152144594755837,,,0.3028091955893414,-0.3654636161379906,-0.22770420560203714,brick3_q_v2_robust_mahalanobis_clipped,2026-03-18T05:10:36.278770+00:00
CMCSA,,,10-Q,2025-03-31,2025-04-24,https://www.sec.gov/Archives/edgar/data/1166691/000116669125000021/cmcsa-20250331.htm,0.62,0.2595597602969635,0.5108544481855879,0.6224240190969562,0.2608021416993851,5,net_income_growth_yoy,-0.6074,ocf_to_net_income,0.2726,equity_to_assets,0.2061,robust_mcd,,0.1815169793257327,-0.7552457207153983,,,0.5764552499579769,0.590505143373321,-0.4505491475555107,,-0.47562257926229345,-0.3855153004693567,,,-0.3494738145773328,-0.5441778379179901,1.3573305632578074,,-0.08133884410947777,-0.6073535526169817,,,0.206083624143853,0.13663195085679658,0.2726027367698166,brick3_q_v2_robust_mahalanobis_clipped,2026-03-18T05:10:36.278770+00:00
CTAS,,,10-Q,2025-11-30,2026-01-07,https://www.sec.gov/Archives/edgar/data/723254/000072325426000002/ctas-20251130.htm,0.54,0.2578903286017889,0.405402907805128,0.6744907594765946,0.31461581798434174,5,assets_growth_yoy,0.6794,ocf_to_net_income,-0.2955,net_income_growth_yoy,0.2848,robust_mcd,,1.5820728643425248,0.024959153834162893,,,-0.2902026911712569,-0.08689609621673357,-0.042883733460961936,,-0.6744907594765951,0.6744907594765952,,,0.6744907594765951,0.6744907594765929,-0.674490759476595,,0.6794474148148768,0.2847717960911358,,,0.09567468908788393,0.21765864606059704,-0.29552654386721516,brick3_q_v2_robust_mahalanobis_clipped,2026-03-18T05:10:36.278770+00:00
ORLY,,,10-Q,2025-09-30,2025-11-07,https://www.sec.gov/Archives/edgar/data/898173/000089817325000057/orly-20250930x10q.htm,0.46,0.2527306967450454,0.6588398361025157,0.5567472943084721,0.322242684289475,5,assets_growth_yoy,0.7768,net_income_growth_yoy,0.3526,accrual_ratio,-0.3344,robust_mcd,,1.0703531740069405,0.5541892179378577,,,1.2026924333111877,-0.21725557342464957,0.249708781831943,,0.3363625724597869,0.050178771979033324,,,-1.842520902399686,-0.5102120303242403,-0.04446219437961352,,0.776756933388079,0.35258503955432796,,,-0.015392900973161816,-0.3344381561844859,0.1320403913473204,brick3_q_v2_robust_mahalanobis_clipped,2026-03-18T05:10:36.278770+00:00
AXON,,,10-Q,2024-09-30,2024-11-08,https://www.sec.gov/Archives/edgar/data/1069183/000106918324000061/axon-20240930.htm,0.39,0.1769725319998008,0.5380181272178347,0.4966144020914857,0.2340932709844182,6,net_income_growth_yoy,-0.3458,assets_growth_yoy,0.3158,debt_to_assets,0.2642,robust_mcd,,-0.4711905090770386,-0.5688636622434439,,0.5704681969819587,-0.5704681969819587,-0.34544983629046,0.7016683617321483,,1.4963190730481777,-0.011222148032031413,,-0.19513035765650513,0.3372737001390121,0.5418804631483762,-0.39786067052481144,,0.31581332377304794,-0.3458070565588789,,0.26422877512657317,-0.20737143813357037,0.009482283485074516,0.2618567488293644,brick3_q_v2_robust_mahalanobis_clipped,2026-03-18T05:10:36.278770+00:00
ADI,,,10-Q,2023-04-29,2023-05-24,https://www.sec.gov/Archives/edgar/data/6281/000000628123000152/adi-20230429.htm,0.31,0.1544920587049544,0.08781545324793237,0.49043468688185216,0.19205465479380468,5,equity_to_assets,0.2604,accrual_ratio,-0.2548,assets_growth_yoy,-0.2535,robust_mcd,,0.0,0.0,,,-0.06362003502250073,-0.20237521662426333,-0.1730820145928978,,-0.6337354622934456,-0.4388678223355296,,,0.7463828449176164,-0.3333555239166255,0.2998317809460439,,-0.25349418491737824,-0.17554712893421187,,,0.26038111695354615,-0.25476733954120817,0.016083503622678894,brick3_q_v2_robust_mahalanobis_clipped,2026-03-18T05:10:36.278770+00:00
ROP,,,10-Q,2025-06-30,2025-08-01,https://www.sec.gov/Archives/edgar/data/882835/000088283525000036/rop-20250630.htm,0.23,0.12585207116194927,0.25834489162891233,0.2964422316201332,0.24972642028125444,6,assets_growth_yoy,0.47,ocf_to_net_income,0.4095,equity_to_assets,0.2727,robust_mcd,,0.5704904468036482,-0.025877347898161807,,-0.12334370552945685,0.12334370552945685,-0.24181681604412936,0.465197327968621,,0.3193035517435305,-0.01926143696183822,,-0.4383866729109119,0.4967622306831037,0.17893055508109715,0.3260089423403179,,0.4700156887796011,-0.023230983523632374,,-0.24936089248203885,0.2727111155909156,-0.07351786759403874,0.4095219737172998,brick3_q_v2_robust_mahalanobis_clipped,2026-03-18T05:10:36.278770+00:00
ROST,,,10-Q,2025-08-02,2025-09-10,https://www.sec.gov/Archives/edgar/data/745732/000074573225000052/rost-20250802.htm,0.15,0.10125555586989173,0.6557201534837868,0.8977816866925588,0.15678718000068784,5,net_income_growth_yoy,-0.3597,accrual_ratio,-0.2623,assets_growth_yoy,-0.0926,robust_mcd,,-0.1542515531591689,-0.14987590760886643,,,2.1401567521133558,-0.4372493481459358,0.39706720639160703,,0.0,-0.6744907594765952,,,-3.127884107703888,0.0,-0.686533566282311,,-0.09255093189550134,-0.35972184835595794,,,0.03294040818645816,-0.2623496088875615,-0.036373102677960206,brick3_q_v2_robust_mahalanobis_clipped,2026-03-18T05:10:36.278770+00:00
ADSK,,,10-Q,2023-07-31,2023-08-29,https://www.sec.gov/Archives/edgar/data/769397/000076939723000159/adsk-20230731.htm,0.08,0.09366229100895614,0.33328782637140925,0.5627410732688893,0.20104644989706877,5,assets_growth_yoy,0.2858,ocf_to_net_income,-0.2337,net_income_growth_yoy,-0.2311,robust_mcd,,-0.14052792842341846,0.06443989979047714,,,0.8249935396295294,-0.32789680555198375,-0.30858095846163736,,0.9252230179143961,-0.6744907594765952,,,-1.092689977887485,0.0,-0.1213016110659708,,0.2857724501117074,-0.23113236391635178,,,0.05792013262272361,-0.19673808333119025,-0.23366921950337072,brick3_q_v2_robust_mahalanobis_clipped,2026-03-18T05:10:36.278770+00:00
AAPL,,,10-Q,2021-12-25,2022-01-28,https://www.sec.gov/Archives/edgar/data/320193/000032019322000007/aapl-20211225.htm,,,,,,0,,,,,,,robust_mcd,,,,,,,,,,,,,,,,,,,,,,,,,brick3_q_v2_robust_mahalanobis_clipped,2026-03-18T05:10:36.278770+00:00
ADBE,,,10-Q,2021-03-05,2021-03-31,https://www.sec.gov/Archives/edgar/data/796343/000079634321000069/adbe-20210305.htm,,,,,,0,,,,,,,robust_mcd,,,,,,,,,,,,,,,,,,,,,,,,,brick3_q_v2_robust_mahalanobis_clipped,2026-03-18T05:10:36.278770+00:00
ADBE,,,10-Q,2021-06-04,2021-06-30,https://www.sec.gov/Archives/edgar/data/796343/000079634321000159/adbe-20210604.htm,,,,,,0,,,,,,,robust_mcd,,,,,,,,,,,,,,,,,,,,,,,,,brick3_q_v2_robust_mahalanobis_clipped,2026-03-18T05:10:36.278770+00:00
ADBE,,,10-Q,2021-09-03,2021-09-29,https://www.sec.gov/Archives/edgar/data/796343/000079634321000210/adbe-20210903.htm,,,,,,0,,,,,,,robust_mcd,,,,,,,,,,,,,,,,,,,,,,,,,brick3_q_v2_robust_mahalanobis_clipped,2026-03-18T05:10:36.278770+00:00
ADBE,,,10-Q,2022-03-04,2022-03-30,https://www.sec.gov/Archives/edgar/data/796343/000079634322000099/adbe-20220304.htm,,,,,,0,,,,,,,robust_mcd,,,,,,,,,,,,,,,,,,,,,,,,,brick3_q_v2_robust_mahalanobis_clipped,2026-03-18T05:10:36.278770+00:00
ADI,,,10-Q,2021-01-30,2021-02-17,https://www.sec.gov/Archives/edgar/data/6281/000000628121000022/adi-20210130.htm,,,,,,0,,,,,,,robust_mcd,,,,,,,,,,,,,,,,,,,,,,,,,brick3_q_v2_robust_mahalanobis_clipped,2026-03-18T05:10:36.278770+00:00
AVGO,,,10-Q,2021-01-31,2021-03-12,https://www.sec.gov/Archives/edgar/data/1730168/000173016821000045/avgo-20210131.htm,,,,0.8964367787240908,0.8964367787240908,2,assets_growth_yoy,-1.1184,debt_to_assets,0.6745,,,robust_mcd,,,,,,,,,,-1.1183827979715864,,,0.6744907594765952,,,,,-1.1183827979715864,,,0.6744907594765952,,,,brick3_q_v2_robust_mahalanobis_clipped,2026-03-18T05:10:36.278770+00:00
AVGO,,,10-Q,2021-05-02,2021-06-11,https://www.sec.gov/Archives/edgar/data/1730168/000173016821000116/avgo-20210502.htm,,,,0.8826583530015853,0.8826583530015853,2,debt_to_assets,1.0908,assets_growth_yoy,-0.6745,,,robust_mcd,,,,,,,,,,-0.6744907594765952,,,1.0908259465265755,,,,,-0.6744907594765952,,,1.0908259465265755,,,,brick3_q_v2_robust_mahalanobis_clipped,2026-03-18T05:10:36.278770+00:00
AVGO,,,10-Q,2021-08-01,2021-09-09,https://www.sec.gov/Archives/edgar/data/1730168/000173016821000123/avgo-20210801.htm,,,,1.3992536659723465,1.3992536659723465,2,debt_to_assets,2.124,assets_growth_yoy,-0.6745,,,robust_mcd,,,,,,,,,,-0.6744907594765952,,,2.1240165724680975,,,,,-0.6744907594765952,,,2.1240165724680975,,,,brick3_q_v2_robust_mahalanobis_clipped,2026-03-18T05:10:36.278770+00:00
AVGO,,,10-Q,2025-02-02,2025-03-12,https://www.sec.gov/Archives/edgar/data/1730168/000173016825000021/avgo-20250202.htm,,,4.986332063699091,,4.986332063699091,2,debt_to_assets,-8.0,assets_growth_yoy,1.9727,,,robust_mcd,,1.9726641273981833,,,-8.0,,,,,,,,,,,,,1.9726641273981833,,,-8.0,,,,brick3_q_v2_robust_mahalanobis_clipped,2026-03-18T05:10:36.278770+00:00
AVGO,,,10-Q,2025-05-04,2025-06-11,https://www.sec.gov/Archives/edgar/data/1730168/000173016825000064/avgo-20250504.htm,,,3.9538534175616604,,3.9538534175616604,2,debt_to_assets,-6.9281,assets_growth_yoy,0.9796,,,robust_mcd,,0.9796155566362769,,,-6.928091278487044,,,,,,,,,,,,,0.9796155566362769,,,-6.928091278487044,,,,brick3_q_v2_robust_mahalanobis_clipped,2026-03-18T05:10:36.278770+00:00
AVGO,,,10-Q,2025-08-03,2025-09-10,https://www.sec.gov/Archives/edgar/data/1730168/000173016825000098/avgo-20250803.htm,,,2.7752645123565713,,2.7752645123565713,2,debt_to_assets,-4.5709,assets_growth_yoy,0.9796,,,robust_mcd,,0.9796155566362769,,,-4.570913468076866,,,,,,,,,,,,,0.9796155566362769,,,-4.570913468076866,,,,brick3_q_v2_robust_mahalanobis_clipped,2026-03-18T05:10:36.278770+00:00
CDNS,,,10-Q,2021-04-03,2021-04-26,https://www.sec.gov/Archives/edgar/data/813672/000081367221000016/cdns-20210403.htm,,,,,,0,,,,,,,robust_mcd,,,,,,,,,,,,,,,,,,,,,,,,,brick3_q_v2_robust_mahalanobis_clipped,2026-03-18T05:10:36.278770+00:00
CDNS,,,10-Q,2021-07-03,2021-07-26,https://www.sec.gov/Archives/edgar/data/813672/000081367221000028/cdns-20210703.htm,,,,,,0,,,,,,,robust_mcd,,,,,,,,,,,,,,,,,,,,,,,,,brick3_q_v2_robust_mahalanobis_clipped,2026-03-18T05:10:36.278770+00:00
CDNS,,,10-Q,2021-10-02,2021-10-25,https://www.sec.gov/Archives/edgar/data/813672/000081367221000037/cdns-20211002.htm,,,,,,0,,,,,,,robust_mcd,,,,,,,,,,,,,,,,,,,,,,,,,brick3_q_v2_robust_mahalanobis_clipped,2026-03-18T05:10:36.278770+00:00
COST,,,10-Q,2021-02-14,2021-03-10,https://www.sec.gov/Archives/edgar/data/909832/000090983221000003/cost-20210214.htm,,,,,,0,,,,,,,robust_mcd,,,,,,,,,,,,,,,,,,,,,,,,,brick3_q_v2_robust_mahalanobis_clipped,2026-03-18T05:10:36.278770+00:00
COST,,,10-Q,2021-05-09,2021-06-03,https://www.sec.gov/Archives/edgar/data/909832/000090983221000008/cost-20210509.htm,,,,,,0,,,,,,,robust_mcd,,,,,,,,,,,,,,,,,,,,,,,,,brick3_q_v2_robust_mahalanobis_clipped,2026-03-18T05:10:36.278770+00:00
COST,,,10-Q,2021-11-21,2021-12-22,https://www.sec.gov/Archives/edgar/data/909832/000090983221000021/cost-20211121.htm,,,,,,0,,,,,,,robust_mcd,,,,,,,,,,,,,,,,,,,,,,,,,brick3_q_v2_robust_mahalanobis_clipped,2026-03-18T05:10:36.278770+00:00
COST,,,10-Q,2022-02-13,2022-03-10,https://www.sec.gov/Archives/edgar/data/909832/000090983222000005/cost-20220213.htm,,,,,,0,,,,,,,robust_mcd,,,,,,,,,,,,,,,,,,,,,,,,,brick3_q_v2_robust_mahalanobis_clipped,2026-03-18T05:10:36.278770+00:00
CSCO,,,10-Q,2021-01-23,2021-02-16,https://www.sec.gov/Archives/edgar/data/858877/000085887721000004/csco-20210123.htm,,,,,,0,,,,,,,robust_mcd,,,,,,,,,,,,,,,,,,,,,,,,,brick3_q_v2_robust_mahalanobis_clipped,2026-03-18T05:10:36.278770+00:00
CTAS,,,10-Q,2021-02-28,2021-04-06,https://www.sec.gov/Archives/edgar/data/723254/000072325421000009/ctas-20210228.htm,,,,0.6744907594765953,0.6744907594765953,2,equity_to_assets,0.6745,assets_growth_yoy,-0.6745,,,robust_mcd,,,,,,,,,,-0.6744907594765952,,,,0.6744907594765954,,,,-0.6744907594765952,,,,0.6744907594765954,,,brick3_q_v2_robust_mahalanobis_clipped,2026-03-18T05:10:36.278770+00:00
CTAS,,,10-Q,2021-08-31,2021-10-07,https://www.sec.gov/Archives/edgar/data/723254/000072325421000032/ctas-20210831.htm,,,,0.6744907594765952,0.6744907594765952,2,assets_growth_yoy,-0.6745,equity_to_assets,0.6745,,,robust_mcd,,,,,,,,,,-0.6744907594765952,,,,0.6744907594765952,,,,-0.6744907594765952,,,,0.6744907594765952,,,brick3_q_v2_robust_mahalanobis_clipped,2026-03-18T05:10:36.278770+00:00
CTAS,,,10-Q,2021-11-30,2022-01-06,https://www.sec.gov/Archives/edgar/data/723254/000072325422000002/ctas-20211130.htm,,,,0.6744907594765952,0.6744907594765952,2,assets_growth_yoy,-0.6745,equity_to_assets,0.6745,,,robust_mcd,,,,,,,,,,-0.6744907594765952,,,,0.6744907594765952,,,,-0.6744907594765952,,,,0.6744907594765952,,,brick3_q_v2_robust_mahalanobis_clipped,2026-03-18T05:10:36.278770+00:00
CTAS,,,10-Q,2022-02-28,2022-04-07,https://www.sec.gov/Archives/edgar/data/723254/000072325422000008/ctas-20220228.htm,,,,0.674490759476595,0.674490759476595,2,assets_growth_yoy,-0.6745,equity_to_assets,0.6745,,,robust_mcd,,,,,,,,,,-0.6744907594765952,,,,0.6744907594765948,,,,-0.6744907594765952,,,,0.6744907594765948,,,brick3_q_v2_robust_mahalanobis_clipped,2026-03-18T05:10:36.278770+00:00
LRCX,,,10-Q,2021-09-26,2021-10-26,https://www.sec.gov/Archives/edgar/data/707549/000070754921000155/lrcx-20210926.htm,,,,,,0,,,,,,,robust_mcd,,,,,,,,,,,,,,,,,,,,,,,,,brick3_q_v2_robust_mahalanobis_clipped,2026-03-18T05:10:36.278770+00:00
MNST,,,10-Q,2021-03-31,2021-05-07,https://www.sec.gov/Archives/edgar/data/865752/000110465921063189/mnst-20210331x10q.htm,,,,1.7777495186854242,1.7777495186854242,2,equity_to_assets,2.3377,assets_growth_yoy,1.2178,,,robust_mcd,,,,,,,,,,1.2177852097422432,,,,2.337713827628605,,,,1.2177852097422432,,,,2.337713827628605,,,brick3_q_v2_robust_mahalanobis_clipped,2026-03-18T05:10:36.278770+00:00
MNST,,,10-Q,2021-06-30,2021-08-09,https://www.sec.gov/Archives/edgar/data/865752/000110465921101583/mnst-20210630x10q.htm,,,,1.86512464092498,1.86512464092498,2,equity_to_assets,2.0519,assets_growth_yoy,1.6783,,,robust_mcd,,,,,,,,,,1.6783220511860126,,,,2.051927230663947,,,,1.6783220511860126,,,,2.051927230663947,,,brick3_q_v2_robust_mahalanobis_clipped,2026-03-18T05:10:36.278770+00:00
MNST,,,10-Q,2021-09-30,2021-11-05,https://www.sec.gov/Archives/edgar/data/865752/000110465921135130/mnst-20210930x10q.htm,,,,2.0158477464121782,2.0158477464121782,2,equity_to_assets,2.2709,assets_growth_yoy,1.7608,,,robust_mcd,,,,,,,,,,1.7607753296948814,,,,2.2709201631294755,,,,1.7607753296948814,,,,2.2709201631294755,,,brick3_q_v2_robust_mahalanobis_clipped,2026-03-18T05:10:36.278770+00:00
MNST,,,10-Q,2022-03-31,2022-05-06,https://www.sec.gov/Archives/edgar/data/865752/000110465922057028/mnst-20220331x10q.htm,,,,1.7343520809139497,1.7343520809139497,2,equity_to_assets,1.9651,assets_growth_yoy,1.5036,,,robust_mcd,,,,,,,,,,1.50364740576569,,,,1.9650567560622094,,,,1.50364740576569,,,,1.9650567560622094,,,brick3_q_v2_robust_mahalanobis_clipped,2026-03-18T05:10:36.278770+00:00
MNST,,,10-Q,2022-06-30,2022-08-05,https://www.sec.gov/Archives/edgar/data/865752/000110465922086741/mnst-20220630x10q.htm,,,2.9255954998971365,1.3195576616213804,1.2275342352897296,2,assets_growth_yoy,-2.0901,equity_to_assets,-0.3649,,,robust_mcd,,-4.164606000868406,,,,-1.6865849989258674,,,,1.0215714740840092,,,,1.6175438491587517,,,,-2.0901350108874395,,,,-0.36493345969201973,,,brick3_q_v2_robust_mahalanobis_clipped,2026-03-18T05:10:36.278770+00:00
MNST,,,10-Q,2022-09-30,2022-11-04,https://www.sec.gov/Archives/edgar/data/865752/000110465922114849/mnst-20220930x10q.htm,,,1.9135468304376415,1.0814110939690673,0.7155636606749578,2,assets_growth_yoy,-1.2905,equity_to_assets,-0.1407,,,robust_mcd,,-2.569439756584403,,,,-1.2576539042908796,,,,0.6279740903538957,,,,1.5348480975842387,,,,-1.2904742178090833,,,,-0.14065310354083227,,,brick3_q_v2_robust_mahalanobis_clipped,2026-03-18T05:10:36.278770+00:00
MNST,,,10-Q,2023-03-31,2023-05-05,https://www.sec.gov/Archives/edgar/data/865752/000110465923056507/mnst-20230331x10q.htm,,,1.073646978470205,0.8860093859290747,0.9667235473989987,2,assets_growth_yoy,-1.1268,equity_to_assets,0.8067,,,robust_mcd,,-1.9310632076758265,,,,0.2162307492645833,,,,0.07967098513688545,,,,1.692347786721264,,,,-1.1267695305507417,,,,0.8066775642472557,,,brick3_q_v2_robust_mahalanobis_clipped,2026-03-18T05:10:36.278770+00:00
MNST,,,10-Q,2023-06-30,2023-08-04,https://www.sec.gov/Archives/edgar/data/865752/000110465923087927/mnst-20230630x10q.htm,,,1.8614605035946363,1.179042039007553,1.386348853037444,2,equity_to_assets,2.4745,assets_growth_yoy,-0.2982,,,robust_mcd,,-0.8339293164006186,,,,2.888991690788654,,,,0.5053606618058979,,,,1.852723416209208,,,,-0.298213325118012,,,,2.4744843809568757,,,brick3_q_v2_robust_mahalanobis_clipped,2026-03-18T05:10:36.278770+00:00
MNST,,,10-Q,2023-09-30,2023-11-06,https://www.sec.gov/Archives/edgar/data/865752/000110465923114789/mnst-20230930x10q.htm,,,1.419182251478178,1.0610337255668767,1.1089852013868144,2,equity_to_assets,2.1127,assets_growth_yoy,-0.1052,,,robust_mcd,,-0.4536140315478771,,,,2.384750471408479,,,,0.4173440993171082,,,,1.7047233518166454,,,,-0.10523077920188295,,,,2.1127396235717457,,,brick3_q_v2_robust_mahalanobis_clipped,2026-03-18T05:10:36.278770+00:00
MNST,,,10-Q,2024-03-31,2024-05-07,https://www.sec.gov/Archives/edgar/data/865752/000141057824000605/mnst-20240331x10q.htm,,,1.844546747780631,1.048751234022522,1.4499356675837696,2,equity_to_assets,2.7806,assets_growth_yoy,0.1192,,,robust_mcd,,-0.12715479115602987,,,,3.561938704405232,,,,0.48881442103074724,,,,1.608688047014297,,,,0.11923289371868098,,,,2.780638441448858,,,brick3_q_v2_robust_mahalanobis_clipped,2026-03-18T05:10:36.278770+00:00
MNST,,,10-Q,2024-06-30,2024-08-08,https://www.sec.gov/Archives/edgar/data/865752/000141057824001239/mnst-20240630x10q.htm,,,5.618324834933133,1.4735067857331972,3.506305595065102,2,equity_to_assets,-4.3459,assets_growth_yoy,-2.6667,,,robust_mcd,,-3.2366496698662655,,,,-8.0,,,,-1.8117835209962534,,,,1.135230050470141,,,,-2.6667032103182606,,,,-4.345907979811943,,,brick3_q_v2_robust_mahalanobis_clipped,2026-03-18T05:10:36.278770+00:00
MNST,,,10-Q,2024-09-30,2024-11-08,https://www.sec.gov/Archives/edgar/data/865752/000141057824001818/mnst-20240930x10q.htm,,,5.519266190392461,1.6444876320419484,3.5534183205547962,2,equity_to_assets,-4.3841,assets_growth_yoy,-2.7228,,,robust_mcd,,-3.038532380784922,,,,-8.0,,,,-2.249134147840248,,,,1.0398411162436492,,,,-2.7227730876070524,,,,-4.38406355350254,,,brick3_q_v2_robust_mahalanobis_clipped,2026-03-18T05:10:36.278770+00:00
MNST,,,10-Q,2025-03-31,2025-05-09,https://www.sec.gov/Archives/edgar/data/865752/000141057825001122/mnst-20250331x10q.htm,,,4.907185156872151,1.758428483132688,3.120445998574496,2,equity_to_assets,-3.8444,assets_growth_yoy,-2.3965,,,robust_mcd,,-2.5283110868963146,,,,-7.286059226847988,,,,-2.198765744260702,,,,1.3180912220046743,,,,-2.3964929498420693,,,,-3.8443990473069225,,,brick3_q_v2_robust_mahalanobis_clipped,2026-03-18T05:10:36.278770+00:00
MNST,,,10-Q,2025-06-30,2025-08-08,https://www.sec.gov/Archives/edgar/data/865752/000141057825001620/mnst-20250630x10q.htm,,,0.9756842429274326,0.6645906480045671,0.3195742865546327,2,equity_to_assets,-0.4596,assets_growth_yoy,-0.1795,,,robust_mcd,,-0.29921812267365394,,,,-1.6521503631812113,,,,0.0,,,,1.3291812960091343,,,,-0.17953087360419237,,,,-0.45961769950507303,,,brick3_q_v2_robust_mahalanobis_clipped,2026-03-18T05:10:36.278770+00:00
MNST,,,10-Q,2025-09-30,2025-11-07,https://www.sec.gov/Archives/edgar/data/865752/000110465925107944/mnst-20250930x10q.htm,,,1.5954047695914726,1.1989469957944343,0.9222343774984904,2,equity_to_assets,-1.1222,assets_growth_yoy,0.7223,,,robust_mcd,,0.46289388226341854,,,,-2.7279156569195266,,,,1.1114257851534515,,,,1.2864682064354171,,,,0.7223066434194316,,,,-1.122162111577549,,,brick3_q_v2_robust_mahalanobis_clipped,2026-03-18T05:10:36.278770+00:00
MU,,,10-Q,2021-03-04,2021-04-01,https://www.sec.gov/Archives/edgar/data/723125/000072312521000032/mu-20210304.htm,,,,,,0,,,,,,,robust_mcd,,,,,,,,,,,,,,,,,,,,,,,,,brick3_q_v2_robust_mahalanobis_clipped,2026-03-18T05:10:36.278770+00:00
MU,,,10-Q,2021-06-03,2021-07-01,https://www.sec.gov/Archives/edgar/data/723125/000072312521000052/mu-20210603.htm,,,,,,0,,,,,,,robust_mcd,,,,,,,,,,,,,,,,,,,,,,,,,brick3_q_v2_robust_mahalanobis_clipped,2026-03-18T05:10:36.278770+00:00
MU,,,10-Q,2021-12-02,2022-01-06,https://www.sec.gov/Archives/edgar/data/723125/000072312522000004/mu-20211202.htm,,,,,,0,,,,,,,robust_mcd,,,,,,,,,,,,,,,,,,,,,,,,,brick3_q_v2_robust_mahalanobis_clipped,2026-03-18T05:10:36.278770+00:00
MU,,,10-Q,2022-03-03,2022-03-30,https://www.sec.gov/Archives/edgar/data/723125/000072312522000016/mu-20220303.htm,,,,,,0,,,,,,,robust_mcd,,,,,,,,,,,,,,,,,,,,,,,,,brick3_q_v2_robust_mahalanobis_clipped,2026-03-18T05:10:36.278770+00:00
NXPI,,,10-Q,2021-04-04,2021-04-27,https://www.sec.gov/Archives/edgar/data/1413447/000141344721000032/nxpi-20210404.htm,,,,,,0,,,,,,,robust_mcd,,,,,,,,,,,,,,,,,,,,,,,,,brick3_q_v2_robust_mahalanobis_clipped,2026-03-18T05:10:36.278770+00:00
NXPI,,,10-Q,2021-07-04,2021-08-03,https://www.sec.gov/Archives/edgar/data/1413447/000141344721000062/nxpi-20210704.htm,,,,,,0,,,,,,,robust_mcd,,,,,,,,,,,,,,,,,,,,,,,,,brick3_q_v2_robust_mahalanobis_clipped,2026-03-18T05:10:36.278770+00:00
NXPI,,,10-Q,2021-10-03,2021-11-02,https://www.sec.gov/Archives/edgar/data/1413447/000141344721000094/nxpi-20211003.htm,,,,,,0,,,,,,,robust_mcd,,,,,,,,,,,,,,,,,,,,,,,,,brick3_q_v2_robust_mahalanobis_clipped,2026-03-18T05:10:36.278770+00:00
PAYX,,,10-Q,2021-02-28,2021-04-07,https://www.sec.gov/Archives/edgar/data/723531/000072353121000016/payx-20210228x10q.htm,,,,0.6744907594765951,0.6744907594765951,2,assets_growth_yoy,0.6745,equity_to_assets,-0.6745,,,robust_mcd,,,,,,,,,,0.6744907594765952,,,,-0.674490759476595,,,,0.6744907594765952,,,,-0.674490759476595,,,brick3_q_v2_robust_mahalanobis_clipped,2026-03-18T05:10:36.278770+00:00
PAYX,,,10-Q,2021-08-31,2021-10-01,https://www.sec.gov/Archives/edgar/data/723531/000072353121000050/payx-20210831x10q.htm,,,,0.6744907594765952,0.6744907594765952,2,assets_growth_yoy,0.6745,equity_to_assets,-0.6745,,,robust_mcd,,,,,,,,,,0.6744907594765952,,,,-0.6744907594765952,,,,0.6744907594765952,,,,-0.6744907594765952,,,brick3_q_v2_robust_mahalanobis_clipped,2026-03-18T05:10:36.278770+00:00
PAYX,,,10-Q,2021-11-30,2021-12-22,https://www.sec.gov/Archives/edgar/data/723531/000072353121000064/payx-20211130x10q.htm,,,,0.6744907594765952,0.6744907594765952,2,assets_growth_yoy,0.6745,equity_to_assets,-0.6745,,,robust_mcd,,,,,,,,,,0.6744907594765952,,,,-0.6744907594765952,,,,0.6744907594765952,,,,-0.6744907594765952,,,brick3_q_v2_robust_mahalanobis_clipped,2026-03-18T05:10:36.278770+00:00
PAYX,,,10-Q,2022-02-28,2022-03-31,https://www.sec.gov/Archives/edgar/data/723531/000095017022005198/payx-20220228.htm,,,,0.6744907594765954,0.6744907594765954,2,equity_to_assets,-0.6745,assets_growth_yoy,0.6745,,,robust_mcd,,,,,,,,,,0.6744907594765952,,,,-0.6744907594765956,,,,0.6744907594765952,,,,-0.6744907594765956,,,brick3_q_v2_robust_mahalanobis_clipped,2026-03-18T05:10:36.278770+00:00
PEP,,,10-Q,2021-03-20,2021-04-15,https://www.sec.gov/Archives/edgar/data/77476/000007747621000018/pep-20210320.htm,,,,,,0,,,,,,,robust_mcd,,,,,,,,,,,,,,,,,,,,,,,,,brick3_q_v2_robust_mahalanobis_clipped,2026-03-18T05:10:36.278770+00:00
PEP,,,10-Q,2021-06-12,2021-07-13,https://www.sec.gov/Archives/edgar/data/77476/000007747621000039/pep-20210612.htm,,,,,,0,,,,,,,robust_mcd,,,,,,,,,,,,,,,,,,,,,,,,,brick3_q_v2_robust_mahalanobis_clipped,2026-03-18T05:10:36.278770+00:00
PEP,,,10-Q,2021-09-04,2021-10-05,https://www.sec.gov/Archives/edgar/data/77476/000007747621000050/pep-20210904.htm,,,,,,0,,,,,,,robust_mcd,,,,,,,,,,,,,,,,,,,,,,,,,brick3_q_v2_robust_mahalanobis_clipped,2026-03-18T05:10:36.278770+00:00
PEP,,,10-Q,2022-03-19,2022-04-26,https://www.sec.gov/Archives/edgar/data/77476/000007747622000020/pep-20220319.htm,,,,,,0,,,,,,,robust_mcd,,,,,,,,,,,,,,,,,,,,,,,,,brick3_q_v2_robust_mahalanobis_clipped,2026-03-18T05:10:36.278770+00:00
SBUX,,,10-Q,2022-01-02,2022-02-01,https://www.sec.gov/Archives/edgar/data/829224/000082922422000012/sbux-20220102.htm,,,,,,0,,,,,,,robust_mcd,,,,,,,,,,,,,,,,,,,,,,,,,brick3_q_v2_robust_mahalanobis_clipped,2026-03-18T05:10:36.278770+00:00
SBUX,,,10-Q,2023-01-01,2023-02-02,https://www.sec.gov/Archives/edgar/data/829224/000082922423000017/sbux-20230101.htm,,,1.2408305257161185,,1.2408305257161185,3,ocf_to_net_income,-2.3045,accrual_ratio,1.2151,net_margin,-0.2029,robust_mcd,,,,-0.20287762104959045,,,1.2150946226576576,-2.3045193334411076,,,,,,,,,,,,-0.20287762104959045,,,1.2150946226576576,-2.3045193334411076,brick3_q_v2_robust_mahalanobis_clipped,2026-03-18T05:10:36.278770+00:00
