ticker,company_name,form_type,report_date,filing_url,anomaly_score_0_100,mahalanobis_distance,self_history_score,peer_relative_score,combined_signal_strength,num_features_used,top_driver_1,top_driver_1_value,top_driver_2,top_driver_2_value,top_driver_3,top_driver_3_value,model_type,scoring_version,scored_at
WBD,,10-Q,2022-06-30,https://www.sec.gov/Archives/edgar/data/1437107/000143710722000209/disca-20220630.htm,100.0,2372.0201835239313,4.293691300369776,3.8499940372365202,4.113572883005834,8,revenue_growth_yoy,8.0,assets_growth_yoy,8.0,net_margin,-5.9955,robust_mcd,brick3_q_v2_robust_mahalanobis_clipped,2026-03-18T05:10:36.278770+00:00
FANG,,10-Q,2022-03-31,https://www.sec.gov/Archives/edgar/data/1539838/000153983822000058/fang-20220331.htm,99.92,1778.3877060104421,,2.4584498101849266,2.4584498101849266,8,revenue_growth_yoy,8.0,net_income_growth_yoy,4.6432,net_margin,4.4963,robust_mcd,brick3_q_v2_robust_mahalanobis_clipped,2026-03-18T05:10:36.278770+00:00
WBD,,10-Q,2022-09-30,https://www.sec.gov/Archives/edgar/data/1437107/000143710722000231/disca-20220930.htm,99.85,1777.954215445715,3.187814272610769,3.6530880179703136,3.324937033724642,8,revenue_growth_yoy,8.0,assets_growth_yoy,8.0,net_income_growth_yoy,-5.2252,robust_mcd,brick3_q_v2_robust_mahalanobis_clipped,2026-03-18T05:10:36.278770+00:00
WBD,,10-Q,2023-03-31,https://www.sec.gov/Archives/edgar/data/1437107/000143710723000077/disca-20230331.htm,99.77,1701.3383825143735,2.524589417124697,3.584602392362322,2.9428055259339168,8,revenue_growth_yoy,8.0,assets_growth_yoy,8.0,net_income_growth_yoy,-3.666,robust_mcd,brick3_q_v2_robust_mahalanobis_clipped,2026-03-18T05:10:36.278770+00:00
MAR,,10-Q,2022-03-31,https://www.sec.gov/Archives/edgar/data/1048286/000162828022012175/mar-20220331.htm,99.69,1622.9419788000234,,2.619565749365712,2.619565749365712,7,revenue_growth_yoy,8.0,net_income_growth_yoy,8.0,equity_to_assets,-1.1239,robust_mcd,brick3_q_v2_robust_mahalanobis_clipped,2026-03-18T05:10:36.278770+00:00
ADP,,10-Q,2021-12-31,https://www.sec.gov/Archives/edgar/data/8670/000000867022000014/adp-20211231.htm,99.61,1599.571175780293,,1.8478312305734865,1.8478312305734865,8,revenue_growth_yoy,8.0,debt_to_assets,2.2117,equity_to_assets,-2.1798,robust_mcd,brick3_q_v2_robust_mahalanobis_clipped,2026-03-18T05:10:36.278770+00:00
BKNG,,10-Q,2022-03-31,https://www.sec.gov/Archives/edgar/data/1075531/000107553122000022/bkng-20220331.htm,99.54,1595.5001706634057,,2.6353255244451983,2.6353255244451983,4,revenue_growth_yoy,8.0,assets_growth_yoy,-1.0597,debt_to_assets,0.8608,robust_mcd,brick3_q_v2_robust_mahalanobis_clipped,2026-03-18T05:10:36.278770+00:00
BKNG,,10-Q,2021-06-30,https://www.sec.gov/Archives/edgar/data/1075531/000107553121000044/bkng-20210630.htm,99.46,1594.490251809059,,2.5021195113065064,2.5021195113065064,4,revenue_growth_yoy,8.0,debt_to_assets,0.9784,equity_to_assets,-0.8689,robust_mcd,brick3_q_v2_robust_mahalanobis_clipped,2026-03-18T05:10:36.278770+00:00
TSLA,,10-Q,2022-03-31,https://www.sec.gov/Archives/edgar/data/1318605/000095017022006034/tsla-20220331.htm,99.38,1588.1459253210803,,2.5309972866234274,2.5309972866234274,8,revenue_growth_yoy,8.0,net_income_growth_yoy,8.0,net_margin,1.6596,robust_mcd,brick3_q_v2_robust_mahalanobis_clipped,2026-03-18T05:10:36.278770+00:00
FANG,,10-Q,2021-06-30,https://www.sec.gov/Archives/edgar/data/1539838/000153983821000117/fang-20210630.htm,99.31,1580.4931782061653,,1.6842849222827352,1.6842849222827352,8,revenue_growth_yoy,8.0,ocf_to_net_income,1.7637,net_margin,1.2044,robust_mcd,brick3_q_v2_robust_mahalanobis_clipped,2026-03-18T05:10:36.278770+00:00
ALNY,,10-Q,2021-03-31,https://www.sec.gov/Archives/edgar/data/1178670/000117867021000017/alny-20210331.htm,99.23,1462.0993312966089,,2.0377330823377915,2.0377330823377915,8,net_margin,-8.0,revenue_growth_yoy,3.5227,assets_growth_yoy,1.7337,robust_mcd,brick3_q_v2_robust_mahalanobis_clipped,2026-03-18T05:10:36.278770+00:00
ALNY,,10-Q,2021-06-30,https://www.sec.gov/Archives/edgar/data/1178670/000117867021000024/alny-20210630.htm,99.15,1286.0778348910353,,1.9210251416835296,1.9210251416835296,8,net_margin,-8.0,revenue_growth_yoy,2.5446,accrual_ratio,2.1629,robust_mcd,brick3_q_v2_robust_mahalanobis_clipped,2026-03-18T05:10:36.278770+00:00
APP,,10-Q,2021-03-31,https://www.sec.gov/Archives/edgar/data/1751008/000119312521161989/d16771d10q.htm,99.07,1252.228957190935,,4.182435285070411,4.182435285070411,8,assets_growth_yoy,8.0,revenue_growth_yoy,6.9012,net_income_growth_yoy,-6.8074,robust_mcd,brick3_q_v2_robust_mahalanobis_clipped,2026-03-18T05:10:36.278770+00:00
STX,,10-Q,2023-09-29,https://www.sec.gov/Archives/edgar/data/1137789/000113778923000128/stx-20230929.htm,99.0,1157.0836382732755,2.6928381983594964,0.6744907594765953,2.130229006546825,8,revenue_growth_yoy,-6.8562,equity_to_assets,-3.2615,debt_to_assets,3.2615,robust_mcd,brick3_q_v2_robust_mahalanobis_clipped,2026-03-18T05:10:36.278770+00:00
ALNY,,10-Q,2021-09-30,https://www.sec.gov/Archives/edgar/data/1178670/000117867021000028/alny-20210930.htm,98.92,1115.185162808073,,1.8688227195477307,1.8688227195477307,8,net_margin,-8.0,accrual_ratio,2.9221,revenue_growth_yoy,1.127,robust_mcd,brick3_q_v2_robust_mahalanobis_clipped,2026-03-18T05:10:36.278770+00:00
MSTR,,10-Q,2021-03-31,https://www.sec.gov/Archives/edgar/data/1050446/000156459021021949/mstr-10q_20210331.htm,98.84,1099.2481532994316,,3.891680089126785,3.891680089126785,8,assets_growth_yoy,8.0,net_income_growth_yoy,-8.0,net_margin,-8.0,robust_mcd,brick3_q_v2_robust_mahalanobis_clipped,2026-03-18T05:10:36.278770+00:00
ALNY,,10-Q,2022-03-31,https://www.sec.gov/Archives/edgar/data/1178670/000117867022000016/alny-20220331.htm,98.77,1096.672198032842,,1.6541075384948303,1.6541075384948303,8,net_margin,-8.0,debt_to_assets,1.1453,revenue_growth_yoy,0.9842,robust_mcd,brick3_q_v2_robust_mahalanobis_clipped,2026-03-18T05:10:36.278770+00:00
MSTR,,10-Q,2021-06-30,https://www.sec.gov/Archives/edgar/data/1050446/000156459021039125/mstr-10q_20210630.htm,98.69,1085.9164526879122,,4.01110850618786,4.01110850618786,8,assets_growth_yoy,8.0,net_income_growth_yoy,-8.0,net_margin,-8.0,robust_mcd,brick3_q_v2_robust_mahalanobis_clipped,2026-03-18T05:10:36.278770+00:00
MSTR,,10-Q,2022-03-31,https://www.sec.gov/Archives/edgar/data/1050446/000156459022017437/mstr-10q_20220331.htm,98.61,1083.073431623034,,2.4395508495955,2.4395508495955,8,net_margin,-8.0,assets_growth_yoy,3.4783,accrual_ratio,-2.2844,robust_mcd,brick3_q_v2_robust_mahalanobis_clipped,2026-03-18T05:10:36.278770+00:00
EA,,10-Q,2021-12-31,https://www.sec.gov/Archives/edgar/data/712515/000071251522000003/ea-20211231.htm,98.54,1052.4822353230747,,2.4572303363471777,2.4572303363471777,8,net_margin,-8.0,ocf_to_net_income,8.0,net_income_growth_yoy,-1.0011,robust_mcd,brick3_q_v2_robust_mahalanobis_clipped,2026-03-18T05:10:36.278770+00:00
MELI,,10-Q,2022-03-31,https://www.sec.gov/Archives/edgar/data/1099590/000156276222000223/meli-20220331x10q.htm,98.46,1024.8774167113515,,3.9082268892479775,3.9082268892479775,8,assets_growth_yoy,8.0,ocf_to_net_income,-6.2556,revenue_growth_yoy,6.1716,robust_mcd,brick3_q_v2_robust_mahalanobis_clipped,2026-03-18T05:10:36.278770+00:00
ALNY,,10-Q,2022-09-30,https://www.sec.gov/Archives/edgar/data/1178670/000117867022000026/alny-20220930.htm,98.38,890.5624910167405,2.553741738956178,2.110557576611871,2.30666979785242,8,net_margin,-7.3056,net_income_growth_yoy,-4.522,debt_to_assets,2.0483,robust_mcd,brick3_q_v2_robust_mahalanobis_clipped,2026-03-18T05:10:36.278770+00:00
CEG,,10-Q,2023-06-30,https://www.sec.gov/Archives/edgar/data/1868275/000186827523000064/ceg-20230630.htm,98.3,886.0563460252993,4.026930606036212,1.885354944043538,2.7001574919234006,8,net_income_growth_yoy,8.0,revenue_growth_yoy,-4.9504,net_margin,3.5009,robust_mcd,brick3_q_v2_robust_mahalanobis_clipped,2026-03-18T05:10:36.278770+00:00
FANG,,10-Q,2021-09-30,https://www.sec.gov/Archives/edgar/data/1539838/000153983821000126/fang-20210930.htm,98.23,870.9427217838914,,1.962719940268102,1.962719940268102,8,revenue_growth_yoy,5.4314,net_margin,3.6334,net_income_growth_yoy,3.048,robust_mcd,brick3_q_v2_robust_mahalanobis_clipped,2026-03-18T05:10:36.278770+00:00
SHOP,,10-Q,2025-03-31,https://www.sec.gov/Archives/edgar/data/1594805/000159480525000046/shop-20250331.htm,98.15,719.1850497686169,,2.705277784903156,2.705277784903156,7,net_margin,-5.9363,accrual_ratio,-4.2998,net_income_growth_yoy,-2.9229,robust_mcd,brick3_q_v2_robust_mahalanobis_clipped,2026-03-18T05:10:36.278770+00:00
MDLZ,,10-Q,2023-03-31,https://www.sec.gov/Archives/edgar/data/1103982/000110398223000018/mdlz-20230331.htm,98.07,690.8609045467285,4.004838987057437,1.1190143852729522,2.844720065057812,8,revenue_growth_yoy,5.0118,equity_to_assets,-3.6927,debt_to_assets,3.6882,robust_mcd,brick3_q_v2_robust_mahalanobis_clipped,2026-03-18T05:10:36.278770+00:00
ALNY,,10-Q,2022-06-30,https://www.sec.gov/Archives/edgar/data/1178670/000117867022000020/alny-20220630.htm,98.0,647.6888646211405,3.478963102563725,1.798042092398631,2.7340609039132917,8,net_margin,-5.8705,assets_growth_yoy,-5.1654,debt_to_assets,2.6929,robust_mcd,brick3_q_v2_robust_mahalanobis_clipped,2026-03-18T05:10:36.278770+00:00
ADBE,,10-Q,2024-03-01,https://www.sec.gov/Archives/edgar/data/796343/000079634324000065/adbe-20240301.htm,97.92,614.6297398953051,1.401752768951968,,1.401752768951968,8,net_margin,-6.1549,assets_growth_yoy,-2.1413,accrual_ratio,1.0622,robust_mcd,brick3_q_v2_robust_mahalanobis_clipped,2026-03-18T05:10:36.278770+00:00
GOOG,,10-Q,2025-09-30,https://www.sec.gov/Archives/edgar/data/1652044/000165204425000091/goog-20250930.htm,97.8,609.2129710029456,2.0933875264946304,1.268555199971409,1.6570373383589891,8,net_margin,6.149,assets_growth_yoy,3.5453,accrual_ratio,-1.0683,robust_mcd,brick3_q_v2_robust_mahalanobis_clipped,2026-03-18T05:10:36.278770+00:00
GOOGL,,10-Q,2025-09-30,https://www.sec.gov/Archives/edgar/data/1652044/000165204425000091/goog-20250930.htm,97.8,609.2129710029456,2.0933875264946304,1.268555199971409,1.6570373383589891,8,net_margin,6.149,assets_growth_yoy,3.5453,accrual_ratio,-1.0683,robust_mcd,brick3_q_v2_robust_mahalanobis_clipped,2026-03-18T05:10:36.278770+00:00
CMCSA,,10-Q,2022-09-30,https://www.sec.gov/Archives/edgar/data/1166691/000116669122000039/cmcsa-20220930.htm,97.69,575.6290188924621,4.309223522060504,1.8952860940935872,3.3436485508737377,7,net_margin,-5.7092,net_income_growth_yoy,-5.2924,equity_to_assets,-4.0062,robust_mcd,brick3_q_v2_robust_mahalanobis_clipped,2026-03-18T05:10:36.278770+00:00
MDLZ,,10-Q,2023-06-30,https://www.sec.gov/Archives/edgar/data/1103982/000110398223000043/mdlz-20230630.htm,97.61,572.1804283494545,2.1845544630985523,0.26717536697249183,1.3795773462746381,8,revenue_growth_yoy,4.7375,assets_growth_yoy,1.9469,debt_to_assets,1.876,robust_mcd,brick3_q_v2_robust_mahalanobis_clipped,2026-03-18T05:10:36.278770+00:00
GOOG,,10-Q,2024-09-30,https://www.sec.gov/Archives/edgar/data/1652044/000165204424000118/goog-20240930.htm,97.49,569.2635661318434,1.7577169781145496,1.0671214649900709,1.43658830207747,8,net_margin,5.9,equity_to_assets,1.3019,debt_to_assets,-1.2083,robust_mcd,brick3_q_v2_robust_mahalanobis_clipped,2026-03-18T05:10:36.278770+00:00
GOOGL,,10-Q,2024-09-30,https://www.sec.gov/Archives/edgar/data/1652044/000165204424000118/goog-20240930.htm,97.49,569.2635661318434,1.7577169781145496,1.0671214649900709,1.43658830207747,8,net_margin,5.9,equity_to_assets,1.3019,debt_to_assets,-1.2083,robust_mcd,brick3_q_v2_robust_mahalanobis_clipped,2026-03-18T05:10:36.278770+00:00
MAR,,10-Q,2021-06-30,https://www.sec.gov/Archives/edgar/data/1048286/000162828021015288/mar-20210630.htm,97.38,567.8760256286309,,1.8744359399895363,1.8744359399895363,7,revenue_growth_yoy,4.6942,net_income_growth_yoy,3.183,equity_to_assets,-1.6448,robust_mcd,brick3_q_v2_robust_mahalanobis_clipped,2026-03-18T05:10:36.278770+00:00
GOOG,,10-Q,2024-06-30,https://www.sec.gov/Archives/edgar/data/1652044/000165204424000079/goog-20240630.htm,97.26,553.5548376233264,1.6811727254775595,0.9748285833653129,1.316088699999621,8,net_margin,5.8609,equity_to_assets,1.3374,debt_to_assets,-1.2196,robust_mcd,brick3_q_v2_robust_mahalanobis_clipped,2026-03-18T05:10:36.278770+00:00
GOOGL,,10-Q,2024-06-30,https://www.sec.gov/Archives/edgar/data/1652044/000165204424000079/goog-20240630.htm,97.26,553.5548376233264,1.6811727254775595,0.9748285833653129,1.316088699999621,8,net_margin,5.8609,equity_to_assets,1.3374,debt_to_assets,-1.2196,robust_mcd,brick3_q_v2_robust_mahalanobis_clipped,2026-03-18T05:10:36.278770+00:00
EXC,,10-Q,2022-06-30,https://www.sec.gov/Archives/edgar/data/1109357/000110935722000092/exc-20220630.htm,97.15,546.5723190367019,4.461923830644533,0.9574794499606099,2.886351771237816,4,assets_growth_yoy,-5.7146,revenue_growth_yoy,4.6093,debt_to_assets,0.7403,robust_mcd,brick3_q_v2_robust_mahalanobis_clipped,2026-03-18T05:10:36.278770+00:00
EXC,,10-Q,2022-09-30,https://www.sec.gov/Archives/edgar/data/1109357/000110935722000113/exc-20220930.htm,97.07,532.866257439443,4.722468357380052,0.9211904149365449,2.875160607940178,4,assets_growth_yoy,-5.6203,revenue_growth_yoy,4.5547,equity_to_assets,1.194,robust_mcd,brick3_q_v2_robust_mahalanobis_clipped,2026-03-18T05:10:36.278770+00:00
MSTR,,10-Q,2021-09-30,https://www.sec.gov/Archives/edgar/data/1050446/000156459021052646/mstr-10q_20210930.htm,96.99,530.9700471017838,,3.0805628541794166,3.0805628541794166,8,assets_growth_yoy,8.0,net_margin,-5.51,net_income_growth_yoy,-4.1295,robust_mcd,brick3_q_v2_robust_mahalanobis_clipped,2026-03-18T05:10:36.278770+00:00
AEP,,10-Q,2023-09-30,https://www.sec.gov/Archives/edgar/data/4904/000000490423000121/aep-20230930.htm,96.92,515.9768443430058,1.9942644650738504,0.7304059163346068,1.2469363951816133,8,net_margin,5.1963,revenue_growth_yoy,-1.4519,net_income_growth_yoy,1.0562,robust_mcd,brick3_q_v2_robust_mahalanobis_clipped,2026-03-18T05:10:36.278770+00:00
PYPL,,10-Q,2022-06-30,https://www.sec.gov/Archives/edgar/data/1633917/000163391722000137/pypl-20220630.htm,96.84,515.6935811763398,3.2927730963982786,1.1713094735440184,2.437300783079608,8,ocf_to_net_income,-6.4974,net_margin,-5.545,net_income_growth_yoy,-2.3244,robust_mcd,brick3_q_v2_robust_mahalanobis_clipped,2026-03-18T05:10:36.278770+00:00
GOOG,,10-Q,2025-06-30,https://www.sec.gov/Archives/edgar/data/1652044/000165204425000062/goog-20250630.htm,96.72,502.2772552336537,1.9829167129193348,0.951991305835596,1.4001236408455238,8,net_margin,5.5955,assets_growth_yoy,2.9618,equity_to_assets,0.6984,robust_mcd,brick3_q_v2_robust_mahalanobis_clipped,2026-03-18T05:10:36.278770+00:00
GOOGL,,10-Q,2025-06-30,https://www.sec.gov/Archives/edgar/data/1652044/000165204425000062/goog-20250630.htm,96.72,502.2772552336537,1.9829167129193348,0.951991305835596,1.4001236408455238,8,net_margin,5.5955,assets_growth_yoy,2.9618,equity_to_assets,0.6984,robust_mcd,brick3_q_v2_robust_mahalanobis_clipped,2026-03-18T05:10:36.278770+00:00
NVDA,,10-Q,2022-10-30,https://www.sec.gov/Archives/edgar/data/1045810/000104581022000166/nvda-20221030.htm,96.61,501.3060670671522,2.1877930615596584,,2.1877930615596584,5,net_margin,-5.5551,ocf_to_net_income,2.4386,debt_to_assets,1.3465,robust_mcd,brick3_q_v2_robust_mahalanobis_clipped,2026-03-18T05:10:36.278770+00:00
PEP,,10-Q,2022-06-11,https://www.sec.gov/Archives/edgar/data/77476/000007747622000043/pep-20220611.htm,96.53,452.962039493492,2.2848918098068673,,2.2848918098068673,5,net_margin,-5.2179,equity_to_assets,2.4443,debt_to_assets,-2.4399,robust_mcd,brick3_q_v2_robust_mahalanobis_clipped,2026-03-18T05:10:36.278770+00:00
APP,,10-Q,2024-03-31,https://www.sec.gov/Archives/edgar/data/1751008/000175100824000043/app-20240331.htm,96.45,446.3052473407632,2.220625461518426,2.5943486241766793,2.229001496164976,8,net_income_growth_yoy,5.4117,revenue_growth_yoy,3.4448,net_margin,3.3385,robust_mcd,brick3_q_v2_robust_mahalanobis_clipped,2026-03-18T05:10:36.278770+00:00
INTU,,10-Q,2023-04-30,https://www.sec.gov/Archives/edgar/data/896878/000089687823000020/intu-20230430.htm,96.38,444.9083885160048,2.2143819568368825,0.5182343871822843,1.4204310891730216,8,net_margin,5.0832,accrual_ratio,-2.1069,assets_growth_yoy,-1.7105,robust_mcd,brick3_q_v2_robust_mahalanobis_clipped,2026-03-18T05:10:36.278770+00:00
CTSH,,10-Q,2025-09-30,https://www.sec.gov/Archives/edgar/data/1058290/000105829025000341/ctsh-20250930.htm,96.3,434.4413465176214,3.021679650094983,1.1414163296048079,2.2226344747826765,8,net_margin,-5.0927,ocf_to_net_income,4.3733,net_income_growth_yoy,-3.54,robust_mcd,brick3_q_v2_robust_mahalanobis_clipped,2026-03-18T05:10:36.278770+00:00
APP,,10-Q,2024-06-30,https://www.sec.gov/Archives/edgar/data/1751008/000175100824000055/app-20240630.htm,96.22,426.36970075133155,1.5404696461487455,2.5767182920003076,1.8866455675765992,8,revenue_growth_yoy,3.8114,net_income_growth_yoy,2.9734,accrual_ratio,-2.5911,robust_mcd,brick3_q_v2_robust_mahalanobis_clipped,2026-03-18T05:10:36.278770+00:00
SBUX,,10-Q,2023-07-02,https://www.sec.gov/Archives/edgar/data/829224/000082922423000044/sbux-20230702.htm,96.14,410.0604578108033,1.3476836513558916,0.6744907594765953,1.1874434704008272,8,net_margin,4.8748,accrual_ratio,-1.1306,revenue_growth_yoy,-0.6745,robust_mcd,brick3_q_v2_robust_mahalanobis_clipped,2026-03-18T05:10:36.278770+00:00
APP,,10-Q,2021-06-30,https://www.sec.gov/Archives/edgar/data/1751008/000175100821000005/app-20210630.htm,96.07,403.45689740009453,,2.489242550809283,2.489242550809283,8,assets_growth_yoy,8.0,ocf_to_net_income,4.7974,revenue_growth_yoy,3.5842,robust_mcd,brick3_q_v2_robust_mahalanobis_clipped,2026-03-18T05:10:36.278770+00:00
INTU,,10-Q,2022-04-30,https://www.sec.gov/Archives/edgar/data/896878/000089687822000021/intu-20220430.htm,95.99,398.9869594060458,1.7881369187563954,0.7785942478618539,1.0980731290021544,8,net_margin,4.9632,accrual_ratio,-1.4817,assets_growth_yoy,0.9571,robust_mcd,brick3_q_v2_robust_mahalanobis_clipped,2026-03-18T05:10:36.278770+00:00
EA,,10-Q,2024-06-30,https://www.sec.gov/Archives/edgar/data/712515/000071251524000039/ea-20240630.htm,95.91,394.28415601072186,1.1424528928502626,1.0126298405066534,1.0905236719128188,8,revenue_growth_yoy,-3.9539,net_income_growth_yoy,-1.3535,assets_growth_yoy,-1.0134,robust_mcd,brick3_q_v2_robust_mahalanobis_clipped,2026-03-18T05:10:36.278770+00:00
TSLA,,10-Q,2021-06-30,https://www.sec.gov/Archives/edgar/data/1318605/000095017021000524/tsla-20210630.htm,95.84,388.063785479026,,1.989978951860409,1.989978951860409,8,net_income_growth_yoy,8.0,revenue_growth_yoy,3.8605,assets_growth_yoy,2.2625,robust_mcd,brick3_q_v2_robust_mahalanobis_clipped,2026-03-18T05:10:36.278770+00:00
APP,,10-Q,2024-09-30,https://www.sec.gov/Archives/edgar/data/1751008/000175100824000062/app-20240930.htm,95.76,377.8579263587193,1.408246620017061,2.6160125827470573,1.8859633548430565,8,accrual_ratio,-3.7112,revenue_growth_yoy,3.4753,net_income_growth_yoy,3.3774,robust_mcd,brick3_q_v2_robust_mahalanobis_clipped,2026-03-18T05:10:36.278770+00:00
CTSH,,10-Q,2023-06-30,https://www.sec.gov/Archives/edgar/data/1058290/000105829023000258/ctsh-20230630.htm,95.68,357.4181893877691,1.8945024898961347,0.6104043953966554,1.301990131037509,8,net_margin,-4.6364,equity_to_assets,1.6887,debt_to_assets,-1.4705,robust_mcd,brick3_q_v2_robust_mahalanobis_clipped,2026-03-18T05:10:36.278770+00:00
TSLA,,10-Q,2021-03-31,https://www.sec.gov/Archives/edgar/data/1318605/000095017021000046/tsla-20210331.htm,95.61,350.6233527666521,,2.0940626990009084,2.0940626990009084,8,net_income_growth_yoy,8.0,revenue_growth_yoy,3.6493,ocf_to_net_income,2.0473,robust_mcd,brick3_q_v2_robust_mahalanobis_clipped,2026-03-18T05:10:36.278770+00:00
FANG,,10-Q,2025-03-31,https://www.sec.gov/Archives/edgar/data/1539838/000153983825000066/fang-20250331.htm,95.53,344.9437829532336,1.429128952943824,2.7758480275584767,1.8859938744273883,8,assets_growth_yoy,8.0,revenue_growth_yoy,3.4819,net_margin,1.7251,robust_mcd,brick3_q_v2_robust_mahalanobis_clipped,2026-03-18T05:10:36.278770+00:00
MSTR,,10-Q,2023-03-31,https://www.sec.gov/Archives/edgar/data/1050446/000095017023016229/mstr-20230331.htm,95.45,339.4215888752546,1.4980828378452098,3.4381154117768817,1.9940395841057483,8,net_income_growth_yoy,4.4815,net_margin,4.4506,accrual_ratio,4.4416,robust_mcd,brick3_q_v2_robust_mahalanobis_clipped,2026-03-18T05:10:36.278770+00:00
NVDA,,10-Q,2022-07-31,https://www.sec.gov/Archives/edgar/data/1045810/000104581022000147/nvda-20220731.htm,95.37,332.4131724215718,3.292985854471786,0.7827442586380766,1.5988025019461005,8,net_margin,-4.5302,ocf_to_net_income,2.9211,net_income_growth_yoy,-2.1396,robust_mcd,brick3_q_v2_robust_mahalanobis_clipped,2026-03-18T05:10:36.278770+00:00
SBUX,,10-Q,2023-12-31,https://www.sec.gov/Archives/edgar/data/829224/000082922424000013/sbux-20231231.htm,95.3,321.91433520234915,0.5226489043774092,1.8982921847854175,1.4148240590900603,8,revenue_growth_yoy,-3.6047,equity_to_assets,-3.5199,debt_to_assets,2.0843,robust_mcd,brick3_q_v2_robust_mahalanobis_clipped,2026-03-18T05:10:36.278770+00:00
PCAR,,10-Q,2021-06-30,https://www.sec.gov/Archives/edgar/data/75362/000156459021039777/pcar-10q_20210630.htm,95.22,314.505861849842,,1.0005127302602739,1.0005127302602739,7,revenue_growth_yoy,3.5035,net_income_growth_yoy,2.5867,accrual_ratio,0.4186,robust_mcd,brick3_q_v2_robust_mahalanobis_clipped,2026-03-18T05:10:36.278770+00:00
PEP,,10-Q,2025-06-14,https://www.sec.gov/Archives/edgar/data/77476/000007747625000044/pep-20250614.htm,95.14,309.5575384456723,2.2295555014230857,,2.2295555014230857,8,assets_growth_yoy,6.7512,net_margin,-4.1872,net_income_growth_yoy,-3.546,robust_mcd,brick3_q_v2_robust_mahalanobis_clipped,2026-03-18T05:10:36.278770+00:00
APP,,10-Q,2023-09-30,https://www.sec.gov/Archives/edgar/data/1751008/000175100823000072/app-20230930.htm,95.07,302.96172759619867,2.053585688636268,2.273427845967533,2.055725969884286,8,net_margin,2.6714,accrual_ratio,-2.6709,net_income_growth_yoy,2.5266,robust_mcd,brick3_q_v2_robust_mahalanobis_clipped,2026-03-18T05:10:36.278770+00:00
MSTR,,10-Q,2024-09-30,https://www.sec.gov/Archives/edgar/data/1050446/000095017024119263/mstr-20240930.htm,94.99,295.2174936848962,1.0936069285548429,3.0600135873554066,1.7405892060127357,8,assets_growth_yoy,3.8532,net_margin,-3.6047,revenue_growth_yoy,-2.0151,robust_mcd,brick3_q_v2_robust_mahalanobis_clipped,2026-03-18T05:10:36.278770+00:00
STX,,10-Q,2023-12-29,https://www.sec.gov/Archives/edgar/data/1137789/000113778924000010/stx-20231229.htm,94.91,293.74783847775353,2.0157496337050462,0.6744907594765953,1.5882791910490426,8,ocf_to_net_income,-3.4528,revenue_growth_yoy,-3.4281,debt_to_assets,2.1614,robust_mcd,brick3_q_v2_robust_mahalanobis_clipped,2026-03-18T05:10:36.278770+00:00
APP,,10-Q,2025-09-30,https://www.sec.gov/Archives/edgar/data/1751008/000175100825000081/app-20250930.htm,94.83,278.5574076743545,0.8639836798831939,2.0257329804743263,1.2828880078842753,8,accrual_ratio,-3.229,revenue_growth_yoy,3.1473,net_margin,1.6068,robust_mcd,brick3_q_v2_robust_mahalanobis_clipped,2026-03-18T05:10:36.278770+00:00
MSTR,,10-Q,2022-06-30,https://www.sec.gov/Archives/edgar/data/1050446/000156459022027479/mstr-10q_20220630.htm,94.76,276.3286007211248,2.4865102388416895,2.8565420690670993,2.3358676616988396,8,accrual_ratio,-5.9754,net_margin,-3.8755,debt_to_assets,2.7834,robust_mcd,brick3_q_v2_robust_mahalanobis_clipped,2026-03-18T05:10:36.278770+00:00
AEP,,10-Q,2024-03-31,https://www.sec.gov/Archives/edgar/data/4904/000000490424000046/aep-20240331.htm,94.68,275.0079453255087,1.4532953345481345,1.0046040051506897,1.2708242468290616,8,net_margin,4.095,net_income_growth_yoy,2.9568,assets_growth_yoy,-1.1772,robust_mcd,brick3_q_v2_robust_mahalanobis_clipped,2026-03-18T05:10:36.278770+00:00
NFLX,,10-Q,2024-03-31,https://www.sec.gov/Archives/edgar/data/1065280/000106528024000128/nflx-20240331.htm,94.6,273.7762040493399,,1.1110735254879607,1.1110735254879607,8,net_margin,4.0858,net_income_growth_yoy,1.4405,assets_growth_yoy,-1.1545,robust_mcd,brick3_q_v2_robust_mahalanobis_clipped,2026-03-18T05:10:36.278770+00:00
APP,,10-Q,2021-09-30,https://www.sec.gov/Archives/edgar/data/1751008/000175100821000009/app-20210930.htm,94.53,273.61771769216057,,2.79235873262692,2.79235873262692,8,assets_growth_yoy,8.0,ocf_to_net_income,8.0,revenue_growth_yoy,2.7346,robust_mcd,brick3_q_v2_robust_mahalanobis_clipped,2026-03-18T05:10:36.278770+00:00
WMT,,10-Q,2025-04-30,https://www.sec.gov/Archives/edgar/data/104169/000010416925000090/wmt-20250430.htm,94.45,264.6340232778145,1.1714715178408792,0.7092154195722059,0.8946240418684155,7,revenue_growth_yoy,-3.3067,accrual_ratio,0.938,ocf_to_net_income,-0.7392,robust_mcd,brick3_q_v2_robust_mahalanobis_clipped,2026-03-18T05:10:36.278770+00:00
MAR,,10-Q,2021-03-31,https://www.sec.gov/Archives/edgar/data/1048286/000162828021009633/mar-20210331.htm,94.37,260.0585402288388,,1.931560326524395,1.931560326524395,7,ocf_to_net_income,-3.3745,revenue_growth_yoy,-3.2477,net_income_growth_yoy,-3.1147,robust_mcd,brick3_q_v2_robust_mahalanobis_clipped,2026-03-18T05:10:36.278770+00:00
SBUX,,10-Q,2025-12-28,https://www.sec.gov/Archives/edgar/data/829224/000082922426000011/sbux-20251228.htm,94.29,256.1277263906676,1.3112221994516708,2.107108863543921,2.083480342131565,8,debt_to_assets,8.0,ocf_to_net_income,3.246,net_margin,-2.6814,robust_mcd,brick3_q_v2_robust_mahalanobis_clipped,2026-03-18T05:10:36.278770+00:00
BKNG,,10-Q,2021-03-31,https://www.sec.gov/Archives/edgar/data/1075531/000107553121000030/bkng-20210331.htm,94.22,256.10526254709004,,1.481248396069043,1.481248396069043,4,revenue_growth_yoy,-3.2259,assets_growth_yoy,1.1354,debt_to_assets,0.9551,robust_mcd,brick3_q_v2_robust_mahalanobis_clipped,2026-03-18T05:10:36.278770+00:00
STX,,10-Q,2023-03-31,https://www.sec.gov/Archives/edgar/data/1137789/000113778923000029/stx-20230331.htm,94.14,255.62421811991337,4.690135421933084,2.7464707344006296,3.168325289613073,8,debt_to_assets,5.5511,equity_to_assets,-5.5261,accrual_ratio,-4.4184,robust_mcd,brick3_q_v2_robust_mahalanobis_clipped,2026-03-18T05:10:36.278770+00:00
MSTR,,10-Q,2024-06-30,https://www.sec.gov/Archives/edgar/data/1050446/000095017024091778/mstr-20240630.htm,94.06,248.12662263929562,1.1667028955199392,3.457009411602206,1.9649658196980475,8,net_income_growth_yoy,-4.083,assets_growth_yoy,3.6938,net_margin,-3.4198,robust_mcd,brick3_q_v2_robust_mahalanobis_clipped,2026-03-18T05:10:36.278770+00:00
MSTR,,10-Q,2025-09-30,https://www.sec.gov/Archives/edgar/data/1050446/000119312525262568/mstr-20250930.htm,93.99,247.0882753929683,1.732712406644695,3.5424961732814246,2.428800547090976,8,net_income_growth_yoy,4.8198,net_margin,3.6455,assets_growth_yoy,3.6047,robust_mcd,brick3_q_v2_robust_mahalanobis_clipped,2026-03-18T05:10:36.278770+00:00
EXC,,10-Q,2021-06-30,https://www.sec.gov/Archives/edgar/data/1109357/000110935721000079/exc-20210630.htm,93.91,244.1413123976954,,1.3018082765989452,1.3018082765989452,4,revenue_growth_yoy,-3.1696,debt_to_assets,0.7359,assets_growth_yoy,-0.6512,robust_mcd,brick3_q_v2_robust_mahalanobis_clipped,2026-03-18T05:10:36.278770+00:00
CTSH,,10-Q,2022-09-30,https://www.sec.gov/Archives/edgar/data/1058290/000105829022000321/ctsh-20220930.htm,93.83,240.4729165607034,1.8561246199447976,0.49656300403392284,1.2589820044414655,8,net_margin,3.3708,equity_to_assets,1.4587,debt_to_assets,-1.3179,robust_mcd,brick3_q_v2_robust_mahalanobis_clipped,2026-03-18T05:10:36.278770+00:00
MSTR,,10-Q,2025-03-31,https://www.sec.gov/Archives/edgar/data/1050446/000095017025063536/mstr-20250331.htm,93.75,239.00034428052862,1.694604956874443,4.302015338605138,2.6721985893182714,8,net_income_growth_yoy,-4.9089,assets_growth_yoy,3.7825,net_margin,-3.6047,robust_mcd,brick3_q_v2_robust_mahalanobis_clipped,2026-03-18T05:10:36.278770+00:00
NVDA,,10-Q,2023-04-30,https://www.sec.gov/Archives/edgar/data/1045810/000104581023000093/nvda-20230430.htm,93.68,234.84391346955542,1.828998881554394,1.6372948886036396,1.6675299480166847,8,net_income_growth_yoy,8.0,revenue_growth_yoy,2.967,accrual_ratio,0.8989,robust_mcd,brick3_q_v2_robust_mahalanobis_clipped,2026-03-18T05:10:36.278770+00:00
ADP,,10-Q,2024-09-30,https://www.sec.gov/Archives/edgar/data/8670/000000867024000030/adp-20240930.htm,93.6,229.24011692091315,1.373682568636752,0.8174715413835592,0.8792426097631537,8,revenue_growth_yoy,-3.0683,ocf_to_net_income,-0.9667,accrual_ratio,0.8665,robust_mcd,brick3_q_v2_robust_mahalanobis_clipped,2026-03-18T05:10:36.278770+00:00
EXC,,10-Q,2021-03-31,https://www.sec.gov/Archives/edgar/data/1109357/000110935721000050/exc-20210331.htm,93.52,227.6013201039263,,1.1570341915311289,1.1570341915311289,4,revenue_growth_yoy,-3.0543,debt_to_assets,0.6835,assets_growth_yoy,-0.4901,robust_mcd,brick3_q_v2_robust_mahalanobis_clipped,2026-03-18T05:10:36.278770+00:00
PAYX,,10-Q,2022-11-30,https://www.sec.gov/Archives/edgar/data/723531/000095017022026948/payx-20221130.htm,93.45,222.94631259500514,5.710535064316968,0.6744907594765948,4.306039456890026,4,debt_to_assets,-6.045,assets_growth_yoy,-5.0698,equity_to_assets,3.3572,robust_mcd,brick3_q_v2_robust_mahalanobis_clipped,2026-03-18T05:10:36.278770+00:00
MSTR,,10-Q,2023-09-30,https://www.sec.gov/Archives/edgar/data/1050446/000095017023057418/mstr-20230930.htm,93.37,221.48855125812622,0.6185974720107941,2.606143660492309,1.1630203073683523,8,net_income_growth_yoy,-3.7677,net_margin,-3.5281,assets_growth_yoy,0.758,robust_mcd,brick3_q_v2_robust_mahalanobis_clipped,2026-03-18T05:10:36.278770+00:00
MDLZ,,10-Q,2023-09-30,https://www.sec.gov/Archives/edgar/data/1103982/000110398223000075/mdlz-20230930.htm,93.29,218.18122737251426,1.281047805507173,0.4470346106622657,0.8665625959035119,8,revenue_growth_yoy,2.9207,net_income_growth_yoy,1.0878,ocf_to_net_income,0.817,robust_mcd,brick3_q_v2_robust_mahalanobis_clipped,2026-03-18T05:10:36.278770+00:00
SHOP,,10-Q,2025-06-30,https://www.sec.gov/Archives/edgar/data/1594805/000159480525000073/shop-20250630.htm,93.22,216.44298523903927,,2.4891230965314164,2.4891230965314164,7,net_income_growth_yoy,8.0,net_margin,2.5749,revenue_growth_yoy,2.1752,robust_mcd,brick3_q_v2_robust_mahalanobis_clipped,2026-03-18T05:10:36.278770+00:00
FANG,,10-Q,2022-06-30,https://www.sec.gov/Archives/edgar/data/1539838/000153983822000133/fang-20220630.htm,93.14,208.94653356696875,2.1818182346667805,1.9342420003746907,1.9591224370174947,8,net_income_growth_yoy,4.1492,net_margin,3.495,debt_to_assets,-3.0862,robust_mcd,brick3_q_v2_robust_mahalanobis_clipped,2026-03-18T05:10:36.278770+00:00
PCAR,,10-Q,2023-06-30,https://www.sec.gov/Archives/edgar/data/75362/000095017023037133/pcar-20230630.htm,93.06,199.5288268391693,1.687481184948602,0.7377821643872301,1.3076015767240532,7,net_margin,3.4917,assets_growth_yoy,2.5577,net_income_growth_yoy,1.4985,robust_mcd,brick3_q_v2_robust_mahalanobis_clipped,2026-03-18T05:10:36.278770+00:00
COST,,10-Q,2024-02-18,https://www.sec.gov/Archives/edgar/data/909832/000090983224000017/cost-20240218.htm,92.98,196.76217594225798,0.7608758690335325,,0.7608758690335325,8,net_margin,3.4488,assets_growth_yoy,-1.3083,accrual_ratio,-0.6518,robust_mcd,brick3_q_v2_robust_mahalanobis_clipped,2026-03-18T05:10:36.278770+00:00
SHOP,,10-Q,2025-09-30,https://www.sec.gov/Archives/edgar/data/1594805/000159480525000089/shop-20250930.htm,92.91,192.19786247599467,,1.155585979793898,1.155585979793898,7,revenue_growth_yoy,2.7504,net_income_growth_yoy,-2.3504,equity_to_assets,1.3812,robust_mcd,brick3_q_v2_robust_mahalanobis_clipped,2026-03-18T05:10:36.278770+00:00
APP,,10-Q,2023-06-30,https://www.sec.gov/Archives/edgar/data/1751008/000175100823000062/app-20230630.htm,92.83,191.6850195866536,3.3470868010011303,2.3819067504998177,2.817316614109595,8,debt_to_assets,5.039,equity_to_assets,-5.0117,net_income_growth_yoy,3.6357,robust_mcd,brick3_q_v2_robust_mahalanobis_clipped,2026-03-18T05:10:36.278770+00:00
CEG,,10-Q,2023-09-30,https://www.sec.gov/Archives/edgar/data/1868275/000186827523000080/ceg-20230930.htm,92.75,191.56057063186395,1.5197471008025965,1.9182449912631647,1.5619653449996949,8,net_income_growth_yoy,4.7701,revenue_growth_yoy,-2.3941,accrual_ratio,1.8992,robust_mcd,brick3_q_v2_robust_mahalanobis_clipped,2026-03-18T05:10:36.278770+00:00
APP,,10-Q,2025-06-30,https://www.sec.gov/Archives/edgar/data/1751008/000175100825000072/app-20250630.htm,92.68,188.71542105166625,0.9383603896995558,2.135656246076904,1.409225017784265,8,accrual_ratio,-3.5007,revenue_growth_yoy,2.4251,net_income_growth_yoy,1.8646,robust_mcd,brick3_q_v2_robust_mahalanobis_clipped,2026-03-18T05:10:36.278770+00:00
MSTR,,10-Q,2025-06-30,https://www.sec.gov/Archives/edgar/data/1050446/000095017025102209/mstr-20250630.htm,92.6,187.33795912670922,2.1633967311169653,3.7077169689622025,2.6694435286599854,8,net_income_growth_yoy,6.6333,assets_growth_yoy,3.6047,net_margin,3.2611,robust_mcd,brick3_q_v2_robust_mahalanobis_clipped,2026-03-18T05:10:36.278770+00:00
AMAT,,10-Q,2021-01-31,https://www.sec.gov/Archives/edgar/data/6951/000000695121000013/amat-20210131.htm,92.52,185.9798878883056,,1.198999957934808,1.198999957934808,8,net_income_growth_yoy,4.1919,net_margin,3.3281,revenue_growth_yoy,0.6745,robust_mcd,brick3_q_v2_robust_mahalanobis_clipped,2026-03-18T05:10:36.278770+00:00
SBUX,,10-Q,2024-12-29,https://www.sec.gov/Archives/edgar/data/829224/000082922425000014/sbux-20241229.htm,92.44,181.8801260264182,1.8292407366006334,1.9373736884144324,2.1518998503608566,8,debt_to_assets,8.0,assets_growth_yoy,5.1628,net_margin,-1.3572,robust_mcd,brick3_q_v2_robust_mahalanobis_clipped,2026-03-18T05:10:36.278770+00:00
AVGO,,10-Q,2024-02-04,https://www.sec.gov/Archives/edgar/data/1730168/000173016824000023/avgo-20240204.htm,92.37,180.78330690113617,4.648354350813797,,4.648354350813797,4,assets_growth_yoy,8.0,debt_to_assets,-8.0,accrual_ratio,-2.2183,robust_mcd,brick3_q_v2_robust_mahalanobis_clipped,2026-03-18T05:10:36.278770+00:00
AVGO,,10-Q,2024-05-05,https://www.sec.gov/Archives/edgar/data/1730168/000173016824000080/avgo-20240505.htm,92.29,180.25729375533464,4.980582539475929,,4.980582539475929,4,assets_growth_yoy,8.0,debt_to_assets,-8.0,ocf_to_net_income,2.3099,robust_mcd,brick3_q_v2_robust_mahalanobis_clipped,2026-03-18T05:10:36.278770+00:00
MSTR,,10-Q,2024-03-31,https://www.sec.gov/Archives/edgar/data/1050446/000095017024051230/mstr-20240331.htm,92.21,177.34754070789288,0.9784873913533436,2.835235941283994,1.5903766170899614,8,assets_growth_yoy,3.8612,net_margin,-2.9107,ocf_to_net_income,-1.3836,robust_mcd,brick3_q_v2_robust_mahalanobis_clipped,2026-03-18T05:10:36.278770+00:00
ADP,,10-Q,2024-03-31,https://www.sec.gov/Archives/edgar/data/8670/000000867024000014/adp-20240331.htm,92.14,167.28364961981592,1.1816163623409637,0.7550069934908357,0.9040554410235785,8,net_margin,2.1937,revenue_growth_yoy,-1.7588,accrual_ratio,-1.0777,robust_mcd,brick3_q_v2_robust_mahalanobis_clipped,2026-03-18T05:10:36.278770+00:00
PCAR,,10-Q,2025-09-30,https://www.sec.gov/Archives/edgar/data/75362/000119312525258509/pcar-20250930.htm,92.06,167.09015522577678,1.936816810829492,1.1202121918410002,1.6044683634867805,7,ocf_to_net_income,3.2353,revenue_growth_yoy,-2.5854,accrual_ratio,-1.8865,robust_mcd,brick3_q_v2_robust_mahalanobis_clipped,2026-03-18T05:10:36.278770+00:00
CEG,,10-Q,2024-03-31,https://www.sec.gov/Archives/edgar/data/1868275/000186827524000026/ceg-20240331.htm,91.98,165.41597062725674,2.763658274219977,2.3691397192286185,2.5776139921626315,8,net_income_growth_yoy,5.1613,assets_growth_yoy,4.9325,debt_to_assets,2.3217,robust_mcd,brick3_q_v2_robust_mahalanobis_clipped,2026-03-18T05:10:36.278770+00:00
APP,,10-Q,2025-03-31,https://www.sec.gov/Archives/edgar/data/1751008/000175100825000053/app-20250331.htm,91.9,163.36459112057656,0.6969652331698459,1.6903465819280508,1.0202278268394562,8,revenue_growth_yoy,2.3605,net_margin,1.4272,debt_to_assets,1.2462,robust_mcd,brick3_q_v2_robust_mahalanobis_clipped,2026-03-18T05:10:36.278770+00:00
AVGO,,10-Q,2024-08-04,https://www.sec.gov/Archives/edgar/data/1730168/000173016824000099/avgo-20240804.htm,91.83,163.3232921708626,5.30460706501154,,5.30460706501154,4,assets_growth_yoy,8.0,debt_to_assets,-7.4572,ocf_to_net_income,4.4774,robust_mcd,brick3_q_v2_robust_mahalanobis_clipped,2026-03-18T05:10:36.278770+00:00
SBUX,,10-Q,2025-03-30,https://www.sec.gov/Archives/edgar/data/829224/000082922425000034/sbux-20250330.htm,91.75,161.73626606730818,1.3947190400805702,2.2609787585004337,2.3933165277280306,8,debt_to_assets,7.7739,equity_to_assets,-3.8855,ocf_to_net_income,2.7913,robust_mcd,brick3_q_v2_robust_mahalanobis_clipped,2026-03-18T05:10:36.278770+00:00
NFLX,,10-Q,2024-06-30,https://www.sec.gov/Archives/edgar/data/1065280/000106528024000200/nflx-20240630.htm,91.67,156.3038691254909,1.9697526781226387,0.9549720575734282,1.5599008022697487,8,accrual_ratio,2.4101,revenue_growth_yoy,2.2491,ocf_to_net_income,-2.0878,robust_mcd,brick3_q_v2_robust_mahalanobis_clipped,2026-03-18T05:10:36.278770+00:00
CTSH,,10-Q,2025-03-31,https://www.sec.gov/Archives/edgar/data/1058290/000105829025000125/ctsh-20250331.htm,91.6,155.58140528843103,1.6074334899595253,0.7063889961974146,1.238992560844665,8,net_margin,3.0954,assets_growth_yoy,1.4308,equity_to_assets,1.386,robust_mcd,brick3_q_v2_robust_mahalanobis_clipped,2026-03-18T05:10:36.278770+00:00
APP,,10-Q,2022-03-31,https://www.sec.gov/Archives/edgar/data/1751008/000175100822000010/app-20220331.htm,91.52,152.5204284516081,,2.916971208674078,2.916971208674078,7,assets_growth_yoy,8.0,net_income_growth_yoy,-8.0,net_margin,-2.5551,robust_mcd,brick3_q_v2_robust_mahalanobis_clipped,2026-03-18T05:10:36.278770+00:00
FANG,,10-Q,2023-06-30,https://www.sec.gov/Archives/edgar/data/1539838/000153983823000101/fang-20230630.htm,91.44,149.10519658838376,1.0313121407279777,1.6947337826092226,1.2330213109474373,8,revenue_growth_yoy,-2.1756,net_income_growth_yoy,-1.8279,assets_growth_yoy,1.678,robust_mcd,brick3_q_v2_robust_mahalanobis_clipped,2026-03-18T05:10:36.278770+00:00
MELI,,10-Q,2023-09-30,https://www.sec.gov/Archives/edgar/data/1099590/000109959023000033/meli-20230930.htm,91.36,145.00934219453532,1.3779817537350443,2.1945320087199978,1.4795891758445654,8,revenue_growth_yoy,2.1985,accrual_ratio,-2.024,ocf_to_net_income,1.5727,robust_mcd,brick3_q_v2_robust_mahalanobis_clipped,2026-03-18T05:10:36.278770+00:00
MELI,,10-Q,2022-06-30,https://www.sec.gov/Archives/edgar/data/1099590/000156276222000334/meli-20220630x10q.htm,91.29,143.36659008539507,3.7847054143328385,1.9737012551720041,2.6409819256150344,8,assets_growth_yoy,7.8535,equity_to_assets,3.8301,debt_to_assets,-3.7107,robust_mcd,brick3_q_v2_robust_mahalanobis_clipped,2026-03-18T05:10:36.278770+00:00
PAYX,,10-Q,2025-08-31,https://www.sec.gov/Archives/edgar/data/723531/000119312525224997/payx-20250831.htm,91.21,141.15322894852082,1.829152543969236,0.6744907594765952,1.329374465777685,8,debt_to_assets,2.1859,assets_growth_yoy,2.1519,net_margin,-1.8756,robust_mcd,brick3_q_v2_robust_mahalanobis_clipped,2026-03-18T05:10:36.278770+00:00
PEP,,10-Q,2024-06-15,https://www.sec.gov/Archives/edgar/data/77476/000007747624000042/pep-20240615.htm,91.13,141.1179064918314,0.8529043763870356,,0.8529043763870356,8,revenue_growth_yoy,-1.9779,net_margin,1.4754,assets_growth_yoy,-1.4639,robust_mcd,brick3_q_v2_robust_mahalanobis_clipped,2026-03-18T05:10:36.278770+00:00
PYPL,,10-Q,2025-03-31,https://www.sec.gov/Archives/edgar/data/1633917/000163391725000064/pypl-20250331.htm,91.06,139.80176247028902,1.225986065001517,0.7536194047279967,1.0370394008921089,8,revenue_growth_yoy,-2.2289,assets_growth_yoy,-1.0159,accrual_ratio,0.9484,robust_mcd,brick3_q_v2_robust_mahalanobis_clipped,2026-03-18T05:10:36.278770+00:00
AMGN,,10-Q,2021-09-30,https://www.sec.gov/Archives/edgar/data/318154/000031815421000045/amgn-20210930.htm,90.98,139.80015974631738,,1.0429395756428164,1.0429395756428164,6,net_margin,2.8823,equity_to_assets,-1.3785,net_income_growth_yoy,-0.7465,robust_mcd,brick3_q_v2_robust_mahalanobis_clipped,2026-03-18T05:10:36.278770+00:00
STX,,10-Q,2022-09-30,https://www.sec.gov/Archives/edgar/data/1137789/000113778922000123/stx-20220930.htm,90.9,137.7514790327166,4.534805640373375,1.3187932967330869,2.559057059320194,8,debt_to_assets,4.4844,equity_to_assets,-4.4036,ocf_to_net_income,3.9066,robust_mcd,brick3_q_v2_robust_mahalanobis_clipped,2026-03-18T05:10:36.278770+00:00
MAR,,10-Q,2021-09-30,https://www.sec.gov/Archives/edgar/data/1048286/000162828021021326/mar-20210930.htm,90.82,135.5393064848088,,1.1824113206507003,1.1824113206507003,7,net_income_growth_yoy,2.1675,revenue_growth_yoy,2.0894,equity_to_assets,-1.8346,robust_mcd,brick3_q_v2_robust_mahalanobis_clipped,2026-03-18T05:10:36.278770+00:00
EXC,,10-Q,2021-09-30,https://www.sec.gov/Archives/edgar/data/1109357/000110935721000110/exc-20210930.htm,90.75,134.98806503290055,,1.0804698167258953,1.0804698167258953,4,revenue_growth_yoy,-2.3612,debt_to_assets,0.8383,equity_to_assets,-0.7182,robust_mcd,brick3_q_v2_robust_mahalanobis_clipped,2026-03-18T05:10:36.278770+00:00
QCOM,,10-Q,2022-06-26,https://www.sec.gov/Archives/edgar/data/804328/000172894922000040/qcom-20220626.htm,90.67,134.974262120673,1.300385706270767,,1.300385706270767,4,net_margin,2.778,debt_to_assets,-2.1507,ocf_to_net_income,-0.2303,robust_mcd,brick3_q_v2_robust_mahalanobis_clipped,2026-03-18T05:10:36.278770+00:00
PAYX,,10-Q,2023-08-31,https://www.sec.gov/Archives/edgar/data/723531/000095017023050438/payx-20230831.htm,90.59,133.12438438253724,4.517447416550313,0.6744907594765951,3.694799138034158,4,debt_to_assets,6.5373,equity_to_assets,-4.1922,assets_growth_yoy,2.0927,robust_mcd,brick3_q_v2_robust_mahalanobis_clipped,2026-03-18T05:10:36.278770+00:00
FANG,,10-Q,2025-09-30,https://www.sec.gov/Archives/edgar/data/1539838/000153983825000147/fang-20250930.htm,90.52,127.48637550748562,0.541535576755997,1.5405151566811397,0.7285480100959313,8,revenue_growth_yoy,2.2052,ocf_to_net_income,1.4132,equity_to_assets,-0.5379,robust_mcd,brick3_q_v2_robust_mahalanobis_clipped,2026-03-18T05:10:36.278770+00:00
AMD,,10-Q,2021-09-25,https://www.sec.gov/Archives/edgar/data/2488/000000248821000178/amd-20210925.htm,90.44,126.99634835593226,,2.271227837850321,2.271227837850321,5,equity_to_assets,8.0,ocf_to_net_income,-1.5103,assets_growth_yoy,1.1714,robust_mcd,brick3_q_v2_robust_mahalanobis_clipped,2026-03-18T05:10:36.278770+00:00
APP,,10-Q,2022-09-30,https://www.sec.gov/Archives/edgar/data/1751008/000175100822000020/app-20220930.htm,90.36,122.95080696807959,1.4897084876452726,1.8505667952688112,1.6053094613007595,8,net_income_growth_yoy,5.8163,assets_growth_yoy,2.1454,revenue_growth_yoy,-2.0901,robust_mcd,brick3_q_v2_robust_mahalanobis_clipped,2026-03-18T05:10:36.278770+00:00
MDLZ,,10-Q,2022-06-30,https://www.sec.gov/Archives/edgar/data/1103982/000110398222000012/mdlz-20220630.htm,90.29,122.46025030401535,2.0279870172041576,0.3062085239874144,1.2461576269239645,8,revenue_growth_yoy,1.9908,assets_growth_yoy,-1.8291,ocf_to_net_income,1.4756,robust_mcd,brick3_q_v2_robust_mahalanobis_clipped,2026-03-18T05:10:36.278770+00:00
BKNG,,10-Q,2021-09-30,https://www.sec.gov/Archives/edgar/data/1075531/000107553121000053/bkng-20210930.htm,90.21,119.78218344205692,,1.0443730193442506,1.0443730193442506,4,revenue_growth_yoy,2.1655,debt_to_assets,0.9276,equity_to_assets,-0.8088,robust_mcd,brick3_q_v2_robust_mahalanobis_clipped,2026-03-18T05:10:36.278770+00:00
APP,,10-Q,2023-03-31,https://www.sec.gov/Archives/edgar/data/1751008/000175100823000048/app-20230331.htm,90.13,119.73918987424545,1.3668458866139173,2.2073125337867348,1.6899436631352844,8,ocf_to_net_income,-4.6973,assets_growth_yoy,-2.988,revenue_growth_yoy,-2.0528,robust_mcd,brick3_q_v2_robust_mahalanobis_clipped,2026-03-18T05:10:36.278770+00:00
ADBE,,10-Q,2022-06-03,https://www.sec.gov/Archives/edgar/data/796343/000079634322000157/adbe-20220603.htm,90.05,118.81920236149475,1.3566797783155828,,1.3566797783155828,5,net_margin,-2.6932,debt_to_assets,1.4502,equity_to_assets,-1.4502,robust_mcd,brick3_q_v2_robust_mahalanobis_clipped,2026-03-18T05:10:36.278770+00:00
FANG,,10-Q,2025-06-30,https://www.sec.gov/Archives/edgar/data/1539838/000153983825000127/fang-20250630.htm,89.98,118.78338268678506,1.3004174466057838,2.283024228873765,1.5684391141964418,8,assets_growth_yoy,6.6003,ocf_to_net_income,1.9518,revenue_growth_yoy,1.7782,robust_mcd,brick3_q_v2_robust_mahalanobis_clipped,2026-03-18T05:10:36.278770+00:00
TSLA,,10-Q,2024-03-31,https://www.sec.gov/Archives/edgar/data/1318605/000162828024017503/tsla-20240331.htm,89.9,117.70440338803776,1.3561537089835163,1.1434077825344398,1.1880561974630566,8,revenue_growth_yoy,-2.0768,ocf_to_net_income,-1.9227,accrual_ratio,1.3791,robust_mcd,brick3_q_v2_robust_mahalanobis_clipped,2026-03-18T05:10:36.278770+00:00
AEP,,10-Q,2024-06-30,https://www.sec.gov/Archives/edgar/data/4904/000000490424000081/aep-20240630.htm,89.82,116.28097278151805,0.7864979565277459,0.5603440909640467,0.599905910062696,7,net_margin,2.6311,assets_growth_yoy,-0.7189,revenue_growth_yoy,-0.2724,robust_mcd,brick3_q_v2_robust_mahalanobis_clipped,2026-03-18T05:10:36.278770+00:00
MAR,,10-Q,2022-09-30,https://www.sec.gov/Archives/edgar/data/1048286/000162828022028021/mar-20220930.htm,89.75,116.23392645493638,1.541696938031798,1.0911191956318904,1.1668116606948868,7,revenue_growth_yoy,-2.0952,net_income_growth_yoy,1.9063,accrual_ratio,-1.5782,robust_mcd,brick3_q_v2_robust_mahalanobis_clipped,2026-03-18T05:10:36.278770+00:00
FANG,,10-Q,2023-03-31,https://www.sec.gov/Archives/edgar/data/1539838/000153983823000045/fang-20230331.htm,89.67,114.53874934939125,0.8998140647753563,1.3181818930835705,0.885012489799564,8,net_margin,2.0166,assets_growth_yoy,1.3632,revenue_growth_yoy,-1.262,robust_mcd,brick3_q_v2_robust_mahalanobis_clipped,2026-03-18T05:10:36.278770+00:00
FANG,,10-Q,2024-03-31,https://www.sec.gov/Archives/edgar/data/1539838/000153983824000094/fang-20240331.htm,89.59,114.28567611467031,0.5641371902584048,1.251688020405433,0.6948617201402278,8,net_margin,2.6758,ocf_to_net_income,-0.5976,debt_to_assets,-0.5487,robust_mcd,brick3_q_v2_robust_mahalanobis_clipped,2026-03-18T05:10:36.278770+00:00
MDLZ,,10-Q,2024-03-31,https://www.sec.gov/Archives/edgar/data/1103982/000110398224000055/mdlz-20240331.htm,89.51,113.836173293604,2.0539587751045065,0.6043009858067097,1.4432366088232635,8,debt_to_assets,2.787,equity_to_assets,-2.6997,revenue_growth_yoy,-1.6798,robust_mcd,brick3_q_v2_robust_mahalanobis_clipped,2026-03-18T05:10:36.278770+00:00
MDLZ,,10-Q,2024-06-30,https://www.sec.gov/Archives/edgar/data/1103982/000110398224000092/mdlz-20240630.htm,89.44,110.58119805900898,1.433784037625042,0.5974915001946263,1.0811241135934069,8,revenue_growth_yoy,-2.0131,debt_to_assets,1.3012,equity_to_assets,-1.2826,robust_mcd,brick3_q_v2_robust_mahalanobis_clipped,2026-03-18T05:10:36.278770+00:00
BKNG,,10-Q,2022-06-30,https://www.sec.gov/Archives/edgar/data/1075531/000107553122000032/bkng-20220630.htm,89.36,108.78161055668814,4.140699104294187,1.6680148516265416,3.132426803932077,4,debt_to_assets,5.1942,equity_to_assets,-5.0864,revenue_growth_yoy,1.8709,robust_mcd,brick3_q_v2_robust_mahalanobis_clipped,2026-03-18T05:10:36.278770+00:00
EA,,10-Q,2023-09-30,https://www.sec.gov/Archives/edgar/data/712515/000071251523000048/ea-20230930.htm,89.28,107.27842426224056,1.0616243093964448,0.7686930649587368,0.7293242467684689,8,revenue_growth_yoy,-1.5916,net_margin,1.5172,accrual_ratio,-0.945,robust_mcd,brick3_q_v2_robust_mahalanobis_clipped,2026-03-18T05:10:36.278770+00:00
MELI,,10-Q,2022-09-30,https://www.sec.gov/Archives/edgar/data/1099590/000156276222000430/meli-20220930x10q.htm,89.21,105.70223520442934,2.6163206057456017,1.9326739411276006,2.049683413087981,8,assets_growth_yoy,6.569,ocf_to_net_income,2.3017,accrual_ratio,-1.9904,robust_mcd,brick3_q_v2_robust_mahalanobis_clipped,2026-03-18T05:10:36.278770+00:00
FANG,,10-Q,2023-09-30,https://www.sec.gov/Archives/edgar/data/1539838/000153983823000134/fang-20230930.htm,89.13,105.54131743338837,0.7572244070596041,1.3501200073524897,0.9943826471767585,8,net_margin,2.2332,accrual_ratio,-1.2501,net_income_growth_yoy,-1.0331,robust_mcd,brick3_q_v2_robust_mahalanobis_clipped,2026-03-18T05:10:36.278770+00:00
PEP,,10-Q,2023-03-25,https://www.sec.gov/Archives/edgar/data/77476/000007747623000023/pep-20230325.htm,89.05,104.9983500629673,1.6819484197073886,,1.6819484197073886,8,assets_growth_yoy,8.0,revenue_growth_yoy,-1.5758,net_income_growth_yoy,-1.3721,robust_mcd,brick3_q_v2_robust_mahalanobis_clipped,2026-03-18T05:10:36.278770+00:00
NVDA,,10-Q,2023-10-29,https://www.sec.gov/Archives/edgar/data/1045810/000104581023000227/nvda-20231029.htm,88.97,104.7144468960407,1.9780248413077213,,1.9780248413077213,8,net_income_growth_yoy,5.0526,equity_to_assets,2.5731,debt_to_assets,-2.5731,robust_mcd,brick3_q_v2_robust_mahalanobis_clipped,2026-03-18T05:10:36.278770+00:00
ADBE,,10-Q,2022-09-02,https://www.sec.gov/Archives/edgar/data/796343/000079634322000196/adbe-20220902.htm,88.9,103.3473022706454,0.9931337880500116,,0.9931337880500116,5,net_margin,-2.5095,ocf_to_net_income,1.0634,accrual_ratio,-0.8391,robust_mcd,brick3_q_v2_robust_mahalanobis_clipped,2026-03-18T05:10:36.278770+00:00
PCAR,,10-Q,2023-09-30,https://www.sec.gov/Archives/edgar/data/75362/000095017023058179/pcar-20230930.htm,88.82,101.60117999472541,1.761314869094868,0.762437012483446,1.3084485794671292,7,net_margin,2.3093,assets_growth_yoy,2.3021,accrual_ratio,-1.1585,robust_mcd,brick3_q_v2_robust_mahalanobis_clipped,2026-03-18T05:10:36.278770+00:00
PEP,,10-Q,2024-03-23,https://www.sec.gov/Archives/edgar/data/77476/000007747624000017/pep-20240323.htm,88.74,100.60665834611945,0.8275999397319193,,0.8275999397319193,8,revenue_growth_yoy,-1.9779,assets_growth_yoy,-1.4639,ocf_to_net_income,-0.8477,robust_mcd,brick3_q_v2_robust_mahalanobis_clipped,2026-03-18T05:10:36.278770+00:00
PCAR,,10-Q,2025-06-30,https://www.sec.gov/Archives/edgar/data/75362/000095017025100887/pcar-20250630.htm,88.67,99.24187158334556,0.9248974122091165,0.7109687636414719,0.8301121987518902,7,revenue_growth_yoy,-2.0082,net_income_growth_yoy,-1.4308,equity_to_assets,0.6718,robust_mcd,brick3_q_v2_robust_mahalanobis_clipped,2026-03-18T05:10:36.278770+00:00
PEP,,10-Q,2024-09-07,https://www.sec.gov/Archives/edgar/data/77476/000007747624000052/pep-20240907.htm,88.59,97.6697035040481,0.9001726321230112,,0.9001726321230112,8,revenue_growth_yoy,-1.9779,assets_growth_yoy,-1.4639,accrual_ratio,-1.4266,robust_mcd,brick3_q_v2_robust_mahalanobis_clipped,2026-03-18T05:10:36.278770+00:00
NVDA,,10-Q,2023-07-30,https://www.sec.gov/Archives/edgar/data/1045810/000104581023000175/nvda-20230730.htm,88.51,95.29559392755596,1.0948815314844238,1.6941586495781955,1.3162211741388383,8,net_income_growth_yoy,6.2315,revenue_growth_yoy,1.5673,net_margin,1.4536,robust_mcd,brick3_q_v2_robust_mahalanobis_clipped,2026-03-18T05:10:36.278770+00:00
PAYX,,10-Q,2022-08-31,https://www.sec.gov/Archives/edgar/data/723531/000095017022019048/payx-20220831.htm,88.43,95.17051046398,5.267470656645609,0.6744907594765956,3.889630092270239,4,debt_to_assets,-5.7784,assets_growth_yoy,-5.0698,equity_to_assets,3.1972,robust_mcd,brick3_q_v2_robust_mahalanobis_clipped,2026-03-18T05:10:36.278770+00:00
CEG,,10-Q,2023-03-31,https://www.sec.gov/Archives/edgar/data/1868275/000186827523000032/ceg-20230331.htm,88.36,94.91114494328673,,1.8703320882128862,1.8703320882128862,8,ocf_to_net_income,-8.0,accrual_ratio,2.097,revenue_growth_yoy,1.3205,robust_mcd,brick3_q_v2_robust_mahalanobis_clipped,2026-03-18T05:10:36.278770+00:00
STX,,10-Q,2022-12-30,https://www.sec.gov/Archives/edgar/data/1137789/000113778923000010/stx-20221230.htm,88.28,94.17363406755267,4.7137213472293755,0.6744907594765953,2.4902388588934175,7,ocf_to_net_income,-5.0698,equity_to_assets,-4.2217,debt_to_assets,4.2217,robust_mcd,brick3_q_v2_robust_mahalanobis_clipped,2026-03-18T05:10:36.278770+00:00
WMT,,10-Q,2024-07-31,https://www.sec.gov/Archives/edgar/data/104169/000010416924000141/wmt-20240731.htm,88.2,93.8603894999201,1.4958703708333267,0.7120324097744154,1.179508603646345,7,assets_growth_yoy,-2.668,revenue_growth_yoy,-1.8623,equity_to_assets,1.2167,robust_mcd,brick3_q_v2_robust_mahalanobis_clipped,2026-03-18T05:10:36.278770+00:00
PCAR,,10-Q,2025-03-31,https://www.sec.gov/Archives/edgar/data/75362/000095017025061813/pcar-20250331.htm,88.13,93.24059656675475,0.9976728188674874,0.6314557762663374,0.8511860018270274,7,revenue_growth_yoy,-1.8958,net_income_growth_yoy,-1.8755,net_margin,-0.8056,robust_mcd,brick3_q_v2_robust_mahalanobis_clipped,2026-03-18T05:10:36.278770+00:00
PCAR,,10-Q,2022-09-30,https://www.sec.gov/Archives/edgar/data/75362/000156459022035704/pcar-10q_20220930.htm,88.05,92.74945110080229,1.8320395445829247,0.7894976766435694,1.3508164671655247,7,net_income_growth_yoy,2.942,revenue_growth_yoy,1.6606,net_margin,1.392,robust_mcd,brick3_q_v2_robust_mahalanobis_clipped,2026-03-18T05:10:36.278770+00:00
AMGN,,10-Q,2021-03-31,https://www.sec.gov/Archives/edgar/data/318154/000031815421000019/amgn-20210331.htm,87.97,92.51377685174387,,0.7783551512396528,0.7783551512396528,7,net_margin,2.1551,equity_to_assets,-0.851,revenue_growth_yoy,-0.6745,robust_mcd,brick3_q_v2_robust_mahalanobis_clipped,2026-03-18T05:10:36.278770+00:00
SBUX,,10-Q,2025-06-29,https://www.sec.gov/Archives/edgar/data/829224/000082922425000058/sbux-20250629.htm,87.9,91.38156619688797,1.178732346706804,1.2841836116996328,1.401671721459719,8,debt_to_assets,4.0931,ocf_to_net_income,2.1402,net_margin,-1.8058,robust_mcd,brick3_q_v2_robust_mahalanobis_clipped,2026-03-18T05:10:36.278770+00:00
WBD,,10-Q,2023-06-30,https://www.sec.gov/Archives/edgar/data/1437107/000143710723000144/disca-20230630.htm,87.82,89.77298507136364,0.8180294067510174,1.2315528299072849,0.9514481050017716,8,net_margin,-2.295,assets_growth_yoy,-2.079,ocf_to_net_income,-1.4215,robust_mcd,brick3_q_v2_robust_mahalanobis_clipped,2026-03-18T05:10:36.278770+00:00
PCAR,,10-Q,2024-03-31,https://www.sec.gov/Archives/edgar/data/75362/000095017024052081/pcar-20240331.htm,87.74,87.89139338193604,0.9099992144716992,0.5303995471722441,0.7581593475519173,7,net_margin,1.9162,revenue_growth_yoy,-0.9535,assets_growth_yoy,0.8553,robust_mcd,brick3_q_v2_robust_mahalanobis_clipped,2026-03-18T05:10:36.278770+00:00
PEP,,10-Q,2025-03-22,https://www.sec.gov/Archives/edgar/data/77476/000007747625000019/pep-20250322.htm,87.66,86.24791905811723,2.3684646934734426,,2.3684646934734426,8,assets_growth_yoy,8.0,net_income_growth_yoy,-5.2988,net_margin,-1.3858,robust_mcd,brick3_q_v2_robust_mahalanobis_clipped,2026-03-18T05:10:36.278770+00:00
AEP,,10-Q,2022-06-30,https://www.sec.gov/Archives/edgar/data/4904/000000490422000074/aep-20220630.htm,87.59,85.1239385059042,1.946364702920449,0.5647240147772304,0.9404724044673217,7,ocf_to_net_income,1.9148,revenue_growth_yoy,1.8187,equity_to_assets,1.2312,robust_mcd,brick3_q_v2_robust_mahalanobis_clipped,2026-03-18T05:10:36.278770+00:00
MELI,,10-Q,2023-03-31,https://www.sec.gov/Archives/edgar/data/1099590/000109959023000013/meli-20230331.htm,87.51,84.38406214988164,0.8670872675095046,2.0981264460194473,1.1412345674436524,8,net_income_growth_yoy,2.8224,revenue_growth_yoy,1.6148,ocf_to_net_income,1.4925,robust_mcd,brick3_q_v2_robust_mahalanobis_clipped,2026-03-18T05:10:36.278770+00:00
CEG,,10-Q,2022-03-31,https://www.sec.gov/Archives/edgar/data/1868275/000186827522000044/ceg-20220331.htm,87.43,83.50335963489955,,1.94023468106976,1.94023468106976,8,ocf_to_net_income,8.0,net_income_growth_yoy,1.8544,net_margin,-1.3966,robust_mcd,brick3_q_v2_robust_mahalanobis_clipped,2026-03-18T05:10:36.278770+00:00
TEAM,,10-Q,2025-03-31,https://www.sec.gov/Archives/edgar/data/1650372/000165037225000022/team-20250331.htm,87.36,82.4098797862027,,4.214190950881009,4.214190950881009,6,net_income_growth_yoy,-8.0,ocf_to_net_income,-8.0,accrual_ratio,-7.1005,robust_mcd,brick3_q_v2_robust_mahalanobis_clipped,2026-03-18T05:10:36.278770+00:00
CEG,,10-Q,2022-09-30,https://www.sec.gov/Archives/edgar/data/1868275/000186827522000094/ceg-20220930.htm,87.28,81.9821181557813,,1.192946431763679,1.192946431763679,8,net_income_growth_yoy,-3.1865,revenue_growth_yoy,1.4676,ocf_to_net_income,-1.2291,robust_mcd,brick3_q_v2_robust_mahalanobis_clipped,2026-03-18T05:10:36.278770+00:00
AEP,,10-Q,2023-06-30,https://www.sec.gov/Archives/edgar/data/4904/000000490423000104/aep-20230630.htm,87.2,81.11522881836832,1.0414316157130603,0.5217184883743273,0.7463812632315416,8,revenue_growth_yoy,-1.7108,assets_growth_yoy,-0.9639,debt_to_assets,0.8966,robust_mcd,brick3_q_v2_robust_mahalanobis_clipped,2026-03-18T05:10:36.278770+00:00
ADP,,10-Q,2025-03-31,https://www.sec.gov/Archives/edgar/data/8670/000000867025000015/adp-20250331.htm,87.12,81.11297265649537,1.5289216625267934,1.0231409702258192,1.0574633028176972,8,net_margin,1.5948,accrual_ratio,-1.5874,ocf_to_net_income,1.2207,robust_mcd,brick3_q_v2_robust_mahalanobis_clipped,2026-03-18T05:10:36.278770+00:00
INTU,,10-Q,2025-04-30,https://www.sec.gov/Archives/edgar/data/896878/000089687825000022/intu-20250430.htm,87.05,81.06394242141882,1.4081735338252024,0.8129012993153905,0.8061917546078846,8,net_margin,2.1756,accrual_ratio,-2.0692,debt_to_assets,0.962,robust_mcd,brick3_q_v2_robust_mahalanobis_clipped,2026-03-18T05:10:36.278770+00:00
FANG,,10-Q,2022-09-30,https://www.sec.gov/Archives/edgar/data/1539838/000153983822000167/fang-20220930.htm,86.97,81.0599156238201,1.143944225261896,1.4205536670820944,1.0032316753859472,8,net_margin,2.1819,accrual_ratio,-2.1713,debt_to_assets,-1.5032,robust_mcd,brick3_q_v2_robust_mahalanobis_clipped,2026-03-18T05:10:36.278770+00:00
EA,,10-Q,2024-12-31,https://www.sec.gov/Archives/edgar/data/712515/000071251525000015/ea-20241231.htm,86.89,81.03628951165693,1.3481134003420272,0.8027935637566687,0.9682620066510179,8,ocf_to_net_income,2.2682,accrual_ratio,-1.8937,revenue_growth_yoy,-1.7872,robust_mcd,brick3_q_v2_robust_mahalanobis_clipped,2026-03-18T05:10:36.278770+00:00
TSLA,,10-Q,2025-03-31,https://www.sec.gov/Archives/edgar/data/1318605/000162828025018911/tsla-20250331.htm,86.82,80.93961555052277,1.4368703488616936,1.38424524890128,1.3255252529472927,8,ocf_to_net_income,2.7599,assets_growth_yoy,-1.7993,net_margin,-1.6143,robust_mcd,brick3_q_v2_robust_mahalanobis_clipped,2026-03-18T05:10:36.278770+00:00
CEG,,10-Q,2022-06-30,https://www.sec.gov/Archives/edgar/data/1868275/000186827522000067/ceg-20220630.htm,86.74,80.22157721353096,,1.4650852567479804,1.4650852567479804,8,ocf_to_net_income,-6.21,net_margin,-1.4994,net_income_growth_yoy,-1.1072,robust_mcd,brick3_q_v2_robust_mahalanobis_clipped,2026-03-18T05:10:36.278770+00:00
AMD,,10-Q,2022-06-25,https://www.sec.gov/Archives/edgar/data/2488/000000248822000123/amd-20220625.htm,86.66,77.02346601928161,3.70909213235734,1.8697963037906384,3.124130580302089,5,assets_growth_yoy,8.0,equity_to_assets,5.0698,ocf_to_net_income,1.5097,robust_mcd,brick3_q_v2_robust_mahalanobis_clipped,2026-03-18T05:10:36.278770+00:00
PAYX,,10-Q,2025-02-28,https://www.sec.gov/Archives/edgar/data/723531/000095017025045216/payx-20250228.htm,86.58,76.73548385643035,2.161357689444348,0.9514079887188805,0.996617229001572,8,assets_growth_yoy,3.6445,revenue_growth_yoy,1.5359,net_income_growth_yoy,-0.6745,robust_mcd,brick3_q_v2_robust_mahalanobis_clipped,2026-03-18T05:10:36.278770+00:00
INTU,,10-Q,2023-01-31,https://www.sec.gov/Archives/edgar/data/896878/000089687823000010/intu-20230131.htm,86.51,76.23230378222578,1.6509155146889853,0.3579892695274958,1.2281263116269674,7,assets_growth_yoy,-3.1006,net_margin,2.0845,ocf_to_net_income,0.9484,robust_mcd,brick3_q_v2_robust_mahalanobis_clipped,2026-03-18T05:10:36.278770+00:00
WMT,,10-Q,2025-07-31,https://www.sec.gov/Archives/edgar/data/104169/000010416925000137/wmt-20250731.htm,86.43,75.725620396532,0.716445182431919,0.5171027539416473,0.5945331885541438,7,net_margin,1.8446,revenue_growth_yoy,-0.8087,assets_growth_yoy,0.6368,robust_mcd,brick3_q_v2_robust_mahalanobis_clipped,2026-03-18T05:10:36.278770+00:00
PAYX,,10-Q,2023-02-28,https://www.sec.gov/Archives/edgar/data/723531/000095017023010925/payx-20230228.htm,86.35,75.07226134033048,0.839583559891247,0.6744907594765952,0.8347013190292271,4,revenue_growth_yoy,-1.7723,assets_growth_yoy,-0.9956,equity_to_assets,-0.3827,robust_mcd,brick3_q_v2_robust_mahalanobis_clipped,2026-03-18T05:10:36.278770+00:00
PCAR,,10-Q,2024-09-30,https://www.sec.gov/Archives/edgar/data/75362/000095017024118960/pcar-20240930.htm,86.28,73.54257434021416,1.6697349269016915,0.47634892534562095,1.1826559000008312,7,ocf_to_net_income,1.8648,revenue_growth_yoy,-1.6471,accrual_ratio,-1.6116,robust_mcd,brick3_q_v2_robust_mahalanobis_clipped,2026-03-18T05:10:36.278770+00:00
INTU,,10-Q,2024-04-30,https://www.sec.gov/Archives/edgar/data/896878/000089687824000026/intu-20240430.htm,86.2,72.79169724584314,0.8800332652713397,0.667626305266118,0.7517679990928345,8,net_margin,2.1017,accrual_ratio,-1.667,assets_growth_yoy,-0.8091,robust_mcd,brick3_q_v2_robust_mahalanobis_clipped,2026-03-18T05:10:36.278770+00:00
PYPL,,10-Q,2021-03-31,https://www.sec.gov/Archives/edgar/data/1633917/000163391721000100/pypl-20210331.htm,86.12,72.12632536226847,,1.6293276292659225,1.6293276292659225,8,net_income_growth_yoy,8.0,revenue_growth_yoy,1.2628,assets_growth_yoy,1.2047,robust_mcd,brick3_q_v2_robust_mahalanobis_clipped,2026-03-18T05:10:36.278770+00:00
CMCSA,,10-Q,2022-06-30,https://www.sec.gov/Archives/edgar/data/1166691/000116669122000030/cmcsa-20220630.htm,86.04,71.96667578930332,1.4664476614025088,0.40937072754153736,1.0290655146757264,7,assets_growth_yoy,-2.1775,revenue_growth_yoy,-1.6144,net_margin,-0.9612,robust_mcd,brick3_q_v2_robust_mahalanobis_clipped,2026-03-18T05:10:36.278770+00:00
CTSH,,10-Q,2023-03-31,https://www.sec.gov/Archives/edgar/data/1058290/000105829023000133/ctsh-20230331.htm,85.97,71.28151804567872,1.009355233776006,0.4469357568762584,0.7602316502952304,8,net_margin,1.5619,equity_to_assets,1.1388,debt_to_assets,-1.0397,robust_mcd,brick3_q_v2_robust_mahalanobis_clipped,2026-03-18T05:10:36.278770+00:00
ADP,,10-Q,2023-03-31,https://www.sec.gov/Archives/edgar/data/8670/000000867023000017/adp-20230331.htm,85.89,69.87903764690864,1.2777011881159306,1.0641636151187859,1.0509174967485295,8,net_margin,2.0192,assets_growth_yoy,-1.8957,accrual_ratio,-1.5317,robust_mcd,brick3_q_v2_robust_mahalanobis_clipped,2026-03-18T05:10:36.278770+00:00
QCOM,,10-Q,2021-03-28,https://www.sec.gov/Archives/edgar/data/804328/000172894921000043/qcom-20210328.htm,85.81,69.56478517372956,,1.4798422988363302,1.4798422988363302,7,accrual_ratio,-8.0,assets_growth_yoy,1.0099,revenue_growth_yoy,-0.6745,robust_mcd,brick3_q_v2_robust_mahalanobis_clipped,2026-03-18T05:10:36.278770+00:00
TSLA,,10-Q,2025-06-30,https://www.sec.gov/Archives/edgar/data/1318605/000162828025035806/tsla-20250630.htm,85.74,68.98002602151696,1.0925513971313294,0.9553498010554061,0.9619215427177502,8,assets_growth_yoy,-2.1792,revenue_growth_yoy,-1.5278,net_margin,-1.0195,robust_mcd,brick3_q_v2_robust_mahalanobis_clipped,2026-03-18T05:10:36.278770+00:00
PEP,,10-Q,2023-09-09,https://www.sec.gov/Archives/edgar/data/77476/000007747623000058/pep-20230909.htm,85.66,68.73654981731887,1.7120518409867969,,1.7120518409867969,8,assets_growth_yoy,8.0,accrual_ratio,-1.5165,net_margin,1.3188,robust_mcd,brick3_q_v2_robust_mahalanobis_clipped,2026-03-18T05:10:36.278770+00:00
NFLX,,10-Q,2025-03-31,https://www.sec.gov/Archives/edgar/data/1065280/000106528025000176/nflx-20250331.htm,85.58,68.49695155945975,0.7949691245394843,0.6404277204072492,0.7004831671348359,8,net_margin,2.069,equity_to_assets,1.2615,debt_to_assets,-1.2165,robust_mcd,brick3_q_v2_robust_mahalanobis_clipped,2026-03-18T05:10:36.278770+00:00
EXC,,10-Q,2023-09-30,https://www.sec.gov/Archives/edgar/data/1109357/000110935723000097/exc-20230930.htm,85.51,68.46366652186322,0.679463724970229,0.971875418103883,0.6681964766426048,4,revenue_growth_yoy,1.6446,debt_to_assets,0.4757,assets_growth_yoy,0.4645,robust_mcd,brick3_q_v2_robust_mahalanobis_clipped,2026-03-18T05:10:36.278770+00:00
EA,,10-Q,2021-09-30,https://www.sec.gov/Archives/edgar/data/712515/000071251521000148/ea-20210930.htm,85.43,67.41845496024406,,1.1616473414124195,1.1616473414124195,8,ocf_to_net_income,-2.224,accrual_ratio,1.7296,revenue_growth_yoy,1.481,robust_mcd,brick3_q_v2_robust_mahalanobis_clipped,2026-03-18T05:10:36.278770+00:00
TSLA,,10-Q,2021-09-30,https://www.sec.gov/Archives/edgar/data/1318605/000095017021002253/tsla-20210930.htm,85.35,66.78121348571203,,1.6679203414984063,1.6679203414984063,8,net_income_growth_yoy,8.0,assets_growth_yoy,1.4259,revenue_growth_yoy,1.4144,robust_mcd,brick3_q_v2_robust_mahalanobis_clipped,2026-03-18T05:10:36.278770+00:00
FANG,,10-Q,2021-03-31,https://www.sec.gov/Archives/edgar/data/1539838/000153983821000069/fang-20210331.htm,85.27,65.99506897714481,,1.1749663915970692,1.1749663915970692,8,net_income_growth_yoy,3.0308,revenue_growth_yoy,1.3218,ocf_to_net_income,1.2515,robust_mcd,brick3_q_v2_robust_mahalanobis_clipped,2026-03-18T05:10:36.278770+00:00
PAYX,,10-Q,2024-08-31,https://www.sec.gov/Archives/edgar/data/723531/000095017024110834/payx-20240831.htm,85.2,65.52077397650335,1.7285163237205388,0.6744907594765954,1.141801378984776,6,debt_to_assets,-1.7658,revenue_growth_yoy,-1.6177,assets_growth_yoy,-1.3287,robust_mcd,brick3_q_v2_robust_mahalanobis_clipped,2026-03-18T05:10:36.278770+00:00
MELI,,10-Q,2024-06-30,https://www.sec.gov/Archives/edgar/data/1099590/000109959024000026/meli-20240630.htm,85.12,65.12404644438668,0.8958048439158912,2.134243636729578,1.1150267044716866,8,accrual_ratio,-2.1224,ocf_to_net_income,1.3614,revenue_growth_yoy,1.3412,robust_mcd,brick3_q_v2_robust_mahalanobis_clipped,2026-03-18T05:10:36.278770+00:00
COST,,10-Q,2024-05-12,https://www.sec.gov/Archives/edgar/data/909832/000090983224000029/cost-20240512.htm,85.04,64.84310093961032,1.0148399382091844,,1.0148399382091844,8,ocf_to_net_income,2.3196,accrual_ratio,-2.0447,net_margin,1.9017,robust_mcd,brick3_q_v2_robust_mahalanobis_clipped,2026-03-18T05:10:36.278770+00:00
DXCM,,10-Q,2022-09-30,https://www.sec.gov/Archives/edgar/data/1093557/000109355722000171/dxcm-20220930.htm,84.97,64.80178525941926,3.667938097693161,0.41444877734270263,2.326445769122169,6,debt_to_assets,4.9186,accrual_ratio,-4.2994,ocf_to_net_income,2.9324,robust_mcd,brick3_q_v2_robust_mahalanobis_clipped,2026-03-18T05:10:36.278770+00:00
MELI,,10-Q,2025-09-30,https://www.sec.gov/Archives/edgar/data/1099590/000109959025000051/meli-20250930.htm,84.89,63.15446865639338,0.9806619561181079,2.7634549633442234,1.4854880734670015,8,ocf_to_net_income,4.618,assets_growth_yoy,3.0149,accrual_ratio,-1.7139,robust_mcd,brick3_q_v2_robust_mahalanobis_clipped,2026-03-18T05:10:36.278770+00:00
MU,,10-Q,2023-03-02,https://www.sec.gov/Archives/edgar/data/723125/000072312523000022/mu-20230302.htm,84.81,62.981322111436526,4.755463751243617,,4.755463751243617,6,debt_to_assets,8.0,equity_to_assets,-8.0,assets_growth_yoy,-7.6739,robust_mcd,brick3_q_v2_robust_mahalanobis_clipped,2026-03-18T05:10:36.278770+00:00
FANG,,10-Q,2024-06-30,https://www.sec.gov/Archives/edgar/data/1539838/000153983824000150/fang-20240630.htm,84.73,60.64702289562863,0.9807465876918916,1.3580589314223257,1.0153344329356355,8,debt_to_assets,2.5042,net_margin,1.4193,assets_growth_yoy,1.1971,robust_mcd,brick3_q_v2_robust_mahalanobis_clipped,2026-03-18T05:10:36.278770+00:00
MRVL,,10-Q,2022-10-29,https://www.sec.gov/Archives/edgar/data/1835632/000183563222000053/mrvl-20221029.htm,84.66,60.438425691559154,5.852042360579597,4.021813915796251,4.587907659508972,6,net_income_growth_yoy,8.0,ocf_to_net_income,8.0,accrual_ratio,-6.6716,robust_mcd,brick3_q_v2_robust_mahalanobis_clipped,2026-03-18T05:10:36.278770+00:00
PAYX,,10-Q,2025-11-30,https://www.sec.gov/Archives/edgar/data/723531/000119312525328698/payx-20251130.htm,84.58,59.97882401874463,1.312042128816153,0.6744907594765956,1.1214547102412538,8,debt_to_assets,2.1697,equity_to_assets,-1.5716,assets_growth_yoy,1.3496,robust_mcd,brick3_q_v2_robust_mahalanobis_clipped,2026-03-18T05:10:36.278770+00:00
COST,,10-Q,2023-02-12,https://www.sec.gov/Archives/edgar/data/909832/000090983223000014/cost-20230212.htm,84.5,59.27059531802844,1.722464917140488,,1.722464917140488,8,assets_growth_yoy,2.5942,equity_to_assets,2.545,accrual_ratio,-2.0516,robust_mcd,brick3_q_v2_robust_mahalanobis_clipped,2026-03-18T05:10:36.278770+00:00
EA,,10-Q,2023-06-30,https://www.sec.gov/Archives/edgar/data/712515/000071251523000037/ea-20230630.htm,84.43,59.01299327884197,1.3463499011505047,0.7145296527998536,0.8269883405435872,8,net_margin,1.7825,accrual_ratio,-1.4214,assets_growth_yoy,-0.985,robust_mcd,brick3_q_v2_robust_mahalanobis_clipped,2026-03-18T05:10:36.278770+00:00
NFLX,,10-Q,2024-09-30,https://www.sec.gov/Archives/edgar/data/1065280/000106528024000287/nflx-20240930.htm,84.35,58.517730453812945,0.8939588767459161,0.8158535846736823,0.8247322404264602,8,net_margin,1.3715,debt_to_assets,1.3273,equity_to_assets,-1.2864,robust_mcd,brick3_q_v2_robust_mahalanobis_clipped,2026-03-18T05:10:36.278770+00:00
NFLX,,10-Q,2025-06-30,https://www.sec.gov/Archives/edgar/data/1065280/000106528025000323/nflx-20250630.htm,84.27,57.43660181824909,2.614154102495606,0.7387180864630596,1.8623761198319828,8,ocf_to_net_income,-4.4667,accrual_ratio,3.7422,equity_to_assets,1.7269,robust_mcd,brick3_q_v2_robust_mahalanobis_clipped,2026-03-18T05:10:36.278770+00:00
PYPL,,10-Q,2023-03-31,https://www.sec.gov/Archives/edgar/data/1633917/000163391723000072/pypl-20230331.htm,84.19,57.264776412214545,1.2837004316167118,0.459874566972085,0.8783197607031521,8,net_margin,-1.8384,net_income_growth_yoy,1.1635,accrual_ratio,1.033,robust_mcd,brick3_q_v2_robust_mahalanobis_clipped,2026-03-18T05:10:36.278770+00:00
SBUX,,10-Q,2023-04-02,https://www.sec.gov/Archives/edgar/data/829224/000082922423000037/sbux-20230402.htm,84.12,57.24711503737355,2.262955218323127,0.6744907594765953,1.3416802250212019,8,ocf_to_net_income,-3.7568,accrual_ratio,2.668,revenue_growth_yoy,-1.349,robust_mcd,brick3_q_v2_robust_mahalanobis_clipped,2026-03-18T05:10:36.278770+00:00
HON,,10-Q,2024-09-30,https://www.sec.gov/Archives/edgar/data/773840/000077384024000099/hon-20240930.htm,84.04,56.922928977661805,3.420864707699215,0.5849178227171798,2.194569213395754,5,equity_to_assets,-5.0826,assets_growth_yoy,2.9361,accrual_ratio,-1.3367,robust_mcd,brick3_q_v2_robust_mahalanobis_clipped,2026-03-18T05:10:36.278770+00:00
CHTR,,10-Q,2022-06-30,https://www.sec.gov/Archives/edgar/data/1091667/000109166722000090/chtr-20220630.htm,83.96,56.513824728790276,1.0930237676740915,0.6427505265690001,0.7317952319863229,7,equity_to_assets,-2.1635,net_margin,1.4555,revenue_growth_yoy,-0.6745,robust_mcd,brick3_q_v2_robust_mahalanobis_clipped,2026-03-18T05:10:36.278770+00:00
QCOM,,10-Q,2023-03-26,https://www.sec.gov/Archives/edgar/data/804328/000080432823000023/qcom-20230326.htm,83.89,56.423899286336955,1.468637508503763,0.6744907594765952,0.9514053966350863,7,assets_growth_yoy,-3.3122,net_margin,-1.7669,net_income_growth_yoy,0.5114,robust_mcd,brick3_q_v2_robust_mahalanobis_clipped,2026-03-18T05:10:36.278770+00:00
PCAR,,10-Q,2022-06-30,https://www.sec.gov/Archives/edgar/data/75362/000156459022027473/pcar-10q_20220630.htm,83.81,55.378982968288376,0.9124097144465212,0.3149280913850925,0.5894241824789912,7,net_margin,1.3291,revenue_growth_yoy,1.1405,equity_to_assets,0.8406,robust_mcd,brick3_q_v2_robust_mahalanobis_clipped,2026-03-18T05:10:36.278770+00:00
HON,,10-Q,2025-06-30,https://www.sec.gov/Archives/edgar/data/773840/000077384025000064/hon-20250630.htm,83.73,54.846615127213724,2.1162749421618066,0.6173206562627371,1.3014846317665476,5,equity_to_assets,-5.1532,assets_growth_yoy,0.9348,net_income_growth_yoy,-0.2045,robust_mcd,brick3_q_v2_robust_mahalanobis_clipped,2026-03-18T05:10:36.278770+00:00
HON,,10-Q,2024-03-31,https://www.sec.gov/Archives/edgar/data/773840/000077384024000051/hon-20240331.htm,83.65,54.42193746595356,2.6291008841597394,0.7199203582810665,1.86542867380827,5,equity_to_assets,-5.0013,assets_growth_yoy,2.4869,accrual_ratio,0.8123,robust_mcd,brick3_q_v2_robust_mahalanobis_clipped,2026-03-18T05:10:36.278770+00:00
HON,,10-Q,2025-03-31,https://www.sec.gov/Archives/edgar/data/773840/000077384025000037/hon-20250331.htm,83.58,54.38535605819694,2.2212456872139112,0.7990297510392476,1.6523593127440457,5,equity_to_assets,-5.0698,assets_growth_yoy,1.3896,ocf_to_net_income,-0.8033,robust_mcd,brick3_q_v2_robust_mahalanobis_clipped,2026-03-18T05:10:36.278770+00:00
HON,,10-Q,2024-06-30,https://www.sec.gov/Archives/edgar/data/773840/000077384024000082/hon-20240630.htm,83.5,54.356142485905096,2.526030743747169,0.49139353711561073,1.489872921599288,5,equity_to_assets,-5.0705,assets_growth_yoy,2.1573,net_income_growth_yoy,-0.1743,robust_mcd,brick3_q_v2_robust_mahalanobis_clipped,2026-03-18T05:10:36.278770+00:00
ADI,,10-Q,2022-04-30,https://www.sec.gov/Archives/edgar/data/6281/000000628122000168/adi-20220430.htm,83.42,53.6942323258844,2.843579386889955,0.9514630634018012,1.5595322970809762,5,equity_to_assets,5.2468,net_income_growth_yoy,1.4633,assets_growth_yoy,-0.8266,robust_mcd,brick3_q_v2_robust_mahalanobis_clipped,2026-03-18T05:10:36.278770+00:00
CHTR,,10-Q,2024-03-31,https://www.sec.gov/Archives/edgar/data/1091667/000109166724000085/chtr-20240331.htm,83.35,52.994510288114924,1.0058818041337925,0.7560102011107536,0.6059437291014265,7,net_margin,-1.2762,revenue_growth_yoy,-1.1577,ocf_to_net_income,0.4112,robust_mcd,brick3_q_v2_robust_mahalanobis_clipped,2026-03-18T05:10:36.278770+00:00
PCAR,,10-Q,2024-06-30,https://www.sec.gov/Archives/edgar/data/75362/000095017024088553/pcar-20240630.htm,83.27,52.833517915411846,1.011293560534969,0.2934275406187811,0.6506410120138268,7,revenue_growth_yoy,-1.1774,net_income_growth_yoy,-1.1729,net_margin,0.9171,robust_mcd,brick3_q_v2_robust_mahalanobis_clipped,2026-03-18T05:10:36.278770+00:00
EA,,10-Q,2025-12-31,https://www.sec.gov/Archives/edgar/data/712515/000162828026005101/ea-20251231.htm,83.19,52.11165176477607,3.523907519218592,1.2811226641481948,2.374710712449346,7,ocf_to_net_income,5.7584,accrual_ratio,-2.887,equity_to_assets,-2.2842,robust_mcd,brick3_q_v2_robust_mahalanobis_clipped,2026-03-18T05:10:36.278770+00:00
ADBE,,10-Q,2024-08-30,https://www.sec.gov/Archives/edgar/data/796343/000079634324000208/adbe-20240830.htm,83.11,51.61746260772455,2.3073495908784776,,2.3073495908784776,8,equity_to_assets,-7.0965,debt_to_assets,7.0965,assets_growth_yoy,-2.1413,robust_mcd,brick3_q_v2_robust_mahalanobis_clipped,2026-03-18T05:10:36.278770+00:00
ADI,,10-Q,2022-07-30,https://www.sec.gov/Archives/edgar/data/6281/000000628122000224/adi-20220730.htm,83.04,50.893093904810925,4.317850617106462,0.26979630379063807,1.6623447436745813,5,equity_to_assets,5.0698,ocf_to_net_income,2.2417,accrual_ratio,-1.0002,robust_mcd,brick3_q_v2_robust_mahalanobis_clipped,2026-03-18T05:10:36.278770+00:00
CMCSA,,10-Q,2023-03-31,https://www.sec.gov/Archives/edgar/data/1166691/000116669123000024/cmcsa-20230331.htm,82.96,50.77347652289962,1.466120469905644,0.48809814051892747,0.9661421693286696,7,equity_to_assets,-3.3708,assets_growth_yoy,-1.0377,revenue_growth_yoy,-0.8785,robust_mcd,brick3_q_v2_robust_mahalanobis_clipped,2026-03-18T05:10:36.278770+00:00
CSX,,10-Q,2023-03-31,https://www.sec.gov/Archives/edgar/data/277948/000027794823000027/csx-20230331.htm,82.88,50.1368894822213,1.9266752744023161,0.23056558595775284,1.2320063276229523,5,debt_to_assets,4.5672,ocf_to_net_income,-0.7048,accrual_ratio,0.5835,robust_mcd,brick3_q_v2_robust_mahalanobis_clipped,2026-03-18T05:10:36.278770+00:00
MU,,10-Q,2022-12-01,https://www.sec.gov/Archives/edgar/data/723125/000072312522000072/mu-20221201.htm,82.81,50.02732223950817,5.834890375787216,,5.834890375787216,4,debt_to_assets,8.0,equity_to_assets,-8.0,ocf_to_net_income,-6.1948,robust_mcd,brick3_q_v2_robust_mahalanobis_clipped,2026-03-18T05:10:36.278770+00:00
INTU,,10-Q,2023-10-31,https://www.sec.gov/Archives/edgar/data/896878/000089687823000041/intu-20231031.htm,82.73,50.01940868131494,1.9903192069913818,1.0574872337529992,1.4999741300919036,8,net_income_growth_yoy,5.7103,assets_growth_yoy,-1.4887,ocf_to_net_income,-1.4296,robust_mcd,brick3_q_v2_robust_mahalanobis_clipped,2026-03-18T05:10:36.278770+00:00
CHTR,,10-Q,2025-09-30,https://www.sec.gov/Archives/edgar/data/1091667/000109166725000168/chtr-20250930.htm,82.65,49.95895520924301,1.0529284058740713,1.3090985558639499,0.9899004200081397,7,ocf_to_net_income,2.7947,revenue_growth_yoy,-1.2467,net_margin,-1.0163,robust_mcd,brick3_q_v2_robust_mahalanobis_clipped,2026-03-18T05:10:36.278770+00:00
COST,,10-Q,2022-05-08,https://www.sec.gov/Archives/edgar/data/909832/000090983222000014/cost-20220508.htm,82.58,49.33617944411996,4.5717405655054595,,4.5717405655054595,5,debt_to_assets,-8.0,equity_to_assets,8.0,accrual_ratio,-3.8688,robust_mcd,brick3_q_v2_robust_mahalanobis_clipped,2026-03-18T05:10:36.278770+00:00
CHTR,,10-Q,2022-09-30,https://www.sec.gov/Archives/edgar/data/1091667/000109166722000115/chtr-20220930.htm,82.5,49.32090224443722,2.252155336131042,0.6964687608027539,1.5842694922616951,7,net_income_growth_yoy,-4.3654,ocf_to_net_income,1.8184,assets_growth_yoy,1.4752,robust_mcd,brick3_q_v2_robust_mahalanobis_clipped,2026-03-18T05:10:36.278770+00:00
EA,,10-Q,2022-12-31,https://www.sec.gov/Archives/edgar/data/712515/000071251523000008/ea-20221231.htm,82.42,48.86569295353922,4.1489418704961105,1.2508409729681973,2.783880656447743,8,ocf_to_net_income,5.5245,accrual_ratio,-5.1637,assets_growth_yoy,-4.7662,robust_mcd,brick3_q_v2_robust_mahalanobis_clipped,2026-03-18T05:10:36.278770+00:00
CTSH,,10-Q,2022-06-30,https://www.sec.gov/Archives/edgar/data/1058290/000105829022000241/ctsh-20220630.htm,82.34,48.041085712048165,2.244576743620153,0.4584153766084064,1.411872979603872,8,equity_to_assets,3.0795,debt_to_assets,-2.9426,assets_growth_yoy,1.7137,robust_mcd,brick3_q_v2_robust_mahalanobis_clipped,2026-03-18T05:10:36.278770+00:00
AAPL,,10-Q,2022-03-26,https://www.sec.gov/Archives/edgar/data/320193/000032019322000059/aapl-20220326.htm,82.27,47.8160664682393,,1.9906556966368083,1.9906556966368083,6,accrual_ratio,-8.0,ocf_to_net_income,1.833,equity_to_assets,-0.762,robust_mcd,brick3_q_v2_robust_mahalanobis_clipped,2026-03-18T05:10:36.278770+00:00
WBD,,10-Q,2021-06-30,https://www.sec.gov/Archives/edgar/data/1437107/000143710721000166/disca-20210630.htm,82.19,47.65001661955988,,0.6022007960255689,0.6022007960255689,8,net_margin,1.714,net_income_growth_yoy,1.4235,assets_growth_yoy,-0.5102,robust_mcd,brick3_q_v2_robust_mahalanobis_clipped,2026-03-18T05:10:36.278770+00:00
KLAC,,10-Q,2022-03-31,https://www.sec.gov/Archives/edgar/data/319201/000031920122000012/klac-20220331.htm,82.11,47.53626591859209,,2.0887003406640354,2.0887003406640354,6,accrual_ratio,-8.0,ocf_to_net_income,2.8376,assets_growth_yoy,1.1371,robust_mcd,brick3_q_v2_robust_mahalanobis_clipped,2026-03-18T05:10:36.278770+00:00
ADBE,,10-Q,2025-02-28,https://www.sec.gov/Archives/edgar/data/796343/000079634325000059/adbe-20250228.htm,82.04,46.523300088414004,2.7942922496881053,1.6113583884665532,2.2536696292518252,8,equity_to_assets,-4.8,debt_to_assets,4.5302,accrual_ratio,3.4829,robust_mcd,brick3_q_v2_robust_mahalanobis_clipped,2026-03-18T05:10:36.278770+00:00
ISRG,,10-Q,2023-03-31,https://www.sec.gov/Archives/edgar/data/1035267/000103526723000092/isrg-20230331.htm,81.96,46.480694923580536,2.2060079880400534,0.9037953499136847,1.4405069915555255,6,debt_to_assets,2.848,assets_growth_yoy,-2.5333,equity_to_assets,1.777,robust_mcd,brick3_q_v2_robust_mahalanobis_clipped,2026-03-18T05:10:36.278770+00:00
COST,,10-Q,2023-11-26,https://www.sec.gov/Archives/edgar/data/909832/000090983223000065/cost-20231126.htm,81.88,46.34340054177995,0.8213060558086228,,0.8213060558086228,8,net_margin,1.4035,equity_to_assets,1.3312,debt_to_assets,-1.0773,robust_mcd,brick3_q_v2_robust_mahalanobis_clipped,2026-03-18T05:10:36.278770+00:00
COST,,10-Q,2022-11-20,https://www.sec.gov/Archives/edgar/data/909832/000090983222000035/cost-20221120.htm,81.8,46.261442174076144,3.8705601744030522,,3.8705601744030522,5,equity_to_assets,8.0,debt_to_assets,-7.293,accrual_ratio,1.7214,robust_mcd,brick3_q_v2_robust_mahalanobis_clipped,2026-03-18T05:10:36.278770+00:00
TTWO,,10-Q,2022-09-30,https://www.sec.gov/Archives/edgar/data/946581/000162828022028716/ttwo-20220930.htm,81.73,45.95595504454573,3.21218691819951,3.1037264940401443,2.994534760206761,6,assets_growth_yoy,8.0,net_income_growth_yoy,-8.0,ocf_to_net_income,-1.0085,robust_mcd,brick3_q_v2_robust_mahalanobis_clipped,2026-03-18T05:10:36.278770+00:00
AMZN,,10-Q,2024-03-31,https://www.sec.gov/Archives/edgar/data/1018724/000101872424000083/amzn-20240331.htm,81.65,45.89109499993356,1.871910258714441,1.2404689063502214,1.541548327436901,5,equity_to_assets,4.8208,net_income_growth_yoy,2.2588,ocf_to_net_income,0.3754,robust_mcd,brick3_q_v2_robust_mahalanobis_clipped,2026-03-18T05:10:36.278770+00:00
PEP,,10-Q,2023-06-17,https://www.sec.gov/Archives/edgar/data/77476/000007747623000046/pep-20230617.htm,81.57,45.806897810816146,1.3092911888948529,,1.3092911888948529,8,assets_growth_yoy,8.0,net_margin,0.6862,revenue_growth_yoy,-0.6745,robust_mcd,brick3_q_v2_robust_mahalanobis_clipped,2026-03-18T05:10:36.278770+00:00
VRSK,,10-Q,2023-03-31,https://www.sec.gov/Archives/edgar/data/1442145/000143774923012195/vrsk20230331_10q.htm,81.5,45.450357824124275,5.880615764178844,3.007463853472089,4.7313549998961415,6,ocf_to_net_income,7.3791,debt_to_assets,5.3527,equity_to_assets,-5.3186,robust_mcd,brick3_q_v2_robust_mahalanobis_clipped,2026-03-18T05:10:36.278770+00:00
EA,,10-Q,2022-09-30,https://www.sec.gov/Archives/edgar/data/712515/000071251522000068/ea-20220930.htm,81.42,45.2885078511013,2.0928412563429246,0.7454607436445193,1.5538890512635626,8,assets_growth_yoy,-4.8953,accrual_ratio,4.1917,ocf_to_net_income,-1.2061,robust_mcd,brick3_q_v2_robust_mahalanobis_clipped,2026-03-18T05:10:36.278770+00:00
PAYX,,10-Q,2023-11-30,https://www.sec.gov/Archives/edgar/data/723531/000095017023072195/payx-20231130.htm,81.34,45.272882409152345,2.260770938963131,1.00403715275609,1.788594652120276,4,assets_growth_yoy,2.5449,equity_to_assets,-1.6501,debt_to_assets,1.6501,robust_mcd,brick3_q_v2_robust_mahalanobis_clipped,2026-03-18T05:10:36.278770+00:00
COST,,10-Q,2023-05-07,https://www.sec.gov/Archives/edgar/data/909832/000090983223000028/cost-20230507.htm,81.26,45.22701604744492,1.3573391144201787,,1.3573391144201787,8,ocf_to_net_income,2.4111,accrual_ratio,-1.9984,equity_to_assets,1.5232,robust_mcd,brick3_q_v2_robust_mahalanobis_clipped,2026-03-18T05:10:36.278770+00:00
CSX,,10-Q,2022-09-30,https://www.sec.gov/Archives/edgar/data/277948/000027794822000045/csx-20220930.htm,81.19,45.02380390485487,3.8839413332661743,0.3863776417097491,2.441165672735822,5,assets_growth_yoy,4.6787,debt_to_assets,3.6967,ocf_to_net_income,2.5238,robust_mcd,brick3_q_v2_robust_mahalanobis_clipped,2026-03-18T05:10:36.278770+00:00
MDLZ,,10-Q,2025-03-31,https://www.sec.gov/Archives/edgar/data/1103982/000110398225000127/mdlz-20250331.htm,81.11,44.89706385748343,1.7386713343711195,0.8291838692931408,1.372860046024025,8,assets_growth_yoy,-4.5483,net_income_growth_yoy,-1.5005,net_margin,-1.1677,robust_mcd,brick3_q_v2_robust_mahalanobis_clipped,2026-03-18T05:10:36.278770+00:00
KLAC,,10-Q,2021-03-31,https://www.sec.gov/Archives/edgar/data/319201/000031920121000017/klac-20210331.htm,81.03,44.73797083350981,,2.632044425345688,2.632044425345688,6,net_income_growth_yoy,8.0,accrual_ratio,-5.7905,ocf_to_net_income,1.4206,robust_mcd,brick3_q_v2_robust_mahalanobis_clipped,2026-03-18T05:10:36.278770+00:00
TMUS,,10-Q,2022-06-30,https://www.sec.gov/Archives/edgar/data/1283699/000128369922000117/tmus-20220630.htm,80.96,44.66942901635132,4.177144228406422,2.056940233477659,3.2346842682215042,5,ocf_to_net_income,-8.0,accrual_ratio,-4.6121,net_income_growth_yoy,-2.4532,robust_mcd,brick3_q_v2_robust_mahalanobis_clipped,2026-03-18T05:10:36.278770+00:00
MU,,10-Q,2023-06-01,https://www.sec.gov/Archives/edgar/data/723125/000072312523000041/mu-20230601.htm,80.88,44.559624695218524,3.7791927301996022,,3.7791927301996022,6,debt_to_assets,8.0,equity_to_assets,-8.0,assets_growth_yoy,-3.4997,robust_mcd,brick3_q_v2_robust_mahalanobis_clipped,2026-03-18T05:10:36.278770+00:00
TSLA,,10-Q,2024-06-30,https://www.sec.gov/Archives/edgar/data/1318605/000162828024032662/tsla-20240630.htm,80.8,44.31323220300097,0.8539477448461796,0.7247320776114243,0.6767146679693847,8,net_margin,-1.2696,revenue_growth_yoy,-0.9408,net_income_growth_yoy,-0.9334,robust_mcd,brick3_q_v2_robust_mahalanobis_clipped,2026-03-18T05:10:36.278770+00:00
COST,,10-Q,2025-05-11,https://www.sec.gov/Archives/edgar/data/909832/000090983225000033/cost-20250511.htm,80.72,44.29270661967001,1.1606841347084136,,1.1606841347084136,8,ocf_to_net_income,2.0303,net_margin,1.6115,accrual_ratio,-1.3133,robust_mcd,brick3_q_v2_robust_mahalanobis_clipped,2026-03-18T05:10:36.278770+00:00
PAYX,,10-Q,2024-02-29,https://www.sec.gov/Archives/edgar/data/723531/000095017024040129/payx-20240229.htm,80.65,44.20883380522588,1.6710958995203122,1.1211341810352542,1.3383829543645651,6,ocf_to_net_income,2.075,assets_growth_yoy,-1.999,revenue_growth_yoy,-1.331,robust_mcd,brick3_q_v2_robust_mahalanobis_clipped,2026-03-18T05:10:36.278770+00:00
CSCO,,10-Q,2024-04-27,https://www.sec.gov/Archives/edgar/data/858877/000085887724000007/csco-20240427.htm,80.57,43.79421463128909,3.8015241151085486,,3.8015241151085486,6,net_income_growth_yoy,-8.0,debt_to_assets,4.936,equity_to_assets,-4.936,robust_mcd,brick3_q_v2_robust_mahalanobis_clipped,2026-03-18T05:10:36.278770+00:00
AMZN,,10-Q,2024-06-30,https://www.sec.gov/Archives/edgar/data/1018724/000101872424000130/amzn-20240630.htm,80.49,43.62812463971141,1.7894002354494298,0.7107391957886827,1.272929251822555,5,equity_to_assets,4.7512,net_income_growth_yoy,0.9037,assets_growth_yoy,0.3913,robust_mcd,brick3_q_v2_robust_mahalanobis_clipped,2026-03-18T05:10:36.278770+00:00
WBD,,10-Q,2023-09-30,https://www.sec.gov/Archives/edgar/data/1437107/000143710723000173/disca-20230930.htm,80.42,43.55100300499256,1.274261543583399,1.5546498808244238,1.3298091511146157,8,ocf_to_net_income,-5.8684,assets_growth_yoy,-1.2277,net_margin,-1.0983,robust_mcd,brick3_q_v2_robust_mahalanobis_clipped,2026-03-18T05:10:36.278770+00:00
ADP,,10-Q,2025-09-30,https://www.sec.gov/Archives/edgar/data/8670/000000867025000047/adp-20250930.htm,80.34,43.472591526008564,1.1657557733962063,0.8202566987720392,0.7751202855457133,8,revenue_growth_yoy,-1.3036,ocf_to_net_income,-1.2326,accrual_ratio,1.057,robust_mcd,brick3_q_v2_robust_mahalanobis_clipped,2026-03-18T05:10:36.278770+00:00
EA,,10-Q,2025-09-30,https://www.sec.gov/Archives/edgar/data/712515/000162828025047811/ea-20250930.htm,80.26,43.4548233226388,1.5871182761308797,0.9387068664833882,1.2495123655782179,7,assets_growth_yoy,-2.0498,net_margin,-1.576,debt_to_assets,1.4653,robust_mcd,brick3_q_v2_robust_mahalanobis_clipped,2026-03-18T05:10:36.278770+00:00
ADBE,,10-Q,2025-08-29,https://www.sec.gov/Archives/edgar/data/796343/000079634325000107/adbe-20250829.htm,80.19,43.102712303154235,2.4424820393701774,,2.4424820393701774,8,debt_to_assets,8.0,equity_to_assets,-8.0,accrual_ratio,-1.0219,robust_mcd,brick3_q_v2_robust_mahalanobis_clipped,2026-03-18T05:10:36.278770+00:00
DDOG,,10-Q,2023-03-31,https://www.sec.gov/Archives/edgar/data/1561550/000156155023000023/ddog-20230331.htm,80.11,43.00342177239241,,3.44463755529096,3.44463755529096,6,net_income_growth_yoy,-8.0,ocf_to_net_income,-8.0,accrual_ratio,-2.6709,robust_mcd,brick3_q_v2_robust_mahalanobis_clipped,2026-03-18T05:10:36.278770+00:00
ISRG,,10-Q,2023-06-30,https://www.sec.gov/Archives/edgar/data/1035267/000103526723000159/isrg-20230630.htm,80.03,42.55424299811845,1.8292275994754417,0.76176581025759,1.2464390653206474,6,debt_to_assets,2.638,equity_to_assets,1.8858,assets_growth_yoy,-1.4335,robust_mcd,brick3_q_v2_robust_mahalanobis_clipped,2026-03-18T05:10:36.278770+00:00
SBUX,,10-Q,2021-03-28,https://www.sec.gov/Archives/edgar/data/829224/000082922421000053/sbux-20210328.htm,79.95,42.48306404182947,,1.6800173778832561,1.6800173778832561,8,net_income_growth_yoy,8.0,debt_to_assets,2.0677,revenue_growth_yoy,0.6745,robust_mcd,brick3_q_v2_robust_mahalanobis_clipped,2026-03-18T05:10:36.278770+00:00
EA,,10-Q,2025-06-30,https://www.sec.gov/Archives/edgar/data/712515/000071251525000030/ea-20250630.htm,79.88,41.99535501476396,1.4091328703289485,0.9444454026246273,1.1803471141265964,8,assets_growth_yoy,-2.1028,debt_to_assets,1.3259,equity_to_assets,-1.3037,robust_mcd,brick3_q_v2_robust_mahalanobis_clipped,2026-03-18T05:10:36.278770+00:00
SNPS,,10-Q,2025-04-30,https://www.sec.gov/Archives/edgar/data/883241/000088324125000017/snps-20250430.htm,79.8,41.84477563495883,4.205298059648766,1.8398729588808382,3.1542458831717277,6,assets_growth_yoy,8.0,debt_to_assets,4.8,equity_to_assets,-4.5219,robust_mcd,brick3_q_v2_robust_mahalanobis_clipped,2026-03-18T05:10:36.278770+00:00
AEP,,10-Q,2024-09-30,https://www.sec.gov/Archives/edgar/data/4904/000000490424000100/aep-20240930.htm,79.72,41.19116989445041,0.9906674347483427,0.5502526121856908,0.677849712303767,8,net_margin,1.3044,net_income_growth_yoy,-1.1163,ocf_to_net_income,1.0996,robust_mcd,brick3_q_v2_robust_mahalanobis_clipped,2026-03-18T05:10:36.278770+00:00
HON,,10-Q,2025-09-30,https://www.sec.gov/Archives/edgar/data/773840/000077384025000105/hon-20250930.htm,79.65,41.003793966541444,2.593244268198762,0.42802537821615233,1.6632558829566009,5,equity_to_assets,-4.3973,ocf_to_net_income,1.1881,accrual_ratio,-1.1121,robust_mcd,brick3_q_v2_robust_mahalanobis_clipped,2026-03-18T05:10:36.278770+00:00
PEP,,10-Q,2025-09-06,https://www.sec.gov/Archives/edgar/data/77476/000007747625000053/pep-20250906.htm,79.57,40.90373103099091,1.767309116703329,,1.767309116703329,8,assets_growth_yoy,6.7512,net_income_growth_yoy,-3.546,accrual_ratio,-0.9769,robust_mcd,brick3_q_v2_robust_mahalanobis_clipped,2026-03-18T05:10:36.278770+00:00
ADBE,,10-Q,2025-05-30,https://www.sec.gov/Archives/edgar/data/796343/000079634325000073/adbe-20250530.htm,79.49,40.62476571855026,2.257236938014259,,2.257236938014259,8,debt_to_assets,8.0,equity_to_assets,-8.0,assets_growth_yoy,-0.6745,robust_mcd,brick3_q_v2_robust_mahalanobis_clipped,2026-03-18T05:10:36.278770+00:00
ADBE,,10-Q,2024-05-31,https://www.sec.gov/Archives/edgar/data/796343/000079634324000150/adbe-20240531.htm,79.41,40.37804601267758,2.1662205559031946,,2.1662205559031946,8,equity_to_assets,-6.2042,debt_to_assets,6.2042,assets_growth_yoy,-2.1413,robust_mcd,brick3_q_v2_robust_mahalanobis_clipped,2026-03-18T05:10:36.278770+00:00
ABNB,,10-Q,2023-03-31,https://www.sec.gov/Archives/edgar/data/1559720/000155972023000010/abnb-20230331.htm,79.34,40.08610939057543,,3.6603403270529236,3.6603403270529236,6,net_income_growth_yoy,8.0,ocf_to_net_income,8.0,accrual_ratio,-4.1914,robust_mcd,brick3_q_v2_robust_mahalanobis_clipped,2026-03-18T05:10:36.278770+00:00
NFLX,,10-Q,2023-09-30,https://www.sec.gov/Archives/edgar/data/1065280/000106528023000273/nflx-20230930.htm,79.26,39.5787335763763,,0.5295954769327365,0.5295954769327365,8,net_margin,1.5424,ocf_to_net_income,-0.9525,accrual_ratio,0.8865,robust_mcd,brick3_q_v2_robust_mahalanobis_clipped,2026-03-18T05:10:36.278770+00:00
SBUX,,10-Q,2022-07-03,https://www.sec.gov/Archives/edgar/data/829224/000082922422000039/sbux-20220703.htm,79.18,38.987560512720314,0.7327323470067606,0.6744907594765953,0.7286109352749008,8,net_margin,1.2327,accrual_ratio,-0.8313,revenue_growth_yoy,-0.6745,robust_mcd,brick3_q_v2_robust_mahalanobis_clipped,2026-03-18T05:10:36.278770+00:00
CEG,,10-Q,2024-06-30,https://www.sec.gov/Archives/edgar/data/1868275/000186827524000054/ceg-20240630.htm,79.11,38.38734585086544,1.8642973283382558,0.9679673427428029,1.5057653341000747,8,assets_growth_yoy,4.8812,debt_to_assets,1.5848,equity_to_assets,-1.5522,robust_mcd,brick3_q_v2_robust_mahalanobis_clipped,2026-03-18T05:10:36.278770+00:00
AMGN,,10-Q,2022-06-30,https://www.sec.gov/Archives/edgar/data/318154/000031815422000041/amgn-20220630.htm,79.03,37.32927617458258,2.8849998664216985,1.0638185792391783,2.080048458157136,5,net_income_growth_yoy,5.8026,equity_to_assets,-3.699,ocf_to_net_income,0.5159,robust_mcd,brick3_q_v2_robust_mahalanobis_clipped,2026-03-18T05:10:36.278770+00:00
COST,,10-Q,2024-11-24,https://www.sec.gov/Archives/edgar/data/909832/000090983224000079/cost-20241124.htm,78.95,37.08270730207523,0.7974269261353415,,0.7974269261353415,8,net_margin,1.4448,ocf_to_net_income,-1.3711,assets_growth_yoy,-1.3083,robust_mcd,brick3_q_v2_robust_mahalanobis_clipped,2026-03-18T05:10:36.278770+00:00
AMZN,,10-Q,2024-09-30,https://www.sec.gov/Archives/edgar/data/1018724/000101872424000161/amzn-20240930.htm,78.87,36.57266037367679,1.746685164842265,0.7746945397033054,1.2375365309783168,5,equity_to_assets,4.3459,assets_growth_yoy,0.983,net_income_growth_yoy,0.3861,robust_mcd,brick3_q_v2_robust_mahalanobis_clipped,2026-03-18T05:10:36.278770+00:00
TSLA,,10-Q,2023-09-30,https://www.sec.gov/Archives/edgar/data/1318605/000162828023034847/tsla-20230930.htm,78.8,36.51063864680272,1.0851071538862134,0.7063001062013279,0.8024440395524572,8,ocf_to_net_income,1.137,revenue_growth_yoy,-1.0299,net_margin,-0.9198,robust_mcd,brick3_q_v2_robust_mahalanobis_clipped,2026-03-18T05:10:36.278770+00:00
MELI,,10-Q,2021-03-31,https://www.sec.gov/Archives/edgar/data/1099590/000156276221000200/meli-20210331x10q.htm,78.72,36.448045106934856,,2.141146981713336,2.141146981713336,7,ocf_to_net_income,5.5861,accrual_ratio,3.246,debt_to_assets,1.8549,robust_mcd,brick3_q_v2_robust_mahalanobis_clipped,2026-03-18T05:10:36.278770+00:00
CSCO,,10-Q,2024-10-26,https://www.sec.gov/Archives/edgar/data/858877/000085887724000030/csco-20241026.htm,78.64,36.4400991958866,3.4989689917901905,,3.4989689917901905,6,net_income_growth_yoy,-8.0,assets_growth_yoy,3.9395,debt_to_assets,3.6578,robust_mcd,brick3_q_v2_robust_mahalanobis_clipped,2026-03-18T05:10:36.278770+00:00
DXCM,,10-Q,2023-06-30,https://www.sec.gov/Archives/edgar/data/1093557/000109355723000174/dxcm-20230630.htm,78.57,35.8430097423852,2.2313944431937,0.9612076517536678,1.7092355165186979,6,debt_to_assets,4.9666,net_income_growth_yoy,1.7387,equity_to_assets,-1.617,robust_mcd,brick3_q_v2_robust_mahalanobis_clipped,2026-03-18T05:10:36.278770+00:00
AAPL,,10-Q,2021-03-27,https://www.sec.gov/Archives/edgar/data/320193/000032019321000056/aapl-20210327.htm,78.49,35.778030706457386,,2.7039977426288395,2.7039977426288395,6,ocf_to_net_income,7.9049,accrual_ratio,-3.9377,equity_to_assets,-3.144,robust_mcd,brick3_q_v2_robust_mahalanobis_clipped,2026-03-18T05:10:36.278770+00:00
CRWD,,10-Q,2022-10-31,https://www.sec.gov/Archives/edgar/data/1535527/000153552722000025/crwd-20221031.htm,78.41,35.72167142142974,3.8856586420379515,0.6255863992423002,2.457701195392866,6,debt_to_assets,-4.716,assets_growth_yoy,-3.754,equity_to_assets,2.3469,robust_mcd,brick3_q_v2_robust_mahalanobis_clipped,2026-03-18T05:10:36.278770+00:00
TSLA,,10-Q,2023-06-30,https://www.sec.gov/Archives/edgar/data/1318605/000095017023033872/tsla-20230630.htm,78.33,35.533856190178014,0.7317252071477103,0.8672401676100497,0.7263165893023937,8,assets_growth_yoy,1.2568,revenue_growth_yoy,1.1328,ocf_to_net_income,-1.0508,robust_mcd,brick3_q_v2_robust_mahalanobis_clipped,2026-03-18T05:10:36.278770+00:00
CEG,,10-Q,2025-03-31,https://www.sec.gov/Archives/edgar/data/1868275/000186827525000044/ceg-20250331.htm,78.26,35.18306102161474,1.0528806804624777,0.7586471945516462,0.6876763107199475,8,net_income_growth_yoy,-1.1198,net_margin,-1.0839,ocf_to_net_income,0.6975,robust_mcd,brick3_q_v2_robust_mahalanobis_clipped,2026-03-18T05:10:36.278770+00:00
BKR,,10-Q,2023-03-31,https://www.sec.gov/Archives/edgar/data/1701605/000170160523000049/bkr-20230331.htm,78.18,34.32854188257763,3.48918862943369,2.042229836503045,2.788731442060461,5,net_income_growth_yoy,8.0,accrual_ratio,5.0459,assets_growth_yoy,0.5391,robust_mcd,brick3_q_v2_robust_mahalanobis_clipped,2026-03-18T05:10:36.278770+00:00
MAR,,10-Q,2022-06-30,https://www.sec.gov/Archives/edgar/data/1048286/000162828022020126/mar-20220630.htm,78.1,34.250819758904804,1.1207009487853872,0.9192872235284215,0.6632804593898142,7,assets_growth_yoy,1.417,revenue_growth_yoy,1.0752,net_margin,0.6796,robust_mcd,brick3_q_v2_robust_mahalanobis_clipped,2026-03-18T05:10:36.278770+00:00
HON,,10-Q,2022-09-30,https://www.sec.gov/Archives/edgar/data/773840/000077384022000071/hon-20220930.htm,78.03,34.04173807471893,3.3949681664626454,0.5085620350016776,2.0421575474687543,5,equity_to_assets,3.8417,assets_growth_yoy,-3.426,net_income_growth_yoy,1.4373,robust_mcd,brick3_q_v2_robust_mahalanobis_clipped,2026-03-18T05:10:36.278770+00:00
GILD,,10-Q,2024-03-31,https://www.sec.gov/Archives/edgar/data/882095/000088209524000013/gild-20240331.htm,77.95,33.49700790789878,3.2965650216087874,3.839644140855063,3.5137966693072977,5,net_income_growth_yoy,-8.0,ocf_to_net_income,-3.9881,accrual_ratio,-3.8806,robust_mcd,brick3_q_v2_robust_mahalanobis_clipped,2026-03-18T05:10:36.278770+00:00
ISRG,,10-Q,2022-09-30,https://www.sec.gov/Archives/edgar/data/1035267/000103526722000169/isrg-20220930.htm,77.87,33.24139349248372,2.12563446233613,0.6207750192456427,1.3057231245035883,6,debt_to_assets,2.283,assets_growth_yoy,-2.0565,equity_to_assets,1.6618,robust_mcd,brick3_q_v2_robust_mahalanobis_clipped,2026-03-18T05:10:36.278770+00:00
MSTR,,10-Q,2023-06-30,https://www.sec.gov/Archives/edgar/data/1050446/000095017023036448/mstr-20230630.htm,77.79,33.21369349110971,0.9865944933146175,1.092805564125808,0.7888000469108901,8,net_income_growth_yoy,1.2636,net_margin,1.2349,ocf_to_net_income,1.2312,robust_mcd,brick3_q_v2_robust_mahalanobis_clipped,2026-03-18T05:10:36.278770+00:00
CHTR,,10-Q,2023-09-30,https://www.sec.gov/Archives/edgar/data/1091667/000109166723000143/chtr-20230930.htm,77.72,33.15731009674345,0.922808711164194,0.8335123031092244,0.7928612547166691,7,ocf_to_net_income,1.6086,revenue_growth_yoy,-1.1555,assets_growth_yoy,0.8572,robust_mcd,brick3_q_v2_robust_mahalanobis_clipped,2026-03-18T05:10:36.278770+00:00
ABNB,,10-Q,2023-09-30,https://www.sec.gov/Archives/edgar/data/1559720/000155972023000020/abnb-20230930.htm,77.64,33.032855399559324,4.187993535891637,1.4746985547026625,3.0391377241469826,6,accrual_ratio,5.4059,equity_to_assets,3.4687,debt_to_assets,-3.4074,robust_mcd,brick3_q_v2_robust_mahalanobis_clipped,2026-03-18T05:10:36.278770+00:00
AVGO,,10-Q,2022-05-01,https://www.sec.gov/Archives/edgar/data/1730168/000173016822000081/avgo-20220501.htm,77.56,32.99336495749372,5.601065262872519,0.7205779202808016,1.4319117993076662,4,debt_to_assets,3.7042,assets_growth_yoy,-0.6745,accrual_ratio,0.6745,robust_mcd,brick3_q_v2_robust_mahalanobis_clipped,2026-03-18T05:10:36.278770+00:00
CMCSA,,10-Q,2023-06-30,https://www.sec.gov/Archives/edgar/data/1166691/000116669123000032/cmcsa-20230630.htm,77.49,32.85489747887581,1.0142959563761094,0.4241943129541805,0.7782552990073379,7,equity_to_assets,-2.751,net_margin,0.9586,ocf_to_net_income,0.5338,robust_mcd,brick3_q_v2_robust_mahalanobis_clipped,2026-03-18T05:10:36.278770+00:00
BKR,,10-Q,2022-09-30,https://www.sec.gov/Archives/edgar/data/1701605/000170160522000151/bkr-20220930.htm,77.41,32.43328984922363,3.6659959509877553,3.3929560627912756,3.556779995709163,5,ocf_to_net_income,-8.0,net_income_growth_yoy,-7.7984,assets_growth_yoy,-1.024,robust_mcd,brick3_q_v2_robust_mahalanobis_clipped,2026-03-18T05:10:36.278770+00:00
AXON,,10-Q,2021-03-31,https://www.sec.gov/Archives/edgar/data/1069183/000155837021006312/axon-20210331x10q.htm,77.33,32.18188182547266,,3.2987768030111426,3.2987768030111426,6,net_income_growth_yoy,-8.0,accrual_ratio,-3.6258,assets_growth_yoy,2.7327,robust_mcd,brick3_q_v2_robust_mahalanobis_clipped,2026-03-18T05:10:36.278770+00:00
AMZN,,10-Q,2023-09-30,https://www.sec.gov/Archives/edgar/data/1018724/000101872423000018/amzn-20230930.htm,77.26,32.087377854456044,1.9472553464246225,1.0755533586781358,1.3320815513195483,5,equity_to_assets,4.0267,net_income_growth_yoy,2.0732,accrual_ratio,-0.3051,robust_mcd,brick3_q_v2_robust_mahalanobis_clipped,2026-03-18T05:10:36.278770+00:00
FTNT,,10-Q,2022-09-30,https://www.sec.gov/Archives/edgar/data/1262039/000126203922000038/ftnt-20220930.htm,77.18,31.986019776539177,4.583939020827713,1.6032744513819608,3.391673193049412,6,debt_to_assets,5.5377,equity_to_assets,-5.4662,assets_growth_yoy,-5.2924,robust_mcd,brick3_q_v2_robust_mahalanobis_clipped,2026-03-18T05:10:36.278770+00:00
AMZN,,10-Q,2025-03-31,https://www.sec.gov/Archives/edgar/data/1018724/000101872425000036/amzn-20250331.htm,77.1,31.82596519247275,2.1584782459274026,0.7020554759584694,1.5599891879871701,5,equity_to_assets,3.9335,accrual_ratio,1.6195,assets_growth_yoy,1.0358,robust_mcd,brick3_q_v2_robust_mahalanobis_clipped,2026-03-18T05:10:36.278770+00:00
CTSH,,10-Q,2025-06-30,https://www.sec.gov/Archives/edgar/data/1058290/000105829025000267/ctsh-20250630.htm,77.02,31.77836638236153,1.165545786830029,0.4679884738218889,0.8529169216095973,8,equity_to_assets,1.6344,debt_to_assets,-1.6084,net_margin,1.3048,robust_mcd,brick3_q_v2_robust_mahalanobis_clipped,2026-03-18T05:10:36.278770+00:00
INTU,,10-Q,2022-01-31,https://www.sec.gov/Archives/edgar/data/896878/000089687822000010/intu-20220131.htm,76.95,31.685137122771938,,1.3671709108810965,1.3671709108810965,8,net_income_growth_yoy,5.3094,assets_growth_yoy,3.244,net_margin,-0.6745,robust_mcd,brick3_q_v2_robust_mahalanobis_clipped,2026-03-18T05:10:36.278770+00:00
PYPL,,10-Q,2025-06-30,https://www.sec.gov/Archives/edgar/data/1633917/000163391725000161/pypl-20250630.htm,76.87,31.53008205159828,0.5755633716892385,0.5457942890980614,0.5603989031444008,8,assets_growth_yoy,-1.3509,revenue_growth_yoy,-1.1069,debt_to_assets,0.5089,robust_mcd,brick3_q_v2_robust_mahalanobis_clipped,2026-03-18T05:10:36.278770+00:00
SNPS,,10-Q,2025-07-31,https://www.sec.gov/Archives/edgar/data/883241/000088324125000024/snps-20250731.htm,76.79,31.43532202377293,2.8611379161199277,2.0024455265348986,2.2854001151475942,6,assets_growth_yoy,8.0,debt_to_assets,2.0998,equity_to_assets,-1.2632,robust_mcd,brick3_q_v2_robust_mahalanobis_clipped,2026-03-18T05:10:36.278770+00:00
NVDA,,10-Q,2024-04-28,https://www.sec.gov/Archives/edgar/data/1045810/000104581024000124/nvda-20240428.htm,76.72,31.29673265338088,1.1817841472889188,0.674490759476595,0.9985470591019531,8,equity_to_assets,1.5001,debt_to_assets,-1.5001,net_margin,1.3052,robust_mcd,brick3_q_v2_robust_mahalanobis_clipped,2026-03-18T05:10:36.278770+00:00
CSCO,,10-Q,2024-01-27,https://www.sec.gov/Archives/edgar/data/858877/000085887724000003/csco-20240127.htm,76.64,31.267335277251224,3.4917969340720276,,3.4917969340720276,6,net_income_growth_yoy,-8.0,assets_growth_yoy,3.9395,debt_to_assets,-3.5765,robust_mcd,brick3_q_v2_robust_mahalanobis_clipped,2026-03-18T05:10:36.278770+00:00
CTSH,,10-Q,2023-09-30,https://www.sec.gov/Archives/edgar/data/1058290/000105829023000330/ctsh-20230930.htm,76.56,30.919862484085613,1.319589427533204,0.47475426983292673,0.9363861091795384,8,equity_to_assets,1.1853,net_margin,-1.1632,accrual_ratio,-1.1411,robust_mcd,brick3_q_v2_robust_mahalanobis_clipped,2026-03-18T05:10:36.278770+00:00
MRVL,,10-Q,2025-08-02,https://www.sec.gov/Archives/edgar/data/1835632/000183563225000189/mrvl-20250802.htm,76.48,30.85425624793675,2.8510378043976545,1.7050478305192183,2.57279496786472,6,debt_to_assets,5.6405,net_income_growth_yoy,3.4858,equity_to_assets,-3.3843,robust_mcd,brick3_q_v2_robust_mahalanobis_clipped,2026-03-18T05:10:36.278770+00:00
MRVL,,10-Q,2025-11-01,https://www.sec.gov/Archives/edgar/data/1835632/000183563225000197/mrvl-20251101.htm,76.41,30.56430326814529,2.9735945974441527,0.6744907594765952,2.1613418677926473,6,debt_to_assets,4.9833,accrual_ratio,2.8374,equity_to_assets,-2.7201,robust_mcd,brick3_q_v2_robust_mahalanobis_clipped,2026-03-18T05:10:36.278770+00:00
ROP,,10-Q,2022-03-31,https://www.sec.gov/Archives/edgar/data/882835/000088283522000025/rop-20220331.htm,76.33,30.40436336329654,,2.469598180049704,2.469598180049704,6,net_income_growth_yoy,8.0,accrual_ratio,4.453,ocf_to_net_income,-1.2918,robust_mcd,brick3_q_v2_robust_mahalanobis_clipped,2026-03-18T05:10:36.278770+00:00
PLTR,,10-Q,2023-03-31,https://www.sec.gov/Archives/edgar/data/1321655/000132165523000044/pltr-20230331.htm,76.25,30.389421234587076,3.6521806114351825,2.6614403585888406,2.8918719904811376,6,ocf_to_net_income,8.0,net_income_growth_yoy,3.4916,debt_to_assets,-2.281,robust_mcd,brick3_q_v2_robust_mahalanobis_clipped,2026-03-18T05:10:36.278770+00:00
SBUX,,10-Q,2024-03-31,https://www.sec.gov/Archives/edgar/data/829224/000082922424000024/sbux-20240331.htm,76.18,30.377886181685128,1.7311967159282045,1.6700285619986366,1.7970585222048432,8,assets_growth_yoy,4.4052,debt_to_assets,2.4225,equity_to_assets,-2.2812,robust_mcd,brick3_q_v2_robust_mahalanobis_clipped,2026-03-18T05:10:36.278770+00:00
MDLZ,,10-Q,2021-09-30,https://www.sec.gov/Archives/edgar/data/1103982/000110398221000018/mdlz-20210930.htm,76.1,29.775170280811743,,0.5067371789567534,0.5067371789567534,8,net_margin,1.2138,ocf_to_net_income,-0.6748,accrual_ratio,0.6177,robust_mcd,brick3_q_v2_robust_mahalanobis_clipped,2026-03-18T05:10:36.278770+00:00
DDOG,,10-Q,2022-09-30,https://www.sec.gov/Archives/edgar/data/1561550/000156155022000045/ddog-20220930.htm,76.02,29.406282385588046,,2.917517154071439,2.917517154071439,6,net_income_growth_yoy,-8.0,ocf_to_net_income,-5.34,assets_growth_yoy,2.1818,robust_mcd,brick3_q_v2_robust_mahalanobis_clipped,2026-03-18T05:10:36.278770+00:00
FTNT,,10-Q,2022-06-30,https://www.sec.gov/Archives/edgar/data/1262039/000126203922000029/ftnt-20220630.htm,75.94,29.381525393993307,4.112880820329424,1.3796264974893948,3.019579091193412,6,debt_to_assets,5.5091,equity_to_assets,-5.4176,assets_growth_yoy,-5.1525,robust_mcd,brick3_q_v2_robust_mahalanobis_clipped,2026-03-18T05:10:36.278770+00:00
META,,10-Q,2025-09-30,https://www.sec.gov/Archives/edgar/data/1326801/000162828025047240/meta-20250930.htm,75.87,28.990135161599643,3.408620181219799,2.5955385125449357,2.8414344668119296,6,ocf_to_net_income,8.0,net_income_growth_yoy,-5.922,accrual_ratio,-1.4019,robust_mcd,brick3_q_v2_robust_mahalanobis_clipped,2026-03-18T05:10:36.278770+00:00
TMUS,,10-Q,2023-06-30,https://www.sec.gov/Archives/edgar/data/1283699/000128369923000134/tmus-20230630.htm,75.79,28.870482851170326,3.1331421617815733,1.9588620843926001,2.6634301308259842,5,net_income_growth_yoy,8.0,equity_to_assets,-2.0969,accrual_ratio,1.607,robust_mcd,brick3_q_v2_robust_mahalanobis_clipped,2026-03-18T05:10:36.278770+00:00
CHTR,,10-Q,2023-03-31,https://www.sec.gov/Archives/edgar/data/1091667/000109166723000084/chtr-20230331.htm,75.71,28.569199145457958,1.6038272525059187,0.7770143108486037,1.0175874747903146,7,net_income_growth_yoy,-3.3094,net_margin,-0.986,equity_to_assets,-0.9014,robust_mcd,brick3_q_v2_robust_mahalanobis_clipped,2026-03-18T05:10:36.278770+00:00
CSGP,,10-Q,2024-03-31,https://www.sec.gov/Archives/edgar/data/1057352/000105735224000059/csgp-20240331.htm,75.64,28.52247916890639,3.060409376440233,2.257231493771029,2.703194945645347,6,ocf_to_net_income,8.0,net_income_growth_yoy,-4.903,equity_to_assets,1.27,robust_mcd,brick3_q_v2_robust_mahalanobis_clipped,2026-03-18T05:10:36.278770+00:00
TSLA,,10-Q,2023-03-31,https://www.sec.gov/Archives/edgar/data/1318605/000095017023013890/tsla-20230331.htm,75.56,28.280128589298215,1.3525701360304214,0.7757214319640984,1.0033081685491247,8,ocf_to_net_income,-2.2117,assets_growth_yoy,1.2892,revenue_growth_yoy,-1.0164,robust_mcd,brick3_q_v2_robust_mahalanobis_clipped,2026-03-18T05:10:36.278770+00:00
WMT,,10-Q,2023-10-31,https://www.sec.gov/Archives/edgar/data/104169/000010416923000132/wmt-20231031.htm,75.48,28.275122984964785,,0.9780818367155327,0.9780818367155327,7,ocf_to_net_income,4.616,assets_growth_yoy,-0.6918,revenue_growth_yoy,0.6745,robust_mcd,brick3_q_v2_robust_mahalanobis_clipped,2026-03-18T05:10:36.278770+00:00
TTWO,,10-Q,2022-06-30,https://www.sec.gov/Archives/edgar/data/946581/000162828022021685/ttwo-20220630.htm,75.4,28.25984338023661,,2.2093964769004386,2.2093964769004386,6,assets_growth_yoy,8.0,net_income_growth_yoy,-2.2807,ocf_to_net_income,-1.2703,robust_mcd,brick3_q_v2_robust_mahalanobis_clipped,2026-03-18T05:10:36.278770+00:00
MELI,,10-Q,2024-09-30,https://www.sec.gov/Archives/edgar/data/1099590/000109959024000042/meli-20240930.htm,75.33,28.140378580642196,1.0377554916449814,2.1740088387486534,1.0261995818026182,8,ocf_to_net_income,2.6776,accrual_ratio,-2.1879,assets_growth_yoy,1.5,robust_mcd,brick3_q_v2_robust_mahalanobis_clipped,2026-03-18T05:10:36.278770+00:00
TTWO,,10-Q,2022-12-31,https://www.sec.gov/Archives/edgar/data/946581/000162828023002448/ttwo-20221231.htm,75.25,27.76326557941981,1.786781960468711,2.6169932616229197,2.1188664809303943,6,assets_growth_yoy,8.0,net_income_growth_yoy,-2.5756,debt_to_assets,-0.7215,robust_mcd,brick3_q_v2_robust_mahalanobis_clipped,2026-03-18T05:10:36.278770+00:00
AEP,,10-Q,2023-03-31,https://www.sec.gov/Archives/edgar/data/4904/000000490423000072/aep-20230331.htm,75.17,27.73192000134447,1.854631050253466,0.5383006738526472,0.9921256834560721,8,net_income_growth_yoy,1.9085,assets_growth_yoy,-1.4117,debt_to_assets,1.3533,robust_mcd,brick3_q_v2_robust_mahalanobis_clipped,2026-03-18T05:10:36.278770+00:00
DDOG,,10-Q,2022-06-30,https://www.sec.gov/Archives/edgar/data/1561550/000156155022000038/ddog-20220630.htm,75.1,27.479542059136524,,2.1699136827823557,2.1699136827823557,6,ocf_to_net_income,-8.0,assets_growth_yoy,2.1633,accrual_ratio,-1.888,robust_mcd,brick3_q_v2_robust_mahalanobis_clipped,2026-03-18T05:10:36.278770+00:00
CRWD,,10-Q,2023-04-30,https://www.sec.gov/Archives/edgar/data/1535527/000153552723000014/crwd-20230430.htm,75.02,27.46827456893892,3.4825713521017927,2.0379934817922116,2.598369938723759,6,ocf_to_net_income,8.0,debt_to_assets,-3.0343,equity_to_assets,2.1052,robust_mcd,brick3_q_v2_robust_mahalanobis_clipped,2026-03-18T05:10:36.278770+00:00
CRWD,,10-Q,2024-04-30,https://www.sec.gov/Archives/edgar/data/1535527/000153552724000013/crwd-20240430.htm,74.94,27.41908585410975,4.085512771623049,2.11285889544088,3.1398480310673325,6,net_income_growth_yoy,8.0,equity_to_assets,4.2468,debt_to_assets,-3.3765,robust_mcd,brick3_q_v2_robust_mahalanobis_clipped,2026-03-18T05:10:36.278770+00:00
FANG,,10-Q,2024-09-30,https://www.sec.gov/Archives/edgar/data/1539838/000153983824000198/fang-20240930.htm,74.87,27.412724636181075,1.5535069697959547,1.7957244407242838,1.3910445843510342,8,assets_growth_yoy,8.0,ocf_to_net_income,1.3423,net_income_growth_yoy,-0.927,robust_mcd,brick3_q_v2_robust_mahalanobis_clipped,2026-03-18T05:10:36.278770+00:00
PYPL,,10-Q,2021-06-30,https://www.sec.gov/Archives/edgar/data/1633917/000163391721000149/pypl-20210630.htm,74.79,27.282776856821265,,0.5146130061110903,0.5146130061110903,8,net_margin,1.2753,net_income_growth_yoy,-0.844,debt_to_assets,0.6745,robust_mcd,brick3_q_v2_robust_mahalanobis_clipped,2026-03-18T05:10:36.278770+00:00
CEG,,10-Q,2025-09-30,https://www.sec.gov/Archives/edgar/data/1868275/000186827525000092/ceg-20250930.htm,74.71,27.193236931485224,1.1899165465045805,0.6276648665170217,0.7918884133485681,8,ocf_to_net_income,1.3312,revenue_growth_yoy,-0.9816,equity_to_assets,0.9122,robust_mcd,brick3_q_v2_robust_mahalanobis_clipped,2026-03-18T05:10:36.278770+00:00
WMT,,10-Q,2024-10-31,https://www.sec.gov/Archives/edgar/data/104169/000010416924000178/wmt-20241031.htm,74.63,27.103071734445443,1.919394714104935,1.6996948177994142,1.8284861767947853,7,net_income_growth_yoy,8.0,ocf_to_net_income,1.4915,equity_to_assets,1.126,robust_mcd,brick3_q_v2_robust_mahalanobis_clipped,2026-03-18T05:10:36.278770+00:00
ADP,,10-Q,2024-12-31,https://www.sec.gov/Archives/edgar/data/8670/000000867025000007/adp-20241231.htm,74.56,27.01989903938874,0.5537874181640294,0.623789906973458,0.31506456359332,8,revenue_growth_yoy,-1.0743,assets_growth_yoy,0.407,equity_to_assets,-0.3032,robust_mcd,brick3_q_v2_robust_mahalanobis_clipped,2026-03-18T05:10:36.278770+00:00
NFLX,,10-Q,2023-06-30,https://www.sec.gov/Archives/edgar/data/1065280/000106528023000198/nflx-20230630.htm,74.48,27.002079397086213,,0.4768354394580441,0.4768354394580441,8,net_margin,1.2296,accrual_ratio,0.9266,ocf_to_net_income,-0.6907,robust_mcd,brick3_q_v2_robust_mahalanobis_clipped,2026-03-18T05:10:36.278770+00:00
PYPL,,10-Q,2021-09-30,https://www.sec.gov/Archives/edgar/data/1633917/000163391721000169/pypl-20210930.htm,74.4,26.536727194078335,,0.5162287616377137,0.5162287616377137,8,net_margin,1.2236,debt_to_assets,0.6745,ocf_to_net_income,0.6307,robust_mcd,brick3_q_v2_robust_mahalanobis_clipped,2026-03-18T05:10:36.278770+00:00
KHC,,10-Q,2025-06-28,https://www.sec.gov/Archives/edgar/data/1637459/000163745925000152/khc-20250628.htm,74.33,26.38878565930049,2.8839498911289376,1.9340758113584402,2.414068157957193,6,accrual_ratio,-5.0632,assets_growth_yoy,-3.0966,net_income_growth_yoy,-2.5464,robust_mcd,brick3_q_v2_robust_mahalanobis_clipped,2026-03-18T05:10:36.278770+00:00
AMD,,10-Q,2022-03-26,https://www.sec.gov/Archives/edgar/data/2488/000000248822000078/amd-20220326.htm,74.25,26.192056416022755,,1.8697963037906384,1.8697963037906384,5,assets_growth_yoy,8.0,net_income_growth_yoy,-0.6745,equity_to_assets,0.6745,robust_mcd,brick3_q_v2_robust_mahalanobis_clipped,2026-03-18T05:10:36.278770+00:00
MAR,,10-Q,2024-09-30,https://www.sec.gov/Archives/edgar/data/1048286/000162828024044884/mar-20240930.htm,74.17,25.94731468101812,1.620356766056101,0.6820278793208807,1.1897517946901297,7,ocf_to_net_income,2.0028,equity_to_assets,-1.9993,accrual_ratio,-1.7803,robust_mcd,brick3_q_v2_robust_mahalanobis_clipped,2026-03-18T05:10:36.278770+00:00
WBD,,10-Q,2024-06-30,https://www.sec.gov/Archives/edgar/data/1437107/000143710724000165/disca-20240630.htm,74.09,25.88497219909302,3.073887906706517,2.539871227733259,2.8602812351172138,6,net_income_growth_yoy,-5.2701,accrual_ratio,-3.9023,debt_to_assets,3.1536,robust_mcd,brick3_q_v2_robust_mahalanobis_clipped,2026-03-18T05:10:36.278770+00:00
NFLX,,10-Q,2023-03-31,https://www.sec.gov/Archives/edgar/data/1065280/000106528023000120/nflx-20230331.htm,74.02,25.877765350186923,,0.44399928706437786,0.44399928706437786,8,net_margin,1.244,net_income_growth_yoy,-0.7095,accrual_ratio,-0.5279,robust_mcd,brick3_q_v2_robust_mahalanobis_clipped,2026-03-18T05:10:36.278770+00:00
CRWD,,10-Q,2024-07-31,https://www.sec.gov/Archives/edgar/data/1535527/000153552724000020/crwd-20240731.htm,73.94,25.83980949816661,3.6966309429929667,3.720821552780361,3.444951575960174,6,equity_to_assets,4.8,net_income_growth_yoy,4.6674,debt_to_assets,-4.5302,robust_mcd,brick3_q_v2_robust_mahalanobis_clipped,2026-03-18T05:10:36.278770+00:00
CHTR,,10-Q,2023-06-30,https://www.sec.gov/Archives/edgar/data/1091667/000109166723000108/chtr-20230630.htm,73.86,25.69079081624994,1.0825047251771136,0.80786651018789,0.8582707519285953,7,net_income_growth_yoy,-2.5328,revenue_growth_yoy,-1.0,ocf_to_net_income,0.8191,robust_mcd,brick3_q_v2_robust_mahalanobis_clipped,2026-03-18T05:10:36.278770+00:00
NVDA,,10-Q,2024-07-28,https://www.sec.gov/Archives/edgar/data/1045810/000104581024000264/nvda-20240728.htm,73.79,25.647879352148717,1.606511757296841,0.6744907594765951,1.2162786589558647,8,equity_to_assets,2.4971,debt_to_assets,-2.4971,accrual_ratio,-1.4379,robust_mcd,brick3_q_v2_robust_mahalanobis_clipped,2026-03-18T05:10:36.278770+00:00
PCAR,,10-Q,2023-03-31,https://www.sec.gov/Archives/edgar/data/75362/000156459023006847/pcar-10q_20230331.htm,73.71,25.41293814595693,0.7406229947988533,0.4706480101615026,0.5829106055088724,7,assets_growth_yoy,1.3681,revenue_growth_yoy,0.9561,accrual_ratio,0.7378,robust_mcd,brick3_q_v2_robust_mahalanobis_clipped,2026-03-18T05:10:36.278770+00:00
INTU,,10-Q,2021-10-31,https://www.sec.gov/Archives/edgar/data/896878/000089687821000260/intu-20211031.htm,73.63,25.26576421464136,,0.7176451508516066,0.7176451508516066,8,accrual_ratio,2.0001,equity_to_assets,0.8905,assets_growth_yoy,0.6914,robust_mcd,brick3_q_v2_robust_mahalanobis_clipped,2026-03-18T05:10:36.278770+00:00
ADI,,10-Q,2021-05-01,https://www.sec.gov/Archives/edgar/data/6281/000000628121000169/adi-20210501.htm,73.55,25.182094539290325,,1.8151795574244989,1.8151795574244989,5,assets_growth_yoy,8.0,ocf_to_net_income,0.3525,equity_to_assets,0.3363,robust_mcd,brick3_q_v2_robust_mahalanobis_clipped,2026-03-18T05:10:36.278770+00:00
CRWD,,10-Q,2023-07-31,https://www.sec.gov/Archives/edgar/data/1535527/000153552723000020/crwd-20230731.htm,73.48,25.10327945271842,3.332052822829336,2.706685395206867,2.866215367681665,6,ocf_to_net_income,8.0,debt_to_assets,-3.1767,equity_to_assets,2.7563,robust_mcd,brick3_q_v2_robust_mahalanobis_clipped,2026-03-18T05:10:36.278770+00:00
ISRG,,10-Q,2023-09-30,https://www.sec.gov/Archives/edgar/data/1035267/000103526723000196/isrg-20230930.htm,73.4,25.085396143924072,1.396291974588892,0.6901797598054357,0.9543120089779499,6,debt_to_assets,1.7766,equity_to_assets,1.7328,accrual_ratio,-0.9518,robust_mcd,brick3_q_v2_robust_mahalanobis_clipped,2026-03-18T05:10:36.278770+00:00
AXON,,10-Q,2023-03-31,https://www.sec.gov/Archives/edgar/data/1069183/000106918323000030/axon-20230331x10q.htm,73.32,24.93201955225416,2.8330969107349957,2.047096818536263,2.4524636740870753,6,assets_growth_yoy,6.8467,accrual_ratio,2.0113,debt_to_assets,1.8259,robust_mcd,brick3_q_v2_robust_mahalanobis_clipped,2026-03-18T05:10:36.278770+00:00
ZS,,10-Q,2024-01-31,https://www.sec.gov/Archives/edgar/data/1713683/000171368324000041/zs-20240131.htm,73.25,24.78502887411921,1.9873369741976072,2.0789695825778916,1.8132858991298626,6,ocf_to_net_income,-8.0,accrual_ratio,-1.688,assets_growth_yoy,0.6197,robust_mcd,brick3_q_v2_robust_mahalanobis_clipped,2026-03-18T05:10:36.278770+00:00
MELI,,10-Q,2021-09-30,https://www.sec.gov/Archives/edgar/data/1099590/000156276221000420/meli-20210930x10q.htm,73.17,24.7833199477575,,2.0033566338942244,2.0033566338942244,7,net_income_growth_yoy,8.0,equity_to_assets,-1.9339,debt_to_assets,1.8722,robust_mcd,brick3_q_v2_robust_mahalanobis_clipped,2026-03-18T05:10:36.278770+00:00
SNPS,,10-Q,2022-04-30,https://www.sec.gov/Archives/edgar/data/883241/000088324122000011/snps-20220430.htm,73.09,24.77878065840379,1.0180239672005837,0.5425533001485495,0.597430102928549,8,assets_growth_yoy,-1.2261,net_margin,0.7787,equity_to_assets,-0.7725,robust_mcd,brick3_q_v2_robust_mahalanobis_clipped,2026-03-18T05:10:36.278770+00:00
PYPL,,10-Q,2023-06-30,https://www.sec.gov/Archives/edgar/data/1633917/000163391723000117/pypl-20230630.htm,73.01,24.692034393086782,1.5386548020154451,1.5549847327636135,1.4868294329590357,8,net_income_growth_yoy,6.3762,assets_growth_yoy,-1.5217,accrual_ratio,1.0279,robust_mcd,brick3_q_v2_robust_mahalanobis_clipped,2026-03-18T05:10:36.278770+00:00
MDLZ,,10-Q,2022-09-30,https://www.sec.gov/Archives/edgar/data/1103982/000110398222000018/mdlz-20220930.htm,72.94,24.621110626729745,2.832096975822804,0.3849363734112787,1.7938530002704125,8,debt_to_assets,3.9633,equity_to_assets,-3.528,ocf_to_net_income,2.7312,robust_mcd,brick3_q_v2_robust_mahalanobis_clipped,2026-03-18T05:10:36.278770+00:00
CRWD,,10-Q,2022-07-31,https://www.sec.gov/Archives/edgar/data/1535527/000153552722000018/crwd-20220731.htm,72.86,24.520327728490283,4.478641147092311,1.3274384826426686,2.8396596048831384,6,debt_to_assets,-4.5297,equity_to_assets,4.5251,assets_growth_yoy,-4.2097,robust_mcd,brick3_q_v2_robust_mahalanobis_clipped,2026-03-18T05:10:36.278770+00:00
AMD,,10-Q,2022-09-24,https://www.sec.gov/Archives/edgar/data/2488/000000248822000170/amd-20220924.htm,72.78,24.507137060657296,4.268213326201241,0.6744907594765952,1.968230883497468,5,ocf_to_net_income,5.0698,equity_to_assets,3.0339,assets_growth_yoy,0.6745,robust_mcd,brick3_q_v2_robust_mahalanobis_clipped,2026-03-18T05:10:36.278770+00:00
ADP,,10-Q,2025-12-31,https://www.sec.gov/Archives/edgar/data/8670/000000867026000011/adp-20251231.htm,72.71,24.249611446411404,0.4153675643778093,0.877149387578194,0.5380916555428717,8,assets_growth_yoy,1.161,revenue_growth_yoy,-0.9864,debt_to_assets,0.7354,robust_mcd,brick3_q_v2_robust_mahalanobis_clipped,2026-03-18T05:10:36.278770+00:00
COST,,10-Q,2025-11-23,https://www.sec.gov/Archives/edgar/data/909832/000090983225000169/cost-20251123.htm,72.63,24.225239974019598,0.8737320020237372,,0.8737320020237372,8,debt_to_assets,-1.316,equity_to_assets,1.3073,net_margin,1.192,robust_mcd,brick3_q_v2_robust_mahalanobis_clipped,2026-03-18T05:10:36.278770+00:00
INTC,,10-Q,2024-09-28,https://www.sec.gov/Archives/edgar/data/50863/000005086324000149/intc-20240928.htm,72.55,24.169669845900383,3.138525058840418,2.210046099870323,2.6592149537361243,5,net_income_growth_yoy,-7.6788,accrual_ratio,-2.8704,equity_to_assets,-1.3371,robust_mcd,brick3_q_v2_robust_mahalanobis_clipped,2026-03-18T05:10:36.278770+00:00
TSLA,,10-Q,2022-09-30,https://www.sec.gov/Archives/edgar/data/1318605/000095017022019867/tsla-20220930.htm,72.47,24.15008381513447,1.0155019153331724,1.3112936558509611,0.8626120219347413,8,accrual_ratio,-1.6025,assets_growth_yoy,1.2811,equity_to_assets,1.0394,robust_mcd,brick3_q_v2_robust_mahalanobis_clipped,2026-03-18T05:10:36.278770+00:00
GOOG,,10-Q,2024-03-31,https://www.sec.gov/Archives/edgar/data/1652044/000165204424000053/goog-20240331.htm,72.36,24.141202715543113,1.8370775898582365,0.5948656663739273,1.1482203890181646,8,equity_to_assets,1.777,debt_to_assets,-1.704,net_income_growth_yoy,1.4546,robust_mcd,brick3_q_v2_robust_mahalanobis_clipped,2026-03-18T05:10:36.278770+00:00
GOOGL,,10-Q,2024-03-31,https://www.sec.gov/Archives/edgar/data/1652044/000165204424000053/goog-20240331.htm,72.36,24.141202715543113,1.8370775898582365,0.5948656663739273,1.1482203890181646,8,equity_to_assets,1.777,debt_to_assets,-1.704,net_income_growth_yoy,1.4546,robust_mcd,brick3_q_v2_robust_mahalanobis_clipped,2026-03-18T05:10:36.278770+00:00
CSX,,10-Q,2023-09-30,https://www.sec.gov/Archives/edgar/data/277948/000027794823000053/csx-20230930.htm,72.24,23.972575075192054,3.5061683884593484,0.6962272184528583,2.3821919204567523,5,assets_growth_yoy,-4.4407,ocf_to_net_income,2.5469,debt_to_assets,2.4861,robust_mcd,brick3_q_v2_robust_mahalanobis_clipped,2026-03-18T05:10:36.278770+00:00
GOOG,,10-Q,2023-06-30,https://www.sec.gov/Archives/edgar/data/1652044/000165204423000070/goog-20230630.htm,72.13,23.90353342706449,,0.733566962475266,0.733566962475266,7,accrual_ratio,-1.6106,equity_to_assets,1.2294,net_margin,-1.1256,robust_mcd,brick3_q_v2_robust_mahalanobis_clipped,2026-03-18T05:10:36.278770+00:00
GOOGL,,10-Q,2023-06-30,https://www.sec.gov/Archives/edgar/data/1652044/000165204423000070/goog-20230630.htm,72.13,23.90353342706449,,0.733566962475266,0.733566962475266,7,accrual_ratio,-1.6106,equity_to_assets,1.2294,net_margin,-1.1256,robust_mcd,brick3_q_v2_robust_mahalanobis_clipped,2026-03-18T05:10:36.278770+00:00
INTU,,10-Q,2021-01-31,https://www.sec.gov/Archives/edgar/data/896878/000089687821000059/intu-20210131.htm,72.01,23.778758942453692,,1.6854686554792164,1.6854686554792164,7,ocf_to_net_income,6.1939,assets_growth_yoy,3.3622,net_margin,-0.6745,robust_mcd,brick3_q_v2_robust_mahalanobis_clipped,2026-03-18T05:10:36.278770+00:00
SBUX,,10-Q,2024-06-30,https://www.sec.gov/Archives/edgar/data/829224/000082922424000042/sbux-20240630.htm,71.94,23.72095352984292,1.8592632983048707,1.3360386187024829,1.72030833498473,8,assets_growth_yoy,4.4638,equity_to_assets,-2.5425,debt_to_assets,2.3011,robust_mcd,brick3_q_v2_robust_mahalanobis_clipped,2026-03-18T05:10:36.278770+00:00
ZS,,10-Q,2025-04-30,https://www.sec.gov/Archives/edgar/data/1713683/000171368325000079/zs-20250430.htm,71.86,23.385452992384828,3.065244347069837,2.265810821954913,2.6081871926800364,6,ocf_to_net_income,-7.5397,net_income_growth_yoy,-3.2816,equity_to_assets,1.6901,robust_mcd,brick3_q_v2_robust_mahalanobis_clipped,2026-03-18T05:10:36.278770+00:00
KHC,,10-Q,2021-06-26,https://www.sec.gov/Archives/edgar/data/1637459/000163745921000099/khc-20210626.htm,71.78,23.342726118203647,,2.213003744515678,2.213003744515678,6,ocf_to_net_income,-8.0,net_income_growth_yoy,2.2128,assets_growth_yoy,-1.2531,robust_mcd,brick3_q_v2_robust_mahalanobis_clipped,2026-03-18T05:10:36.278770+00:00
ADBE,,10-Q,2023-03-03,https://www.sec.gov/Archives/edgar/data/796343/000079634323000055/adbe-20230303.htm,71.7,23.251303358848368,0.774705583156139,,0.774705583156139,8,ocf_to_net_income,-1.0441,accrual_ratio,1.0271,net_margin,-0.8944,robust_mcd,brick3_q_v2_robust_mahalanobis_clipped,2026-03-18T05:10:36.278770+00:00
MELI,,10-Q,2023-06-30,https://www.sec.gov/Archives/edgar/data/1099590/000109959023000020/meli-20230630.htm,71.63,23.110533676695553,1.1025099305672568,2.0512920844862403,0.9895334909580112,8,accrual_ratio,-2.339,ocf_to_net_income,1.9784,net_margin,1.0531,robust_mcd,brick3_q_v2_robust_mahalanobis_clipped,2026-03-18T05:10:36.278770+00:00
NFLX,,10-Q,2025-09-30,https://www.sec.gov/Archives/edgar/data/1065280/000106528025000406/nflx-20250930.htm,71.55,23.086184046052043,1.050809870403658,0.6323487788690088,0.6433619433477784,8,equity_to_assets,1.1778,debt_to_assets,-1.1633,revenue_growth_yoy,0.8645,robust_mcd,brick3_q_v2_robust_mahalanobis_clipped,2026-03-18T05:10:36.278770+00:00
STX,,10-Q,2021-12-31,https://www.sec.gov/Archives/edgar/data/1137789/000113778922000014/stx-20211231.htm,71.47,23.065752136666497,,0.9513582981629767,0.9513582981629767,8,debt_to_assets,2.3841,equity_to_assets,-2.3758,net_income_growth_yoy,0.794,robust_mcd,brick3_q_v2_robust_mahalanobis_clipped,2026-03-18T05:10:36.278770+00:00
CSGP,,10-Q,2025-06-30,https://www.sec.gov/Archives/edgar/data/1057352/000105735225000097/csgp-20250630.htm,71.4,23.051615090072623,2.30811866239756,2.3281299275959157,2.3161231684769024,6,ocf_to_net_income,8.0,net_income_growth_yoy,-2.5226,assets_growth_yoy,1.7355,robust_mcd,brick3_q_v2_robust_mahalanobis_clipped,2026-03-18T05:10:36.278770+00:00
MRVL,,10-Q,2024-11-02,https://www.sec.gov/Archives/edgar/data/1835632/000183563224000200/mrvl-20241102.htm,71.32,22.90431606149314,2.297010019159771,0.6744907594765952,1.71991891501162,6,accrual_ratio,-4.0782,debt_to_assets,3.1022,equity_to_assets,-1.5915,robust_mcd,brick3_q_v2_robust_mahalanobis_clipped,2026-03-18T05:10:36.278770+00:00
AMGN,,10-Q,2023-03-31,https://www.sec.gov/Archives/edgar/data/318154/000031815423000029/amgn-20230331.htm,71.24,22.869972979275726,3.688042705739113,1.97207674324628,3.0016563207419793,5,assets_growth_yoy,6.199,net_income_growth_yoy,4.238,accrual_ratio,2.2226,robust_mcd,brick3_q_v2_robust_mahalanobis_clipped,2026-03-18T05:10:36.278770+00:00
NVDA,,10-Q,2024-10-27,https://www.sec.gov/Archives/edgar/data/1045810/000104581024000316/nvda-20241027.htm,71.16,22.822548168241426,1.322556942715406,,1.322556942715406,8,accrual_ratio,-2.4111,debt_to_assets,-2.1836,equity_to_assets,2.1836,robust_mcd,brick3_q_v2_robust_mahalanobis_clipped,2026-03-18T05:10:36.278770+00:00
SBUX,,10-Q,2021-06-27,https://www.sec.gov/Archives/edgar/data/829224/000082922421000075/sbux-20210627.htm,71.09,22.740544389185153,,0.6744907594765951,0.6744907594765951,7,net_margin,-0.6745,debt_to_assets,0.6745,revenue_growth_yoy,0.6745,robust_mcd,brick3_q_v2_robust_mahalanobis_clipped,2026-03-18T05:10:36.278770+00:00
ODFL,,10-Q,2023-06-30,https://www.sec.gov/Archives/edgar/data/878927/000095017023038553/odfl-20230630.htm,71.01,22.7155631923156,4.4087997734098705,0.8762356721296861,2.9957741328977967,6,equity_to_assets,5.4126,debt_to_assets,-5.1721,net_income_growth_yoy,-5.1419,robust_mcd,brick3_q_v2_robust_mahalanobis_clipped,2026-03-18T05:10:36.278770+00:00
VRTX,,10-Q,2024-06-30,https://www.sec.gov/Archives/edgar/data/875320/000087532024000198/vrtx-20240630.htm,70.93,22.485477908024624,3.5111184286386803,2.1449672103987525,2.695729391707205,6,net_income_growth_yoy,-8.0,assets_growth_yoy,-3.3514,debt_to_assets,1.691,robust_mcd,brick3_q_v2_robust_mahalanobis_clipped,2026-03-18T05:10:36.278770+00:00
ODFL,,10-Q,2023-03-31,https://www.sec.gov/Archives/edgar/data/878927/000095017023018765/odfl-20230331.htm,70.86,22.356585369116093,4.360590962885737,0.7269615560076388,2.757790223235682,6,equity_to_assets,5.3597,debt_to_assets,-5.2554,net_income_growth_yoy,-4.9467,robust_mcd,brick3_q_v2_robust_mahalanobis_clipped,2026-03-18T05:10:36.278770+00:00
SNPS,,10-Q,2025-01-31,https://www.sec.gov/Archives/edgar/data/883241/000088324125000014/snps-20250131.htm,70.78,22.31134899613653,4.449058616032499,0.6871405936761305,2.9442914070899513,6,equity_to_assets,5.3549,debt_to_assets,-4.9615,assets_growth_yoy,4.231,robust_mcd,brick3_q_v2_robust_mahalanobis_clipped,2026-03-18T05:10:36.278770+00:00
TTWO,,10-Q,2021-09-30,https://www.sec.gov/Archives/edgar/data/946581/000162828021021561/ttwo-20210930.htm,70.7,22.146938724901744,,2.028821606892666,2.028821606892666,6,ocf_to_net_income,8.0,net_income_growth_yoy,-2.6532,equity_to_assets,0.6606,robust_mcd,brick3_q_v2_robust_mahalanobis_clipped,2026-03-18T05:10:36.278770+00:00
WBD,,10-Q,2024-09-30,https://www.sec.gov/Archives/edgar/data/1437107/000143710724000187/disca-20240930.htm,70.62,21.87879790663885,2.5497556747022494,2.3759852038762883,2.4490228295791105,6,ocf_to_net_income,7.6496,debt_to_assets,2.1912,net_income_growth_yoy,1.7921,robust_mcd,brick3_q_v2_robust_mahalanobis_clipped,2026-03-18T05:10:36.278770+00:00
WBD,,10-Q,2025-09-30,https://www.sec.gov/Archives/edgar/data/1437107/000143710725000216/wbd-20250930.htm,70.55,21.825655401504655,1.8003410353800866,2.9036823565558634,2.099766882133987,6,ocf_to_net_income,-8.0,net_income_growth_yoy,-3.6995,assets_growth_yoy,-0.7202,robust_mcd,brick3_q_v2_robust_mahalanobis_clipped,2026-03-18T05:10:36.278770+00:00
MRVL,,10-Q,2025-05-03,https://www.sec.gov/Archives/edgar/data/1835632/000183563225000117/mrvl-20250503.htm,70.47,21.716272886470264,2.6576412415163766,1.570149678623899,2.415846578283516,6,debt_to_assets,4.4682,net_income_growth_yoy,3.89,equity_to_assets,-2.6809,robust_mcd,brick3_q_v2_robust_mahalanobis_clipped,2026-03-18T05:10:36.278770+00:00
DDOG,,10-Q,2022-03-31,https://www.sec.gov/Archives/edgar/data/1561550/000156155022000026/ddog-20220331.htm,70.39,21.68468022487806,,2.669066645631133,2.669066645631133,6,ocf_to_net_income,8.0,net_income_growth_yoy,3.0662,accrual_ratio,-2.6882,robust_mcd,brick3_q_v2_robust_mahalanobis_clipped,2026-03-18T05:10:36.278770+00:00
ZS,,10-Q,2025-01-31,https://www.sec.gov/Archives/edgar/data/1713683/000171368325000033/zs-20250131.htm,70.32,21.624567777348798,2.396810308312261,1.8854410209638026,2.007345177123669,6,ocf_to_net_income,-7.9038,equity_to_assets,1.4024,debt_to_assets,-1.3851,robust_mcd,brick3_q_v2_robust_mahalanobis_clipped,2026-03-18T05:10:36.278770+00:00
WBD,,10-Q,2022-03-31,https://www.sec.gov/Archives/edgar/data/1437107/000143710722000138/disca-20220331.htm,70.24,21.568085091546244,,0.9472626827292281,0.9472626827292281,8,net_income_growth_yoy,4.0808,net_margin,1.0297,accrual_ratio,0.9454,robust_mcd,brick3_q_v2_robust_mahalanobis_clipped,2026-03-18T05:10:36.278770+00:00
AMZN,,10-Q,2023-06-30,https://www.sec.gov/Archives/edgar/data/1018724/000101872423000012/amzn-20230630.htm,70.16,21.557495557807176,1.9554904947701595,1.8453187570677052,1.738506138257987,5,net_income_growth_yoy,4.7273,equity_to_assets,2.888,ocf_to_net_income,0.525,robust_mcd,brick3_q_v2_robust_mahalanobis_clipped,2026-03-18T05:10:36.278770+00:00
ORLY,,10-Q,2022-06-30,https://www.sec.gov/Archives/edgar/data/898173/000089817322000037/orly-20220630x10q.htm,70.08,21.406402076976956,1.067942994880117,0.7101417600015633,0.9060747107997884,5,equity_to_assets,-3.1747,net_income_growth_yoy,-0.5537,accrual_ratio,-0.5432,robust_mcd,brick3_q_v2_robust_mahalanobis_clipped,2026-03-18T05:10:36.278770+00:00
AXON,,10-Q,2023-06-30,https://www.sec.gov/Archives/edgar/data/1069183/000155837023013981/axon-20230630x10q.htm,70.01,21.204138245340182,2.481118872078298,1.6788993793012847,2.122972250264555,6,assets_growth_yoy,6.7012,debt_to_assets,1.5756,equity_to_assets,-1.4575,robust_mcd,brick3_q_v2_robust_mahalanobis_clipped,2026-03-18T05:10:36.278770+00:00
AMZN,,10-Q,2025-06-30,https://www.sec.gov/Archives/edgar/data/1018724/000101872425000086/amzn-20250630.htm,69.93,21.0007541023462,1.496110572179171,0.5329619879687258,1.0399898139314074,5,equity_to_assets,3.2695,assets_growth_yoy,1.3531,accrual_ratio,-0.3654,robust_mcd,brick3_q_v2_robust_mahalanobis_clipped,2026-03-18T05:10:36.278770+00:00
CSGP,,10-Q,2022-09-30,https://www.sec.gov/Archives/edgar/data/1057352/000105735222000121/csgp-20220930.htm,69.85,20.94467291634823,3.8633229024598386,0.7848027793863451,2.5727599782685897,6,equity_to_assets,5.3959,debt_to_assets,-5.2445,assets_growth_yoy,3.7478,robust_mcd,brick3_q_v2_robust_mahalanobis_clipped,2026-03-18T05:10:36.278770+00:00
CSGP,,10-Q,2025-03-31,https://www.sec.gov/Archives/edgar/data/1057352/000105735225000067/csgp-20250331.htm,69.78,20.85506635377649,2.771497366268624,2.6380279197648897,2.7181095876671306,6,net_income_growth_yoy,-7.2337,ocf_to_net_income,-4.3055,assets_growth_yoy,1.9043,robust_mcd,brick3_q_v2_robust_mahalanobis_clipped,2026-03-18T05:10:36.278770+00:00
INTU,,10-Q,2022-10-31,https://www.sec.gov/Archives/edgar/data/896878/000089687822000036/intu-20221031.htm,69.7,20.771575877726338,2.2739481076861834,1.3455976014492634,1.670440327777466,7,ocf_to_net_income,5.0777,net_income_growth_yoy,-3.8095,assets_growth_yoy,1.481,robust_mcd,brick3_q_v2_robust_mahalanobis_clipped,2026-03-18T05:10:36.278770+00:00
CMCSA,,10-Q,2025-06-30,https://www.sec.gov/Archives/edgar/data/1166691/000116669125000036/cmcsa-20250630.htm,69.62,20.588666310776627,2.6168448426684376,1.34451800508268,1.983526804868502,5,net_income_growth_yoy,5.9671,equity_to_assets,2.4391,ocf_to_net_income,-0.8382,robust_mcd,brick3_q_v2_robust_mahalanobis_clipped,2026-03-18T05:10:36.278770+00:00
ADP,,10-Q,2022-12-31,https://www.sec.gov/Archives/edgar/data/8670/000000867023000008/adp-20221231.htm,69.55,20.580157299192518,1.207147268962382,0.5598835769912434,0.8408434780148331,8,assets_growth_yoy,-2.1806,equity_to_assets,-1.1787,debt_to_assets,1.0525,robust_mcd,brick3_q_v2_robust_mahalanobis_clipped,2026-03-18T05:10:36.278770+00:00
INSM,,10-Q,2023-03-31,https://www.sec.gov/Archives/edgar/data/1104506/000110450623000012/insm-20230331.htm,69.47,20.543963926000608,2.078635258154216,1.2581041909064357,1.7438983737850906,6,accrual_ratio,-4.7804,net_income_growth_yoy,-1.2848,ocf_to_net_income,-1.1941,robust_mcd,brick3_q_v2_robust_mahalanobis_clipped,2026-03-18T05:10:36.278770+00:00
PLTR,,10-Q,2024-03-31,https://www.sec.gov/Archives/edgar/data/1321655/000132165524000071/pltr-20240331.htm,69.39,20.526999817132445,2.78917774763136,2.2172084912217964,2.5454074531195086,6,net_income_growth_yoy,6.1438,accrual_ratio,3.371,equity_to_assets,1.7332,robust_mcd,brick3_q_v2_robust_mahalanobis_clipped,2026-03-18T05:10:36.278770+00:00
ALNY,,10-Q,2025-03-31,https://www.sec.gov/Archives/edgar/data/1178670/000117867025000052/alny-20250331.htm,69.31,20.523311796248834,1.9697344203149942,2.123084274990583,1.9392972352615632,6,ocf_to_net_income,7.351,accrual_ratio,1.5142,net_income_growth_yoy,1.2936,robust_mcd,brick3_q_v2_robust_mahalanobis_clipped,2026-03-18T05:10:36.278770+00:00
TMUS,,10-Q,2021-03-31,https://www.sec.gov/Archives/edgar/data/1283699/000128369921000088/tmus-20210331.htm,69.24,20.51506166274159,,1.9421561617691663,1.9421561617691663,5,assets_growth_yoy,6.9463,ocf_to_net_income,2.2023,net_income_growth_yoy,-0.5197,robust_mcd,brick3_q_v2_robust_mahalanobis_clipped,2026-03-18T05:10:36.278770+00:00
CDNS,,10-Q,2022-10-01,https://www.sec.gov/Archives/edgar/data/813672/000081367222000054/cdns-20221001.htm,69.16,20.50244579804923,2.025269536449974,0.6744907594765948,1.052852597670756,5,equity_to_assets,-3.0993,assets_growth_yoy,0.6745,net_income_growth_yoy,0.6745,robust_mcd,brick3_q_v2_robust_mahalanobis_clipped,2026-03-18T05:10:36.278770+00:00
VRTX,,10-Q,2022-06-30,https://www.sec.gov/Archives/edgar/data/875320/000087532022000030/vrtx-20220630.htm,69.08,20.499766669338264,2.562853599319205,2.4611493789360654,2.5221719111659495,6,net_income_growth_yoy,8.0,assets_growth_yoy,1.751,accrual_ratio,-1.6265,robust_mcd,brick3_q_v2_robust_mahalanobis_clipped,2026-03-18T05:10:36.278770+00:00
QCOM,,10-Q,2021-06-27,https://www.sec.gov/Archives/edgar/data/804328/000172894921000066/qcom-20210627.htm,69.01,20.46085121988766,,0.6744907594765952,0.6744907594765952,7,ocf_to_net_income,0.6745,revenue_growth_yoy,-0.6745,assets_growth_yoy,0.6745,robust_mcd,brick3_q_v2_robust_mahalanobis_clipped,2026-03-18T05:10:36.278770+00:00
CRWD,,10-Q,2024-10-31,https://www.sec.gov/Archives/edgar/data/1535527/000153552724000026/crwd-20241031.htm,68.93,20.447251835930626,3.2529627316474303,2.5817468222308464,2.9373508852270667,6,equity_to_assets,5.0698,debt_to_assets,-4.4512,ocf_to_net_income,-3.9303,robust_mcd,brick3_q_v2_robust_mahalanobis_clipped,2026-03-18T05:10:36.278770+00:00
BKR,,10-Q,2021-06-30,https://www.sec.gov/Archives/edgar/data/1701605/000170160521000087/bkr-20210630.htm,68.85,20.38580715475187,,1.9086546494065708,1.9086546494065708,5,ocf_to_net_income,-8.0,assets_growth_yoy,-0.9772,net_income_growth_yoy,0.3223,robust_mcd,brick3_q_v2_robust_mahalanobis_clipped,2026-03-18T05:10:36.278770+00:00
TMUS,,10-Q,2023-03-31,https://www.sec.gov/Archives/edgar/data/1283699/000128369923000087/tmus-20230331.htm,68.77,20.379532466418762,3.3646239105041014,1.1912677724727527,2.3345650665149376,5,net_income_growth_yoy,5.379,accrual_ratio,2.2791,equity_to_assets,-1.8898,robust_mcd,brick3_q_v2_robust_mahalanobis_clipped,2026-03-18T05:10:36.278770+00:00
ADI,,10-Q,2024-02-03,https://www.sec.gov/Archives/edgar/data/6281/000000628124000034/adi-20240203.htm,68.7,20.352991153139637,2.2038617643999148,,2.2038617643999148,5,net_income_growth_yoy,-7.1786,equity_to_assets,1.6237,assets_growth_yoy,1.4367,robust_mcd,brick3_q_v2_robust_mahalanobis_clipped,2026-03-18T05:10:36.278770+00:00
ABNB,,10-Q,2022-06-30,https://www.sec.gov/Archives/edgar/data/1559720/000155972022000012/abnb-20220630.htm,68.62,20.32148954827025,,2.376160055575316,2.376160055575316,6,net_income_growth_yoy,8.0,accrual_ratio,-1.9012,assets_growth_yoy,1.7205,robust_mcd,brick3_q_v2_robust_mahalanobis_clipped,2026-03-18T05:10:36.278770+00:00
SNPS,,10-Q,2024-07-31,https://www.sec.gov/Archives/edgar/data/883241/000088324124000021/snps-20240731.htm,68.54,20.217015211245972,3.8178540842770077,0.687718208818346,2.565799734093543,6,equity_to_assets,5.4078,debt_to_assets,-5.1611,assets_growth_yoy,3.5025,robust_mcd,brick3_q_v2_robust_mahalanobis_clipped,2026-03-18T05:10:36.278770+00:00
MCHP,,10-Q,2021-12-31,https://www.sec.gov/Archives/edgar/data/827054/000082705422000025/mchp-20211231.htm,68.47,20.142243273054792,,2.790272827201452,2.790272827201452,5,net_income_growth_yoy,7.7553,ocf_to_net_income,3.2387,assets_growth_yoy,-1.6371,robust_mcd,brick3_q_v2_robust_mahalanobis_clipped,2026-03-18T05:10:36.278770+00:00
APP,,10-Q,2022-06-30,https://www.sec.gov/Archives/edgar/data/1751008/000175100822000016/app-20220630.htm,68.39,20.118896386714372,0.5802289518276726,1.4309832205766588,1.050145176858256,8,assets_growth_yoy,2.2682,net_income_growth_yoy,-1.5876,ocf_to_net_income,-1.4164,robust_mcd,brick3_q_v2_robust_mahalanobis_clipped,2026-03-18T05:10:36.278770+00:00
QCOM,,10-Q,2023-06-25,https://www.sec.gov/Archives/edgar/data/804328/000080432823000043/qcom-20230625.htm,68.31,20.116332314207682,1.0585579177947024,,1.0585579177947024,7,assets_growth_yoy,-2.6478,ocf_to_net_income,1.9718,debt_to_assets,-1.0843,robust_mcd,brick3_q_v2_robust_mahalanobis_clipped,2026-03-18T05:10:36.278770+00:00
GILD,,10-Q,2023-03-31,https://www.sec.gov/Archives/edgar/data/882095/000088209523000017/gild-20230331.htm,68.23,20.029624977699033,2.9317956963334764,1.9049535724555493,2.394121166719742,5,net_income_growth_yoy,8.0,ocf_to_net_income,-2.2872,equity_to_assets,0.7062,robust_mcd,brick3_q_v2_robust_mahalanobis_clipped,2026-03-18T05:10:36.278770+00:00
SNPS,,10-Q,2022-01-31,https://www.sec.gov/Archives/edgar/data/883241/000088324122000003/snps-20220131.htm,68.16,20.022452902254102,,0.43189322850467704,0.43189322850467704,8,revenue_growth_yoy,-0.6745,net_margin,0.6745,assets_growth_yoy,-0.6745,robust_mcd,brick3_q_v2_robust_mahalanobis_clipped,2026-03-18T05:10:36.278770+00:00
NVDA,,10-Q,2021-10-31,https://www.sec.gov/Archives/edgar/data/1045810/000104581021000163/nvda-20211031.htm,68.08,20.000830749766365,,0.6061121596383306,0.6061121596383306,8,net_income_growth_yoy,1.052,equity_to_assets,0.6773,revenue_growth_yoy,-0.6745,robust_mcd,brick3_q_v2_robust_mahalanobis_clipped,2026-03-18T05:10:36.278770+00:00
GILD,,10-Q,2022-03-31,https://www.sec.gov/Archives/edgar/data/882095/000088209522000013/gild-20220331.htm,68.0,19.90878269462612,,2.548502995751668,2.548502995751668,5,ocf_to_net_income,8.0,net_income_growth_yoy,-2.3523,assets_growth_yoy,-1.157,robust_mcd,brick3_q_v2_robust_mahalanobis_clipped,2026-03-18T05:10:36.278770+00:00
AMD,,10-Q,2023-07-01,https://www.sec.gov/Archives/edgar/data/2488/000000248823000139/amd-20230701.htm,67.93,19.90273191721282,1.8942255467248745,2.1325542655027614,1.9464617860373097,5,ocf_to_net_income,8.0,equity_to_assets,0.6596,assets_growth_yoy,-0.5935,robust_mcd,brick3_q_v2_robust_mahalanobis_clipped,2026-03-18T05:10:36.278770+00:00
PANW,,10-Q,2024-01-31,https://www.sec.gov/Archives/edgar/data/1327567/000132756724000005/panw-20240131.htm,67.85,19.870193222888933,3.2255833511247936,1.6772509715760922,2.421048389974652,6,net_income_growth_yoy,8.0,equity_to_assets,2.0679,assets_growth_yoy,1.4762,robust_mcd,brick3_q_v2_robust_mahalanobis_clipped,2026-03-18T05:10:36.278770+00:00
BKR,,10-Q,2022-06-30,https://www.sec.gov/Archives/edgar/data/1701605/000170160522000113/bkr-20220630.htm,67.77,19.824085957463247,2.5021207336890496,2.1154844790859206,2.347466231847798,5,net_income_growth_yoy,-8.0,assets_growth_yoy,-1.873,equity_to_assets,1.1569,robust_mcd,brick3_q_v2_robust_mahalanobis_clipped,2026-03-18T05:10:36.278770+00:00
DXCM,,10-Q,2022-06-30,https://www.sec.gov/Archives/edgar/data/1093557/000109355722000146/dxcm-20220630.htm,67.69,19.806407741094333,3.400018751469149,0.5689524711630645,2.1283914846641023,6,ocf_to_net_income,5.3851,accrual_ratio,-3.5089,net_income_growth_yoy,-1.858,robust_mcd,brick3_q_v2_robust_mahalanobis_clipped,2026-03-18T05:10:36.278770+00:00
QCOM,,10-Q,2024-06-23,https://www.sec.gov/Archives/edgar/data/804328/000080432824000056/qcom-20240623.htm,67.62,19.756204073687375,0.9953649601969187,,0.9953649601969187,7,assets_growth_yoy,-2.0242,ocf_to_net_income,1.3866,accrual_ratio,-1.0899,robust_mcd,brick3_q_v2_robust_mahalanobis_clipped,2026-03-18T05:10:36.278770+00:00
KLAC,,10-Q,2022-09-30,https://www.sec.gov/Archives/edgar/data/319201/000162828022027311/klac-20220930.htm,67.54,19.739265312456986,3.7484349525706917,0.8348487701969026,2.408605928397514,6,debt_to_assets,5.1873,equity_to_assets,-5.0899,accrual_ratio,1.6897,robust_mcd,brick3_q_v2_robust_mahalanobis_clipped,2026-03-18T05:10:36.278770+00:00
AMGN,,10-Q,2021-06-30,https://www.sec.gov/Archives/edgar/data/318154/000031815421000034/amgn-20210630.htm,67.46,19.707096585234936,,1.4209328052657537,1.4209328052657537,7,ocf_to_net_income,3.7675,net_income_growth_yoy,-1.5305,assets_growth_yoy,-1.3766,robust_mcd,brick3_q_v2_robust_mahalanobis_clipped,2026-03-18T05:10:36.278770+00:00
AVGO,,10-Q,2022-07-31,https://www.sec.gov/Archives/edgar/data/1730168/000173016822000094/avgo-20220731.htm,67.39,19.674317535301203,4.275120503256956,0.7321076938952019,1.2669425767522646,4,debt_to_assets,2.8489,assets_growth_yoy,-0.8525,accrual_ratio,0.6919,robust_mcd,brick3_q_v2_robust_mahalanobis_clipped,2026-03-18T05:10:36.278770+00:00
MCHP,,10-Q,2025-06-30,https://www.sec.gov/Archives/edgar/data/827054/000082705425000133/mchp-20250630.htm,67.31,19.656965274667108,2.433516776867605,2.697880661972242,2.5392623309094597,5,ocf_to_net_income,-7.2783,net_income_growth_yoy,-2.427,assets_growth_yoy,-1.2926,robust_mcd,brick3_q_v2_robust_mahalanobis_clipped,2026-03-18T05:10:36.278770+00:00
TEAM,,10-Q,2024-09-30,https://www.sec.gov/Archives/edgar/data/1650372/000165037224000056/team-20240930.htm,67.23,19.64807811238277,,2.1517016840911207,2.1517016840911207,6,net_income_growth_yoy,-8.0,ocf_to_net_income,-1.7032,assets_growth_yoy,1.425,robust_mcd,brick3_q_v2_robust_mahalanobis_clipped,2026-03-18T05:10:36.278770+00:00
VRSK,,10-Q,2024-03-31,https://www.sec.gov/Archives/edgar/data/1442145/000143774924014064/vrsk20240331_10q.htm,67.15,19.63154633387155,3.0872033921304483,1.7570526111628635,2.524141703065959,6,net_income_growth_yoy,7.145,debt_to_assets,2.9898,equity_to_assets,-2.937,robust_mcd,brick3_q_v2_robust_mahalanobis_clipped,2026-03-18T05:10:36.278770+00:00
ZS,,10-Q,2024-10-31,https://www.sec.gov/Archives/edgar/data/1713683/000171368324000150/zs-20241031.htm,67.08,19.60223846479986,2.400614468703566,1.7814827451063033,1.9489520300693657,6,ocf_to_net_income,-8.0,equity_to_assets,1.2343,debt_to_assets,-1.0273,robust_mcd,brick3_q_v2_robust_mahalanobis_clipped,2026-03-18T05:10:36.278770+00:00
BKNG,,10-Q,2023-09-30,https://www.sec.gov/Archives/edgar/data/1075531/000107553123000061/bkng-20230930.htm,67.0,19.59625278625827,3.8140782688733657,1.5191833963483952,2.6849729803936366,4,equity_to_assets,-4.802,debt_to_assets,4.6953,assets_growth_yoy,0.8359,robust_mcd,brick3_q_v2_robust_mahalanobis_clipped,2026-03-18T05:10:36.278770+00:00
ISRG,,10-Q,2021-06-30,https://www.sec.gov/Archives/edgar/data/1035267/000103526721000119/isrg-20210630.htm,66.92,19.58412468621917,,2.145974192177323,2.145974192177323,6,net_income_growth_yoy,8.0,equity_to_assets,2.2051,debt_to_assets,-1.5539,robust_mcd,brick3_q_v2_robust_mahalanobis_clipped,2026-03-18T05:10:36.278770+00:00
ALNY,,10-Q,2024-09-30,https://www.sec.gov/Archives/edgar/data/1178670/000117867024000053/alny-20240930.htm,66.85,19.49182302134236,2.7275287182922145,1.7042587779840173,2.2866334343017147,6,net_income_growth_yoy,-4.7756,ocf_to_net_income,-4.4692,accrual_ratio,-2.8159,robust_mcd,brick3_q_v2_robust_mahalanobis_clipped,2026-03-18T05:10:36.278770+00:00
PYPL,,10-Q,2022-09-30,https://www.sec.gov/Archives/edgar/data/1633917/000163391722000167/pypl-20220930.htm,66.77,19.472462470050374,0.6338878637775288,0.3802657427848234,0.5134209388670425,8,net_margin,1.0478,net_income_growth_yoy,0.7687,assets_growth_yoy,-0.5657,robust_mcd,brick3_q_v2_robust_mahalanobis_clipped,2026-03-18T05:10:36.278770+00:00
INTC,,10-Q,2023-09-30,https://www.sec.gov/Archives/edgar/data/50863/000005086323000103/intc-20230930.htm,66.69,19.46773747331454,2.0589146855787996,2.148938414359546,1.9657461660058153,5,ocf_to_net_income,8.0,net_income_growth_yoy,-1.0643,assets_growth_yoy,-0.7496,robust_mcd,brick3_q_v2_robust_mahalanobis_clipped,2026-03-18T05:10:36.278770+00:00
BKR,,10-Q,2021-09-30,https://www.sec.gov/Archives/edgar/data/1701605/000170160521000113/bkr-20210930.htm,66.62,19.465547538693347,,2.1954631140535175,2.1954631140535175,5,ocf_to_net_income,8.0,net_income_growth_yoy,1.8159,assets_growth_yoy,-1.0467,robust_mcd,brick3_q_v2_robust_mahalanobis_clipped,2026-03-18T05:10:36.278770+00:00
INTC,,10-Q,2024-03-30,https://www.sec.gov/Archives/edgar/data/50863/000005086324000076/intc-20240330.htm,66.54,19.42777939194368,2.454727965940239,1.9942275791996615,2.1444184069163117,5,net_income_growth_yoy,-8.0,accrual_ratio,1.0321,assets_growth_yoy,-0.8895,robust_mcd,brick3_q_v2_robust_mahalanobis_clipped,2026-03-18T05:10:36.278770+00:00
MSFT,,10-Q,2023-12-31,https://www.sec.gov/Archives/edgar/data/789019/000095017024008814/msft-20231231.htm,66.46,19.39501582247531,2.4687112534723257,1.442727029877257,2.058317564034298,6,assets_growth_yoy,6.2834,accrual_ratio,2.2066,ocf_to_net_income,-1.8554,robust_mcd,brick3_q_v2_robust_mahalanobis_clipped,2026-03-18T05:10:36.278770+00:00
DASH,,10-Q,2023-09-30,https://www.sec.gov/Archives/edgar/data/1792789/000162828023035973/dash-20230930.htm,66.38,19.359104684438826,1.981654199052455,2.0373341099301574,1.7980775315514226,6,ocf_to_net_income,-6.8565,accrual_ratio,-1.477,net_income_growth_yoy,1.2097,robust_mcd,brick3_q_v2_robust_mahalanobis_clipped,2026-03-18T05:10:36.278770+00:00
AMGN,,10-Q,2025-03-31,https://www.sec.gov/Archives/edgar/data/318154/000031815425000020/amgn-20250331.htm,66.31,19.236334341406756,2.2865350157027557,2.3494532639765686,2.311702315012281,5,net_income_growth_yoy,8.0,ocf_to_net_income,-1.0925,accrual_ratio,1.0307,robust_mcd,brick3_q_v2_robust_mahalanobis_clipped,2026-03-18T05:10:36.278770+00:00
ROST,,10-Q,2023-07-29,https://www.sec.gov/Archives/edgar/data/745732/000074573223000059/rost-20230729.htm,66.23,19.172854081282665,0.39073955963816703,3.3348981518953194,1.3761132986074252,5,assets_growth_yoy,3.2,equity_to_assets,-2.7193,accrual_ratio,-0.3535,robust_mcd,brick3_q_v2_robust_mahalanobis_clipped,2026-03-18T05:10:36.278770+00:00
CTSH,,10-Q,2024-03-31,https://www.sec.gov/Archives/edgar/data/1058290/000105829024000116/ctsh-20240331.htm,66.15,19.12623461805477,0.8237310559536769,1.059166904426632,0.9165654872337468,8,accrual_ratio,1.4035,equity_to_assets,1.3905,debt_to_assets,-1.317,robust_mcd,brick3_q_v2_robust_mahalanobis_clipped,2026-03-18T05:10:36.278770+00:00
AEP,,10-Q,2022-09-30,https://www.sec.gov/Archives/edgar/data/4904/000000490422000093/aep-20220930.htm,66.08,19.059053699545355,1.528784705512177,0.5961874575395523,0.8347383536837197,7,ocf_to_net_income,2.2013,assets_growth_yoy,-1.823,revenue_growth_yoy,0.7614,robust_mcd,brick3_q_v2_robust_mahalanobis_clipped,2026-03-18T05:10:36.278770+00:00
ORLY,,10-Q,2022-09-30,https://www.sec.gov/Archives/edgar/data/898173/000089817322000049/orly-20220930x10q.htm,66.0,18.983675080163806,1.6071387694414372,0.8705031039201657,1.3066340387065762,5,equity_to_assets,-2.8325,accrual_ratio,-1.8145,ocf_to_net_income,1.1638,robust_mcd,brick3_q_v2_robust_mahalanobis_clipped,2026-03-18T05:10:36.278770+00:00
GOOG,,10-Q,2025-03-31,https://www.sec.gov/Archives/edgar/data/1652044/000165204425000043/goog-20250331.htm,65.88,18.902471539204402,1.2909844662506866,0.6209259284826502,0.9756909518781689,8,assets_growth_yoy,2.0625,equity_to_assets,1.1115,debt_to_assets,-1.0431,robust_mcd,brick3_q_v2_robust_mahalanobis_clipped,2026-03-18T05:10:36.278770+00:00
GOOGL,,10-Q,2025-03-31,https://www.sec.gov/Archives/edgar/data/1652044/000165204425000043/goog-20250331.htm,65.88,18.902471539204402,1.2909844662506866,0.6209259284826502,0.9756909518781689,8,assets_growth_yoy,2.0625,equity_to_assets,1.1115,debt_to_assets,-1.0431,robust_mcd,brick3_q_v2_robust_mahalanobis_clipped,2026-03-18T05:10:36.278770+00:00
CMCSA,,10-Q,2023-09-30,https://www.sec.gov/Archives/edgar/data/1166691/000116669123000040/cmcsa-20230930.htm,65.77,18.769194346594563,1.7828891035966472,0.8950332195270174,1.3703236393908784,7,net_income_growth_yoy,5.0043,ocf_to_net_income,1.4875,equity_to_assets,-1.1968,robust_mcd,brick3_q_v2_robust_mahalanobis_clipped,2026-03-18T05:10:36.278770+00:00
AVGO,,10-Q,2023-07-30,https://www.sec.gov/Archives/edgar/data/1730168/000173016823000077/avgo-20230730.htm,65.69,18.768155513380332,2.3098751523702745,0.8370004759013338,1.2277032204657548,5,accrual_ratio,-4.5302,debt_to_assets,1.1608,assets_growth_yoy,-0.2698,robust_mcd,brick3_q_v2_robust_mahalanobis_clipped,2026-03-18T05:10:36.278770+00:00
SNPS,,10-Q,2022-07-31,https://www.sec.gov/Archives/edgar/data/883241/000088324122000014/snps-20220731.htm,65.61,18.680032318823624,1.3045019589158444,0.6616156243518208,0.8063763691389156,8,assets_growth_yoy,-1.3131,ocf_to_net_income,1.0907,net_income_growth_yoy,-0.8221,robust_mcd,brick3_q_v2_robust_mahalanobis_clipped,2026-03-18T05:10:36.278770+00:00
QCOM,,10-Q,2024-12-29,https://www.sec.gov/Archives/edgar/data/804328/000080432825000011/qcom-20241229.htm,65.54,18.595632174103176,0.8785437645363166,0.4817791139118538,0.7198379042865314,7,assets_growth_yoy,-1.2145,debt_to_assets,-0.8483,accrual_ratio,0.8403,robust_mcd,brick3_q_v2_robust_mahalanobis_clipped,2026-03-18T05:10:36.278770+00:00
PYPL,,10-Q,2024-09-30,https://www.sec.gov/Archives/edgar/data/1633917/000163391724000110/pypl-20240930.htm,65.46,18.593416123725792,1.3286559718303388,0.3378027201712104,0.9238602177692227,8,ocf_to_net_income,1.8996,debt_to_assets,1.3754,equity_to_assets,-1.3691,robust_mcd,brick3_q_v2_robust_mahalanobis_clipped,2026-03-18T05:10:36.278770+00:00
NVDA,,10-Q,2021-05-02,https://www.sec.gov/Archives/edgar/data/1045810/000104581021000064/nvda-20210502.htm,65.34,18.449409090889915,,0.7777659324852358,0.7777659324852358,8,assets_growth_yoy,1.5007,revenue_growth_yoy,0.6745,net_income_growth_yoy,-0.6745,robust_mcd,brick3_q_v2_robust_mahalanobis_clipped,2026-03-18T05:10:36.278770+00:00
NVDA,,10-Q,2021-08-01,https://www.sec.gov/Archives/edgar/data/1045810/000104581021000131/nvda-20210801.htm,65.34,18.449409090889915,,0.777765932485236,0.777765932485236,8,assets_growth_yoy,1.5007,ocf_to_net_income,-0.6745,revenue_growth_yoy,0.6745,robust_mcd,brick3_q_v2_robust_mahalanobis_clipped,2026-03-18T05:10:36.278770+00:00
WBD,,10-Q,2021-09-30,https://www.sec.gov/Archives/edgar/data/1437107/000143710721000183/disca-20210930.htm,65.23,18.42625025645988,,1.1684356649675143,1.1684356649675143,8,ocf_to_net_income,5.7664,net_income_growth_yoy,-1.694,net_margin,-0.6327,robust_mcd,brick3_q_v2_robust_mahalanobis_clipped,2026-03-18T05:10:36.278770+00:00
AMAT,,10-Q,2024-01-28,https://www.sec.gov/Archives/edgar/data/6951/000000695124000012/amat-20240128.htm,65.15,18.35102978562449,2.416760788871288,,2.416760788871288,6,debt_to_assets,-4.2387,equity_to_assets,4.2387,assets_growth_yoy,-3.6508,robust_mcd,brick3_q_v2_robust_mahalanobis_clipped,2026-03-18T05:10:36.278770+00:00
WDC,,10-Q,2022-04-01,https://www.sec.gov/Archives/edgar/data/106040/000010604022000040/wdc-20220401.htm,65.07,18.332927587663118,4.814031657659445,0.6744907594765953,2.240375017486189,6,ocf_to_net_income,5.0698,accrual_ratio,-4.5302,debt_to_assets,-1.2466,robust_mcd,brick3_q_v2_robust_mahalanobis_clipped,2026-03-18T05:10:36.278770+00:00
WMT,,10-Q,2024-04-30,https://www.sec.gov/Archives/edgar/data/104169/000010416924000105/wmt-20240430.htm,65.0,18.325383158878513,,0.7645791608443286,0.7645791608443286,7,accrual_ratio,1.0815,assets_growth_yoy,-1.0281,ocf_to_net_income,-0.9196,robust_mcd,brick3_q_v2_robust_mahalanobis_clipped,2026-03-18T05:10:36.278770+00:00
PANW,,10-Q,2022-04-30,https://www.sec.gov/Archives/edgar/data/1327567/000132756722000016/panw-20220430.htm,64.92,18.30387899957817,2.1731218334729263,1.8025367079734138,2.016269862925499,6,ocf_to_net_income,-6.3425,debt_to_assets,1.6104,accrual_ratio,-1.3962,robust_mcd,brick3_q_v2_robust_mahalanobis_clipped,2026-03-18T05:10:36.278770+00:00
AXON,,10-Q,2021-09-30,https://www.sec.gov/Archives/edgar/data/1069183/000155837021016019/axon-20210930x10q.htm,64.84,18.300220780366985,,2.1395285278670593,2.1395285278670593,6,net_income_growth_yoy,8.0,assets_growth_yoy,1.591,equity_to_assets,1.4438,robust_mcd,brick3_q_v2_robust_mahalanobis_clipped,2026-03-18T05:10:36.278770+00:00
VRSK,,10-Q,2022-06-30,https://www.sec.gov/Archives/edgar/data/1442145/000143774922018437/vrsk20220630_10q.htm,64.76,18.029215195633526,3.7816605813670434,0.6335717833172413,2.5224250621471227,6,debt_to_assets,4.9904,equity_to_assets,-4.8775,assets_growth_yoy,-1.8263,robust_mcd,brick3_q_v2_robust_mahalanobis_clipped,2026-03-18T05:10:36.278770+00:00
BKR,,10-Q,2023-09-30,https://www.sec.gov/Archives/edgar/data/1701605/000170160523000078/bkr-20230930.htm,64.69,18.024943493133243,2.8165101857069823,1.7450475187238392,2.3641007552914624,5,net_income_growth_yoy,8.0,assets_growth_yoy,2.0136,accrual_ratio,-0.9145,robust_mcd,brick3_q_v2_robust_mahalanobis_clipped,2026-03-18T05:10:36.278770+00:00
CEG,,10-Q,2024-09-30,https://www.sec.gov/Archives/edgar/data/1868275/000186827524000069/ceg-20240930.htm,64.61,17.99960808434243,0.6788801447344786,1.0495650695665524,0.6408770095373135,8,accrual_ratio,1.2828,net_margin,0.9781,ocf_to_net_income,-0.6851,robust_mcd,brick3_q_v2_robust_mahalanobis_clipped,2026-03-18T05:10:36.278770+00:00
MDLZ,,10-Q,2024-09-30,https://www.sec.gov/Archives/edgar/data/1103982/000110398224000104/mdlz-20240930.htm,64.53,17.964907133133718,0.8470935343928419,0.43284513965384447,0.656125269307752,8,ocf_to_net_income,0.8456,revenue_growth_yoy,-0.8402,accrual_ratio,-0.7576,robust_mcd,brick3_q_v2_robust_mahalanobis_clipped,2026-03-18T05:10:36.278770+00:00
IDXX,,10-Q,2022-06-30,https://www.sec.gov/Archives/edgar/data/874716/000087471622000033/idxx-20220630.htm,64.46,17.96340618244312,3.43132263542654,0.5181964045886115,2.1976482701901223,6,debt_to_assets,5.1783,equity_to_assets,-5.0698,net_income_growth_yoy,-1.4244,robust_mcd,brick3_q_v2_robust_mahalanobis_clipped,2026-03-18T05:10:36.278770+00:00
GILD,,10-Q,2021-09-30,https://www.sec.gov/Archives/edgar/data/882095/000088209521000029/gild-20210930.htm,64.38,17.896217252046103,,1.8561180870567462,1.8561180870567462,5,net_income_growth_yoy,8.0,accrual_ratio,-0.7411,equity_to_assets,-0.3863,robust_mcd,brick3_q_v2_robust_mahalanobis_clipped,2026-03-18T05:10:36.278770+00:00
VRTX,,10-Q,2024-09-30,https://www.sec.gov/Archives/edgar/data/875320/000087532024000223/vrtx-20240930.htm,64.3,17.87837814669486,3.839427997946263,1.2236271925707476,2.559768854506014,6,debt_to_assets,3.8395,equity_to_assets,-3.7507,accrual_ratio,2.8365,robust_mcd,brick3_q_v2_robust_mahalanobis_clipped,2026-03-18T05:10:36.278770+00:00
MAR,,10-Q,2024-03-31,https://www.sec.gov/Archives/edgar/data/1048286/000162828024019494/mar-20240331.htm,64.23,17.788996219471233,0.942905624790007,0.47134764005561297,0.6644901939758058,7,equity_to_assets,-2.0785,net_income_growth_yoy,-0.8931,net_margin,-0.6799,robust_mcd,brick3_q_v2_robust_mahalanobis_clipped,2026-03-18T05:10:36.278770+00:00
INTC,,10-Q,2024-06-29,https://www.sec.gov/Archives/edgar/data/50863/000005086324000124/intc-20240629.htm,64.15,17.749317375026582,2.440995708412919,2.152978320073803,2.1996793487495765,5,net_income_growth_yoy,-8.0,ocf_to_net_income,-1.315,assets_growth_yoy,-0.8895,robust_mcd,brick3_q_v2_robust_mahalanobis_clipped,2026-03-18T05:10:36.278770+00:00
ZS,,10-Q,2024-04-30,https://www.sec.gov/Archives/edgar/data/1713683/000171368324000075/zs-20240430.htm,64.07,17.592738363132092,2.457703857951788,2.069204902750857,2.072515758080998,6,ocf_to_net_income,8.0,accrual_ratio,-1.732,net_income_growth_yoy,1.1335,robust_mcd,brick3_q_v2_robust_mahalanobis_clipped,2026-03-18T05:10:36.278770+00:00
MCHP,,10-Q,2024-12-31,https://www.sec.gov/Archives/edgar/data/827054/000082705425000019/mchp-20241231.htm,63.99,17.584225117902474,2.0222282044750255,2.2528736024595775,2.1144863636688465,5,ocf_to_net_income,-7.4898,net_income_growth_yoy,-2.2078,assets_growth_yoy,-0.6706,robust_mcd,brick3_q_v2_robust_mahalanobis_clipped,2026-03-18T05:10:36.278770+00:00
WDC,,10-Q,2021-12-31,https://www.sec.gov/Archives/edgar/data/106040/000010604022000018/wdc-20211231.htm,63.92,17.546011209848526,,1.5802975302517746,1.5802975302517746,6,net_income_growth_yoy,8.0,assets_growth_yoy,-0.8941,equity_to_assets,0.3345,robust_mcd,brick3_q_v2_robust_mahalanobis_clipped,2026-03-18T05:10:36.278770+00:00
MELI,,10-Q,2021-06-30,https://www.sec.gov/Archives/edgar/data/1099590/000156276221000313/meli-20210630x10q.htm,63.84,17.47956770542613,,0.9749392151855103,0.9749392151855103,7,equity_to_assets,-1.7337,debt_to_assets,1.6748,accrual_ratio,1.1102,robust_mcd,brick3_q_v2_robust_mahalanobis_clipped,2026-03-18T05:10:36.278770+00:00
TSLA,,10-Q,2025-09-30,https://www.sec.gov/Archives/edgar/data/1318605/000162828025045968/tsla-20250930.htm,63.76,17.331235709378234,1.523364953640845,0.8454194084871729,1.2103572217248721,8,ocf_to_net_income,2.885,assets_growth_yoy,-2.564,net_income_growth_yoy,-0.8572,robust_mcd,brick3_q_v2_robust_mahalanobis_clipped,2026-03-18T05:10:36.278770+00:00
MAR,,10-Q,2025-03-31,https://www.sec.gov/Archives/edgar/data/1048286/000162828025022485/mar-20250331.htm,63.69,17.196965309270652,0.8558243841983787,0.6028630454739401,0.66167343391727,7,equity_to_assets,-2.251,accrual_ratio,0.7565,revenue_growth_yoy,-0.5624,robust_mcd,brick3_q_v2_robust_mahalanobis_clipped,2026-03-18T05:10:36.278770+00:00
ALNY,,10-Q,2024-06-30,https://www.sec.gov/Archives/edgar/data/1178670/000117867024000041/alny-20240630.htm,63.61,17.19256500367422,2.553913614801212,1.6599476323186826,2.1457196018232474,6,ocf_to_net_income,-6.1675,net_income_growth_yoy,2.3949,assets_growth_yoy,1.9374,robust_mcd,brick3_q_v2_robust_mahalanobis_clipped,2026-03-18T05:10:36.278770+00:00
ZS,,10-Q,2021-01-31,https://www.sec.gov/Archives/edgar/data/1713683/000171368321000037/zs-20210131.htm,63.53,17.093744770342894,,1.8684603563627176,1.8684603563627176,6,assets_growth_yoy,5.9757,equity_to_assets,-1.5439,ocf_to_net_income,-0.9917,robust_mcd,brick3_q_v2_robust_mahalanobis_clipped,2026-03-18T05:10:36.278770+00:00
VRSK,,10-Q,2022-09-30,https://www.sec.gov/Archives/edgar/data/1442145/000143774922025374/vrsk20220930_10q.htm,63.45,17.06681496492016,3.2093297745939933,0.5836296910391341,2.125628784026673,6,debt_to_assets,5.026,equity_to_assets,-4.9214,assets_growth_yoy,-1.9873,robust_mcd,brick3_q_v2_robust_mahalanobis_clipped,2026-03-18T05:10:36.278770+00:00
AMAT,,10-Q,2021-05-02,https://www.sec.gov/Archives/edgar/data/6951/000000695121000023/amat-20210502.htm,63.34,17.03505205446325,,0.5058680696074465,0.5058680696074465,8,equity_to_assets,-0.6745,ocf_to_net_income,0.6745,revenue_growth_yoy,-0.6745,robust_mcd,brick3_q_v2_robust_mahalanobis_clipped,2026-03-18T05:10:36.278770+00:00
AMAT,,10-Q,2021-08-01,https://www.sec.gov/Archives/edgar/data/6951/000000695121000034/amat-20210801.htm,63.34,17.03505205446325,,0.5058680696074465,0.5058680696074465,8,equity_to_assets,-0.6745,revenue_growth_yoy,-0.6745,net_income_growth_yoy,0.6745,robust_mcd,brick3_q_v2_robust_mahalanobis_clipped,2026-03-18T05:10:36.278770+00:00
EA,,10-Q,2021-06-30,https://www.sec.gov/Archives/edgar/data/712515/000071251521000118/ea-20210630.htm,63.22,17.02411614711315,,0.8480224228591444,0.8480224228591444,8,accrual_ratio,1.5705,ocf_to_net_income,-1.431,net_income_growth_yoy,-1.1297,robust_mcd,brick3_q_v2_robust_mahalanobis_clipped,2026-03-18T05:10:36.278770+00:00
CSGP,,10-Q,2025-09-30,https://www.sec.gov/Archives/edgar/data/1057352/000105735225000120/csgp-20250930.htm,63.15,17.018437133699216,3.081502709790666,2.6844328239395114,2.510852015551297,6,ocf_to_net_income,-5.1429,net_income_growth_yoy,-5.1097,equity_to_assets,-1.587,robust_mcd,brick3_q_v2_robust_mahalanobis_clipped,2026-03-18T05:10:36.278770+00:00
QCOM,,10-Q,2023-12-24,https://www.sec.gov/Archives/edgar/data/804328/000080432824000017/qcom-20231224.htm,63.07,17.018156687634864,0.9449185175744719,0.6744907594765952,0.73371366442505,7,assets_growth_yoy,-1.3189,debt_to_assets,-0.9576,accrual_ratio,0.9184,robust_mcd,brick3_q_v2_robust_mahalanobis_clipped,2026-03-18T05:10:36.278770+00:00
TMUS,,10-Q,2021-06-30,https://www.sec.gov/Archives/edgar/data/1283699/000128369921000150/tmus-20210630.htm,62.99,16.999252631139335,,1.9909029593986662,1.9909029593986662,5,net_income_growth_yoy,8.0,ocf_to_net_income,1.0943,accrual_ratio,0.393,robust_mcd,brick3_q_v2_robust_mahalanobis_clipped,2026-03-18T05:10:36.278770+00:00
EA,,10-Q,2022-06-30,https://www.sec.gov/Archives/edgar/data/712515/000071251522000036/ea-20220630.htm,62.91,16.99812311440369,,0.7615465316709302,0.7615465316709302,8,accrual_ratio,2.3085,ocf_to_net_income,-0.9294,net_margin,0.8936,robust_mcd,brick3_q_v2_robust_mahalanobis_clipped,2026-03-18T05:10:36.278770+00:00
WDAY,,10-Q,2022-07-31,https://www.sec.gov/Archives/edgar/data/1327811/000132781122000154/wday-20220731.htm,62.84,16.891021861779198,2.0005131477906466,1.5840357865175838,1.8339222032814215,6,assets_growth_yoy,5.7286,net_income_growth_yoy,-2.4385,accrual_ratio,1.2149,robust_mcd,brick3_q_v2_robust_mahalanobis_clipped,2026-03-18T05:10:36.278770+00:00
CHTR,,10-Q,2022-03-31,https://www.sec.gov/Archives/edgar/data/1091667/000109166722000066/chtr-20220331.htm,62.76,16.832271024526413,,0.8164644826457934,0.8164644826457934,7,ocf_to_net_income,2.3419,equity_to_assets,-1.0693,revenue_growth_yoy,-0.7862,robust_mcd,brick3_q_v2_robust_mahalanobis_clipped,2026-03-18T05:10:36.278770+00:00
CHTR,,10-Q,2025-06-30,https://www.sec.gov/Archives/edgar/data/1091667/000109166725000127/chtr-20250630.htm,62.68,16.730782317210785,0.5390741368221103,1.1023126777582293,0.4836097588993754,7,ocf_to_net_income,1.4826,revenue_growth_yoy,-0.7221,net_margin,0.4413,robust_mcd,brick3_q_v2_robust_mahalanobis_clipped,2026-03-18T05:10:36.278770+00:00
DASH,,10-Q,2025-03-31,https://www.sec.gov/Archives/edgar/data/1792789/000162828025023171/dash-20250331.htm,62.61,16.71802067493093,2.0322625140245805,2.342885451556775,1.779016775413151,6,net_income_growth_yoy,8.0,ocf_to_net_income,1.8315,assets_growth_yoy,0.3321,robust_mcd,brick3_q_v2_robust_mahalanobis_clipped,2026-03-18T05:10:36.278770+00:00
FAST,,10-Q,2023-09-30,https://www.sec.gov/Archives/edgar/data/815556/000081555623000049/fast-20230930.htm,62.53,16.687793576231748,1.8355096769448138,0.7816496202261878,1.1723044330796415,5,equity_to_assets,2.9053,assets_growth_yoy,-0.9772,accrual_ratio,-0.8784,robust_mcd,brick3_q_v2_robust_mahalanobis_clipped,2026-03-18T05:10:36.278770+00:00
CSX,,10-Q,2023-06-30,https://www.sec.gov/Archives/edgar/data/277948/000027794823000043/csx-20230630.htm,62.45,16.554962684435633,1.4993254583066606,0.4364856121187836,1.07418951983151,5,debt_to_assets,2.5973,net_income_growth_yoy,-1.1754,assets_growth_yoy,-0.998,robust_mcd,brick3_q_v2_robust_mahalanobis_clipped,2026-03-18T05:10:36.278770+00:00
WDC,,10-Q,2022-09-30,https://www.sec.gov/Archives/edgar/data/106040/000010604022000065/wdc-20220930.htm,62.37,16.47272055971887,1.88358146085292,1.2467386363245623,1.7486727756082576,6,net_income_growth_yoy,-4.3496,accrual_ratio,3.5077,ocf_to_net_income,-0.9033,robust_mcd,brick3_q_v2_robust_mahalanobis_clipped,2026-03-18T05:10:36.278770+00:00
AMGN,,10-Q,2023-06-30,https://www.sec.gov/Archives/edgar/data/318154/000031815423000053/amgn-20230630.htm,62.3,16.44827290893532,1.7941744875555243,1.3917153868310084,1.506403338569981,5,assets_growth_yoy,6.4409,ocf_to_net_income,0.5144,equity_to_assets,-0.4149,robust_mcd,brick3_q_v2_robust_mahalanobis_clipped,2026-03-18T05:10:36.278770+00:00
MDLZ,,10-Q,2021-06-30,https://www.sec.gov/Archives/edgar/data/1103982/000110398221000013/mdlz-20210630.htm,62.22,16.382195216973074,,0.43167209061005507,0.43167209061005507,8,net_margin,0.8685,net_income_growth_yoy,0.7614,assets_growth_yoy,-0.5741,robust_mcd,brick3_q_v2_robust_mahalanobis_clipped,2026-03-18T05:10:36.278770+00:00
KLAC,,10-Q,2023-03-31,https://www.sec.gov/Archives/edgar/data/319201/000031920123000020/klac-20230331.htm,62.14,16.28680758252308,2.4797042072868583,2.2565386617797762,2.3162561945009092,6,accrual_ratio,-3.7525,debt_to_assets,2.9385,equity_to_assets,-2.8895,robust_mcd,brick3_q_v2_robust_mahalanobis_clipped,2026-03-18T05:10:36.278770+00:00
SNPS,,10-Q,2024-04-30,https://www.sec.gov/Archives/edgar/data/883241/000088324124000016/snps-20240430.htm,62.07,16.28512265524082,3.1225348817660428,0.8717667310456226,2.157760086876639,6,debt_to_assets,-5.0698,equity_to_assets,4.8564,assets_growth_yoy,0.9092,robust_mcd,brick3_q_v2_robust_mahalanobis_clipped,2026-03-18T05:10:36.278770+00:00
ADBE,,10-Q,2023-06-02,https://www.sec.gov/Archives/edgar/data/796343/000079634323000153/adbe-20230602.htm,61.99,16.229738806065683,0.3506134377350073,,0.3506134377350073,8,revenue_growth_yoy,-0.6745,net_margin,-0.6651,equity_to_assets,-0.6289,robust_mcd,brick3_q_v2_robust_mahalanobis_clipped,2026-03-18T05:10:36.278770+00:00
MELI,,10-Q,2025-03-31,https://www.sec.gov/Archives/edgar/data/1099590/000109959025000028/meli-20250331.htm,61.91,16.169651045996883,0.7284650187670823,1.2510573924898352,0.4403088784681685,8,assets_growth_yoy,1.7335,revenue_growth_yoy,0.6623,net_margin,0.5916,robust_mcd,brick3_q_v2_robust_mahalanobis_clipped,2026-03-18T05:10:36.278770+00:00
TEAM,,10-Q,2024-12-31,https://www.sec.gov/Archives/edgar/data/1650372/000165037225000009/team-20241231.htm,61.84,16.010738446342835,,1.8005621757607522,1.8005621757607522,6,ocf_to_net_income,-6.7481,assets_growth_yoy,1.4248,net_income_growth_yoy,0.9542,robust_mcd,brick3_q_v2_robust_mahalanobis_clipped,2026-03-18T05:10:36.278770+00:00
CRWD,,10-Q,2023-10-31,https://www.sec.gov/Archives/edgar/data/1535527/000153552723000026/crwd-20231031.htm,61.76,16.000319525156527,3.6053106795226264,1.1872832251349243,2.4758091198808887,6,ocf_to_net_income,6.0333,equity_to_assets,3.3573,debt_to_assets,-3.2582,robust_mcd,brick3_q_v2_robust_mahalanobis_clipped,2026-03-18T05:10:36.278770+00:00
ADP,,10-Q,2023-09-30,https://www.sec.gov/Archives/edgar/data/8670/000000867023000040/adp-20230930.htm,61.68,15.981501174559499,0.7380418474545044,0.8902207358489627,0.5234217037391203,8,ocf_to_net_income,-1.2512,accrual_ratio,1.1709,net_margin,-0.6335,robust_mcd,brick3_q_v2_robust_mahalanobis_clipped,2026-03-18T05:10:36.278770+00:00
CDNS,,10-Q,2024-09-30,https://www.sec.gov/Archives/edgar/data/813672/000081367224000192/cdns-20240930.htm,61.6,15.96067531047322,1.827522414956618,1.4582151340187957,1.5858604225066963,5,assets_growth_yoy,5.2212,equity_to_assets,-1.5196,net_income_growth_yoy,-1.0522,robust_mcd,brick3_q_v2_robust_mahalanobis_clipped,2026-03-18T05:10:36.278770+00:00
AXON,,10-Q,2025-03-31,https://www.sec.gov/Archives/edgar/data/1069183/000106918325000077/axon-20250331.htm,61.53,15.942351360504452,1.7104844408823527,1.47440712968812,1.6160535164046597,6,assets_growth_yoy,6.0794,accrual_ratio,0.7835,debt_to_assets,0.7704,robust_mcd,brick3_q_v2_robust_mahalanobis_clipped,2026-03-18T05:10:36.278770+00:00
PLTR,,10-Q,2023-06-30,https://www.sec.gov/Archives/edgar/data/1321655/000132165523000090/pltr-20230630.htm,61.45,15.877217711938515,2.6803594063922205,1.8010848721550277,2.2109558568119976,6,ocf_to_net_income,6.546,net_income_growth_yoy,2.2119,debt_to_assets,-1.6943,robust_mcd,brick3_q_v2_robust_mahalanobis_clipped,2026-03-18T05:10:36.278770+00:00
KLAC,,10-Q,2022-12-31,https://www.sec.gov/Archives/edgar/data/319201/000031920123000010/klac-20221231.htm,61.37,15.865439700747789,2.9476774535598516,0.6675689372549066,1.7731202437338986,6,equity_to_assets,-5.1131,debt_to_assets,5.0125,ocf_to_net_income,-0.2241,robust_mcd,brick3_q_v2_robust_mahalanobis_clipped,2026-03-18T05:10:36.278770+00:00
TMUS,,10-Q,2023-09-30,https://www.sec.gov/Archives/edgar/data/1283699/000128369923000151/tmus-20230930.htm,61.3,15.85162194269549,1.8728477972861506,1.4863686422652083,1.6253397637618257,5,net_income_growth_yoy,4.0759,equity_to_assets,-2.1612,assets_growth_yoy,-1.3483,robust_mcd,brick3_q_v2_robust_mahalanobis_clipped,2026-03-18T05:10:36.278770+00:00
TMUS,,10-Q,2022-09-30,https://www.sec.gov/Archives/edgar/data/1283699/000128369922000141/tmus-20220930.htm,61.22,15.849893386268588,2.4512378152277114,0.7551673332903881,1.6690542046879127,5,accrual_ratio,-4.5406,ocf_to_net_income,2.54,equity_to_assets,-0.7386,robust_mcd,brick3_q_v2_robust_mahalanobis_clipped,2026-03-18T05:10:36.278770+00:00
AMGN,,10-Q,2024-03-31,https://www.sec.gov/Archives/edgar/data/318154/000031815424000020/amgn-20240331.htm,61.14,15.848400036878367,2.435536179835208,2.4380304292370125,2.355887104129189,5,ocf_to_net_income,-6.1584,net_income_growth_yoy,-4.1011,equity_to_assets,-0.7276,robust_mcd,brick3_q_v2_robust_mahalanobis_clipped,2026-03-18T05:10:36.278770+00:00
MPWR,,10-Q,2023-09-30,https://www.sec.gov/Archives/edgar/data/1280452/000143774923030929/mpwr20230930_10q.htm,61.06,15.830812283876734,3.6007222605995834,1.108610434985042,2.468899107176693,6,assets_growth_yoy,-4.3951,equity_to_assets,2.7402,debt_to_assets,-2.5451,robust_mcd,brick3_q_v2_robust_mahalanobis_clipped,2026-03-18T05:10:36.278770+00:00
EA,,10-Q,2023-12-31,https://www.sec.gov/Archives/edgar/data/712515/000071251524000007/ea-20231231.htm,60.99,15.795276067445041,1.5349240290411221,0.7393687863135519,1.0678640606273608,8,accrual_ratio,-3.2021,ocf_to_net_income,3.1967,revenue_growth_yoy,-0.5644,robust_mcd,brick3_q_v2_robust_mahalanobis_clipped,2026-03-18T05:10:36.278770+00:00
DASH,,10-Q,2024-03-31,https://www.sec.gov/Archives/edgar/data/1792789/000162828024019605/dash-20240331.htm,60.91,15.772636630369758,1.7833469066103713,2.400244626509997,1.7768819123576176,6,ocf_to_net_income,-6.5517,net_income_growth_yoy,1.2734,debt_to_assets,0.8467,robust_mcd,brick3_q_v2_robust_mahalanobis_clipped,2026-03-18T05:10:36.278770+00:00
PLTR,,10-Q,2021-03-31,https://www.sec.gov/Archives/edgar/data/1321655/000119312521159222/d158374d10q.htm,60.83,15.757661814769026,,1.8730409796608842,1.8730409796608842,6,accrual_ratio,-3.7529,net_income_growth_yoy,-2.9597,ocf_to_net_income,-2.0561,robust_mcd,brick3_q_v2_robust_mahalanobis_clipped,2026-03-18T05:10:36.278770+00:00
MU,,10-Q,2024-02-29,https://www.sec.gov/Archives/edgar/data/723125/000072312524000007/mu-20240229.htm,60.76,15.714819923999995,3.0213023525960847,1.1574315369130928,2.008236263630321,6,debt_to_assets,4.5302,equity_to_assets,-4.5124,accrual_ratio,1.7968,robust_mcd,brick3_q_v2_robust_mahalanobis_clipped,2026-03-18T05:10:36.278770+00:00
AMAT,,10-Q,2022-05-01,https://www.sec.gov/Archives/edgar/data/6951/000000695122000022/amat-20220501.htm,60.68,15.662256803594072,4.273298928568771,0.7653784632161256,2.178331186196908,6,equity_to_assets,-5.0698,debt_to_assets,4.8,assets_growth_yoy,0.9541,robust_mcd,brick3_q_v2_robust_mahalanobis_clipped,2026-03-18T05:10:36.278770+00:00
INSM,,10-Q,2021-09-30,https://www.sec.gov/Archives/edgar/data/1104506/000110450621000015/insm-20210930.htm,60.6,15.333945647113275,,1.6503140083347698,1.6503140083347698,6,assets_growth_yoy,3.7925,accrual_ratio,2.9257,net_income_growth_yoy,-2.3619,robust_mcd,brick3_q_v2_robust_mahalanobis_clipped,2026-03-18T05:10:36.278770+00:00
WDC,,10-Q,2025-03-28,https://www.sec.gov/Archives/edgar/data/106040/000010604025000026/wdc-20250328.htm,60.52,15.261444520040234,3.046391792981096,0.6744907594765951,1.7702174208587695,6,assets_growth_yoy,-4.911,debt_to_assets,2.8248,equity_to_assets,-1.9035,robust_mcd,brick3_q_v2_robust_mahalanobis_clipped,2026-03-18T05:10:36.278770+00:00
AAPL,,10-Q,2021-06-26,https://www.sec.gov/Archives/edgar/data/320193/000032019321000065/aapl-20210626.htm,60.45,15.242193886952082,,1.2140959371649627,1.2140959371649627,6,equity_to_assets,-3.1343,accrual_ratio,-1.6664,ocf_to_net_income,1.2464,robust_mcd,brick3_q_v2_robust_mahalanobis_clipped,2026-03-18T05:10:36.278770+00:00
ADSK,,10-Q,2022-07-31,https://www.sec.gov/Archives/edgar/data/769397/000076939722000123/adsk-20220731.htm,60.37,15.111490802992996,1.6773523257889873,0.691931692502749,1.2593287971190266,5,equity_to_assets,-2.4561,net_income_growth_yoy,2.2813,assets_growth_yoy,-1.0728,robust_mcd,brick3_q_v2_robust_mahalanobis_clipped,2026-03-18T05:10:36.278770+00:00
MU,,10-Q,2023-11-30,https://www.sec.gov/Archives/edgar/data/723125/000072312523000077/mu-20231130.htm,60.29,15.066368260908993,3.659902811081334,0.7153625380330683,2.179592975226211,6,debt_to_assets,4.5302,equity_to_assets,-4.4321,assets_growth_yoy,-2.3696,robust_mcd,brick3_q_v2_robust_mahalanobis_clipped,2026-03-18T05:10:36.278770+00:00
NVDA,,10-Q,2025-07-27,https://www.sec.gov/Archives/edgar/data/1045810/000104581025000209/nvda-20250727.htm,60.22,15.064708110807809,0.9649637173846978,0.6744907594765951,0.7604075181238718,8,equity_to_assets,1.6419,debt_to_assets,-1.6419,net_margin,0.9306,robust_mcd,brick3_q_v2_robust_mahalanobis_clipped,2026-03-18T05:10:36.278770+00:00
MAR,,10-Q,2023-03-31,https://www.sec.gov/Archives/edgar/data/1048286/000162828023014793/mar-20230331.htm,60.14,14.956570279648451,0.5465576392395145,0.9844699778854726,0.5239676192769775,7,equity_to_assets,-1.2757,net_margin,0.7995,net_income_growth_yoy,0.7423,robust_mcd,brick3_q_v2_robust_mahalanobis_clipped,2026-03-18T05:10:36.278770+00:00
CTSH,,10-Q,2024-06-30,https://www.sec.gov/Archives/edgar/data/1058290/000105829024000242/ctsh-20240630.htm,60.06,14.95237482722213,0.8320983090316408,0.7624495515995735,0.7527170642459954,8,equity_to_assets,1.5721,debt_to_assets,-1.4491,accrual_ratio,0.8085,robust_mcd,brick3_q_v2_robust_mahalanobis_clipped,2026-03-18T05:10:36.278770+00:00
AMZN,,10-Q,2022-06-30,https://www.sec.gov/Archives/edgar/data/1018724/000101872422000019/amzn-20220630.htm,59.98,14.805389933453336,2.9052717945616053,1.2356659485041321,2.018380659961771,5,ocf_to_net_income,-5.2288,accrual_ratio,-1.3094,net_income_growth_yoy,-1.2003,robust_mcd,brick3_q_v2_robust_mahalanobis_clipped,2026-03-18T05:10:36.278770+00:00
AXON,,10-Q,2025-06-30,https://www.sec.gov/Archives/edgar/data/1069183/000106918325000181/axon-20250630.htm,59.91,14.75139779800613,1.4832323589101186,1.9621947236326278,1.6748173047991222,6,assets_growth_yoy,5.708,ocf_to_net_income,-2.0756,accrual_ratio,1.065,robust_mcd,brick3_q_v2_robust_mahalanobis_clipped,2026-03-18T05:10:36.278770+00:00
ORLY,,10-Q,2021-09-30,https://www.sec.gov/Archives/edgar/data/898173/000089817321000055/orly-20210930x10q.htm,59.83,14.671541833456175,,1.4489344079473856,1.4489344079473856,5,accrual_ratio,-2.6605,equity_to_assets,-2.0879,assets_growth_yoy,-1.1687,robust_mcd,brick3_q_v2_robust_mahalanobis_clipped,2026-03-18T05:10:36.278770+00:00
TSLA,,10-Q,2022-06-30,https://www.sec.gov/Archives/edgar/data/1318605/000095017022012936/tsla-20220630.htm,59.75,14.618690100492023,1.5688486262494927,0.931961915811623,0.8552947647661414,8,equity_to_assets,1.9821,debt_to_assets,-1.8369,accrual_ratio,-0.9171,robust_mcd,brick3_q_v2_robust_mahalanobis_clipped,2026-03-18T05:10:36.278770+00:00
AMGN,,10-Q,2023-09-30,https://www.sec.gov/Archives/edgar/data/318154/000031815423000064/amgn-20230930.htm,59.68,14.59097197879132,2.1356776610888897,1.1649730737306427,1.6783918196912864,5,assets_growth_yoy,5.9357,net_income_growth_yoy,-0.8765,ocf_to_net_income,0.7487,robust_mcd,brick3_q_v2_robust_mahalanobis_clipped,2026-03-18T05:10:36.278770+00:00
DASH,,10-Q,2021-09-30,https://www.sec.gov/Archives/edgar/data/1792789/000162828021022884/dash-20210930.htm,59.6,14.540484931388892,,2.2016027862125944,2.2016027862125944,6,ocf_to_net_income,-5.3654,net_income_growth_yoy,-3.691,equity_to_assets,1.7355,robust_mcd,brick3_q_v2_robust_mahalanobis_clipped,2026-03-18T05:10:36.278770+00:00
MAR,,10-Q,2025-09-30,https://www.sec.gov/Archives/edgar/data/1048286/000104828625000013/mar-20250930.htm,59.52,14.535295242301846,1.0809390584351029,0.5804362878946361,0.8402944226126458,7,equity_to_assets,-1.6658,ocf_to_net_income,1.1714,accrual_ratio,-1.1189,robust_mcd,brick3_q_v2_robust_mahalanobis_clipped,2026-03-18T05:10:36.278770+00:00
PANW,,10-Q,2023-01-31,https://www.sec.gov/Archives/edgar/data/1327567/000132756723000006/panw-20230131.htm,59.44,14.491334840531117,1.863790703332521,2.4008713609698975,1.9097150112965544,6,ocf_to_net_income,7.1776,net_income_growth_yoy,1.9947,accrual_ratio,-1.1346,robust_mcd,brick3_q_v2_robust_mahalanobis_clipped,2026-03-18T05:10:36.278770+00:00
DASH,,10-Q,2022-09-30,https://www.sec.gov/Archives/edgar/data/1792789/000162828022028457/dash-20220930.htm,59.37,14.301318567690691,,2.1324723514960273,2.1324723514960273,6,net_income_growth_yoy,-4.6371,assets_growth_yoy,4.2165,ocf_to_net_income,-1.519,robust_mcd,brick3_q_v2_robust_mahalanobis_clipped,2026-03-18T05:10:36.278770+00:00
NVDA,,10-Q,2025-10-26,https://www.sec.gov/Archives/edgar/data/1045810/000104581025000230/nvda-20251026.htm,59.29,14.28268737875587,1.0315430194239252,,1.0315430194239252,8,equity_to_assets,1.9857,debt_to_assets,-1.9857,accrual_ratio,-1.7297,robust_mcd,brick3_q_v2_robust_mahalanobis_clipped,2026-03-18T05:10:36.278770+00:00
CPRT,,10-Q,2022-10-31,https://www.sec.gov/Archives/edgar/data/900075/000090007522000065/cprt-20221031.htm,59.21,14.209634835343405,2.6443611615267932,0.8676256246738848,1.93366694678563,6,assets_growth_yoy,-4.8076,equity_to_assets,2.4849,debt_to_assets,-2.278,robust_mcd,brick3_q_v2_robust_mahalanobis_clipped,2026-03-18T05:10:36.278770+00:00
ADP,,10-Q,2021-09-30,https://www.sec.gov/Archives/edgar/data/8670/000000867021000035/adp-20210930.htm,59.14,14.128697160596682,,1.4147074501614463,1.4147074501614463,7,assets_growth_yoy,2.626,ocf_to_net_income,-1.9419,equity_to_assets,-1.5694,robust_mcd,brick3_q_v2_robust_mahalanobis_clipped,2026-03-18T05:10:36.278770+00:00
FTNT,,10-Q,2021-09-30,https://www.sec.gov/Archives/edgar/data/1262039/000126203921000030/ftnt-20210930.htm,59.06,14.128252408098462,,1.9737099852704818,1.9737099852704818,6,assets_growth_yoy,4.6328,accrual_ratio,-2.4887,ocf_to_net_income,2.3739,robust_mcd,brick3_q_v2_robust_mahalanobis_clipped,2026-03-18T05:10:36.278770+00:00
PAYX,,10-Q,2024-11-30,https://www.sec.gov/Archives/edgar/data/723531/000095017024138425/payx-20241130.htm,58.98,14.03210035983387,1.2716243921272286,0.674490759476595,0.8783439995491253,6,debt_to_assets,-1.4985,assets_growth_yoy,-1.1188,revenue_growth_yoy,-0.6745,robust_mcd,brick3_q_v2_robust_mahalanobis_clipped,2026-03-18T05:10:36.278770+00:00
COST,,10-Q,2025-02-16,https://www.sec.gov/Archives/edgar/data/909832/000090983225000015/cost-20250216.htm,58.91,14.018423286332183,0.8107834120663648,,0.8107834120663648,8,assets_growth_yoy,1.5612,debt_to_assets,-1.1815,equity_to_assets,1.0806,robust_mcd,brick3_q_v2_robust_mahalanobis_clipped,2026-03-18T05:10:36.278770+00:00
LIN,,10-Q,2023-06-30,https://www.sec.gov/Archives/edgar/data/1707925/000162828023025878/lin-20230630.htm,58.83,13.915158177988678,2.041242376765155,1.2889121855174606,1.546856896836603,6,net_income_growth_yoy,7.3119,assets_growth_yoy,1.0998,debt_to_assets,0.3345,robust_mcd,brick3_q_v2_robust_mahalanobis_clipped,2026-03-18T05:10:36.278770+00:00
GOOG,,10-Q,2023-09-30,https://www.sec.gov/Archives/edgar/data/1652044/000165204423000094/goog-20230930.htm,58.71,13.82760397020799,,0.8079033008321207,0.8079033008321207,7,accrual_ratio,-2.0996,equity_to_assets,1.0758,net_margin,-0.7695,robust_mcd,brick3_q_v2_robust_mahalanobis_clipped,2026-03-18T05:10:36.278770+00:00
GOOGL,,10-Q,2023-09-30,https://www.sec.gov/Archives/edgar/data/1652044/000165204423000094/goog-20230930.htm,58.71,13.82760397020799,,0.8079033008321207,0.8079033008321207,7,accrual_ratio,-2.0996,equity_to_assets,1.0758,net_margin,-0.7695,robust_mcd,brick3_q_v2_robust_mahalanobis_clipped,2026-03-18T05:10:36.278770+00:00
CHTR,,10-Q,2024-06-30,https://www.sec.gov/Archives/edgar/data/1091667/000109166724000104/chtr-20240630.htm,58.6,13.751639619658608,0.45352015110375443,0.8382081293396736,0.42833760837579365,7,ocf_to_net_income,1.0892,revenue_growth_yoy,-0.7698,net_income_growth_yoy,-0.3456,robust_mcd,brick3_q_v2_robust_mahalanobis_clipped,2026-03-18T05:10:36.278770+00:00
FAST,,10-Q,2023-06-30,https://www.sec.gov/Archives/edgar/data/815556/000081555623000041/fast-20230630.htm,58.52,13.706281392809723,1.4249565165265767,0.8028380421380243,0.9298094751745039,5,equity_to_assets,2.6443,assets_growth_yoy,-1.3123,net_income_growth_yoy,-0.4842,robust_mcd,brick3_q_v2_robust_mahalanobis_clipped,2026-03-18T05:10:36.278770+00:00
DDOG,,10-Q,2024-06-30,https://www.sec.gov/Archives/edgar/data/1561550/000156155024000112/ddog-20240630.htm,58.44,13.684921543736529,1.9884229827883477,2.828019989183924,2.2856484208015977,6,net_income_growth_yoy,6.5615,ocf_to_net_income,2.1954,assets_growth_yoy,2.0029,robust_mcd,brick3_q_v2_robust_mahalanobis_clipped,2026-03-18T05:10:36.278770+00:00
ADBE,,10-Q,2023-09-01,https://www.sec.gov/Archives/edgar/data/796343/000079634323000205/adbe-20230901.htm,58.37,13.662703811341927,0.5214699499600659,,0.5214699499600659,8,debt_to_assets,-1.0731,equity_to_assets,1.0731,revenue_growth_yoy,-0.6745,robust_mcd,brick3_q_v2_robust_mahalanobis_clipped,2026-03-18T05:10:36.278770+00:00
AMD,,10-Q,2024-09-28,https://www.sec.gov/Archives/edgar/data/2488/000000248824000163/amd-20240928.htm,58.29,13.619235387825402,1.1137363999938652,1.5758080323612302,1.190646531424556,5,equity_to_assets,2.5255,net_income_growth_yoy,2.5172,assets_growth_yoy,-0.3885,robust_mcd,brick3_q_v2_robust_mahalanobis_clipped,2026-03-18T05:10:36.278770+00:00
STX,,10-Q,2024-09-27,https://www.sec.gov/Archives/edgar/data/1137789/000113778924000182/stx-20240927.htm,58.21,13.604103695138166,2.76798589521548,0.6744907594765953,1.8453656754669474,6,net_income_growth_yoy,5.0698,accrual_ratio,2.9687,assets_growth_yoy,1.4595,robust_mcd,brick3_q_v2_robust_mahalanobis_clipped,2026-03-18T05:10:36.278770+00:00
DXCM,,10-Q,2023-03-31,https://www.sec.gov/Archives/edgar/data/1093557/000109355723000118/dxcm-20230331.htm,58.13,13.595439211761464,1.245002344337318,0.8108803862295438,1.0474634025458405,6,debt_to_assets,2.0857,net_income_growth_yoy,-1.9773,ocf_to_net_income,1.0921,robust_mcd,brick3_q_v2_robust_mahalanobis_clipped,2026-03-18T05:10:36.278770+00:00
QCOM,,10-Q,2024-03-24,https://www.sec.gov/Archives/edgar/data/804328/000080432824000039/qcom-20240324.htm,58.06,13.428464963047501,0.6914839375933451,,0.6914839375933451,7,assets_growth_yoy,-2.0242,debt_to_assets,-1.0467,ocf_to_net_income,0.51,robust_mcd,brick3_q_v2_robust_mahalanobis_clipped,2026-03-18T05:10:36.278770+00:00
MELI,,10-Q,2024-03-31,https://www.sec.gov/Archives/edgar/data/1099590/000109959024000017/meli-20240331.htm,57.98,13.42341070543084,1.1069626914085435,2.0101330773450705,1.012108060727551,8,ocf_to_net_income,1.5659,accrual_ratio,-1.3649,equity_to_assets,1.3549,robust_mcd,brick3_q_v2_robust_mahalanobis_clipped,2026-03-18T05:10:36.278770+00:00
AMD,,10-Q,2025-09-27,https://www.sec.gov/Archives/edgar/data/2488/000000248825000166/amd-20250927.htm,57.9,13.39703709397048,0.9672825821407537,2.004694455685957,1.0800637443538141,5,equity_to_assets,2.4445,accrual_ratio,-1.7069,net_income_growth_yoy,0.6745,robust_mcd,brick3_q_v2_robust_mahalanobis_clipped,2026-03-18T05:10:36.278770+00:00
MRVL,,10-Q,2023-10-28,https://www.sec.gov/Archives/edgar/data/1835632/000183563223000046/mrvl-20231028.htm,57.83,13.369459518727275,1.8543408407994721,2.2641383611928205,2.0692119699794893,6,net_income_growth_yoy,-4.3755,ocf_to_net_income,-2.4628,accrual_ratio,-2.4206,robust_mcd,brick3_q_v2_robust_mahalanobis_clipped,2026-03-18T05:10:36.278770+00:00
LRCX,,10-Q,2024-03-31,https://www.sec.gov/Archives/edgar/data/707549/000070754924000067/lrcx-20240331.htm,57.75,13.324471115383037,0.9755265266386948,2.0835597815753295,1.4187398286133488,6,accrual_ratio,-4.2717,ocf_to_net_income,2.6964,equity_to_assets,0.5407,robust_mcd,brick3_q_v2_robust_mahalanobis_clipped,2026-03-18T05:10:36.278770+00:00
CSGP,,10-Q,2024-06-30,https://www.sec.gov/Archives/edgar/data/1057352/000105735224000091/csgp-20240630.htm,57.67,13.32114617087668,2.02621702587319,1.8295747519457686,1.9475601163022216,6,net_income_growth_yoy,-4.6414,ocf_to_net_income,4.6123,equity_to_assets,0.9323,robust_mcd,brick3_q_v2_robust_mahalanobis_clipped,2026-03-18T05:10:36.278770+00:00
MRVL,,10-Q,2022-07-30,https://www.sec.gov/Archives/edgar/data/1835632/000183563222000041/mrvl-20220730.htm,57.59,13.315792594091374,2.493292550077853,1.3614629213586522,1.7703919789573759,6,ocf_to_net_income,6.4245,assets_growth_yoy,2.0715,net_income_growth_yoy,0.6745,robust_mcd,brick3_q_v2_robust_mahalanobis_clipped,2026-03-18T05:10:36.278770+00:00
MAR,,10-Q,2024-06-30,https://www.sec.gov/Archives/edgar/data/1048286/000162828024033679/mar-20240630.htm,57.52,13.282267976091106,0.8505317249911475,0.4056565431527205,0.5784728503814855,7,equity_to_assets,-2.3552,accrual_ratio,-0.7588,revenue_growth_yoy,-0.3349,robust_mcd,brick3_q_v2_robust_mahalanobis_clipped,2026-03-18T05:10:36.278770+00:00
INSM,,10-Q,2021-03-31,https://www.sec.gov/Archives/edgar/data/1104506/000110450621000010/insm-20210331.htm,57.44,13.163026696230332,,1.051440944739802,1.051440944739802,6,accrual_ratio,3.7237,net_income_growth_yoy,-1.2228,assets_growth_yoy,-0.6012,robust_mcd,brick3_q_v2_robust_mahalanobis_clipped,2026-03-18T05:10:36.278770+00:00
VRSK,,10-Q,2023-06-30,https://www.sec.gov/Archives/edgar/data/1442145/000143774923021529/vrsk20230630_10q.htm,57.36,13.15902160617266,2.568061422876871,1.2008600308830504,2.005642004605308,6,equity_to_assets,-4.2337,debt_to_assets,4.1063,assets_growth_yoy,-2.4007,robust_mcd,brick3_q_v2_robust_mahalanobis_clipped,2026-03-18T05:10:36.278770+00:00
ALNY,,10-Q,2025-06-30,https://www.sec.gov/Archives/edgar/data/1178670/000117867025000090/alny-20250630.htm,57.29,13.14709036792641,2.017356417481565,2.2945430764223986,1.9324571368210453,6,net_income_growth_yoy,-5.731,ocf_to_net_income,-3.6545,assets_growth_yoy,1.0754,robust_mcd,brick3_q_v2_robust_mahalanobis_clipped,2026-03-18T05:10:36.278770+00:00
DXCM,,10-Q,2023-09-30,https://www.sec.gov/Archives/edgar/data/1093557/000109355723000220/dxcm-20230930.htm,57.21,13.125344197264187,1.6252277561905928,0.7117174446749214,1.259823631584324,6,debt_to_assets,2.978,assets_growth_yoy,1.5242,equity_to_assets,-1.0898,robust_mcd,brick3_q_v2_robust_mahalanobis_clipped,2026-03-18T05:10:36.278770+00:00
BKNG,,10-Q,2023-03-31,https://www.sec.gov/Archives/edgar/data/1075531/000107553123000031/bkng-20230331.htm,57.13,13.04423436818894,3.2996122518556694,1.1249309126082225,2.248662095734558,4,debt_to_assets,4.1145,equity_to_assets,-4.0719,assets_growth_yoy,0.5527,robust_mcd,brick3_q_v2_robust_mahalanobis_clipped,2026-03-18T05:10:36.278770+00:00
DASH,,10-Q,2022-06-30,https://www.sec.gov/Archives/edgar/data/1792789/000162828022021372/dash-20220630.htm,57.05,12.997113870957115,,1.8335863758433473,1.8335863758433473,6,assets_growth_yoy,5.2265,net_income_growth_yoy,-2.1387,equity_to_assets,1.3159,robust_mcd,brick3_q_v2_robust_mahalanobis_clipped,2026-03-18T05:10:36.278770+00:00
BKNG,,10-Q,2024-03-31,https://www.sec.gov/Archives/edgar/data/1075531/000107553124000027/bkng-20240331.htm,56.98,12.915235525790036,3.1580440200865803,1.227941425614504,2.258221410149965,4,debt_to_assets,4.4117,equity_to_assets,-4.3686,assets_growth_yoy,0.1275,robust_mcd,brick3_q_v2_robust_mahalanobis_clipped,2026-03-18T05:10:36.278770+00:00
AAPL,,10-Q,2022-06-25,https://www.sec.gov/Archives/edgar/data/320193/000032019322000070/aapl-20220625.htm,56.9,12.865651403425947,3.1636057026009388,1.521514785558532,1.9414972712114478,6,accrual_ratio,-3.163,equity_to_assets,-3.0603,debt_to_assets,2.9898,robust_mcd,brick3_q_v2_robust_mahalanobis_clipped,2026-03-18T05:10:36.278770+00:00
AEP,,10-Q,2022-03-31,https://www.sec.gov/Archives/edgar/data/4904/000000490422000053/aep-20220331.htm,56.82,12.844898431369515,,0.6461088392170234,0.6461088392170234,7,ocf_to_net_income,2.4501,debt_to_assets,0.5968,revenue_growth_yoy,-0.5617,robust_mcd,brick3_q_v2_robust_mahalanobis_clipped,2026-03-18T05:10:36.278770+00:00
INTC,,10-Q,2022-07-02,https://www.sec.gov/Archives/edgar/data/50863/000005086322000030/intc-20220702.htm,56.75,12.718941839615637,3.763550841239135,0.6744907594765934,1.6514642768266174,5,ocf_to_net_income,-5.0698,equity_to_assets,1.6367,net_income_growth_yoy,-0.6745,robust_mcd,brick3_q_v2_robust_mahalanobis_clipped,2026-03-18T05:10:36.278770+00:00
MAR,,10-Q,2023-09-30,https://www.sec.gov/Archives/edgar/data/1048286/000162828023036256/mar-20230930.htm,56.67,12.61410701701851,1.3410521658756078,0.5389119297781756,0.8658642085756717,7,accrual_ratio,-2.3065,equity_to_assets,-1.6224,ocf_to_net_income,0.8278,robust_mcd,brick3_q_v2_robust_mahalanobis_clipped,2026-03-18T05:10:36.278770+00:00
AXON,,10-Q,2023-09-30,https://www.sec.gov/Archives/edgar/data/1069183/000155837023018023/axon-20230930x10q.htm,56.59,12.606066425157174,1.8743076844261068,2.218675456741911,1.879593478320938,6,assets_growth_yoy,4.8418,net_income_growth_yoy,3.8044,debt_to_assets,0.8957,robust_mcd,brick3_q_v2_robust_mahalanobis_clipped,2026-03-18T05:10:36.278770+00:00
SNPS,,10-Q,2023-01-31,https://www.sec.gov/Archives/edgar/data/883241/000088324123000005/snps-20230131.htm,56.52,12.415544483734056,3.1136506178643604,0.4390770204312988,2.038233553828707,6,assets_growth_yoy,-3.6942,debt_to_assets,3.0883,equity_to_assets,-2.6264,robust_mcd,brick3_q_v2_robust_mahalanobis_clipped,2026-03-18T05:10:36.278770+00:00
INSM,,10-Q,2022-03-31,https://www.sec.gov/Archives/edgar/data/1104506/000110450622000014/insm-20220331.htm,56.44,12.403192199973628,,1.5021019027567046,1.5021019027567046,6,assets_growth_yoy,4.9529,accrual_ratio,1.2694,debt_to_assets,1.192,robust_mcd,brick3_q_v2_robust_mahalanobis_clipped,2026-03-18T05:10:36.278770+00:00
REGN,,10-Q,2021-06-30,https://www.sec.gov/Archives/edgar/data/872589/000180422021000025/regn-20210630.htm,56.36,12.400704124546648,,1.9318047557637206,1.9318047557637206,6,accrual_ratio,3.168,net_income_growth_yoy,2.718,assets_growth_yoy,2.5599,robust_mcd,brick3_q_v2_robust_mahalanobis_clipped,2026-03-18T05:10:36.278770+00:00
CEG,,10-Q,2025-06-30,https://www.sec.gov/Archives/edgar/data/1868275/000186827525000073/ceg-20250630.htm,56.28,12.389320108299492,1.0872040839388388,0.3628910093674223,0.5655379893265732,8,equity_to_assets,0.971,ocf_to_net_income,0.9414,debt_to_assets,-0.8156,robust_mcd,brick3_q_v2_robust_mahalanobis_clipped,2026-03-18T05:10:36.278770+00:00
PANW,,10-Q,2022-01-31,https://www.sec.gov/Archives/edgar/data/1327567/000132756722000008/panw-20220131.htm,56.21,12.37149301007227,,1.831058957094043,1.831058957094043,6,ocf_to_net_income,-4.4716,debt_to_assets,2.4891,equity_to_assets,-1.9298,robust_mcd,brick3_q_v2_robust_mahalanobis_clipped,2026-03-18T05:10:36.278770+00:00
NXPI,,10-Q,2024-03-31,https://www.sec.gov/Archives/edgar/data/1413447/000141344724000038/nxpi-20240331.htm,56.13,12.337569987388772,2.1740042326777718,0.2898610218343241,1.388261765218406,6,assets_growth_yoy,-5.1995,debt_to_assets,-0.695,equity_to_assets,0.681,robust_mcd,brick3_q_v2_robust_mahalanobis_clipped,2026-03-18T05:10:36.278770+00:00
ADI,,10-Q,2021-07-31,https://www.sec.gov/Archives/edgar/data/6281/000000628121000197/adi-20210731.htm,56.05,12.330775998659911,,1.2880738474664504,1.2880738474664504,5,assets_growth_yoy,5.4752,equity_to_assets,0.6745,ocf_to_net_income,0.2907,robust_mcd,brick3_q_v2_robust_mahalanobis_clipped,2026-03-18T05:10:36.278770+00:00
MSTR,,10-Q,2022-09-30,https://www.sec.gov/Archives/edgar/data/1050446/000156459022036073/mstr-10q_20220930.htm,55.98,12.260230649116115,1.2575446275818152,1.3745091098806808,1.1109708534873772,8,debt_to_assets,1.7413,equity_to_assets,-1.6636,assets_growth_yoy,-1.6011,robust_mcd,brick3_q_v2_robust_mahalanobis_clipped,2026-03-18T05:10:36.278770+00:00
ISRG,,10-Q,2022-06-30,https://www.sec.gov/Archives/edgar/data/1035267/000103526722000128/isrg-20220630.htm,55.9,12.168430976727233,1.6213728310393196,0.8026649035504908,1.0126033426156036,6,assets_growth_yoy,-1.874,equity_to_assets,1.7411,net_income_growth_yoy,-1.3308,robust_mcd,brick3_q_v2_robust_mahalanobis_clipped,2026-03-18T05:10:36.278770+00:00
MAR,,10-Q,2025-06-30,https://www.sec.gov/Archives/edgar/data/1048286/000104828625000006/mar-20250630.htm,55.82,12.155974040690369,0.7194875587976594,0.5585131364196705,0.589914798211787,7,equity_to_assets,-2.0393,assets_growth_yoy,0.9689,revenue_growth_yoy,-0.3823,robust_mcd,brick3_q_v2_robust_mahalanobis_clipped,2026-03-18T05:10:36.278770+00:00
ZS,,10-Q,2025-10-31,https://www.sec.gov/Archives/edgar/data/1713683/000171368325000205/zs-20251031.htm,55.74,12.097278070219653,1.9886249846232111,2.176120875237872,1.8485125618822265,6,ocf_to_net_income,-5.4021,assets_growth_yoy,3.0967,equity_to_assets,0.8071,robust_mcd,brick3_q_v2_robust_mahalanobis_clipped,2026-03-18T05:10:36.278770+00:00
ADP,,10-Q,2022-09-30,https://www.sec.gov/Archives/edgar/data/8670/000000867022000046/adp-20220930.htm,55.67,12.000029501333776,1.7817462998385198,0.8427818904678975,1.2758065031121955,8,assets_growth_yoy,-3.9407,debt_to_assets,1.8831,equity_to_assets,-1.7943,robust_mcd,brick3_q_v2_robust_mahalanobis_clipped,2026-03-18T05:10:36.278770+00:00
TTWO,,10-Q,2025-06-30,https://www.sec.gov/Archives/edgar/data/946581/000162828025038963/ttwo-20250630.htm,55.59,11.8643535623561,2.9082455003763794,1.424126182940918,2.3145977734021947,6,equity_to_assets,-3.2746,debt_to_assets,3.1732,ocf_to_net_income,2.796,robust_mcd,brick3_q_v2_robust_mahalanobis_clipped,2026-03-18T05:10:36.278770+00:00
SNPS,,10-Q,2021-01-31,https://www.sec.gov/Archives/edgar/data/883241/000088324121000009/snps-20210131.htm,55.51,11.629076708489778,,0.4755809163752396,0.4755809163752396,8,net_income_growth_yoy,0.863,accrual_ratio,0.8037,revenue_growth_yoy,-0.6745,robust_mcd,brick3_q_v2_robust_mahalanobis_clipped,2026-03-18T05:10:36.278770+00:00
SNPS,,10-Q,2024-01-31,https://www.sec.gov/Archives/edgar/data/883241/000088324124000013/snps-20240131.htm,55.44,11.609672735189857,2.3094478647505543,1.2180828776714268,1.8729018699189035,6,debt_to_assets,-3.5381,equity_to_assets,3.4207,accrual_ratio,1.9589,robust_mcd,brick3_q_v2_robust_mahalanobis_clipped,2026-03-18T05:10:36.278770+00:00
CHTR,,10-Q,2025-03-31,https://www.sec.gov/Archives/edgar/data/1091667/000109166725000099/chtr-20250331.htm,55.36,11.606530146069597,0.5942367609376353,0.8115253763568874,0.324184631974286,7,ocf_to_net_income,0.7047,revenue_growth_yoy,-0.6915,equity_to_assets,0.369,robust_mcd,brick3_q_v2_robust_mahalanobis_clipped,2026-03-18T05:10:36.278770+00:00
ORLY,,10-Q,2023-03-31,https://www.sec.gov/Archives/edgar/data/898173/000089817323000029/orly-20230331x10q.htm,55.28,11.593939722448308,1.384585409981678,0.5192721717932917,0.9556733217582114,5,equity_to_assets,-2.208,assets_growth_yoy,1.6783,ocf_to_net_income,-0.4505,robust_mcd,brick3_q_v2_robust_mahalanobis_clipped,2026-03-18T05:10:36.278770+00:00
ZS,,10-Q,2023-04-30,https://www.sec.gov/Archives/edgar/data/1713683/000171368323000059/zs-20230430.htm,55.2,11.593637818791915,1.7502785848503135,1.5810812840720236,1.6825996645389971,6,ocf_to_net_income,-5.1409,accrual_ratio,-1.1271,debt_to_assets,1.1142,robust_mcd,brick3_q_v2_robust_mahalanobis_clipped,2026-03-18T05:10:36.278770+00:00
MSFT,,10-Q,2022-12-31,https://www.sec.gov/Archives/edgar/data/789019/000156459023000733/msft-10q_20221231.htm,55.13,11.538769961550052,2.8966344111872075,0.5843273365520598,1.899416853820077,6,assets_growth_yoy,-3.3975,ocf_to_net_income,-2.3523,accrual_ratio,2.2722,robust_mcd,brick3_q_v2_robust_mahalanobis_clipped,2026-03-18T05:10:36.278770+00:00
BKNG,,10-Q,2023-06-30,https://www.sec.gov/Archives/edgar/data/1075531/000107553123000047/bkng-20230630.htm,55.05,11.530225204632085,2.795821959132184,1.289869905576326,1.9816494315808426,4,equity_to_assets,-3.79,debt_to_assets,3.6867,revenue_growth_yoy,0.2888,robust_mcd,brick3_q_v2_robust_mahalanobis_clipped,2026-03-18T05:10:36.278770+00:00
CHTR,,10-Q,2021-06-30,https://www.sec.gov/Archives/edgar/data/1091667/000109166721000134/chtr-20210630.htm,54.97,11.424191180840547,,0.958886210542944,0.958886210542944,7,ocf_to_net_income,3.16,equity_to_assets,-1.1759,assets_growth_yoy,-0.8727,robust_mcd,brick3_q_v2_robust_mahalanobis_clipped,2026-03-18T05:10:36.278770+00:00
ADP,,10-Q,2022-03-31,https://www.sec.gov/Archives/edgar/data/8670/000000867022000023/adp-20220331.htm,54.9,11.340231473859111,,0.937464404537051,0.937464404537051,8,assets_growth_yoy,2.1021,ocf_to_net_income,1.4627,debt_to_assets,1.3578,robust_mcd,brick3_q_v2_robust_mahalanobis_clipped,2026-03-18T05:10:36.278770+00:00
NXPI,,10-Q,2024-06-30,https://www.sec.gov/Archives/edgar/data/1413447/000141344724000072/nxpi-20240630.htm,54.82,11.318097960699854,1.9484811795212424,0.32300302151193494,1.25493619347128,6,assets_growth_yoy,-5.0702,debt_to_assets,-0.7428,equity_to_assets,0.7169,robust_mcd,brick3_q_v2_robust_mahalanobis_clipped,2026-03-18T05:10:36.278770+00:00
AMZN,,10-Q,2025-09-30,https://www.sec.gov/Archives/edgar/data/1018724/000101872425000123/amzn-20250930.htm,54.74,11.307591812919041,1.0653322491812875,0.857487225977345,0.8720526961967,5,equity_to_assets,2.4052,assets_growth_yoy,1.1959,ocf_to_net_income,-0.3663,robust_mcd,brick3_q_v2_robust_mahalanobis_clipped,2026-03-18T05:10:36.278770+00:00
KHC,,10-Q,2024-06-29,https://www.sec.gov/Archives/edgar/data/1637459/000163745924000129/khc-20240629.htm,54.66,11.301723958171312,2.202934594844835,0.9072234206521252,1.6441153020175578,6,ocf_to_net_income,6.1755,net_income_growth_yoy,-1.126,debt_to_assets,-0.9033,robust_mcd,brick3_q_v2_robust_mahalanobis_clipped,2026-03-18T05:10:36.278770+00:00
MPWR,,10-Q,2024-03-31,https://www.sec.gov/Archives/edgar/data/1280452/000143774924014648/mpwr20240331_10q.htm,54.59,11.277854076723491,2.14064104132348,1.5006615411255975,1.7963752490631089,6,assets_growth_yoy,-4.5352,equity_to_assets,1.5353,debt_to_assets,-1.4587,robust_mcd,brick3_q_v2_robust_mahalanobis_clipped,2026-03-18T05:10:36.278770+00:00
ROST,,10-Q,2022-07-30,https://www.sec.gov/Archives/edgar/data/745732/000074573222000050/rost-20220730.htm,54.51,11.212204403452509,1.9009714635316464,2.77104644191437,1.6047680224397909,5,net_income_growth_yoy,-3.115,equity_to_assets,-1.5931,accrual_ratio,1.5717,robust_mcd,brick3_q_v2_robust_mahalanobis_clipped,2026-03-18T05:10:36.278770+00:00
NXPI,,10-Q,2024-09-29,https://www.sec.gov/Archives/edgar/data/1413447/000141344724000089/nxpi-20240929.htm,54.43,11.209941792167815,2.06377894283468,0.6744907594765946,1.3281994669643546,6,assets_growth_yoy,-5.0698,net_income_growth_yoy,-0.7629,accrual_ratio,-0.7465,robust_mcd,brick3_q_v2_robust_mahalanobis_clipped,2026-03-18T05:10:36.278770+00:00
QCOM,,10-Q,2025-03-30,https://www.sec.gov/Archives/edgar/data/804328/000080432825000031/qcom-20250330.htm,54.36,11.189469856150183,0.7474732068538731,0.5950797318612441,0.6574808739317455,7,assets_growth_yoy,-1.8303,debt_to_assets,-0.9369,net_income_growth_yoy,-0.786,robust_mcd,brick3_q_v2_robust_mahalanobis_clipped,2026-03-18T05:10:36.278770+00:00
STX,,10-Q,2024-03-29,https://www.sec.gov/Archives/edgar/data/1137789/000113778924000034/stx-20240329.htm,54.28,11.169020783470126,3.437721689479824,0.6744907594765953,2.3324293174785327,6,net_income_growth_yoy,5.0698,ocf_to_net_income,3.187,debt_to_assets,1.948,robust_mcd,brick3_q_v2_robust_mahalanobis_clipped,2026-03-18T05:10:36.278770+00:00
INTU,,10-Q,2025-10-31,https://www.sec.gov/Archives/edgar/data/896878/000089687825000048/intu-20251031.htm,54.2,11.114140542296001,0.7989150490964517,1.6936864185056555,0.9925640845475928,8,net_income_growth_yoy,3.5205,accrual_ratio,1.1958,assets_growth_yoy,-1.1022,robust_mcd,brick3_q_v2_robust_mahalanobis_clipped,2026-03-18T05:10:36.278770+00:00
INSM,,10-Q,2022-06-30,https://www.sec.gov/Archives/edgar/data/1104506/000110450622000019/insm-20220630.htm,54.12,11.109349010636954,2.1562369576450595,1.5087491555376575,1.897241836802099,6,assets_growth_yoy,-2.5192,accrual_ratio,2.2813,debt_to_assets,2.2609,robust_mcd,brick3_q_v2_robust_mahalanobis_clipped,2026-03-18T05:10:36.278770+00:00
CHTR,,10-Q,2021-09-30,https://www.sec.gov/Archives/edgar/data/1091667/000109166721000163/chtr-20210930.htm,54.05,11.065465778950461,,1.1328185468404126,1.1328185468404126,7,ocf_to_net_income,4.238,equity_to_assets,-1.414,assets_growth_yoy,-0.8042,robust_mcd,brick3_q_v2_robust_mahalanobis_clipped,2026-03-18T05:10:36.278770+00:00
EXC,,10-Q,2023-06-30,https://www.sec.gov/Archives/edgar/data/1109357/000110935723000067/exc-20230630.htm,53.97,11.052724814465497,0.592139302295005,0.5250960188872458,0.5089583477738181,4,assets_growth_yoy,0.6726,revenue_growth_yoy,0.6391,debt_to_assets,0.5317,robust_mcd,brick3_q_v2_robust_mahalanobis_clipped,2026-03-18T05:10:36.278770+00:00
PANW,,10-Q,2022-10-31,https://www.sec.gov/Archives/edgar/data/1327567/000132756722000038/panw-20221031.htm,53.89,11.017538323384725,1.725231342311277,1.2338883086813655,1.3960049986258178,6,ocf_to_net_income,6.0333,net_income_growth_yoy,1.5331,equity_to_assets,-0.4593,robust_mcd,brick3_q_v2_robust_mahalanobis_clipped,2026-03-18T05:10:36.278770+00:00
CPRT,,10-Q,2025-04-30,https://www.sec.gov/Archives/edgar/data/900075/000162828025029093/cprt-20250430.htm,53.82,11.006409818934578,1.3964448542375483,1.0443301860623024,1.183443315589717,5,debt_to_assets,-1.8329,ocf_to_net_income,1.7426,accrual_ratio,-1.6573,robust_mcd,brick3_q_v2_robust_mahalanobis_clipped,2026-03-18T05:10:36.278770+00:00
MDLZ,,10-Q,2025-06-30,https://www.sec.gov/Archives/edgar/data/1103982/000110398225000188/mdlz-20250630.htm,53.74,10.970673420925225,0.7775214449305826,0.44031122101585984,0.6235299537998223,8,assets_growth_yoy,-1.762,equity_to_assets,-0.9724,debt_to_assets,0.9586,robust_mcd,brick3_q_v2_robust_mahalanobis_clipped,2026-03-18T05:10:36.278770+00:00
TSLA,,10-Q,2024-09-30,https://www.sec.gov/Archives/edgar/data/1318605/000162828024043486/tsla-20240930.htm,53.66,10.795826494768164,0.7818641006718074,0.6208736071552774,0.6707621499611967,8,ocf_to_net_income,1.0342,assets_growth_yoy,0.9748,equity_to_assets,0.7978,robust_mcd,brick3_q_v2_robust_mahalanobis_clipped,2026-03-18T05:10:36.278770+00:00
MDLZ,,10-Q,2022-03-31,https://www.sec.gov/Archives/edgar/data/1103982/000110398222000007/mdlz-20220331.htm,53.59,10.776698012041317,,0.3546751814665863,0.3546751814665863,8,net_income_growth_yoy,-0.6109,revenue_growth_yoy,-0.5628,accrual_ratio,0.4477,robust_mcd,brick3_q_v2_robust_mahalanobis_clipped,2026-03-18T05:10:36.278770+00:00
MRVL,,10-Q,2023-04-29,https://www.sec.gov/Archives/edgar/data/1835632/000183563223000029/mrvl-20230429.htm,53.51,10.712131462307442,1.5635162742530722,1.9347531026728888,1.4569053927267104,6,net_income_growth_yoy,-5.9556,accrual_ratio,0.7902,assets_growth_yoy,-0.7152,robust_mcd,brick3_q_v2_robust_mahalanobis_clipped,2026-03-18T05:10:36.278770+00:00
FAST,,10-Q,2022-06-30,https://www.sec.gov/Archives/edgar/data/815556/000081555622000034/fast-20220630.htm,53.43,10.520694400811339,2.605297150982495,0.9587743825812701,1.8233480133887745,5,assets_growth_yoy,3.8729,accrual_ratio,2.4255,ocf_to_net_income,-1.4831,robust_mcd,brick3_q_v2_robust_mahalanobis_clipped,2026-03-18T05:10:36.278770+00:00
TTWO,,10-Q,2024-06-30,https://www.sec.gov/Archives/edgar/data/946581/000162828024036273/ttwo-20240630.htm,53.35,10.466268814551293,2.831612390211036,0.8013315152068751,1.7520183757258696,6,debt_to_assets,3.8463,equity_to_assets,-3.7894,assets_growth_yoy,-1.3199,robust_mcd,brick3_q_v2_robust_mahalanobis_clipped,2026-03-18T05:10:36.278770+00:00
STX,,10-Q,2022-04-01,https://www.sec.gov/Archives/edgar/data/1137789/000113778922000031/stx-20220401.htm,53.28,10.394894846289866,1.6089202252426016,0.6744907594765953,0.9977107951690211,7,accrual_ratio,-1.6412,equity_to_assets,-1.275,debt_to_assets,1.275,robust_mcd,brick3_q_v2_robust_mahalanobis_clipped,2026-03-18T05:10:36.278770+00:00
KHC,,10-Q,2025-03-29,https://www.sec.gov/Archives/edgar/data/1637459/000163745925000061/khc-20250329.htm,53.2,10.390207611163586,1.3694677143473761,1.9103022343522955,1.585801522349344,6,assets_growth_yoy,-3.809,net_income_growth_yoy,-3.6461,accrual_ratio,0.7709,robust_mcd,brick3_q_v2_robust_mahalanobis_clipped,2026-03-18T05:10:36.278770+00:00
AAPL,,10-Q,2023-07-01,https://www.sec.gov/Archives/edgar/data/320193/000032019323000077/aapl-20230701.htm,53.12,10.374468946511566,0.6033128701911251,2.0153447008552994,1.1681256024567948,6,accrual_ratio,-3.6059,equity_to_assets,-1.3161,debt_to_assets,0.8462,robust_mcd,brick3_q_v2_robust_mahalanobis_clipped,2026-03-18T05:10:36.278770+00:00
MSFT,,10-Q,2022-09-30,https://www.sec.gov/Archives/edgar/data/789019/000156459022035087/msft-10q_20220930.htm,53.05,10.33834866680714,2.2361080798692927,0.42090280974960037,1.4559571130605526,6,assets_growth_yoy,-4.6518,net_income_growth_yoy,-1.6154,equity_to_assets,1.0009,robust_mcd,brick3_q_v2_robust_mahalanobis_clipped,2026-03-18T05:10:36.278770+00:00
FTNT,,10-Q,2021-06-30,https://www.sec.gov/Archives/edgar/data/1262039/000126203921000022/ftnt-20210630.htm,52.97,10.322705630445958,,1.7042238845934257,1.7042238845934257,6,assets_growth_yoy,3.8032,accrual_ratio,-2.2972,ocf_to_net_income,1.9103,robust_mcd,brick3_q_v2_robust_mahalanobis_clipped,2026-03-18T05:10:36.278770+00:00
CTSH,,10-Q,2021-03-31,https://www.sec.gov/Archives/edgar/data/1058290/000105829021000103/ctsh-20210331.htm,52.89,10.276344151123219,,0.9155998751975563,0.9155998751975563,8,accrual_ratio,1.8374,equity_to_assets,1.5338,debt_to_assets,-1.0469,robust_mcd,brick3_q_v2_robust_mahalanobis_clipped,2026-03-18T05:10:36.278770+00:00
MPWR,,10-Q,2025-06-30,https://www.sec.gov/Archives/edgar/data/1280452/000143774925024602/mpwr20250630_10q.htm,52.81,10.267655853083303,1.4556821583787738,1.8389920489849196,1.6090061146212318,6,assets_growth_yoy,4.8087,accrual_ratio,-1.3197,equity_to_assets,1.1165,robust_mcd,brick3_q_v2_robust_mahalanobis_clipped,2026-03-18T05:10:36.278770+00:00
LIN,,10-Q,2022-09-30,https://www.sec.gov/Archives/edgar/data/1707925/000162828022027183/lin-20220930.htm,52.74,10.246540874066486,1.7061908878157566,0.6789861331809917,1.1695325716342782,6,assets_growth_yoy,-4.819,accrual_ratio,-0.9048,ocf_to_net_income,0.4353,robust_mcd,brick3_q_v2_robust_mahalanobis_clipped,2026-03-18T05:10:36.278770+00:00
TMUS,,10-Q,2024-03-31,https://www.sec.gov/Archives/edgar/data/1283699/000128369924000065/tmus-20240331.htm,52.66,10.192337895953854,1.1336745008682745,0.6235743024265382,0.719714208746592,5,equity_to_assets,-2.0661,assets_growth_yoy,-1.2064,net_income_growth_yoy,0.1948,robust_mcd,brick3_q_v2_robust_mahalanobis_clipped,2026-03-18T05:10:36.278770+00:00
MPWR,,10-Q,2023-06-30,https://www.sec.gov/Archives/edgar/data/1280452/000143774923022148/mpwr20230630_10q.htm,52.58,10.187137606631506,3.2364700593022753,1.2314880988296881,2.2310427667182235,6,equity_to_assets,3.2527,debt_to_assets,-2.9869,assets_growth_yoy,-2.3753,robust_mcd,brick3_q_v2_robust_mahalanobis_clipped,2026-03-18T05:10:36.278770+00:00
AMAT,,10-Q,2025-01-26,https://www.sec.gov/Archives/edgar/data/6951/000000695125000011/amat-20250126.htm,52.51,10.184033859571244,2.0591653715788354,,2.0591653715788354,6,assets_growth_yoy,-3.028,equity_to_assets,2.3886,debt_to_assets,-2.3886,robust_mcd,brick3_q_v2_robust_mahalanobis_clipped,2026-03-18T05:10:36.278770+00:00
FAST,,10-Q,2024-03-31,https://www.sec.gov/Archives/edgar/data/815556/000081555624000019/fast-20240331.htm,52.43,10.098649252265059,1.248153400418392,0.5918664087201837,0.9255441040026444,5,equity_to_assets,2.2811,assets_growth_yoy,-0.9328,net_income_growth_yoy,-0.6881,robust_mcd,brick3_q_v2_robust_mahalanobis_clipped,2026-03-18T05:10:36.278770+00:00
LRCX,,10-Q,2023-03-26,https://www.sec.gov/Archives/edgar/data/707549/000070754923000081/lrcx-20230326.htm,52.35,10.071369544675475,3.249533569408945,0.6744907594765952,2.328441390418635,6,net_income_growth_yoy,-3.8959,ocf_to_net_income,2.6087,equity_to_assets,2.3084,robust_mcd,brick3_q_v2_robust_mahalanobis_clipped,2026-03-18T05:10:36.278770+00:00
ADI,,10-Q,2025-08-02,https://www.sec.gov/Archives/edgar/data/6281/000000628125000144/adi-20250802.htm,52.27,10.052166366226233,1.8546385674331418,0.5961737302687433,1.1841297898073846,5,ocf_to_net_income,2.4927,equity_to_assets,-1.9521,accrual_ratio,-0.9493,robust_mcd,brick3_q_v2_robust_mahalanobis_clipped,2026-03-18T05:10:36.278770+00:00
LIN,,10-Q,2022-06-30,https://www.sec.gov/Archives/edgar/data/1707925/000162828022019683/lin-20220630.htm,52.2,9.975427932390588,2.723153142745673,1.2722377195184933,2.046581928527461,6,ocf_to_net_income,3.877,assets_growth_yoy,-3.064,net_income_growth_yoy,-2.357,robust_mcd,brick3_q_v2_robust_mahalanobis_clipped,2026-03-18T05:10:36.278770+00:00
AMAT,,10-Q,2024-04-28,https://www.sec.gov/Archives/edgar/data/6951/000000695124000022/amat-20240428.htm,52.12,9.968221625026425,2.791235230979002,0.6744907594765953,1.764673239850947,6,debt_to_assets,-3.3653,equity_to_assets,3.3653,assets_growth_yoy,-2.4603,robust_mcd,brick3_q_v2_robust_mahalanobis_clipped,2026-03-18T05:10:36.278770+00:00
EXC,,10-Q,2025-06-30,https://www.sec.gov/Archives/edgar/data/1109357/000110935725000170/exc-20250630.htm,52.04,9.93070357867633,0.8577578320020498,0.6560391096833085,0.7226290802490068,4,debt_to_assets,1.1393,equity_to_assets,-0.9785,revenue_growth_yoy,-0.6334,robust_mcd,brick3_q_v2_robust_mahalanobis_clipped,2026-03-18T05:10:36.278770+00:00
AAPL,,10-Q,2024-06-29,https://www.sec.gov/Archives/edgar/data/320193/000032019324000081/aapl-20240629.htm,51.97,9.929492374746744,0.6296072896685517,1.863674329566811,0.9087006311826761,6,accrual_ratio,-3.6053,assets_growth_yoy,-0.62,ocf_to_net_income,0.5252,robust_mcd,brick3_q_v2_robust_mahalanobis_clipped,2026-03-18T05:10:36.278770+00:00
WMT,,10-Q,2023-04-30,https://www.sec.gov/Archives/edgar/data/104169/000010416923000052/wmt-20230430.htm,51.89,9.917310945407635,,0.5475753734090947,0.5475753734090947,7,net_income_growth_yoy,-0.9286,accrual_ratio,0.781,assets_growth_yoy,-0.7275,robust_mcd,brick3_q_v2_robust_mahalanobis_clipped,2026-03-18T05:10:36.278770+00:00
AAPL,,10-Q,2022-12-31,https://www.sec.gov/Archives/edgar/data/320193/000032019323000006/aapl-20221231.htm,51.81,9.906926422480732,3.6143251477525764,0.5677902736791869,1.8172473767676294,6,equity_to_assets,-3.6595,debt_to_assets,3.5541,accrual_ratio,1.203,robust_mcd,brick3_q_v2_robust_mahalanobis_clipped,2026-03-18T05:10:36.278770+00:00
ROP,,10-Q,2023-03-31,https://www.sec.gov/Archives/edgar/data/882835/000088283523000025/rop-20230331.htm,51.73,9.875693316130084,2.0333107121555707,0.7668231589574503,1.4781827938682295,6,net_income_growth_yoy,-5.7767,equity_to_assets,1.3826,debt_to_assets,-1.2921,robust_mcd,brick3_q_v2_robust_mahalanobis_clipped,2026-03-18T05:10:36.278770+00:00
PANW,,10-Q,2023-04-30,https://www.sec.gov/Archives/edgar/data/1327567/000132756723000014/panw-20230430.htm,51.66,9.794362268579604,1.6386069027567813,3.114579993310874,1.7900549688334386,6,ocf_to_net_income,5.424,net_income_growth_yoy,2.9554,accrual_ratio,-1.3706,robust_mcd,brick3_q_v2_robust_mahalanobis_clipped,2026-03-18T05:10:36.278770+00:00
PLTR,,10-Q,2023-09-30,https://www.sec.gov/Archives/edgar/data/1321655/000132165523000118/pltr-20230930.htm,51.58,9.702275822258928,2.359825861500058,1.3195745411193573,1.9437253333477775,6,ocf_to_net_income,5.2786,net_income_growth_yoy,2.0108,equity_to_assets,1.4397,robust_mcd,brick3_q_v2_robust_mahalanobis_clipped,2026-03-18T05:10:36.278770+00:00
AXON,,10-Q,2025-09-30,https://www.sec.gov/Archives/edgar/data/1069183/000162828025049143/axon-20250930.htm,51.5,9.657370249424813,1.0094260650536062,1.766340214042738,1.2864943046675779,6,assets_growth_yoy,4.5157,net_income_growth_yoy,-1.6838,accrual_ratio,0.4742,robust_mcd,brick3_q_v2_robust_mahalanobis_clipped,2026-03-18T05:10:36.278770+00:00
INSM,,10-Q,2021-06-30,https://www.sec.gov/Archives/edgar/data/1104506/000110450621000012/insm-20210630.htm,51.43,9.597453041577822,,1.1352003659714394,1.1352003659714394,6,accrual_ratio,2.8067,assets_growth_yoy,1.8682,net_income_growth_yoy,-1.7353,robust_mcd,brick3_q_v2_robust_mahalanobis_clipped,2026-03-18T05:10:36.278770+00:00
KHC,,10-Q,2024-09-28,https://www.sec.gov/Archives/edgar/data/1637459/000163745924000144/khc-20240928.htm,51.35,9.58773958631164,1.7638408704199235,1.4627947724593007,1.543694515169462,6,ocf_to_net_income,-4.2501,assets_growth_yoy,-1.8309,accrual_ratio,-1.2095,robust_mcd,brick3_q_v2_robust_mahalanobis_clipped,2026-03-18T05:10:36.278770+00:00
CSGP,,10-Q,2023-03-31,https://www.sec.gov/Archives/edgar/data/1057352/000105735223000075/csgp-20230331.htm,51.27,9.57511227271598,2.584294253008379,0.7473558268822118,1.8310414218422288,6,equity_to_assets,3.8282,debt_to_assets,-3.7184,assets_growth_yoy,1.5077,robust_mcd,brick3_q_v2_robust_mahalanobis_clipped,2026-03-18T05:10:36.278770+00:00
PLTR,,10-Q,2024-06-30,https://www.sec.gov/Archives/edgar/data/1321655/000132165524000135/pltr-20240630.htm,51.2,9.57004469248094,1.7860084778892766,2.0825386461769253,1.8840868803857962,6,net_income_growth_yoy,4.9171,equity_to_assets,1.6066,accrual_ratio,1.5571,robust_mcd,brick3_q_v2_robust_mahalanobis_clipped,2026-03-18T05:10:36.278770+00:00
AMGN,,10-Q,2022-09-30,https://www.sec.gov/Archives/edgar/data/318154/000031815422000055/amgn-20220930.htm,51.12,9.471939570957922,1.7210276775109783,0.5222998624555563,1.2415365514888095,5,net_income_growth_yoy,3.2464,equity_to_assets,-1.6536,accrual_ratio,-0.8196,robust_mcd,brick3_q_v2_robust_mahalanobis_clipped,2026-03-18T05:10:36.278770+00:00
ADI,,10-Q,2024-05-04,https://www.sec.gov/Archives/edgar/data/6281/000000628124000132/adi-20240504.htm,51.04,9.30666760257777,2.8524874306158194,0.6089541858993615,1.847155611212981,5,net_income_growth_yoy,-4.3071,ocf_to_net_income,3.1651,assets_growth_yoy,0.862,robust_mcd,brick3_q_v2_robust_mahalanobis_clipped,2026-03-18T05:10:36.278770+00:00
FAST,,10-Q,2023-03-31,https://www.sec.gov/Archives/edgar/data/815556/000081555623000021/fast-20230331.htm,50.96,9.295657618616561,1.9888555132636252,0.4698720485876007,1.3811249280089561,5,accrual_ratio,-2.465,ocf_to_net_income,1.9763,equity_to_assets,1.6184,robust_mcd,brick3_q_v2_robust_mahalanobis_clipped,2026-03-18T05:10:36.278770+00:00
IDXX,,10-Q,2022-09-30,https://www.sec.gov/Archives/edgar/data/874716/000087471622000038/idxx-20220930.htm,50.89,9.232539788367168,2.295249517412628,0.5307737018851219,1.4521990866839405,6,debt_to_assets,3.7857,equity_to_assets,-3.6727,accrual_ratio,-0.6719,robust_mcd,brick3_q_v2_robust_mahalanobis_clipped,2026-03-18T05:10:36.278770+00:00
MELI,,10-Q,2025-06-30,https://www.sec.gov/Archives/edgar/data/1099590/000109959025000044/meli-20250630.htm,50.81,9.223667670987115,0.8509918868013128,2.394753022026051,1.0356886033433887,8,assets_growth_yoy,3.5057,ocf_to_net_income,2.1659,accrual_ratio,-1.4635,robust_mcd,brick3_q_v2_robust_mahalanobis_clipped,2026-03-18T05:10:36.278770+00:00
DDOG,,10-Q,2025-03-31,https://www.sec.gov/Archives/edgar/data/1561550/000156155025000123/ddog-20250331.htm,50.73,9.175228580049033,1.1390321915880055,2.415180944656814,1.4253706664457273,6,assets_growth_yoy,3.7255,ocf_to_net_income,3.4321,net_income_growth_yoy,-1.0027,robust_mcd,brick3_q_v2_robust_mahalanobis_clipped,2026-03-18T05:10:36.278770+00:00
PANW,,10-Q,2021-01-31,https://www.sec.gov/Archives/edgar/data/1327567/000132756721000004/panw-20210131.htm,50.66,9.087981018785426,,1.5954609592974627,1.5954609592974627,6,ocf_to_net_income,-3.0835,equity_to_assets,-2.3086,debt_to_assets,1.8354,robust_mcd,brick3_q_v2_robust_mahalanobis_clipped,2026-03-18T05:10:36.278770+00:00
CMCSA,,10-Q,2021-03-31,https://www.sec.gov/Archives/edgar/data/1166691/000116669121000020/cmcsa-20210331.htm,50.58,9.080709818640702,,0.40925203095961565,0.40925203095961565,7,ocf_to_net_income,0.8073,net_margin,0.6193,net_income_growth_yoy,0.5865,robust_mcd,brick3_q_v2_robust_mahalanobis_clipped,2026-03-18T05:10:36.278770+00:00
MDLZ,,10-Q,2021-03-31,https://www.sec.gov/Archives/edgar/data/1103982/000110398221000008/mdlz-20210331.htm,50.5,9.072432160866336,,0.36249784716530953,0.36249784716530953,8,accrual_ratio,0.7804,net_margin,0.7213,assets_growth_yoy,-0.4869,robust_mcd,brick3_q_v2_robust_mahalanobis_clipped,2026-03-18T05:10:36.278770+00:00
EXC,,10-Q,2024-06-30,https://www.sec.gov/Archives/edgar/data/1109357/000110935724000156/exc-20240630.htm,50.42,9.069599267340092,1.3038926883137487,0.5080167619131751,0.9724345005271724,4,debt_to_assets,1.478,equity_to_assets,-1.3381,assets_growth_yoy,0.5494,robust_mcd,brick3_q_v2_robust_mahalanobis_clipped,2026-03-18T05:10:36.278770+00:00
SNPS,,10-Q,2021-04-30,https://www.sec.gov/Archives/edgar/data/883241/000088324121000012/snps-20210430.htm,50.35,9.057532428398419,,0.6634523792495867,0.6634523792495867,7,ocf_to_net_income,0.8909,equity_to_assets,0.8307,assets_growth_yoy,-0.7488,robust_mcd,brick3_q_v2_robust_mahalanobis_clipped,2026-03-18T05:10:36.278770+00:00
CTSH,,10-Q,2022-03-31,https://www.sec.gov/Archives/edgar/data/1058290/000105829022000113/ctsh-20220331.htm,50.27,9.033755170671157,,0.7424065894155231,0.7424065894155231,8,accrual_ratio,1.6182,equity_to_assets,1.3544,debt_to_assets,-0.9197,robust_mcd,brick3_q_v2_robust_mahalanobis_clipped,2026-03-18T05:10:36.278770+00:00
ORLY,,10-Q,2021-06-30,https://www.sec.gov/Archives/edgar/data/898173/000089817321000045/orly-20210630x10q.htm,50.19,9.009235515755657,,1.0617613077001944,1.0617613077001944,5,accrual_ratio,-1.9243,equity_to_assets,-1.7106,assets_growth_yoy,-0.6898,robust_mcd,brick3_q_v2_robust_mahalanobis_clipped,2026-03-18T05:10:36.278770+00:00
CRWD,,10-Q,2025-04-30,https://www.sec.gov/Archives/edgar/data/1535527/000153552725000019/crwd-20250430.htm,50.12,8.999771278567676,2.1556216734682083,1.9129789781528757,1.9513530983532708,6,net_income_growth_yoy,-4.5328,equity_to_assets,2.441,debt_to_assets,-2.0104,robust_mcd,brick3_q_v2_robust_mahalanobis_clipped,2026-03-18T05:10:36.278770+00:00
AAPL,,10-Q,2024-03-30,https://www.sec.gov/Archives/edgar/data/320193/000032019324000069/aapl-20240330.htm,50.04,8.944546380307273,0.9797846302421472,1.8853751327239123,1.0287491253174947,6,accrual_ratio,-3.1968,debt_to_assets,-1.1643,equity_to_assets,0.7982,robust_mcd,brick3_q_v2_robust_mahalanobis_clipped,2026-03-18T05:10:36.278770+00:00
ODFL,,10-Q,2022-09-30,https://www.sec.gov/Archives/edgar/data/878927/000095017022021737/odfl-20220930.htm,49.96,8.85564508656419,2.9689968550251686,1.0630999985643605,1.6841431337494228,6,accrual_ratio,-2.9555,ocf_to_net_income,2.0895,debt_to_assets,1.8742,robust_mcd,brick3_q_v2_robust_mahalanobis_clipped,2026-03-18T05:10:36.278770+00:00
PEP,,10-Q,2022-09-03,https://www.sec.gov/Archives/edgar/data/77476/000007747622000052/pep-20220903.htm,49.88,8.843468511625147,0.9907671488831088,,0.9907671488831088,5,debt_to_assets,-1.2044,equity_to_assets,1.1958,accrual_ratio,-0.9769,robust_mcd,brick3_q_v2_robust_mahalanobis_clipped,2026-03-18T05:10:36.278770+00:00
REGN,,10-Q,2022-09-30,https://www.sec.gov/Archives/edgar/data/872589/000180422022000031/regn-20220930.htm,49.81,8.822982425251027,1.9240853404827147,0.8128670286304643,1.2899287670380046,6,assets_growth_yoy,-4.3059,equity_to_assets,1.227,debt_to_assets,-1.0791,robust_mcd,brick3_q_v2_robust_mahalanobis_clipped,2026-03-18T05:10:36.278770+00:00
ZS,,10-Q,2021-04-30,https://www.sec.gov/Archives/edgar/data/1713683/000171368321000096/zs-20210430.htm,49.73,8.816484138140142,,1.4622905104173292,1.4622905104173292,6,assets_growth_yoy,3.8029,net_income_growth_yoy,-2.7902,accrual_ratio,-0.715,robust_mcd,brick3_q_v2_robust_mahalanobis_clipped,2026-03-18T05:10:36.278770+00:00
DASH,,10-Q,2024-09-30,https://www.sec.gov/Archives/edgar/data/1792789/000162828024044312/dash-20240930.htm,49.65,8.793071248825182,1.5292934188443799,2.509204398211524,1.7660573715660046,6,net_income_growth_yoy,4.9977,ocf_to_net_income,2.8584,accrual_ratio,-1.2765,robust_mcd,brick3_q_v2_robust_mahalanobis_clipped,2026-03-18T05:10:36.278770+00:00
TTWO,,10-Q,2025-12-31,https://www.sec.gov/Archives/edgar/data/946581/000162828026005119/ttwo-20251231.htm,49.58,8.78528010788175,2.6039373367866183,0.402088986721534,1.713415812465988,6,ocf_to_net_income,-2.681,equity_to_assets,-2.3923,debt_to_assets,2.2931,robust_mcd,brick3_q_v2_robust_mahalanobis_clipped,2026-03-18T05:10:36.278770+00:00
INTU,,10-Q,2024-01-31,https://www.sec.gov/Archives/edgar/data/896878/000089687824000011/intu-20240131.htm,49.5,8.750639864721455,0.9656969972620192,0.5882564959227524,0.6927873047456753,8,assets_growth_yoy,-1.5351,net_income_growth_yoy,1.0495,debt_to_assets,0.9894,robust_mcd,brick3_q_v2_robust_mahalanobis_clipped,2026-03-18T05:10:36.278770+00:00
DXCM,,10-Q,2024-03-31,https://www.sec.gov/Archives/edgar/data/1093557/000109355724000079/dxcm-20240331.htm,49.42,8.719833580111159,1.5997144306369246,0.9223705939938635,1.205170492690424,6,net_income_growth_yoy,3.0242,debt_to_assets,2.4577,equity_to_assets,-1.0777,robust_mcd,brick3_q_v2_robust_mahalanobis_clipped,2026-03-18T05:10:36.278770+00:00
VRTX,,10-Q,2021-06-30,https://www.sec.gov/Archives/edgar/data/875320/000087532021000027/vrtx-20210630.htm,49.34,8.707272701090963,,1.7835920163702792,1.7835920163702792,6,ocf_to_net_income,4.9123,net_income_growth_yoy,-1.7662,equity_to_assets,1.6713,robust_mcd,brick3_q_v2_robust_mahalanobis_clipped,2026-03-18T05:10:36.278770+00:00
TMUS,,10-Q,2022-03-31,https://www.sec.gov/Archives/edgar/data/1283699/000128369922000084/tmus-20220331.htm,49.27,8.652443925521553,,1.375121931108398,1.375121931108398,5,ocf_to_net_income,5.4101,net_income_growth_yoy,-0.8596,assets_growth_yoy,-0.3098,robust_mcd,brick3_q_v2_robust_mahalanobis_clipped,2026-03-18T05:10:36.278770+00:00
AMZN,,10-Q,2023-03-31,https://www.sec.gov/Archives/edgar/data/1018724/000101872423000008/amzn-20230331.htm,49.19,8.615579083488798,1.3730370121725026,1.1444407492455104,1.1802977758164612,5,net_income_growth_yoy,2.756,equity_to_assets,1.8716,accrual_ratio,0.5719,robust_mcd,brick3_q_v2_robust_mahalanobis_clipped,2026-03-18T05:10:36.278770+00:00
PYPL,,10-Q,2022-03-31,https://www.sec.gov/Archives/edgar/data/1633917/000163391722000088/pypl-20220331.htm,49.11,8.542251418599834,,0.6245101983014748,0.6245101983014748,8,ocf_to_net_income,1.5095,net_income_growth_yoy,-1.4546,debt_to_assets,0.5838,robust_mcd,brick3_q_v2_robust_mahalanobis_clipped,2026-03-18T05:10:36.278770+00:00
KLAC,,10-Q,2025-03-31,https://www.sec.gov/Archives/edgar/data/319201/000031920125000012/klac-20250331.htm,49.04,8.459987688868102,0.9407863126172257,1.9312107298321333,1.177809501171121,6,accrual_ratio,-3.1689,net_income_growth_yoy,1.196,assets_growth_yoy,-1.1259,robust_mcd,brick3_q_v2_robust_mahalanobis_clipped,2026-03-18T05:10:36.278770+00:00
AAPL,,10-Q,2025-12-27,https://www.sec.gov/Archives/edgar/data/320193/000032019326000006/aapl-20251227.htm,48.96,8.446851491981935,1.6487635835611476,,1.6487635835611476,6,debt_to_assets,-3.5345,equity_to_assets,3.5345,assets_growth_yoy,0.9778,robust_mcd,brick3_q_v2_robust_mahalanobis_clipped,2026-03-18T05:10:36.278770+00:00
REGN,,10-Q,2022-06-30,https://www.sec.gov/Archives/edgar/data/872589/000180422022000023/regn-20220630.htm,48.88,8.40761557771416,2.3787328582074725,1.217250372233322,1.6406390913629754,6,assets_growth_yoy,-3.9795,net_income_growth_yoy,-1.5971,equity_to_assets,1.2318,robust_mcd,brick3_q_v2_robust_mahalanobis_clipped,2026-03-18T05:10:36.278770+00:00
PLTR,,10-Q,2021-09-30,https://www.sec.gov/Archives/edgar/data/1321655/000119312521323920/d178745d10q.htm,48.8,8.405134435628796,,1.6729501312400228,1.6729501312400228,6,ocf_to_net_income,-3.5529,equity_to_assets,1.5476,net_income_growth_yoy,1.4327,robust_mcd,brick3_q_v2_robust_mahalanobis_clipped,2026-03-18T05:10:36.278770+00:00
DDOG,,10-Q,2023-06-30,https://www.sec.gov/Archives/edgar/data/1561550/000156155023000039/ddog-20230630.htm,48.73,8.386253124069345,1.603128159077774,1.9428361485757675,1.5290194956798502,6,ocf_to_net_income,-3.8434,equity_to_assets,1.7792,debt_to_assets,-1.6562,robust_mcd,brick3_q_v2_robust_mahalanobis_clipped,2026-03-18T05:10:36.278770+00:00
ALNY,,10-Q,2025-09-30,https://www.sec.gov/Archives/edgar/data/1178670/000162828025047345/alny-20250930.htm,48.65,8.372599927662339,1.3242298281386906,2.2218741236660953,1.3502033246134229,6,net_income_growth_yoy,5.6451,assets_growth_yoy,0.9529,debt_to_assets,0.4451,robust_mcd,brick3_q_v2_robust_mahalanobis_clipped,2026-03-18T05:10:36.278770+00:00
ABNB,,10-Q,2025-03-31,https://www.sec.gov/Archives/edgar/data/1559720/000155972025000017/abnb-20250331.htm,48.57,8.351649310668874,1.3061463012707137,2.2775188161990223,1.4902493867404123,6,ocf_to_net_income,4.7353,assets_growth_yoy,-2.3126,accrual_ratio,-0.8522,robust_mcd,brick3_q_v2_robust_mahalanobis_clipped,2026-03-18T05:10:36.278770+00:00
DXCM,,10-Q,2021-03-31,https://www.sec.gov/Archives/edgar/data/1093557/000109355721000126/dxcm-20210331.htm,48.5,8.32097393702152,,1.514896064428382,1.514896064428382,6,assets_growth_yoy,3.8422,net_income_growth_yoy,3.0898,accrual_ratio,1.1098,robust_mcd,brick3_q_v2_robust_mahalanobis_clipped,2026-03-18T05:10:36.278770+00:00
ADP,,10-Q,2023-12-31,https://www.sec.gov/Archives/edgar/data/8670/000000867024000007/adp-20231231.htm,48.42,8.262950888187495,0.49702603094849607,0.7045685186349671,0.30086553899148005,8,revenue_growth_yoy,-0.5396,net_income_growth_yoy,-0.4158,equity_to_assets,-0.3781,robust_mcd,brick3_q_v2_robust_mahalanobis_clipped,2026-03-18T05:10:36.278770+00:00
TTWO,,10-Q,2024-12-31,https://www.sec.gov/Archives/edgar/data/946581/000162828025004308/ttwo-20241231.htm,48.34,8.224876555690164,2.2192277065324792,0.8298780882845275,1.4789939982328937,6,equity_to_assets,-2.1472,accrual_ratio,1.953,debt_to_assets,1.867,robust_mcd,brick3_q_v2_robust_mahalanobis_clipped,2026-03-18T05:10:36.278770+00:00
INTU,,10-Q,2021-04-30,https://www.sec.gov/Archives/edgar/data/896878/000089687821000115/intu-20210430.htm,48.27,8.191232538939307,,0.6677644042369205,0.6677644042369205,7,assets_growth_yoy,1.6888,equity_to_assets,0.8984,debt_to_assets,-0.7404,robust_mcd,brick3_q_v2_robust_mahalanobis_clipped,2026-03-18T05:10:36.278770+00:00
XEL,,10-Q,2023-06-30,https://www.sec.gov/Archives/edgar/data/72903/000007290323000113/xel-20230630.htm,48.19,8.184487176006012,2.4197842604219564,1.049603554855434,1.7853801370961488,5,net_income_growth_yoy,-4.491,ocf_to_net_income,3.0066,accrual_ratio,-0.7052,robust_mcd,brick3_q_v2_robust_mahalanobis_clipped,2026-03-18T05:10:36.278770+00:00
MPWR,,10-Q,2024-06-30,https://www.sec.gov/Archives/edgar/data/1280452/000143774924024477/mpwr20240630_10q.htm,48.11,8.184384079627362,2.044952603484239,1.246068693198995,1.5945478420218306,6,assets_growth_yoy,-3.429,accrual_ratio,-1.702,equity_to_assets,1.4937,robust_mcd,brick3_q_v2_robust_mahalanobis_clipped,2026-03-18T05:10:36.278770+00:00
MSFT,,10-Q,2025-12-31,https://www.sec.gov/Archives/edgar/data/789019/000119312526027207/msft-20251231.htm,48.03,8.130080256815848,2.482507671405098,0.9099780457366627,1.853495821137724,6,net_income_growth_yoy,3.0081,accrual_ratio,2.128,debt_to_assets,-1.6788,robust_mcd,brick3_q_v2_robust_mahalanobis_clipped,2026-03-18T05:10:36.278770+00:00
LRCX,,10-Q,2025-12-28,https://www.sec.gov/Archives/edgar/data/707549/000070754926000009/lrcx-20251228.htm,47.96,8.118429886906087,0.6621440968772427,1.673454137057903,1.0666681129495068,6,accrual_ratio,-3.1318,debt_to_assets,-1.0562,equity_to_assets,1.0562,robust_mcd,brick3_q_v2_robust_mahalanobis_clipped,2026-03-18T05:10:36.278770+00:00
TXN,,10-Q,2021-09-30,https://www.sec.gov/Archives/edgar/data/97476/000009747621000032/txn-20210930.htm,47.88,8.103672450352157,,0.9994930880267768,0.9994930880267768,6,accrual_ratio,-3.0638,assets_growth_yoy,1.5261,equity_to_assets,0.6499,robust_mcd,brick3_q_v2_robust_mahalanobis_clipped,2026-03-18T05:10:36.278770+00:00
REGN,,10-Q,2022-03-31,https://www.sec.gov/Archives/edgar/data/872589/000180422022000015/regn-20220331.htm,47.8,8.080632697352941,,1.673632363150503,1.673632363150503,6,assets_growth_yoy,3.4225,accrual_ratio,-1.9654,equity_to_assets,1.632,robust_mcd,brick3_q_v2_robust_mahalanobis_clipped,2026-03-18T05:10:36.278770+00:00
DASH,,10-Q,2025-06-30,https://www.sec.gov/Archives/edgar/data/1792789/000179278925000012/dash-20250630.htm,47.73,7.956319478027047,1.603847544650557,2.464268798046414,1.8171286245442897,6,net_income_growth_yoy,4.6198,assets_growth_yoy,2.3451,ocf_to_net_income,1.6215,robust_mcd,brick3_q_v2_robust_mahalanobis_clipped,2026-03-18T05:10:36.278770+00:00
GOOG,,10-Q,2023-03-31,https://www.sec.gov/Archives/edgar/data/1652044/000165204423000045/goog-20230331.htm,47.61,7.916363394658333,,0.6789194033709738,0.6789194033709738,7,equity_to_assets,1.2181,debt_to_assets,-0.9685,accrual_ratio,-0.872,robust_mcd,brick3_q_v2_robust_mahalanobis_clipped,2026-03-18T05:10:36.278770+00:00
GOOGL,,10-Q,2023-03-31,https://www.sec.gov/Archives/edgar/data/1652044/000165204423000045/goog-20230331.htm,47.61,7.916363394658333,,0.6789194033709738,0.6789194033709738,7,equity_to_assets,1.2181,debt_to_assets,-0.9685,accrual_ratio,-0.872,robust_mcd,brick3_q_v2_robust_mahalanobis_clipped,2026-03-18T05:10:36.278770+00:00
FAST,,10-Q,2024-06-30,https://www.sec.gov/Archives/edgar/data/815556/000081555624000031/fast-20240630.htm,47.49,7.91413200556408,0.9268380755937585,0.8195616420681183,0.8839275021835025,5,equity_to_assets,1.9966,net_income_growth_yoy,-0.8145,accrual_ratio,0.5738,robust_mcd,brick3_q_v2_robust_mahalanobis_clipped,2026-03-18T05:10:36.278770+00:00
PYPL,,10-Q,2025-09-30,https://www.sec.gov/Archives/edgar/data/1633917/000163391725000196/pypl-20250930.htm,47.42,7.898218819101726,0.5758734915381711,0.6250689423661737,0.5521358354845289,8,assets_growth_yoy,-1.1303,ocf_to_net_income,0.5947,debt_to_assets,0.5275,robust_mcd,brick3_q_v2_robust_mahalanobis_clipped,2026-03-18T05:10:36.278770+00:00
CHTR,,10-Q,2024-09-30,https://www.sec.gov/Archives/edgar/data/1091667/000109166724000123/chtr-20240930.htm,47.34,7.881672366982236,0.6380823503930737,0.8547694041530959,0.45246388708457547,7,ocf_to_net_income,1.504,accrual_ratio,-0.6166,revenue_growth_yoy,-0.5204,robust_mcd,brick3_q_v2_robust_mahalanobis_clipped,2026-03-18T05:10:36.278770+00:00
MDLZ,,10-Q,2025-09-30,https://www.sec.gov/Archives/edgar/data/1103982/000162828025046773/mdlz-20250930.htm,47.26,7.878021688088949,0.6795894770596672,0.5143668282995856,0.5319798544480716,8,assets_growth_yoy,-1.039,debt_to_assets,0.817,equity_to_assets,-0.8132,robust_mcd,brick3_q_v2_robust_mahalanobis_clipped,2026-03-18T05:10:36.278770+00:00
ROST,,10-Q,2024-05-04,https://www.sec.gov/Archives/edgar/data/745732/000074573224000035/rost-20240504.htm,47.19,7.8568561401106995,1.1649252811165216,2.5089609137664444,0.8370159503325321,5,accrual_ratio,1.5578,equity_to_assets,-1.5135,assets_growth_yoy,-0.7595,robust_mcd,brick3_q_v2_robust_mahalanobis_clipped,2026-03-18T05:10:36.278770+00:00
CRWD,,10-Q,2025-10-31,https://www.sec.gov/Archives/edgar/data/1535527/000153552725000033/crwd-20251031.htm,47.11,7.848674401919081,1.1636983083846963,2.8322173527044257,1.5511104719516993,6,ocf_to_net_income,-4.0914,net_income_growth_yoy,-2.445,equity_to_assets,1.0822,robust_mcd,brick3_q_v2_robust_mahalanobis_clipped,2026-03-18T05:10:36.278770+00:00
VRSK,,10-Q,2023-09-30,https://www.sec.gov/Archives/edgar/data/1442145/000143774923029653/vrsk20230930_10q.htm,47.03,7.808334076800886,1.7996203470821206,1.1524169853257082,1.5072913205467495,6,equity_to_assets,-3.2464,debt_to_assets,3.1884,assets_growth_yoy,-1.8407,robust_mcd,brick3_q_v2_robust_mahalanobis_clipped,2026-03-18T05:10:36.278770+00:00
GILD,,10-Q,2022-09-30,https://www.sec.gov/Archives/edgar/data/882095/000088209522000027/gild-20220930.htm,46.95,7.732103793466312,2.3259887064906537,0.5471708841419096,1.5938264915400264,5,ocf_to_net_income,3.5471,accrual_ratio,-1.6023,equity_to_assets,1.3779,robust_mcd,brick3_q_v2_robust_mahalanobis_clipped,2026-03-18T05:10:36.278770+00:00
CRWD,,10-Q,2021-07-31,https://www.sec.gov/Archives/edgar/data/1535527/000153552721000022/crwd-20210731.htm,46.88,7.69381355562444,,1.4653785705752516,1.4653785705752516,6,assets_growth_yoy,3.174,ocf_to_net_income,-2.4786,debt_to_assets,1.0741,robust_mcd,brick3_q_v2_robust_mahalanobis_clipped,2026-03-18T05:10:36.278770+00:00
PCAR,,10-Q,2021-09-30,https://www.sec.gov/Archives/edgar/data/75362/000156459021053170/pcar-10q_20210930.htm,46.8,7.687246813958622,,0.3763495992085625,0.3763495992085625,7,net_income_growth_yoy,-0.6205,revenue_growth_yoy,-0.5333,assets_growth_yoy,-0.51,robust_mcd,brick3_q_v2_robust_mahalanobis_clipped,2026-03-18T05:10:36.278770+00:00
KLAC,,10-Q,2024-03-31,https://www.sec.gov/Archives/edgar/data/319201/000031920124000012/klac-20240331.htm,46.72,7.681075318045553,0.7406391160660791,2.0991693242059126,1.2840511993220125,6,accrual_ratio,-3.1737,ocf_to_net_income,2.1253,assets_growth_yoy,-0.9988,robust_mcd,brick3_q_v2_robust_mahalanobis_clipped,2026-03-18T05:10:36.278770+00:00
MU,,10-Q,2022-06-02,https://www.sec.gov/Archives/edgar/data/723125/000072312522000036/mu-20220602.htm,46.65,7.680860243079918,1.9838397403826094,,1.9838397403826094,4,debt_to_assets,-3.0666,equity_to_assets,3.0666,accrual_ratio,-1.72,robust_mcd,brick3_q_v2_robust_mahalanobis_clipped,2026-03-18T05:10:36.278770+00:00
REGN,,10-Q,2021-09-30,https://www.sec.gov/Archives/edgar/data/872589/000180422021000033/regn-20210930.htm,46.57,7.6737961753732,,1.588590227504217,1.588590227504217,6,assets_growth_yoy,3.0809,accrual_ratio,-1.7722,equity_to_assets,1.7108,robust_mcd,brick3_q_v2_robust_mahalanobis_clipped,2026-03-18T05:10:36.278770+00:00
CPRT,,10-Q,2025-10-31,https://www.sec.gov/Archives/edgar/data/900075/000119312525291660/cprt-20251031.htm,46.49,7.661193781468068,0.5731782612606171,1.2710423065610077,0.7314187083692976,5,debt_to_assets,-1.4979,accrual_ratio,1.21,ocf_to_net_income,-0.5267,robust_mcd,brick3_q_v2_robust_mahalanobis_clipped,2026-03-18T05:10:36.278770+00:00
PANW,,10-Q,2023-10-31,https://www.sec.gov/Archives/edgar/data/1327567/000132756723000032/panw-20231031.htm,46.41,7.615889029660767,2.069973027295241,1.2602589914616906,1.4355697613832739,6,net_income_growth_yoy,4.9873,equity_to_assets,1.0358,ocf_to_net_income,0.8432,robust_mcd,brick3_q_v2_robust_mahalanobis_clipped,2026-03-18T05:10:36.278770+00:00
MU,,10-Q,2024-05-30,https://www.sec.gov/Archives/edgar/data/723125/000072312524000019/mu-20240530.htm,46.34,7.594381159978579,1.7177608432310185,,1.7177608432310185,6,ocf_to_net_income,3.1524,equity_to_assets,-2.7871,debt_to_assets,2.7871,robust_mcd,brick3_q_v2_robust_mahalanobis_clipped,2026-03-18T05:10:36.278770+00:00
AAPL,,10-Q,2023-04-01,https://www.sec.gov/Archives/edgar/data/320193/000032019323000064/aapl-20230401.htm,46.26,7.591183273364264,0.22491042995042662,2.1221278032117437,0.9261580968547564,6,accrual_ratio,-3.1048,equity_to_assets,-0.8116,net_income_growth_yoy,0.4607,robust_mcd,brick3_q_v2_robust_mahalanobis_clipped,2026-03-18T05:10:36.278770+00:00
BKNG,,10-Q,2024-06-30,https://www.sec.gov/Archives/edgar/data/1075531/000107553124000041/bkng-20240630.htm,46.18,7.55653080487732,2.1481662181880656,1.084397325580042,1.682052995955731,4,equity_to_assets,-3.1935,debt_to_assets,3.1082,revenue_growth_yoy,-0.2887,robust_mcd,brick3_q_v2_robust_mahalanobis_clipped,2026-03-18T05:10:36.278770+00:00
TTWO,,10-Q,2025-09-30,https://www.sec.gov/Archives/edgar/data/946581/000162828025050326/ttwo-20250930.htm,46.11,7.531530541004863,2.15541408837283,1.3764536812803183,1.7532780260850889,6,equity_to_assets,-3.0469,debt_to_assets,2.8849,assets_growth_yoy,-1.5421,robust_mcd,brick3_q_v2_robust_mahalanobis_clipped,2026-03-18T05:10:36.278770+00:00
DASH,,10-Q,2023-06-30,https://www.sec.gov/Archives/edgar/data/1792789/000162828023026756/dash-20230630.htm,46.03,7.53084861986788,1.5358221595914434,1.4833778645521833,1.2865985417895693,6,ocf_to_net_income,-2.6477,accrual_ratio,-1.7958,assets_growth_yoy,-1.3536,robust_mcd,brick3_q_v2_robust_mahalanobis_clipped,2026-03-18T05:10:36.278770+00:00
ADI,,10-Q,2024-08-03,https://www.sec.gov/Archives/edgar/data/6281/000000628124000159/adi-20240803.htm,45.95,7.385184552195065,2.715620083742624,0.41087232738308543,1.685802459682553,5,net_income_growth_yoy,-4.3071,ocf_to_net_income,2.4701,assets_growth_yoy,0.862,robust_mcd,brick3_q_v2_robust_mahalanobis_clipped,2026-03-18T05:10:36.278770+00:00
META,,10-Q,2024-09-30,https://www.sec.gov/Archives/edgar/data/1326801/000132680124000081/meta-20240930.htm,45.88,7.380533962526627,,1.0767579098690423,1.0767579098690423,6,accrual_ratio,-3.0206,assets_growth_yoy,1.0326,equity_to_assets,0.7639,robust_mcd,brick3_q_v2_robust_mahalanobis_clipped,2026-03-18T05:10:36.278770+00:00
CTAS,,10-Q,2022-08-31,https://www.sec.gov/Archives/edgar/data/723254/000072325422000031/ctas-20220831.htm,45.8,7.360933384888284,1.8731643878476412,0.6744907594765948,1.4137609771621389,5,assets_growth_yoy,2.7765,accrual_ratio,1.918,ocf_to_net_income,-1.5645,robust_mcd,brick3_q_v2_robust_mahalanobis_clipped,2026-03-18T05:10:36.278770+00:00
AAPL,,10-Q,2025-03-29,https://www.sec.gov/Archives/edgar/data/320193/000032019325000057/aapl-20250329.htm,45.72,7.340383630411978,0.6011230933231205,2.044143693097048,0.8253102984724352,6,accrual_ratio,-3.0444,assets_growth_yoy,1.0313,ocf_to_net_income,0.3276,robust_mcd,brick3_q_v2_robust_mahalanobis_clipped,2026-03-18T05:10:36.278770+00:00
MPWR,,10-Q,2025-03-31,https://www.sec.gov/Archives/edgar/data/1280452/000143774925014522/mpwr20250331_10q.htm,45.64,7.295157976418063,1.4770349530307325,1.4396253216479993,1.2230709424776034,6,assets_growth_yoy,4.2611,equity_to_assets,1.1957,debt_to_assets,-1.1181,robust_mcd,brick3_q_v2_robust_mahalanobis_clipped,2026-03-18T05:10:36.278770+00:00
CDNS,,10-Q,2025-03-31,https://www.sec.gov/Archives/edgar/data/813672/000081367225000051/cdns-20250331.htm,45.57,7.274267346950855,1.3577481307007866,1.2260721249699742,1.018205830565857,5,assets_growth_yoy,3.908,equity_to_assets,-0.7942,net_income_growth_yoy,-0.2158,robust_mcd,brick3_q_v2_robust_mahalanobis_clipped,2026-03-18T05:10:36.278770+00:00
MAR,,10-Q,2023-06-30,https://www.sec.gov/Archives/edgar/data/1048286/000162828023026380/mar-20230630.htm,45.49,7.257401035993236,0.9844643103032756,0.47051517471371496,0.6335807794008235,7,equity_to_assets,-1.3634,accrual_ratio,-1.1287,net_income_growth_yoy,-0.7883,robust_mcd,brick3_q_v2_robust_mahalanobis_clipped,2026-03-18T05:10:36.278770+00:00
BKNG,,10-Q,2022-09-30,https://www.sec.gov/Archives/edgar/data/1075531/000107553122000043/bkng-20220930.htm,45.41,7.236564971073594,2.5771204306662234,0.8633571255550012,1.6853853157393242,4,debt_to_assets,2.8086,equity_to_assets,-2.7866,assets_growth_yoy,-0.8082,robust_mcd,brick3_q_v2_robust_mahalanobis_clipped,2026-03-18T05:10:36.278770+00:00
SNPS,,10-Q,2023-04-30,https://www.sec.gov/Archives/edgar/data/883241/000088324123000012/snps-20230430.htm,45.34,7.232548361885601,1.8614354982073824,0.4053337832909389,1.106029776576764,6,assets_growth_yoy,-3.66,debt_to_assets,1.3496,net_income_growth_yoy,-0.8814,robust_mcd,brick3_q_v2_robust_mahalanobis_clipped,2026-03-18T05:10:36.278770+00:00
TMUS,,10-Q,2025-03-31,https://www.sec.gov/Archives/edgar/data/1283699/000128369925000079/tmus-20250331.htm,45.26,7.203112776141526,1.0565363449478604,0.552297464289129,0.8058278287383583,5,accrual_ratio,-1.6798,equity_to_assets,-1.5742,ocf_to_net_income,0.4786,robust_mcd,brick3_q_v2_robust_mahalanobis_clipped,2026-03-18T05:10:36.278770+00:00
DASH,,10-Q,2023-03-31,https://www.sec.gov/Archives/edgar/data/1792789/000162828023016140/dash-20230331.htm,45.18,7.198148298327751,1.6330950993706732,2.1308210783255226,1.5487331480533744,6,ocf_to_net_income,-2.8861,net_income_growth_yoy,2.0624,accrual_ratio,-1.3359,robust_mcd,brick3_q_v2_robust_mahalanobis_clipped,2026-03-18T05:10:36.278770+00:00
TTWO,,10-Q,2024-09-30,https://www.sec.gov/Archives/edgar/data/946581/000162828024045867/ttwo-20240930.htm,45.1,7.167607227401016,2.2959731990268155,0.8458841661053568,1.5711197332210676,6,debt_to_assets,3.0357,equity_to_assets,-2.9933,assets_growth_yoy,-1.346,robust_mcd,brick3_q_v2_robust_mahalanobis_clipped,2026-03-18T05:10:36.278770+00:00
STX,,10-Q,2024-12-27,https://www.sec.gov/Archives/edgar/data/1137789/000113778925000020/stx-20241227.htm,45.03,7.157677372419201,2.0345154944864987,0.6744907594765953,1.3708694445591585,6,net_income_growth_yoy,5.0698,assets_growth_yoy,0.9752,accrual_ratio,0.8302,robust_mcd,brick3_q_v2_robust_mahalanobis_clipped,2026-03-18T05:10:36.278770+00:00
KDP,,10-Q,2022-09-30,https://www.sec.gov/Archives/edgar/data/1418135/000141813522000023/kdp-20220930.htm,44.95,7.153483544456774,1.7434050857601788,0.9186494418339789,1.3754769966825162,6,ocf_to_net_income,4.5914,net_income_growth_yoy,-2.1922,accrual_ratio,-0.9396,robust_mcd,brick3_q_v2_robust_mahalanobis_clipped,2026-03-18T05:10:36.278770+00:00
DDOG,,10-Q,2025-06-30,https://www.sec.gov/Archives/edgar/data/1561550/000156155025000220/ddog-20250630.htm,44.87,7.093665624262395,0.9931991432010335,2.730345857838623,1.6880578290560695,6,ocf_to_net_income,4.1887,net_income_growth_yoy,-1.9616,assets_growth_yoy,1.5106,robust_mcd,brick3_q_v2_robust_mahalanobis_clipped,2026-03-18T05:10:36.278770+00:00
KHC,,10-Q,2025-09-27,https://www.sec.gov/Archives/edgar/data/1637459/000163745925000166/khc-20250927.htm,44.8,7.07749324046564,1.701814865551242,1.6904593996131851,1.7225294434786804,6,net_income_growth_yoy,-2.8922,debt_to_assets,2.0693,assets_growth_yoy,-1.7468,robust_mcd,brick3_q_v2_robust_mahalanobis_clipped,2026-03-18T05:10:36.278770+00:00
ORLY,,10-Q,2023-06-30,https://www.sec.gov/Archives/edgar/data/898173/000089817323000044/orly-20230630x10q.htm,44.72,7.075907848736522,0.8389035774114149,0.8325478938367802,0.8020832335309447,5,equity_to_assets,-1.7101,assets_growth_yoy,1.3245,accrual_ratio,-0.5953,robust_mcd,brick3_q_v2_robust_mahalanobis_clipped,2026-03-18T05:10:36.278770+00:00
CMCSA,,10-Q,2021-09-30,https://www.sec.gov/Archives/edgar/data/1166691/000116669121000036/cmcsa-20210930.htm,44.64,7.0501290350226515,,0.6642431399352015,0.6642431399352015,7,net_income_growth_yoy,1.7044,ocf_to_net_income,1.3362,net_margin,0.5967,robust_mcd,brick3_q_v2_robust_mahalanobis_clipped,2026-03-18T05:10:36.278770+00:00
BKNG,,10-Q,2025-03-31,https://www.sec.gov/Archives/edgar/data/1075531/000107553125000024/bkng-20250331.htm,44.56,6.9060890449059364,1.541295649099516,1.3445331744408175,1.4625906592360365,4,equity_to_assets,-2.0949,debt_to_assets,2.0792,assets_growth_yoy,-1.2507,robust_mcd,brick3_q_v2_robust_mahalanobis_clipped,2026-03-18T05:10:36.278770+00:00
CMCSA,,10-Q,2025-09-30,https://www.sec.gov/Archives/edgar/data/1166691/000116669125000054/cmcsa-20250930.htm,44.49,6.878051004469078,1.5991596201386347,0.9072284351049866,1.2663712141221226,5,ocf_to_net_income,2.8066,equity_to_assets,1.5997,accrual_ratio,-1.0199,robust_mcd,brick3_q_v2_robust_mahalanobis_clipped,2026-03-18T05:10:36.278770+00:00
VRTX,,10-Q,2025-06-30,https://www.sec.gov/Archives/edgar/data/875320/000087532025000216/vrtx-20250630.htm,44.41,6.862200702892126,2.3436163141780715,1.20827093270007,1.4297534457717436,6,net_income_growth_yoy,4.2105,debt_to_assets,2.0802,equity_to_assets,-2.0549,robust_mcd,brick3_q_v2_robust_mahalanobis_clipped,2026-03-18T05:10:36.278770+00:00
MRVL,,10-Q,2023-07-29,https://www.sec.gov/Archives/edgar/data/1835632/000183563223000038/mrvl-20230729.htm,44.33,6.824030571876289,0.889581044464627,2.47134960672875,1.3737667758376613,6,net_income_growth_yoy,-4.3755,ocf_to_net_income,-1.0193,debt_to_assets,-0.8956,robust_mcd,brick3_q_v2_robust_mahalanobis_clipped,2026-03-18T05:10:36.278770+00:00
FAST,,10-Q,2021-09-30,https://www.sec.gov/Archives/edgar/data/815556/000081555621000040/fast-20210930.htm,44.26,6.81148979262291,,1.1063071329747647,1.1063071329747647,5,ocf_to_net_income,-1.6146,equity_to_assets,1.5727,accrual_ratio,1.495,robust_mcd,brick3_q_v2_robust_mahalanobis_clipped,2026-03-18T05:10:36.278770+00:00
MCHP,,10-Q,2021-09-30,https://www.sec.gov/Archives/edgar/data/827054/000082705421000280/mchp-20210930.htm,44.18,6.721998844356977,,1.4697275552891587,1.4697275552891587,5,net_income_growth_yoy,4.6683,ocf_to_net_income,1.2169,assets_growth_yoy,-0.9759,robust_mcd,brick3_q_v2_robust_mahalanobis_clipped,2026-03-18T05:10:36.278770+00:00
FTNT,,10-Q,2023-03-31,https://www.sec.gov/Archives/edgar/data/1262039/000126203923000021/ftnt-20230331.htm,44.1,6.711430931891649,1.6635468295981883,1.8304652075084977,1.3489331827627866,6,net_income_growth_yoy,4.3738,debt_to_assets,1.171,equity_to_assets,-1.128,robust_mcd,brick3_q_v2_robust_mahalanobis_clipped,2026-03-18T05:10:36.278770+00:00
CRWD,,10-Q,2021-10-31,https://www.sec.gov/Archives/edgar/data/1535527/000153552721000028/crwd-20211031.htm,44.02,6.634627225338999,,1.3580044055572327,1.3580044055572327,6,assets_growth_yoy,2.2515,ocf_to_net_income,-1.7795,accrual_ratio,-1.7523,robust_mcd,brick3_q_v2_robust_mahalanobis_clipped,2026-03-18T05:10:36.278770+00:00
ZS,,10-Q,2022-10-31,https://www.sec.gov/Archives/edgar/data/1713683/000171368322000123/zs-20221031.htm,43.95,6.627969262298348,2.556371793306687,0.31544372545273797,1.6600005661651072,6,debt_to_assets,2.811,equity_to_assets,-2.7494,net_income_growth_yoy,1.771,robust_mcd,brick3_q_v2_robust_mahalanobis_clipped,2026-03-18T05:10:36.278770+00:00
INTU,,10-Q,2025-01-31,https://www.sec.gov/Archives/edgar/data/896878/000089687825000015/intu-20250131.htm,43.87,6.579173091782114,0.8932182588081016,0.465347765275645,0.6480126917008739,8,ocf_to_net_income,1.2617,assets_growth_yoy,-0.9559,debt_to_assets,0.9044,robust_mcd,brick3_q_v2_robust_mahalanobis_clipped,2026-03-18T05:10:36.278770+00:00
EXC,,10-Q,2022-03-31,https://www.sec.gov/Archives/edgar/data/1109357/000110935722000059/exc-20220331.htm,43.79,6.533359879887821,,0.9180946147871416,0.9180946147871416,4,assets_growth_yoy,-2.2647,debt_to_assets,0.6504,equity_to_assets,-0.3875,robust_mcd,brick3_q_v2_robust_mahalanobis_clipped,2026-03-18T05:10:36.278770+00:00
TMUS,,10-Q,2024-06-30,https://www.sec.gov/Archives/edgar/data/1283699/000128369924000111/tmus-20240630.htm,43.72,6.51498327148716,0.9732945041770072,0.5298030654481387,0.7958979286854599,5,equity_to_assets,-1.5684,assets_growth_yoy,-0.868,accrual_ratio,0.6091,robust_mcd,brick3_q_v2_robust_mahalanobis_clipped,2026-03-18T05:10:36.278770+00:00
DASH,,10-Q,2024-06-30,https://www.sec.gov/Archives/edgar/data/1792789/000162828024034131/dash-20240630.htm,43.64,6.509396813872212,0.935259006955667,1.9254689808735692,1.1808597216786132,6,ocf_to_net_income,-3.1196,accrual_ratio,-1.5791,debt_to_assets,0.8075,robust_mcd,brick3_q_v2_robust_mahalanobis_clipped,2026-03-18T05:10:36.278770+00:00
XEL,,10-Q,2025-06-30,https://www.sec.gov/Archives/edgar/data/72903/000007290325000225/xel-20250630.htm,43.56,6.486385397934544,2.1523274593653587,0.8544461963664928,1.5336589261282207,5,net_income_growth_yoy,4.7921,ocf_to_net_income,1.1334,assets_growth_yoy,1.0885,robust_mcd,brick3_q_v2_robust_mahalanobis_clipped,2026-03-18T05:10:36.278770+00:00
CPRT,,10-Q,2023-01-31,https://www.sec.gov/Archives/edgar/data/900075/000090007523000010/cprt-20230131.htm,43.48,6.424042383657483,1.862428537924781,0.33724537973829766,1.2523552746501876,6,assets_growth_yoy,-2.6699,debt_to_assets,-2.1582,equity_to_assets,1.9502,robust_mcd,brick3_q_v2_robust_mahalanobis_clipped,2026-03-18T05:10:36.278770+00:00
AXON,,10-Q,2021-06-30,https://www.sec.gov/Archives/edgar/data/1069183/000155837021010634/axon-20210630x10q.htm,43.41,6.418965839335178,,1.4307102657997746,1.4307102657997746,6,ocf_to_net_income,-2.1599,accrual_ratio,-1.8899,equity_to_assets,1.5167,robust_mcd,brick3_q_v2_robust_mahalanobis_clipped,2026-03-18T05:10:36.278770+00:00
IDXX,,10-Q,2021-03-31,https://www.sec.gov/Archives/edgar/data/874716/000087471621000031/idxx-20210331.htm,43.33,6.400952414229192,,0.9608615788846223,0.9608615788846223,6,accrual_ratio,2.6746,net_income_growth_yoy,1.1227,ocf_to_net_income,-0.6958,robust_mcd,brick3_q_v2_robust_mahalanobis_clipped,2026-03-18T05:10:36.278770+00:00
ODFL,,10-Q,2023-09-30,https://www.sec.gov/Archives/edgar/data/878927/000095017023059408/odfl-20230930.htm,43.25,6.374914710570695,2.4373734020135736,0.8264516228811939,1.7930046903606216,6,net_income_growth_yoy,-2.7228,equity_to_assets,2.472,debt_to_assets,-2.2993,robust_mcd,brick3_q_v2_robust_mahalanobis_clipped,2026-03-18T05:10:36.278770+00:00
XEL,,10-Q,2022-06-30,https://www.sec.gov/Archives/edgar/data/72903/000007290322000053/xel-20220630.htm,43.18,6.348711415288851,1.8499999013898147,0.5425148172176832,1.2265948368041786,5,ocf_to_net_income,3.0819,equity_to_assets,1.4417,accrual_ratio,-1.0914,robust_mcd,brick3_q_v2_robust_mahalanobis_clipped,2026-03-18T05:10:36.278770+00:00
PLTR,,10-Q,2022-06-30,https://www.sec.gov/Archives/edgar/data/1321655/000132165522000016/pltr-20220630.htm,43.1,6.342552865089643,1.5526143016259197,0.933157855073509,1.1302846654830996,6,assets_growth_yoy,-3.5327,equity_to_assets,1.1072,debt_to_assets,-0.9691,robust_mcd,brick3_q_v2_robust_mahalanobis_clipped,2026-03-18T05:10:36.278770+00:00
CRWD,,10-Q,2025-07-31,https://www.sec.gov/Archives/edgar/data/1535527/000153552725000025/crwd-20250731.htm,43.02,6.327805336719269,1.3641104440728062,2.846984931303249,1.5190807413442382,6,ocf_to_net_income,-3.4683,net_income_growth_yoy,-2.3894,equity_to_assets,1.4882,robust_mcd,brick3_q_v2_robust_mahalanobis_clipped,2026-03-18T05:10:36.278770+00:00
ORLY,,10-Q,2021-03-31,https://www.sec.gov/Archives/edgar/data/898173/000089817321000026/orly-20210331x10q.htm,42.95,6.327513106367465,,0.8298136944850258,0.8298136944850258,5,equity_to_assets,-1.5472,accrual_ratio,-1.109,net_income_growth_yoy,0.8178,robust_mcd,brick3_q_v2_robust_mahalanobis_clipped,2026-03-18T05:10:36.278770+00:00
MCHP,,10-Q,2025-09-30,https://www.sec.gov/Archives/edgar/data/827054/000082705425000183/mchp-20250930.htm,42.87,6.320542430347354,1.2412590023114025,1.466710006712213,1.3314394040717263,5,ocf_to_net_income,2.4585,equity_to_assets,1.2766,assets_growth_yoy,-1.2653,robust_mcd,brick3_q_v2_robust_mahalanobis_clipped,2026-03-18T05:10:36.278770+00:00
DDOG,,10-Q,2023-09-30,https://www.sec.gov/Archives/edgar/data/1561550/000156155023000055/ddog-20230930.htm,42.79,6.310892505429425,1.2555848087131665,2.2873596667047846,1.6126914744139993,6,ocf_to_net_income,4.484,net_income_growth_yoy,1.5444,equity_to_assets,1.1693,robust_mcd,brick3_q_v2_robust_mahalanobis_clipped,2026-03-18T05:10:36.278770+00:00
CPRT,,10-Q,2024-10-31,https://www.sec.gov/Archives/edgar/data/900075/000090007524000030/cprt-20241031.htm,42.71,6.2675970607978355,0.7224084825907149,0.8644249633182346,0.7627660002986821,5,debt_to_assets,-1.3503,assets_growth_yoy,-0.9152,accrual_ratio,0.7777,robust_mcd,brick3_q_v2_robust_mahalanobis_clipped,2026-03-18T05:10:36.278770+00:00
HON,,10-Q,2023-03-31,https://www.sec.gov/Archives/edgar/data/773840/000077384023000038/hon-20230331.htm,42.64,6.250374928358373,1.236566120383135,1.4067657515151666,1.2955902426288848,5,accrual_ratio,2.285,ocf_to_net_income,-2.0521,assets_growth_yoy,-1.6001,robust_mcd,brick3_q_v2_robust_mahalanobis_clipped,2026-03-18T05:10:36.278770+00:00
ROST,,10-Q,2022-04-30,https://www.sec.gov/Archives/edgar/data/745732/000074573222000040/rost-20220430.htm,42.56,6.215308187349867,,0.8986273895779522,0.8986273895779522,5,accrual_ratio,2.4709,assets_growth_yoy,-0.9161,ocf_to_net_income,-0.4199,robust_mcd,brick3_q_v2_robust_mahalanobis_clipped,2026-03-18T05:10:36.278770+00:00
IDXX,,10-Q,2022-03-31,https://www.sec.gov/Archives/edgar/data/874716/000087471622000020/idxx-20220331.htm,42.48,6.215206283735488,,0.8925934561904065,0.8925934561904065,6,accrual_ratio,2.6036,ocf_to_net_income,-0.829,debt_to_assets,0.6745,robust_mcd,brick3_q_v2_robust_mahalanobis_clipped,2026-03-18T05:10:36.278770+00:00
PLTR,,10-Q,2025-09-30,https://www.sec.gov/Archives/edgar/data/1321655/000132165525000131/pltr-20250930.htm,42.41,6.200477716758808,1.066939560858769,2.320978700759843,1.556480115957248,6,net_income_growth_yoy,3.5352,assets_growth_yoy,2.0567,equity_to_assets,1.2633,robust_mcd,brick3_q_v2_robust_mahalanobis_clipped,2026-03-18T05:10:36.278770+00:00
MCHP,,10-Q,2022-12-31,https://www.sec.gov/Archives/edgar/data/827054/000082705423000020/mchp-20221231.htm,42.33,6.1958143176969855,1.6343771754073224,1.2290217590430368,1.3043861607524385,5,accrual_ratio,-2.0736,ocf_to_net_income,1.4526,equity_to_assets,1.2219,robust_mcd,brick3_q_v2_robust_mahalanobis_clipped,2026-03-18T05:10:36.278770+00:00
QCOM,,10-Q,2025-06-29,https://www.sec.gov/Archives/edgar/data/804328/000080432825000045/qcom-20250629.htm,42.25,6.189562368363459,0.6364645372021897,0.5836020372706793,0.5382348790036889,7,accrual_ratio,-0.8768,assets_growth_yoy,-0.8605,debt_to_assets,-0.8134,robust_mcd,brick3_q_v2_robust_mahalanobis_clipped,2026-03-18T05:10:36.278770+00:00
META,,10-Q,2024-06-30,https://www.sec.gov/Archives/edgar/data/1326801/000132680124000069/meta-20240630.htm,42.17,6.182422498824417,,1.1163453990388954,1.1163453990388954,6,accrual_ratio,-2.594,net_income_growth_yoy,1.7162,equity_to_assets,0.9595,robust_mcd,brick3_q_v2_robust_mahalanobis_clipped,2026-03-18T05:10:36.278770+00:00
MSFT,,10-Q,2024-12-31,https://www.sec.gov/Archives/edgar/data/789019/000095017025010491/msft-20241231.htm,42.1,6.180261674707456,1.7483521459916183,0.6882840621132784,1.322691174221415,6,accrual_ratio,2.2132,debt_to_assets,-1.6692,ocf_to_net_income,-1.6657,robust_mcd,brick3_q_v2_robust_mahalanobis_clipped,2026-03-18T05:10:36.278770+00:00
MU,,10-Q,2025-02-27,https://www.sec.gov/Archives/edgar/data/723125/000072312525000009/mu-20250227.htm,42.02,6.178327434277269,1.2306521535578527,,1.2306521535578527,6,assets_growth_yoy,3.682,equity_to_assets,-1.03,debt_to_assets,1.03,robust_mcd,brick3_q_v2_robust_mahalanobis_clipped,2026-03-18T05:10:36.278770+00:00
VRTX,,10-Q,2024-03-31,https://www.sec.gov/Archives/edgar/data/875320/000087532024000139/vrtx-20240331.htm,41.94,6.133222524968314,2.0706869285861953,0.9195502432648713,1.433432157337716,6,net_income_growth_yoy,3.8162,equity_to_assets,1.7831,debt_to_assets,-1.7063,robust_mcd,brick3_q_v2_robust_mahalanobis_clipped,2026-03-18T05:10:36.278770+00:00
CRWD,,10-Q,2021-04-30,https://www.sec.gov/Archives/edgar/data/1535527/000153552721000013/crwd-20210430.htm,41.87,6.126417437348743,,1.0982284497425316,1.0982284497425316,6,net_income_growth_yoy,-4.3226,assets_growth_yoy,1.3238,ocf_to_net_income,-0.452,robust_mcd,brick3_q_v2_robust_mahalanobis_clipped,2026-03-18T05:10:36.278770+00:00
AMZN,,10-Q,2021-03-31,https://www.sec.gov/Archives/edgar/data/1018724/000101872421000010/amzn-20210331.htm,41.79,6.122554644963873,,1.5920552971762996,1.5920552971762996,5,net_income_growth_yoy,3.7868,assets_growth_yoy,1.9203,accrual_ratio,1.4206,robust_mcd,brick3_q_v2_robust_mahalanobis_clipped,2026-03-18T05:10:36.278770+00:00
XEL,,10-Q,2024-06-30,https://www.sec.gov/Archives/edgar/data/72903/000007290324000172/xel-20240630.htm,41.71,6.116334660341695,1.419869600846545,0.912526618041371,1.2129099302222937,5,ocf_to_net_income,2.4741,assets_growth_yoy,1.9325,equity_to_assets,-1.1869,robust_mcd,brick3_q_v2_robust_mahalanobis_clipped,2026-03-18T05:10:36.278770+00:00
CSX,,10-Q,2024-03-31,https://www.sec.gov/Archives/edgar/data/277948/000027794824000032/csx-20240331.htm,41.63,6.097708835250531,1.337044381097065,0.422525033465902,0.859577297913671,5,debt_to_assets,1.5,assets_growth_yoy,0.8006,net_income_growth_yoy,-0.6773,robust_mcd,brick3_q_v2_robust_mahalanobis_clipped,2026-03-18T05:10:36.278770+00:00
CSCO,,10-Q,2023-10-28,https://www.sec.gov/Archives/edgar/data/858877/000085887723000031/csco-20231028.htm,41.56,6.089726466620598,2.2588350996533335,0.4243822951671903,1.4351218765953302,6,equity_to_assets,2.8114,debt_to_assets,-2.5416,accrual_ratio,1.4674,robust_mcd,brick3_q_v2_robust_mahalanobis_clipped,2026-03-18T05:10:36.278770+00:00
GEHC,,10-Q,2025-03-31,https://www.sec.gov/Archives/edgar/data/1932393/000193239325000014/gehc-20250331.htm,41.48,6.084749515811986,2.2727500582512117,0.7466026429248167,1.515266879567209,6,net_income_growth_yoy,2.9465,accrual_ratio,1.6152,equity_to_assets,1.3499,robust_mcd,brick3_q_v2_robust_mahalanobis_clipped,2026-03-18T05:10:36.278770+00:00
CSGP,,10-Q,2022-06-30,https://www.sec.gov/Archives/edgar/data/1057352/000105735222000084/csgp-20220630.htm,41.4,6.079585085414521,1.9721321599097614,0.6847748225734739,1.4116044115030324,6,net_income_growth_yoy,2.8626,equity_to_assets,2.4885,debt_to_assets,-2.3461,robust_mcd,brick3_q_v2_robust_mahalanobis_clipped,2026-03-18T05:10:36.278770+00:00
FTNT,,10-Q,2021-03-31,https://www.sec.gov/Archives/edgar/data/1262039/000126203921000014/ftnt-20210331.htm,41.33,6.044712885545168,,1.3289744051998518,1.3289744051998518,6,assets_growth_yoy,3.0007,accrual_ratio,-1.4855,ocf_to_net_income,1.348,robust_mcd,brick3_q_v2_robust_mahalanobis_clipped,2026-03-18T05:10:36.278770+00:00
TMUS,,10-Q,2025-09-30,https://www.sec.gov/Archives/edgar/data/1283699/000128369925000154/tmus-20250930.htm,41.25,6.030034814223475,1.4193477147867437,0.5151130937305313,0.878046875717262,5,accrual_ratio,-1.9285,equity_to_assets,-1.2681,ocf_to_net_income,0.5749,robust_mcd,brick3_q_v2_robust_mahalanobis_clipped,2026-03-18T05:10:36.278770+00:00
CSCO,,10-Q,2025-01-25,https://www.sec.gov/Archives/edgar/data/858877/000085887725000007/csco-20250125.htm,41.17,6.023286203684763,1.204166394809736,,1.204166394809736,6,equity_to_assets,-3.0037,debt_to_assets,3.0037,assets_growth_yoy,-0.7916,robust_mcd,brick3_q_v2_robust_mahalanobis_clipped,2026-03-18T05:10:36.278770+00:00
VRTX,,10-Q,2025-03-31,https://www.sec.gov/Archives/edgar/data/875320/000087532025000192/vrtx-20250331.htm,41.09,6.0150020004662546,2.476533200116427,0.6864651605908997,1.4994468427669838,6,assets_growth_yoy,-2.2628,debt_to_assets,2.0121,equity_to_assets,-1.9441,robust_mcd,brick3_q_v2_robust_mahalanobis_clipped,2026-03-18T05:10:36.278770+00:00
XEL,,10-Q,2025-09-30,https://www.sec.gov/Archives/edgar/data/72903/000007290325000257/xel-20250930.htm,41.02,5.991293094496825,1.9559592073785672,1.0173684698257452,1.5329716471886317,5,net_income_growth_yoy,-3.1277,ocf_to_net_income,1.6868,assets_growth_yoy,1.4453,robust_mcd,brick3_q_v2_robust_mahalanobis_clipped,2026-03-18T05:10:36.278770+00:00
DDOG,,10-Q,2024-03-31,https://www.sec.gov/Archives/edgar/data/1561550/000156155024000051/ddog-20240331.htm,40.94,5.952546910590731,1.5095730905600773,2.6215940160749565,1.75997337542774,6,net_income_growth_yoy,2.9042,ocf_to_net_income,2.4884,assets_growth_yoy,2.23,robust_mcd,brick3_q_v2_robust_mahalanobis_clipped,2026-03-18T05:10:36.278770+00:00
MU,,10-Q,2025-05-29,https://www.sec.gov/Archives/edgar/data/723125/000072312525000021/mu-20250529.htm,40.86,5.836591844566457,1.3056539262312195,,1.3056539262312195,6,assets_growth_yoy,2.7546,accrual_ratio,-1.7775,ocf_to_net_income,1.212,robust_mcd,brick3_q_v2_robust_mahalanobis_clipped,2026-03-18T05:10:36.278770+00:00
AXON,,10-Q,2022-03-31,https://www.sec.gov/Archives/edgar/data/1069183/000155837022008142/axon-20220331x10q.htm,40.79,5.8316831172954515,,1.491712572191937,1.491712572191937,6,net_income_growth_yoy,3.8588,assets_growth_yoy,1.5762,equity_to_assets,1.1447,robust_mcd,brick3_q_v2_robust_mahalanobis_clipped,2026-03-18T05:10:36.278770+00:00
ZS,,10-Q,2022-04-30,https://www.sec.gov/Archives/edgar/data/1713683/000171368322000056/zs-20220430.htm,40.71,5.793322963894603,1.6304784104758365,0.8745388153235822,1.2007757401808772,6,ocf_to_net_income,-2.0239,accrual_ratio,-1.8068,debt_to_assets,1.4386,robust_mcd,brick3_q_v2_robust_mahalanobis_clipped,2026-03-18T05:10:36.278770+00:00
PANW,,10-Q,2021-04-30,https://www.sec.gov/Archives/edgar/data/1327567/000132756721000014/panw-20210430.htm,40.63,5.784914279819618,,1.2452564447229446,1.2452564447229446,6,ocf_to_net_income,-2.0607,accrual_ratio,-1.686,net_income_growth_yoy,-1.6055,robust_mcd,brick3_q_v2_robust_mahalanobis_clipped,2026-03-18T05:10:36.278770+00:00
MSFT,,10-Q,2023-09-30,https://www.sec.gov/Archives/edgar/data/789019/000095017023054855/msft-20230930.htm,40.56,5.76987297430078,1.3873101126406393,0.5509061869684966,0.933183412469147,6,assets_growth_yoy,3.9104,equity_to_assets,0.5786,debt_to_assets,-0.4946,robust_mcd,brick3_q_v2_robust_mahalanobis_clipped,2026-03-18T05:10:36.278770+00:00
EXC,,10-Q,2025-03-31,https://www.sec.gov/Archives/edgar/data/1109357/000110935725000113/exc-20250331.htm,40.48,5.761974527694079,0.6147195418211076,0.4092599698696176,0.5144639100295795,4,debt_to_assets,0.7654,equity_to_assets,-0.5548,revenue_growth_yoy,0.441,robust_mcd,brick3_q_v2_robust_mahalanobis_clipped,2026-03-18T05:10:36.278770+00:00
MPWR,,10-Q,2021-09-30,https://www.sec.gov/Archives/edgar/data/1280452/000143774921025711/mpwr20210930_10q.htm,40.4,5.742173934505391,,1.308159817515386,1.308159817515386,6,accrual_ratio,-2.1944,equity_to_assets,1.9579,assets_growth_yoy,1.6056,robust_mcd,brick3_q_v2_robust_mahalanobis_clipped,2026-03-18T05:10:36.278770+00:00
WDC,,10-Q,2024-03-29,https://www.sec.gov/Archives/edgar/data/106040/000010604024000022/wdc-20240329.htm,40.32,5.724000600846593,1.9554875726310081,0.6744907594765951,1.1732925435786048,6,ocf_to_net_income,-2.4511,assets_growth_yoy,2.2839,accrual_ratio,1.6818,robust_mcd,brick3_q_v2_robust_mahalanobis_clipped,2026-03-18T05:10:36.278770+00:00
VRSK,,10-Q,2024-06-30,https://www.sec.gov/Archives/edgar/data/1442145/000143774924023985/vrsk20240630_10q.htm,40.25,5.717198541894553,1.9727249037218064,1.0944212197130938,1.6214034301183213,6,net_income_growth_yoy,2.5789,equity_to_assets,-2.0007,debt_to_assets,1.9817,robust_mcd,brick3_q_v2_robust_mahalanobis_clipped,2026-03-18T05:10:36.278770+00:00
AMD,,10-Q,2024-03-30,https://www.sec.gov/Archives/edgar/data/2488/000000248824000056/amd-20240330.htm,40.17,5.711704445869997,1.4525549162980937,0.9505346971723878,1.0876890502041583,5,net_income_growth_yoy,2.7561,equity_to_assets,1.4324,ocf_to_net_income,0.7709,robust_mcd,brick3_q_v2_robust_mahalanobis_clipped,2026-03-18T05:10:36.278770+00:00
PLTR,,10-Q,2022-03-31,https://www.sec.gov/Archives/edgar/data/1321655/000132165522000006/pltr-20220331.htm,40.09,5.699964763596332,,1.1103380568340584,1.1103380568340584,6,ocf_to_net_income,-2.0523,accrual_ratio,-1.8666,equity_to_assets,1.4577,robust_mcd,brick3_q_v2_robust_mahalanobis_clipped,2026-03-18T05:10:36.278770+00:00
AEP,,10-Q,2021-06-30,https://www.sec.gov/Archives/edgar/data/4904/000000490421000052/aep-20210630.htm,40.02,5.698649467110484,,0.5311670151394805,0.5311670151394805,4,debt_to_assets,0.7709,equity_to_assets,-0.6272,revenue_growth_yoy,-0.4887,robust_mcd,brick3_q_v2_robust_mahalanobis_clipped,2026-03-18T05:10:36.278770+00:00
MCHP,,10-Q,2025-12-31,https://www.sec.gov/Archives/edgar/data/827054/000082705426000009/mchp-20251231.htm,39.94,5.673908622032106,1.4706122604930054,1.323879381016351,1.4119191087023437,5,net_income_growth_yoy,2.4004,ocf_to_net_income,2.0249,equity_to_assets,1.2434,robust_mcd,brick3_q_v2_robust_mahalanobis_clipped,2026-03-18T05:10:36.278770+00:00
EXC,,10-Q,2023-03-31,https://www.sec.gov/Archives/edgar/data/1109357/000110935723000040/exc-20230331.htm,39.86,5.6661236313278165,0.6703405046066326,0.3184510265702372,0.3872412714188417,4,debt_to_assets,0.4439,revenue_growth_yoy,0.4324,assets_growth_yoy,0.4006,robust_mcd,brick3_q_v2_robust_mahalanobis_clipped,2026-03-18T05:10:36.278770+00:00
CSCO,,10-Q,2023-04-29,https://www.sec.gov/Archives/edgar/data/858877/000085887723000013/csco-20230429.htm,39.78,5.665058937819375,0.7145700124159032,1.3513325475215308,0.9145635866932049,6,accrual_ratio,-2.8054,ocf_to_net_income,1.2091,assets_growth_yoy,0.7621,robust_mcd,brick3_q_v2_robust_mahalanobis_clipped,2026-03-18T05:10:36.278770+00:00
ORLY,,10-Q,2023-09-30,https://www.sec.gov/Archives/edgar/data/898173/000089817323000058/orly-20230930x10q.htm,39.71,5.642667064001549,1.0572538118378065,0.9090275790337401,0.9730045601977653,5,equity_to_assets,-1.4139,accrual_ratio,-1.236,assets_growth_yoy,0.9307,robust_mcd,brick3_q_v2_robust_mahalanobis_clipped,2026-03-18T05:10:36.278770+00:00
GEHC,,10-Q,2024-06-30,https://www.sec.gov/Archives/edgar/data/1932393/000193239324000044/gehc-20240630.htm,39.63,5.5982437867566714,2.441988775593831,0.7129879883792922,1.4029578681967758,6,accrual_ratio,1.8339,ocf_to_net_income,-1.7678,equity_to_assets,1.7058,robust_mcd,brick3_q_v2_robust_mahalanobis_clipped,2026-03-18T05:10:36.278770+00:00
QCOM,,10-Q,2022-12-25,https://www.sec.gov/Archives/edgar/data/804328/000080432823000006/qcom-20221225.htm,39.55,5.548215335136201,0.803804483853063,0.6744907594765952,0.6206953717567947,6,accrual_ratio,0.9034,assets_growth_yoy,0.6745,net_income_growth_yoy,-0.6745,robust_mcd,brick3_q_v2_robust_mahalanobis_clipped,2026-03-18T05:10:36.278770+00:00
ORLY,,10-Q,2022-03-31,https://www.sec.gov/Archives/edgar/data/898173/000089817322000022/orly-20220331x10q.htm,39.48,5.544706158401345,,0.6653388439315402,0.6653388439315402,5,equity_to_assets,-1.5183,assets_growth_yoy,-0.6745,net_income_growth_yoy,-0.4703,robust_mcd,brick3_q_v2_robust_mahalanobis_clipped,2026-03-18T05:10:36.278770+00:00
AMAT,,10-Q,2024-07-28,https://www.sec.gov/Archives/edgar/data/6951/000000695124000032/amat-20240728.htm,39.4,5.528880017318598,2.4121601928591936,0.6744907594765953,1.4472961157155162,6,assets_growth_yoy,-2.4603,equity_to_assets,1.9538,debt_to_assets,-1.9538,robust_mcd,brick3_q_v2_robust_mahalanobis_clipped,2026-03-18T05:10:36.278770+00:00
KHC,,10-Q,2023-09-30,https://www.sec.gov/Archives/edgar/data/1637459/000163745923000143/khc-20230930.htm,39.32,5.52011260786192,2.0543142832019554,0.8724564583455859,1.41519192312986,6,ocf_to_net_income,4.1521,equity_to_assets,1.2806,debt_to_assets,-1.1733,robust_mcd,brick3_q_v2_robust_mahalanobis_clipped,2026-03-18T05:10:36.278770+00:00
ADSK,,10-Q,2024-04-30,https://www.sec.gov/Archives/edgar/data/769397/000076939724000091/adsk-20240430.htm,39.24,5.516326796512902,1.776242070987434,0.5410627485873972,1.1073881227198668,5,accrual_ratio,2.1261,ocf_to_net_income,-1.0936,equity_to_assets,0.9486,robust_mcd,brick3_q_v2_robust_mahalanobis_clipped,2026-03-18T05:10:36.278770+00:00
AEP,,10-Q,2025-06-30,https://www.sec.gov/Archives/edgar/data/4904/000000490425000141/aep-20250630.htm,39.17,5.500882897124737,1.9359404023218525,0.35522499882069736,1.0493367194507512,4,debt_to_assets,-1.816,equity_to_assets,1.36,assets_growth_yoy,0.6962,robust_mcd,brick3_q_v2_robust_mahalanobis_clipped,2026-03-18T05:10:36.278770+00:00
WDAY,,10-Q,2021-10-31,https://www.sec.gov/Archives/edgar/data/1327811/000132781121000174/wday-20211031.htm,39.09,5.442403674169577,,1.2084935297321642,1.2084935297321642,6,net_income_growth_yoy,3.7708,ocf_to_net_income,1.5455,accrual_ratio,0.9326,robust_mcd,brick3_q_v2_robust_mahalanobis_clipped,2026-03-18T05:10:36.278770+00:00
CMCSA,,10-Q,2022-03-31,https://www.sec.gov/Archives/edgar/data/1166691/000116669122000018/cmcsa-20220331.htm,39.01,5.366783102586765,,0.4174584264148423,0.4174584264148423,7,ocf_to_net_income,1.0596,assets_growth_yoy,-0.7438,net_margin,0.4511,robust_mcd,brick3_q_v2_robust_mahalanobis_clipped,2026-03-18T05:10:36.278770+00:00
ROP,,10-Q,2022-06-30,https://www.sec.gov/Archives/edgar/data/882835/000088283522000060/rop-20220630.htm,38.94,5.3247501236352015,2.1485829799974066,0.3700916786336,1.4161343561797877,6,net_income_growth_yoy,-2.6257,equity_to_assets,2.3326,debt_to_assets,-2.204,robust_mcd,brick3_q_v2_robust_mahalanobis_clipped,2026-03-18T05:10:36.278770+00:00
CTSH,,10-Q,2021-09-30,https://www.sec.gov/Archives/edgar/data/1058290/000105829021000279/ctsh-20210930.htm,38.86,5.3191065574328995,,0.6801063976307727,0.6801063976307727,8,equity_to_assets,1.4082,assets_growth_yoy,-1.3746,debt_to_assets,-0.9336,robust_mcd,brick3_q_v2_robust_mahalanobis_clipped,2026-03-18T05:10:36.278770+00:00
INSM,,10-Q,2022-09-30,https://www.sec.gov/Archives/edgar/data/1104506/000110450622000023/insm-20220930.htm,38.78,5.262481550374248,1.0652025835446264,1.4551380640015665,1.1226455138581437,6,assets_growth_yoy,-1.6788,accrual_ratio,1.6066,debt_to_assets,1.553,robust_mcd,brick3_q_v2_robust_mahalanobis_clipped,2026-03-18T05:10:36.278770+00:00
INSM,,10-Q,2023-06-30,https://www.sec.gov/Archives/edgar/data/1104506/000110450623000018/insm-20230630.htm,38.7,5.255787344292973,1.367903865508368,2.03335353033746,1.4500712820053352,6,net_income_growth_yoy,-2.8151,equity_to_assets,-1.4961,debt_to_assets,1.3569,robust_mcd,brick3_q_v2_robust_mahalanobis_clipped,2026-03-18T05:10:36.278770+00:00
ABNB,,10-Q,2024-09-30,https://www.sec.gov/Archives/edgar/data/1559720/000155972024000032/abnb-20240930.htm,38.63,5.22205114604767,1.5929467985529715,0.8263651914908406,1.2287756011018645,6,assets_growth_yoy,-2.0484,accrual_ratio,-1.8741,net_income_growth_yoy,-1.4919,robust_mcd,brick3_q_v2_robust_mahalanobis_clipped,2026-03-18T05:10:36.278770+00:00
REGN,,10-Q,2021-03-31,https://www.sec.gov/Archives/edgar/data/872589/000180422021000017/regn-20210331.htm,38.55,5.218321447053696,,1.0983185490032132,1.0983185490032132,6,accrual_ratio,2.1579,equity_to_assets,1.5869,debt_to_assets,-1.0965,robust_mcd,brick3_q_v2_robust_mahalanobis_clipped,2026-03-18T05:10:36.278770+00:00
MPWR,,10-Q,2024-09-30,https://www.sec.gov/Archives/edgar/data/1280452/000143774924033608/mpwr20240930_10q.htm,38.47,5.195522056660502,1.4237778549106626,1.2243016293993294,1.1247345062708876,6,accrual_ratio,-2.3091,assets_growth_yoy,-1.4329,equity_to_assets,1.1215,robust_mcd,brick3_q_v2_robust_mahalanobis_clipped,2026-03-18T05:10:36.278770+00:00
CPRT,,10-Q,2023-04-30,https://www.sec.gov/Archives/edgar/data/900075/000090007523000021/cprt-20230430.htm,38.4,5.176634769507831,1.7565098472448035,0.7917662835260809,1.3383686367309036,6,assets_growth_yoy,-1.9784,debt_to_assets,-1.6866,equity_to_assets,1.5243,robust_mcd,brick3_q_v2_robust_mahalanobis_clipped,2026-03-18T05:10:36.278770+00:00
CDNS,,10-Q,2022-07-02,https://www.sec.gov/Archives/edgar/data/813672/000081367222000037/cdns-20220702.htm,38.32,5.158585812899227,1.3216692547334927,0.674490759476597,0.7995564962528222,5,equity_to_assets,-1.4625,assets_growth_yoy,0.6745,net_income_growth_yoy,0.6745,robust_mcd,brick3_q_v2_robust_mahalanobis_clipped,2026-03-18T05:10:36.278770+00:00
VRSK,,10-Q,2022-03-31,https://www.sec.gov/Archives/edgar/data/1442145/000143774922010671/vrsk20220331_10q.htm,38.24,5.133859678912506,,1.0608543310964509,1.0608543310964509,6,net_income_growth_yoy,3.5701,accrual_ratio,1.51,ocf_to_net_income,-0.5707,robust_mcd,brick3_q_v2_robust_mahalanobis_clipped,2026-03-18T05:10:36.278770+00:00
ADI,,10-Q,2025-05-03,https://www.sec.gov/Archives/edgar/data/6281/000000628125000125/adi-20250503.htm,38.16,5.130606599411211,0.7645274271429499,0.7031807328080303,0.6688397324572815,5,equity_to_assets,1.6642,ocf_to_net_income,0.7267,accrual_ratio,-0.4269,robust_mcd,brick3_q_v2_robust_mahalanobis_clipped,2026-03-18T05:10:36.278770+00:00
INTU,,10-Q,2024-10-31,https://www.sec.gov/Archives/edgar/data/896878/000089687824000053/intu-20241031.htm,38.09,5.129812185053882,0.8937590889074972,0.8553201489138331,0.5567099521788558,8,debt_to_assets,1.3866,net_income_growth_yoy,-0.7932,accrual_ratio,0.7101,robust_mcd,brick3_q_v2_robust_mahalanobis_clipped,2026-03-18T05:10:36.278770+00:00
CSCO,,10-Q,2021-05-01,https://www.sec.gov/Archives/edgar/data/858877/000085887721000008/csco-20210501.htm,38.01,5.126951562605883,,0.8890733859109085,0.8890733859109085,6,accrual_ratio,-2.5656,ocf_to_net_income,0.9965,assets_growth_yoy,-0.6745,robust_mcd,brick3_q_v2_robust_mahalanobis_clipped,2026-03-18T05:10:36.278770+00:00
KHC,,10-Q,2021-03-27,https://www.sec.gov/Archives/edgar/data/1637459/000163745921000047/khc-20210327.htm,37.93,5.118842736834692,,1.0652512025099607,1.0652512025099607,6,net_income_growth_yoy,2.2128,assets_growth_yoy,-1.2531,ocf_to_net_income,-1.2481,robust_mcd,brick3_q_v2_robust_mahalanobis_clipped,2026-03-18T05:10:36.278770+00:00
FAST,,10-Q,2021-06-30,https://www.sec.gov/Archives/edgar/data/815556/000081555621000031/fast-20210630.htm,37.86,5.102556788660473,,0.9032709583656109,0.9032709583656109,5,equity_to_assets,1.39,accrual_ratio,1.2578,assets_growth_yoy,-0.6822,robust_mcd,brick3_q_v2_robust_mahalanobis_clipped,2026-03-18T05:10:36.278770+00:00
MPWR,,10-Q,2025-09-30,https://www.sec.gov/Archives/edgar/data/1280452/000143774925033332/mpwr20250930_10q.htm,37.78,5.088337789958015,1.0005136526479206,1.4772090953997612,1.1643171369481289,6,assets_growth_yoy,3.2481,accrual_ratio,-1.2453,debt_to_assets,-0.8228,robust_mcd,brick3_q_v2_robust_mahalanobis_clipped,2026-03-18T05:10:36.278770+00:00
MCHP,,10-Q,2023-06-30,https://www.sec.gov/Archives/edgar/data/827054/000082705423000132/mchp-20230630.htm,37.7,5.078417183397674,1.5804615711068444,0.31793910017489424,0.9451920715909153,5,equity_to_assets,1.5178,net_income_growth_yoy,-0.9397,ocf_to_net_income,-0.9286,robust_mcd,brick3_q_v2_robust_mahalanobis_clipped,2026-03-18T05:10:36.278770+00:00
CSGP,,10-Q,2023-06-30,https://www.sec.gov/Archives/edgar/data/1057352/000105735223000111/csgp-20230630.htm,37.63,5.063506742909292,1.7249147328911383,0.7313517457601235,1.2938441956802735,6,equity_to_assets,3.0386,debt_to_assets,-2.7774,assets_growth_yoy,1.0832,robust_mcd,brick3_q_v2_robust_mahalanobis_clipped,2026-03-18T05:10:36.278770+00:00
AMD,,10-Q,2021-03-27,https://www.sec.gov/Archives/edgar/data/2488/000000248821000056/amd-20210327.htm,37.55,5.040907736516787,,0.9403002822367572,0.9403002822367572,5,assets_growth_yoy,2.4387,equity_to_assets,1.2482,net_income_growth_yoy,0.4671,robust_mcd,brick3_q_v2_robust_mahalanobis_clipped,2026-03-18T05:10:36.278770+00:00
AMD,,10-Q,2024-06-29,https://www.sec.gov/Archives/edgar/data/2488/000000248824000123/amd-20240629.htm,37.47,5.003816825570676,1.2523415981710653,0.7917839562982462,0.9680923835664427,5,net_income_growth_yoy,2.7561,equity_to_assets,1.2937,accrual_ratio,0.4802,robust_mcd,brick3_q_v2_robust_mahalanobis_clipped,2026-03-18T05:10:36.278770+00:00
ZS,,10-Q,2023-10-31,https://www.sec.gov/Archives/edgar/data/1713683/000171368323000171/zs-20231031.htm,37.39,4.99446184058641,1.331975944374479,0.7733107392836321,0.9572070842544759,6,ocf_to_net_income,-3.9808,assets_growth_yoy,0.8462,net_income_growth_yoy,0.3429,robust_mcd,brick3_q_v2_robust_mahalanobis_clipped,2026-03-18T05:10:36.278770+00:00
INSM,,10-Q,2024-09-30,https://www.sec.gov/Archives/edgar/data/1104506/000110450624000033/insm-20240930.htm,37.32,4.953871676166731,0.9056122167248487,1.8170526314767106,1.0171541879992183,6,assets_growth_yoy,2.2886,accrual_ratio,1.5439,net_income_growth_yoy,-0.8249,robust_mcd,brick3_q_v2_robust_mahalanobis_clipped,2026-03-18T05:10:36.278770+00:00
FAST,,10-Q,2021-03-31,https://www.sec.gov/Archives/edgar/data/815556/000081555621000018/fast-20210331.htm,37.24,4.9433863875218425,,0.5611472502612328,0.5611472502612328,5,equity_to_assets,1.6336,assets_growth_yoy,-0.5316,net_income_growth_yoy,-0.4062,robust_mcd,brick3_q_v2_robust_mahalanobis_clipped,2026-03-18T05:10:36.278770+00:00
FAST,,10-Q,2024-09-30,https://www.sec.gov/Archives/edgar/data/815556/000081555624000037/fast-20240930.htm,37.16,4.906005135633941,0.6071834194022314,0.8058438793203162,0.5118065647568051,5,equity_to_assets,1.6354,net_income_growth_yoy,-0.3276,accrual_ratio,0.2355,robust_mcd,brick3_q_v2_robust_mahalanobis_clipped,2026-03-18T05:10:36.278770+00:00
FAST,,10-Q,2022-03-31,https://www.sec.gov/Archives/edgar/data/815556/000081555622000020/fast-20220331.htm,37.09,4.891706805217476,,0.7039155063510509,0.7039155063510509,5,equity_to_assets,1.4214,accrual_ratio,1.2524,ocf_to_net_income,-0.4889,robust_mcd,brick3_q_v2_robust_mahalanobis_clipped,2026-03-18T05:10:36.278770+00:00
WDC,,10-Q,2025-10-03,https://www.sec.gov/Archives/edgar/data/106040/000162828025047613/wdc-20251003.htm,37.01,4.861720436595764,1.3933413671257036,0.6744907594765953,0.8748852140005087,6,assets_growth_yoy,-2.8366,accrual_ratio,1.1443,debt_to_assets,0.4729,robust_mcd,brick3_q_v2_robust_mahalanobis_clipped,2026-03-18T05:10:36.278770+00:00
AMGN,,10-Q,2022-03-31,https://www.sec.gov/Archives/edgar/data/318154/000031815422000021/amgn-20220331.htm,36.93,4.857924376233949,,0.6658344706896197,0.6658344706896197,5,equity_to_assets,-1.3439,assets_growth_yoy,-1.0574,net_income_growth_yoy,-0.597,robust_mcd,brick3_q_v2_robust_mahalanobis_clipped,2026-03-18T05:10:36.278770+00:00
MCHP,,10-Q,2023-12-31,https://www.sec.gov/Archives/edgar/data/827054/000082705424000024/mchp-20231231.htm,36.85,4.83330539879371,1.4002502727676502,0.9093585311862998,1.1641817175501328,5,ocf_to_net_income,1.7394,equity_to_assets,1.3203,accrual_ratio,-1.2572,robust_mcd,brick3_q_v2_robust_mahalanobis_clipped,2026-03-18T05:10:36.278770+00:00
GILD,,10-Q,2024-09-30,https://www.sec.gov/Archives/edgar/data/882095/000088209524000028/gild-20240930.htm,36.78,4.830830884504272,1.607663909848722,1.3801731364681342,1.4628954366838745,5,ocf_to_net_income,2.1962,accrual_ratio,-2.1166,assets_growth_yoy,-1.63,robust_mcd,brick3_q_v2_robust_mahalanobis_clipped,2026-03-18T05:10:36.278770+00:00
ABNB,,10-Q,2024-03-31,https://www.sec.gov/Archives/edgar/data/1559720/000155972024000017/abnb-20240331.htm,36.7,4.812611144056397,0.8943597399965304,2.667736020987149,1.2304800861353744,6,ocf_to_net_income,4.1646,assets_growth_yoy,0.9125,accrual_ratio,-0.8162,robust_mcd,brick3_q_v2_robust_mahalanobis_clipped,2026-03-18T05:10:36.278770+00:00
PLTR,,10-Q,2021-06-30,https://www.sec.gov/Archives/edgar/data/1321655/000095012321010430/d175251d10q.htm,36.62,4.8040722281121,,1.1629350173879487,1.1629350173879487,6,accrual_ratio,-1.8124,ocf_to_net_income,-1.6006,equity_to_assets,1.3038,robust_mcd,brick3_q_v2_robust_mahalanobis_clipped,2026-03-18T05:10:36.278770+00:00
MPWR,,10-Q,2022-06-30,https://www.sec.gov/Archives/edgar/data/1280452/000143774922019150/mpwr20220630_10q.htm,36.55,4.80290638235718,1.5346638595201003,1.2218900714344614,1.3983372340437228,6,equity_to_assets,2.6045,debt_to_assets,-2.4619,net_income_growth_yoy,1.4826,robust_mcd,brick3_q_v2_robust_mahalanobis_clipped,2026-03-18T05:10:36.278770+00:00
AMZN,,10-Q,2022-03-31,https://www.sec.gov/Archives/edgar/data/1018724/000101872422000013/amzn-20220331.htm,36.47,4.789632759603703,,1.2522629417775968,1.2522629417775968,5,net_income_growth_yoy,-3.3138,assets_growth_yoy,1.6577,ocf_to_net_income,-0.6544,robust_mcd,brick3_q_v2_robust_mahalanobis_clipped,2026-03-18T05:10:36.278770+00:00
FTNT,,10-Q,2022-03-31,https://www.sec.gov/Archives/edgar/data/1262039/000126203922000019/ftnt-20220331.htm,36.39,4.781119813405171,,1.1903442878769075,1.1903442878769075,6,accrual_ratio,-2.1387,ocf_to_net_income,2.1215,debt_to_assets,1.4191,robust_mcd,brick3_q_v2_robust_mahalanobis_clipped,2026-03-18T05:10:36.278770+00:00
KDP,,10-Q,2024-03-31,https://www.sec.gov/Archives/edgar/data/1418135/000141813524000054/kdp-20240331.htm,36.31,4.778367158584071,1.8198091069623938,0.6947651862724665,1.3177568482440616,6,debt_to_assets,2.2474,equity_to_assets,-2.1703,ocf_to_net_income,-1.2874,robust_mcd,brick3_q_v2_robust_mahalanobis_clipped,2026-03-18T05:10:36.278770+00:00
CPRT,,10-Q,2024-04-30,https://www.sec.gov/Archives/edgar/data/900075/000090007524000014/cprt-20240430.htm,36.24,4.735706858616984,0.9820690342278358,0.6996811509534521,0.8109692537576297,5,debt_to_assets,-1.1895,accrual_ratio,-1.16,ocf_to_net_income,0.9412,robust_mcd,brick3_q_v2_robust_mahalanobis_clipped,2026-03-18T05:10:36.278770+00:00
AMD,,10-Q,2021-06-26,https://www.sec.gov/Archives/edgar/data/2488/000000248821000116/amd-20210626.htm,36.16,4.731866058876664,,0.9137109581341119,0.9137109581341119,5,assets_growth_yoy,2.4387,equity_to_assets,1.1826,net_income_growth_yoy,0.4671,robust_mcd,brick3_q_v2_robust_mahalanobis_clipped,2026-03-18T05:10:36.278770+00:00
CHTR,,10-Q,2021-03-31,https://www.sec.gov/Archives/edgar/data/1091667/000109166721000084/chtr-20210331.htm,36.08,4.714523203963505,,0.946785042438408,0.946785042438408,7,ocf_to_net_income,2.8355,net_income_growth_yoy,1.5332,equity_to_assets,-0.8643,robust_mcd,brick3_q_v2_robust_mahalanobis_clipped,2026-03-18T05:10:36.278770+00:00
GEHC,,10-Q,2024-09-30,https://www.sec.gov/Archives/edgar/data/1932393/000193239324000050/gehc-20240930.htm,36.01,4.683813341457289,2.157024051803521,0.7487975321569751,1.2382336683677382,6,net_income_growth_yoy,1.9584,accrual_ratio,1.8099,ocf_to_net_income,-1.6694,robust_mcd,brick3_q_v2_robust_mahalanobis_clipped,2026-03-18T05:10:36.278770+00:00
ALNY,,10-Q,2023-09-30,https://www.sec.gov/Archives/edgar/data/1178670/000117867023000023/alny-20230930.htm,35.93,4.676684349182856,1.397088346607913,1.264853695943671,1.3441944863422162,6,net_income_growth_yoy,3.7446,equity_to_assets,-1.1013,assets_growth_yoy,1.0369,robust_mcd,brick3_q_v2_robust_mahalanobis_clipped,2026-03-18T05:10:36.278770+00:00
CDNS,,10-Q,2025-06-30,https://www.sec.gov/Archives/edgar/data/813672/000081367225000113/cdns-20250630.htm,35.85,4.637249798772195,1.2954167280081683,1.7363377167856722,1.4292126885685228,5,assets_growth_yoy,1.9478,net_income_growth_yoy,-1.8875,ocf_to_net_income,1.8771,robust_mcd,brick3_q_v2_robust_mahalanobis_clipped,2026-03-18T05:10:36.278770+00:00
INSM,,10-Q,2023-09-30,https://www.sec.gov/Archives/edgar/data/1104506/000110450623000025/insm-20230930.htm,35.77,4.619355750377604,0.882710501917117,1.7454386904839954,1.0897147249965708,6,equity_to_assets,-1.8564,debt_to_assets,1.7072,accrual_ratio,1.4565,robust_mcd,brick3_q_v2_robust_mahalanobis_clipped,2026-03-18T05:10:36.278770+00:00
ISRG,,10-Q,2025-09-30,https://www.sec.gov/Archives/edgar/data/1035267/000103526725000209/isrg-20250930.htm,35.7,4.617756712615448,1.1071183497255301,0.6683350908911946,0.7831280701431443,6,assets_growth_yoy,-1.5909,equity_to_assets,1.5137,accrual_ratio,-0.7936,robust_mcd,brick3_q_v2_robust_mahalanobis_clipped,2026-03-18T05:10:36.278770+00:00
CPRT,,10-Q,2022-04-30,https://www.sec.gov/Archives/edgar/data/900075/000090007522000037/cprt-20220430.htm,35.62,4.616729092880536,2.031908710592958,0.8584712584109915,1.48805876707877,6,debt_to_assets,-1.7619,equity_to_assets,1.7383,accrual_ratio,-1.7118,robust_mcd,brick3_q_v2_robust_mahalanobis_clipped,2026-03-18T05:10:36.278770+00:00
GOOG,,10-Q,2022-09-30,https://www.sec.gov/Archives/edgar/data/1652044/000165204422000090/goog-20220930.htm,35.51,4.5877497926928195,,0.9515622068852497,0.9515622068852497,6,accrual_ratio,-2.4411,equity_to_assets,1.1212,debt_to_assets,-0.7652,robust_mcd,brick3_q_v2_robust_mahalanobis_clipped,2026-03-18T05:10:36.278770+00:00
GOOGL,,10-Q,2022-09-30,https://www.sec.gov/Archives/edgar/data/1652044/000165204422000090/goog-20220930.htm,35.51,4.5877497926928195,,0.9515622068852497,0.9515622068852497,6,accrual_ratio,-2.4411,equity_to_assets,1.1212,debt_to_assets,-0.7652,robust_mcd,brick3_q_v2_robust_mahalanobis_clipped,2026-03-18T05:10:36.278770+00:00
DDOG,,10-Q,2025-09-30,https://www.sec.gov/Archives/edgar/data/1561550/000156155025000313/ddog-20250930.htm,35.39,4.575559286920062,0.8014034857251993,2.2342057385591176,1.3745243868587667,6,ocf_to_net_income,3.6759,assets_growth_yoy,1.0926,equity_to_assets,0.9362,robust_mcd,brick3_q_v2_robust_mahalanobis_clipped,2026-03-18T05:10:36.278770+00:00
ZS,,10-Q,2023-01-31,https://www.sec.gov/Archives/edgar/data/1713683/000171368323000030/zs-20230131.htm,35.31,4.550042862206955,1.6373507490971961,0.8689075116818419,1.3299734541310544,6,ocf_to_net_income,-2.6631,equity_to_assets,-1.6095,debt_to_assets,1.5958,robust_mcd,brick3_q_v2_robust_mahalanobis_clipped,2026-03-18T05:10:36.278770+00:00
KLAC,,10-Q,2021-09-30,https://www.sec.gov/Archives/edgar/data/319201/000031920121000037/klac-20210930.htm,35.24,4.549084419383686,,1.260963799270706,1.260963799270706,6,net_income_growth_yoy,2.9499,ocf_to_net_income,-1.5375,accrual_ratio,1.5024,robust_mcd,brick3_q_v2_robust_mahalanobis_clipped,2026-03-18T05:10:36.278770+00:00
KLAC,,10-Q,2023-09-30,https://www.sec.gov/Archives/edgar/data/319201/000031920123000039/klac-20230930.htm,35.16,4.539445238815113,1.7038313974384927,0.7135938581703699,1.3077363817312435,6,assets_growth_yoy,-2.2115,debt_to_assets,1.5641,equity_to_assets,-1.5249,robust_mcd,brick3_q_v2_robust_mahalanobis_clipped,2026-03-18T05:10:36.278770+00:00
AMAT,,10-Q,2022-07-31,https://www.sec.gov/Archives/edgar/data/6951/000000695122000032/amat-20220731.htm,35.08,4.477750576702785,2.6779330362550544,0.25201921918539233,1.1626629907512775,6,equity_to_assets,-2.1371,debt_to_assets,2.1357,accrual_ratio,-1.5297,robust_mcd,brick3_q_v2_robust_mahalanobis_clipped,2026-03-18T05:10:36.278770+00:00
PLTR,,10-Q,2025-03-31,https://www.sec.gov/Archives/edgar/data/1321655/000132165525000066/pltr-20250331.htm,35.0,4.474431520447911,1.2446312265263597,1.257870578944256,1.2115197624302199,6,assets_growth_yoy,1.9482,accrual_ratio,1.5208,equity_to_assets,1.5118,robust_mcd,brick3_q_v2_robust_mahalanobis_clipped,2026-03-18T05:10:36.278770+00:00
KDP,,10-Q,2022-06-30,https://www.sec.gov/Archives/edgar/data/1418135/000141813522000017/kdp-20220630.htm,34.93,4.454900442529518,2.0064851587219055,0.6687887118440425,1.4145856549498736,6,ocf_to_net_income,3.1572,net_income_growth_yoy,-1.9022,equity_to_assets,1.3313,robust_mcd,brick3_q_v2_robust_mahalanobis_clipped,2026-03-18T05:10:36.278770+00:00
INSM,,10-Q,2024-03-31,https://www.sec.gov/Archives/edgar/data/1104506/000110450624000016/insm-20240331.htm,34.85,4.423220131204666,1.3623928555610494,1.7099281776838098,1.2004930911901102,6,assets_growth_yoy,-2.1815,debt_to_assets,1.7985,equity_to_assets,-1.7085,robust_mcd,brick3_q_v2_robust_mahalanobis_clipped,2026-03-18T05:10:36.278770+00:00
BKR,,10-Q,2021-03-31,https://www.sec.gov/Archives/edgar/data/1701605/000170160521000048/bkr-20210331.htm,34.77,4.422563911610211,,1.1599122508919817,1.1599122508919817,5,ocf_to_net_income,-2.5399,net_income_growth_yoy,1.3738,accrual_ratio,-0.9876,robust_mcd,brick3_q_v2_robust_mahalanobis_clipped,2026-03-18T05:10:36.278770+00:00
CDNS,,10-Q,2023-03-31,https://www.sec.gov/Archives/edgar/data/813672/000081367223000025/cdns-20230331.htm,34.7,4.386936348016399,1.1240459502551974,0.37552687904135973,0.631983563907793,5,equity_to_assets,-1.2277,accrual_ratio,0.8471,ocf_to_net_income,-0.7963,robust_mcd,brick3_q_v2_robust_mahalanobis_clipped,2026-03-18T05:10:36.278770+00:00
AMD,,10-Q,2023-04-01,https://www.sec.gov/Archives/edgar/data/2488/000000248823000076/amd-20230401.htm,34.62,4.382257349323992,1.2074672031255695,1.0683512060283782,1.1189240912271354,5,ocf_to_net_income,-3.0198,equity_to_assets,0.8855,assets_growth_yoy,-0.8016,robust_mcd,brick3_q_v2_robust_mahalanobis_clipped,2026-03-18T05:10:36.278770+00:00
IDXX,,10-Q,2021-09-30,https://www.sec.gov/Archives/edgar/data/874716/000087471621000055/idxx-20210930.htm,34.54,4.3669791494288,,0.6905617010492965,0.6905617010492965,6,accrual_ratio,-2.3299,assets_growth_yoy,0.6183,debt_to_assets,0.5872,robust_mcd,brick3_q_v2_robust_mahalanobis_clipped,2026-03-18T05:10:36.278770+00:00
ROST,,10-Q,2024-08-03,https://www.sec.gov/Archives/edgar/data/745732/000074573224000050/rost-20240803.htm,34.46,4.353488380437699,1.133770305074528,2.0364935687777757,0.48712063286851953,5,equity_to_assets,-1.3028,assets_growth_yoy,-0.7595,accrual_ratio,0.1886,robust_mcd,brick3_q_v2_robust_mahalanobis_clipped,2026-03-18T05:10:36.278770+00:00
LRCX,,10-Q,2025-03-30,https://www.sec.gov/Archives/edgar/data/707549/000070754925000054/lrcx-20250330.htm,34.39,4.353069234244766,1.6777938836442214,0.6974063567835294,1.2856388728999446,6,equity_to_assets,2.3676,debt_to_assets,-2.311,accrual_ratio,-1.152,robust_mcd,brick3_q_v2_robust_mahalanobis_clipped,2026-03-18T05:10:36.278770+00:00
TEAM,,10-Q,2025-09-30,https://www.sec.gov/Archives/edgar/data/1650372/000165037225000068/team-20250930.htm,34.31,4.3301068514261,,1.2536976216512123,1.2536976216512123,6,ocf_to_net_income,-3.2189,net_income_growth_yoy,1.5742,debt_to_assets,0.8391,robust_mcd,brick3_q_v2_robust_mahalanobis_clipped,2026-03-18T05:10:36.278770+00:00
BKNG,,10-Q,2024-09-30,https://www.sec.gov/Archives/edgar/data/1075531/000107553124000048/bkng-20240930.htm,34.23,4.299276905769215,1.513565701998385,1.1021031516552189,1.2675542428806452,4,equity_to_assets,-2.4203,debt_to_assets,2.3601,revenue_growth_yoy,-0.2121,robust_mcd,brick3_q_v2_robust_mahalanobis_clipped,2026-03-18T05:10:36.278770+00:00
CSCO,,10-Q,2025-04-26,https://www.sec.gov/Archives/edgar/data/858877/000085887725000033/csco-20250426.htm,34.16,4.291680679224714,1.1855744380330198,,1.1855744380330198,6,debt_to_assets,2.4179,equity_to_assets,-2.4179,ocf_to_net_income,0.9784,robust_mcd,brick3_q_v2_robust_mahalanobis_clipped,2026-03-18T05:10:36.278770+00:00
LRCX,,10-Q,2022-09-25,https://www.sec.gov/Archives/edgar/data/707549/000070754922000124/lrcx-20220925.htm,34.08,4.273329290822438,1.5599518487266297,,1.5599518487266297,4,debt_to_assets,-1.6573,accrual_ratio,1.6532,equity_to_assets,1.6417,robust_mcd,brick3_q_v2_robust_mahalanobis_clipped,2026-03-18T05:10:36.278770+00:00
VRSK,,10-Q,2025-09-30,https://www.sec.gov/Archives/edgar/data/1442145/000143774925032073/vrsk20250930_10q.htm,34.0,4.246434155035583,0.8707256915308509,1.207193261772426,0.8364994604512908,6,assets_growth_yoy,3.1388,debt_to_assets,0.7872,equity_to_assets,-0.7384,robust_mcd,brick3_q_v2_robust_mahalanobis_clipped,2026-03-18T05:10:36.278770+00:00
WBD,,10-Q,2025-03-31,https://www.sec.gov/Archives/edgar/data/1437107/000143710725000096/disca-20250331.htm,33.92,4.1648760973362124,1.0984390953319378,1.1086356430345614,1.1008047481442211,6,ocf_to_net_income,-1.8272,debt_to_assets,1.5824,assets_growth_yoy,-1.4059,robust_mcd,brick3_q_v2_robust_mahalanobis_clipped,2026-03-18T05:10:36.278770+00:00
AMAT,,10-Q,2023-07-30,https://www.sec.gov/Archives/edgar/data/6951/000000695123000031/amat-20230730.htm,33.85,4.158640995127107,1.2022332185530866,1.0357360423060527,1.045702246790727,6,ocf_to_net_income,3.282,accrual_ratio,-1.7125,net_income_growth_yoy,-0.6745,robust_mcd,brick3_q_v2_robust_mahalanobis_clipped,2026-03-18T05:10:36.278770+00:00
ADSK,,10-Q,2022-10-31,https://www.sec.gov/Archives/edgar/data/769397/000076939722000148/adsk-20221031.htm,33.77,4.138060001836789,1.266459719382166,0.7977079201813991,1.0789589997018594,5,assets_growth_yoy,-1.3863,accrual_ratio,-1.2812,ocf_to_net_income,1.0845,robust_mcd,brick3_q_v2_robust_mahalanobis_clipped,2026-03-18T05:10:36.278770+00:00
WDC,,10-Q,2023-12-29,https://www.sec.gov/Archives/edgar/data/106040/000010604024000014/wdc-20231229.htm,33.69,4.134923288741268,0.8483466029110841,0.6744907594765951,0.6088946318509877,6,accrual_ratio,1.7138,ocf_to_net_income,0.9093,equity_to_assets,-0.4608,robust_mcd,brick3_q_v2_robust_mahalanobis_clipped,2026-03-18T05:10:36.278770+00:00
LRCX,,10-Q,2022-12-25,https://www.sec.gov/Archives/edgar/data/707549/000070754923000008/lrcx-20221225.htm,33.62,4.118623490349332,1.3972882923221595,0.6744907594765952,1.103414760321724,6,equity_to_assets,2.777,debt_to_assets,-1.936,assets_growth_yoy,-0.6745,robust_mcd,brick3_q_v2_robust_mahalanobis_clipped,2026-03-18T05:10:36.278770+00:00
AEP,,10-Q,2025-09-30,https://www.sec.gov/Archives/edgar/data/4904/000000490425000171/aep-20250930.htm,33.54,4.118194326767471,2.1090425299704387,0.3724494287225697,1.152555312912427,4,debt_to_assets,-1.9351,equity_to_assets,1.483,assets_growth_yoy,0.9885,robust_mcd,brick3_q_v2_robust_mahalanobis_clipped,2026-03-18T05:10:36.278770+00:00
VRTX,,10-Q,2022-09-30,https://www.sec.gov/Archives/edgar/data/875320/000087532022000038/vrtx-20220930.htm,33.46,4.113764930222446,1.341779196226445,1.1833886415577308,1.2595200703672584,6,accrual_ratio,-1.7813,assets_growth_yoy,1.7044,equity_to_assets,1.5638,robust_mcd,brick3_q_v2_robust_mahalanobis_clipped,2026-03-18T05:10:36.278770+00:00
HON,,10-Q,2023-06-30,https://www.sec.gov/Archives/edgar/data/773840/000077384023000073/hon-20230630.htm,33.38,4.102718269936339,0.4809027438183541,0.7202137223340431,0.5446839307216509,5,equity_to_assets,-1.2216,accrual_ratio,0.6809,ocf_to_net_income,-0.5434,robust_mcd,brick3_q_v2_robust_mahalanobis_clipped,2026-03-18T05:10:36.278770+00:00
TMUS,,10-Q,2025-06-30,https://www.sec.gov/Archives/edgar/data/1283699/000128369925000117/tmus-20250630.htm,33.31,4.059447630165773,0.8252546493746837,0.3119311727825574,0.5858800252987599,5,equity_to_assets,-1.1631,accrual_ratio,-1.1444,assets_growth_yoy,-0.3632,robust_mcd,brick3_q_v2_robust_mahalanobis_clipped,2026-03-18T05:10:36.278770+00:00
TMUS,,10-Q,2024-09-30,https://www.sec.gov/Archives/edgar/data/1283699/000128369924000142/tmus-20240930.htm,33.23,4.05785044010585,0.6141563564544364,0.6892511183609056,0.5307851730152474,5,equity_to_assets,-1.2725,assets_growth_yoy,-0.5156,net_income_growth_yoy,0.5061,robust_mcd,brick3_q_v2_robust_mahalanobis_clipped,2026-03-18T05:10:36.278770+00:00
AMZN,,10-Q,2021-09-30,https://www.sec.gov/Archives/edgar/data/1018724/000101872421000028/amzn-20210930.htm,33.15,4.040561676667121,,1.1462799976421123,1.1462799976421123,5,assets_growth_yoy,2.1444,net_income_growth_yoy,-1.7434,accrual_ratio,0.8571,robust_mcd,brick3_q_v2_robust_mahalanobis_clipped,2026-03-18T05:10:36.278770+00:00
ISRG,,10-Q,2022-03-31,https://www.sec.gov/Archives/edgar/data/1035267/000103526722000085/isrg-20220331.htm,33.08,3.999851827668304,,1.249518098221604,1.249518098221604,6,equity_to_assets,2.0844,debt_to_assets,-1.6462,accrual_ratio,1.3495,robust_mcd,brick3_q_v2_robust_mahalanobis_clipped,2026-03-18T05:10:36.278770+00:00
AEP,,10-Q,2021-03-31,https://www.sec.gov/Archives/edgar/data/4904/000000490421000033/aep-20210331.htm,33.0,3.966723186784956,,0.44592135491726653,0.44592135491726653,4,debt_to_assets,0.7164,equity_to_assets,-0.3702,revenue_growth_yoy,0.3513,robust_mcd,brick3_q_v2_robust_mahalanobis_clipped,2026-03-18T05:10:36.278770+00:00
DASH,,10-Q,2025-09-30,https://www.sec.gov/Archives/edgar/data/1792789/000179278925000020/dash-20250930.htm,32.92,3.9607235134286696,1.2513445534280596,1.585947129524036,1.3144269586313106,6,assets_growth_yoy,2.2477,ocf_to_net_income,2.188,debt_to_assets,1.0428,robust_mcd,brick3_q_v2_robust_mahalanobis_clipped,2026-03-18T05:10:36.278770+00:00
AXON,,10-Q,2024-03-31,https://www.sec.gov/Archives/edgar/data/1069183/000106918324000032/axon-20240331x10q.htm,32.85,3.942471204618871,0.7333849785010994,1.774315813425588,0.9275557228280569,6,accrual_ratio,1.9003,net_income_growth_yoy,1.885,ocf_to_net_income,-0.9762,robust_mcd,brick3_q_v2_robust_mahalanobis_clipped,2026-03-18T05:10:36.278770+00:00
AAPL,,10-Q,2023-12-30,https://www.sec.gov/Archives/edgar/data/320193/000032019324000006/aapl-20231230.htm,32.77,3.9405402775609013,1.0146910706570327,,1.0146910706570327,6,equity_to_assets,1.9533,debt_to_assets,-1.9533,accrual_ratio,1.2891,robust_mcd,brick3_q_v2_robust_mahalanobis_clipped,2026-03-18T05:10:36.278770+00:00
MPWR,,10-Q,2021-06-30,https://www.sec.gov/Archives/edgar/data/1280452/000143774921019111/mpwr20210630_10q.htm,32.69,3.931885547709433,,1.1917993609670805,1.1917993609670805,6,equity_to_assets,1.8532,accrual_ratio,-1.7002,debt_to_assets,-1.2102,robust_mcd,brick3_q_v2_robust_mahalanobis_clipped,2026-03-18T05:10:36.278770+00:00
ODFL,,10-Q,2022-06-30,https://www.sec.gov/Archives/edgar/data/878927/000095017022014258/odfl-20220630.htm,32.61,3.92011168445022,1.0327702033110384,0.875759731397347,0.9080693700784076,6,accrual_ratio,-2.119,assets_growth_yoy,-1.1471,ocf_to_net_income,0.7049,robust_mcd,brick3_q_v2_robust_mahalanobis_clipped,2026-03-18T05:10:36.278770+00:00
CSGP,,10-Q,2021-03-31,https://www.sec.gov/Archives/edgar/data/1057352/000105735221000067/csgp-20210331.htm,32.54,3.811155591698807,,1.1653868918443004,1.1653868918443004,6,equity_to_assets,2.1014,assets_growth_yoy,2.0447,debt_to_assets,-1.5772,robust_mcd,brick3_q_v2_robust_mahalanobis_clipped,2026-03-18T05:10:36.278770+00:00
BKR,,10-Q,2025-03-31,https://www.sec.gov/Archives/edgar/data/1701605/000170160525000075/bkr-20250331.htm,32.46,3.8093463197416875,1.0630270100632817,0.2883990586818926,0.691161710935677,5,equity_to_assets,1.2235,accrual_ratio,0.9626,net_income_growth_yoy,-0.8397,robust_mcd,brick3_q_v2_robust_mahalanobis_clipped,2026-03-18T05:10:36.278770+00:00
KDP,,10-Q,2025-03-31,https://www.sec.gov/Archives/edgar/data/1418135/000141813525000061/kdp-20250331.htm,32.38,3.800098140319517,1.6568352795742107,0.4630903017457861,1.0982524783950822,6,debt_to_assets,1.9594,equity_to_assets,-1.9125,ocf_to_net_income,-1.1865,robust_mcd,brick3_q_v2_robust_mahalanobis_clipped,2026-03-18T05:10:36.278770+00:00
CTAS,,10-Q,2023-08-31,https://www.sec.gov/Archives/edgar/data/723254/000072325423000037/ctas-20230831.htm,32.31,3.799180160925788,1.1102456805876404,0.6744907594765952,0.8330224182485317,5,equity_to_assets,1.3211,net_income_growth_yoy,0.7675,assets_growth_yoy,0.7581,robust_mcd,brick3_q_v2_robust_mahalanobis_clipped,2026-03-18T05:10:36.278770+00:00
ROST,,10-Q,2021-10-30,https://www.sec.gov/Archives/edgar/data/745732/000074573221000058/rost-20211030.htm,32.23,3.7845352936200527,,0.9239916135349737,0.9239916135349737,5,accrual_ratio,-1.922,assets_growth_yoy,0.6745,ocf_to_net_income,0.6745,robust_mcd,brick3_q_v2_robust_mahalanobis_clipped,2026-03-18T05:10:36.278770+00:00
ADSK,,10-Q,2021-04-30,https://www.sec.gov/Archives/edgar/data/769397/000076939721000034/adsk-20210430.htm,32.15,3.7723838414073723,,0.7745412534806903,0.7745412534806903,5,accrual_ratio,1.5914,net_income_growth_yoy,0.8939,equity_to_assets,-0.5958,robust_mcd,brick3_q_v2_robust_mahalanobis_clipped,2026-03-18T05:10:36.278770+00:00
ODFL,,10-Q,2021-09-30,https://www.sec.gov/Archives/edgar/data/878927/000156459021054053/odfl-10q_20210930.htm,32.07,3.770935182724582,,0.9250830669986696,0.9250830669986696,6,equity_to_assets,1.7738,accrual_ratio,-1.7071,debt_to_assets,-1.2405,robust_mcd,brick3_q_v2_robust_mahalanobis_clipped,2026-03-18T05:10:36.278770+00:00
HON,,10-Q,2022-03-31,https://www.sec.gov/Archives/edgar/data/773840/000077384022000037/hon-20220331.htm,32.0,3.7607169811701553,,1.002789302110194,1.002789302110194,5,accrual_ratio,1.7794,ocf_to_net_income,-1.5563,net_income_growth_yoy,-0.7992,robust_mcd,brick3_q_v2_robust_mahalanobis_clipped,2026-03-18T05:10:36.278770+00:00
BKR,,10-Q,2024-03-31,https://www.sec.gov/Archives/edgar/data/1701605/000170160524000067/bkr-20240331.htm,31.92,3.723326136740236,1.3788673195641419,0.35251674453903953,0.8959304113893172,5,accrual_ratio,1.5536,net_income_growth_yoy,-1.4102,assets_growth_yoy,1.0765,robust_mcd,brick3_q_v2_robust_mahalanobis_clipped,2026-03-18T05:10:36.278770+00:00
ODFL,,10-Q,2024-03-31,https://www.sec.gov/Archives/edgar/data/878927/000095017024054284/odfl-20240331.htm,31.84,3.7187671902729367,1.7780630312936465,0.6918826345335861,1.2107808312418433,6,equity_to_assets,2.3399,debt_to_assets,-2.2647,assets_growth_yoy,1.1137,robust_mcd,brick3_q_v2_robust_mahalanobis_clipped,2026-03-18T05:10:36.278770+00:00
LRCX,,10-Q,2023-09-24,https://www.sec.gov/Archives/edgar/data/707549/000070754923000115/lrcx-20230924.htm,31.77,3.71858905952675,1.2120338978626173,,1.2120338978626173,6,net_income_growth_yoy,-2.6845,equity_to_assets,1.2491,debt_to_assets,-1.2491,robust_mcd,brick3_q_v2_robust_mahalanobis_clipped,2026-03-18T05:10:36.278770+00:00
ADSK,,10-Q,2022-04-30,https://www.sec.gov/Archives/edgar/data/769397/000076939722000074/adsk-20220430.htm,31.69,3.5780763539445464,,0.5357499568153476,0.5357499568153476,5,equity_to_assets,-1.1037,ocf_to_net_income,0.6616,accrual_ratio,0.578,robust_mcd,brick3_q_v2_robust_mahalanobis_clipped,2026-03-18T05:10:36.278770+00:00
WDAY,,10-Q,2025-10-31,https://www.sec.gov/Archives/edgar/data/1327811/000132781125000198/wday-20251031.htm,31.61,3.574952218600994,1.1065210869196045,0.7210605613696871,0.9169080226299462,6,accrual_ratio,-2.0505,ocf_to_net_income,1.1578,equity_to_assets,0.8954,robust_mcd,brick3_q_v2_robust_mahalanobis_clipped,2026-03-18T05:10:36.278770+00:00
CSX,,10-Q,2022-06-30,https://www.sec.gov/Archives/edgar/data/277948/000027794822000034/csx-20220630.htm,31.53,3.5626010762271982,1.3615413899185973,0.20450238529897474,0.8966476112589422,5,assets_growth_yoy,-2.1817,debt_to_assets,0.8336,net_income_growth_yoy,-0.5266,robust_mcd,brick3_q_v2_robust_mahalanobis_clipped,2026-03-18T05:10:36.278770+00:00
MCHP,,10-Q,2024-09-30,https://www.sec.gov/Archives/edgar/data/827054/000082705424000206/mchp-20240930.htm,31.46,3.5296276723907494,1.1609625294452521,1.1751578645662235,1.149418355752936,5,net_income_growth_yoy,-2.3714,assets_growth_yoy,-1.4782,ocf_to_net_income,1.0699,robust_mcd,brick3_q_v2_robust_mahalanobis_clipped,2026-03-18T05:10:36.278770+00:00
ODFL,,10-Q,2024-09-30,https://www.sec.gov/Archives/edgar/data/878927/000095017024122440/odfl-20240930.htm,31.38,3.5073262519110435,1.3287062491264263,1.083236287769332,1.2305182645835886,6,accrual_ratio,-1.7795,ocf_to_net_income,1.2221,equity_to_assets,1.2126,robust_mcd,brick3_q_v2_robust_mahalanobis_clipped,2026-03-18T05:10:36.278770+00:00
INTC,,10-Q,2025-03-29,https://www.sec.gov/Archives/edgar/data/50863/000005086325000074/intc-20250329.htm,31.3,3.4979405855228745,1.1866685479560204,0.7747311392417686,0.8907936576436658,5,net_income_growth_yoy,1.9868,ocf_to_net_income,-1.5037,equity_to_assets,-0.8126,robust_mcd,brick3_q_v2_robust_mahalanobis_clipped,2026-03-18T05:10:36.278770+00:00
PCAR,,10-Q,2021-03-31,https://www.sec.gov/Archives/edgar/data/75362/000156459021022825/pcar-10q_20210331.htm,31.23,3.4577382430501094,,0.31049346585170134,0.31049346585170134,7,accrual_ratio,0.6106,assets_growth_yoy,-0.481,revenue_growth_yoy,0.2962,robust_mcd,brick3_q_v2_robust_mahalanobis_clipped,2026-03-18T05:10:36.278770+00:00
ROST,,10-Q,2021-05-01,https://www.sec.gov/Archives/edgar/data/745732/000074573221000041/rost-20210501.htm,31.15,3.4536941672827517,,0.6046538451111321,0.6046538451111321,5,net_income_growth_yoy,1.2619,equity_to_assets,-1.1088,ocf_to_net_income,-0.3525,robust_mcd,brick3_q_v2_robust_mahalanobis_clipped,2026-03-18T05:10:36.278770+00:00
CTSH,,10-Q,2021-06-30,https://www.sec.gov/Archives/edgar/data/1058290/000105829021000212/ctsh-20210630.htm,31.07,3.4454782882059307,,0.5528810539604587,0.5528810539604587,8,assets_growth_yoy,-1.346,equity_to_assets,1.2722,debt_to_assets,-0.7429,robust_mcd,brick3_q_v2_robust_mahalanobis_clipped,2026-03-18T05:10:36.278770+00:00
ISRG,,10-Q,2024-03-31,https://www.sec.gov/Archives/edgar/data/1035267/000103526724000137/isrg-20240331.htm,30.99,3.4399413088633097,0.8922505186751181,1.3739536236225003,1.163246180190231,6,equity_to_assets,1.6754,accrual_ratio,1.3457,ocf_to_net_income,-1.0903,robust_mcd,brick3_q_v2_robust_mahalanobis_clipped,2026-03-18T05:10:36.278770+00:00
IDXX,,10-Q,2023-06-30,https://www.sec.gov/Archives/edgar/data/874716/000087471623000100/idxx-20230630.htm,30.92,3.423515604662722,1.6983882500938001,0.4295894694846664,1.0782431350432777,6,net_income_growth_yoy,1.9842,equity_to_assets,1.9191,debt_to_assets,-1.813,robust_mcd,brick3_q_v2_robust_mahalanobis_clipped,2026-03-18T05:10:36.278770+00:00
CMCSA,,10-Q,2021-06-30,https://www.sec.gov/Archives/edgar/data/1166691/000116669121000029/cmcsa-20210630.htm,30.84,3.4159031526233763,,0.43653433536943326,0.43653433536943326,7,ocf_to_net_income,1.2295,assets_growth_yoy,-0.5334,accrual_ratio,-0.4182,robust_mcd,brick3_q_v2_robust_mahalanobis_clipped,2026-03-18T05:10:36.278770+00:00
BKR,,10-Q,2025-06-30,https://www.sec.gov/Archives/edgar/data/1701605/000170160525000107/bkr-20250630.htm,30.76,3.4148106878127074,0.8527237911051821,0.2290474443261367,0.516424435429658,5,equity_to_assets,1.3098,accrual_ratio,0.616,assets_growth_yoy,0.4069,robust_mcd,brick3_q_v2_robust_mahalanobis_clipped,2026-03-18T05:10:36.278770+00:00
KHC,,10-Q,2023-04-01,https://www.sec.gov/Archives/edgar/data/1637459/000163745923000047/khc-20230401.htm,30.69,3.3911486782247864,1.7570282182577823,0.5853295718576598,1.0690529213689084,6,net_income_growth_yoy,-1.8939,debt_to_assets,-1.1642,accrual_ratio,1.1191,robust_mcd,brick3_q_v2_robust_mahalanobis_clipped,2026-03-18T05:10:36.278770+00:00
IDXX,,10-Q,2023-09-30,https://www.sec.gov/Archives/edgar/data/874716/000087471623000128/idxx-20230930.htm,30.61,3.3719222062917176,1.6040724731573437,0.46081795010384524,1.112381092780563,6,accrual_ratio,-1.7733,equity_to_assets,1.391,debt_to_assets,-1.3237,robust_mcd,brick3_q_v2_robust_mahalanobis_clipped,2026-03-18T05:10:36.278770+00:00
MCHP,,10-Q,2022-09-30,https://www.sec.gov/Archives/edgar/data/827054/000082705422000193/mchp-20220930.htm,30.53,3.3514881025976893,1.2731924693927723,0.7492698968107272,0.908890031242291,5,assets_growth_yoy,1.7343,equity_to_assets,1.0179,net_income_growth_yoy,0.9041,robust_mcd,brick3_q_v2_robust_mahalanobis_clipped,2026-03-18T05:10:36.278770+00:00
MU,,10-Q,2025-11-27,https://www.sec.gov/Archives/edgar/data/723125/000072312525000046/mu-20251127.htm,30.45,3.3492814635736585,0.7404344588455666,,0.7404344588455666,6,assets_growth_yoy,2.7546,accrual_ratio,0.6194,ocf_to_net_income,-0.5086,robust_mcd,brick3_q_v2_robust_mahalanobis_clipped,2026-03-18T05:10:36.278770+00:00
FAST,,10-Q,2025-03-31,https://www.sec.gov/Archives/edgar/data/815556/000081555625000083/fast-20250331.htm,30.38,3.3378227048545983,0.7211168502046017,0.6121594787626773,0.6775339016278319,5,equity_to_assets,1.2509,assets_growth_yoy,0.7955,accrual_ratio,0.5775,robust_mcd,brick3_q_v2_robust_mahalanobis_clipped,2026-03-18T05:10:36.278770+00:00
TXN,,10-Q,2021-06-30,https://www.sec.gov/Archives/edgar/data/97476/000009747621000020/txn-20210630.htm,30.3,3.334102719089085,,0.596179597835092,0.596179597835092,6,accrual_ratio,-2.0584,equity_to_assets,0.6988,assets_growth_yoy,0.431,robust_mcd,brick3_q_v2_robust_mahalanobis_clipped,2026-03-18T05:10:36.278770+00:00
MSFT,,10-Q,2024-03-31,https://www.sec.gov/Archives/edgar/data/789019/000095017024048288/msft-20240331.htm,30.22,3.3122042601532082,1.2353089558700674,0.6140617299394842,0.9717868669160735,6,assets_growth_yoy,2.7606,equity_to_assets,1.001,debt_to_assets,-0.9347,robust_mcd,brick3_q_v2_robust_mahalanobis_clipped,2026-03-18T05:10:36.278770+00:00
ADSK,,10-Q,2021-07-31,https://www.sec.gov/Archives/edgar/data/769397/000076939721000075/adsk-20210731.htm,30.15,3.308990597737916,,0.41676156592967395,0.41676156592967395,5,equity_to_assets,-1.1635,ocf_to_net_income,0.6745,assets_growth_yoy,0.1762,robust_mcd,brick3_q_v2_robust_mahalanobis_clipped,2026-03-18T05:10:36.278770+00:00
SNPS,,10-Q,2023-07-31,https://www.sec.gov/Archives/edgar/data/883241/000088324123000016/snps-20230731.htm,30.07,3.3013589170878097,1.1188053760685948,0.5249409703698446,0.6513637355242513,6,assets_growth_yoy,-2.6247,accrual_ratio,-0.6742,ocf_to_net_income,0.1909,robust_mcd,brick3_q_v2_robust_mahalanobis_clipped,2026-03-18T05:10:36.278770+00:00
ISRG,,10-Q,2021-09-30,https://www.sec.gov/Archives/edgar/data/1035267/000103526721000178/isrg-20210930.htm,29.99,3.2832433703814954,,1.1302284556156181,1.1302284556156181,6,equity_to_assets,2.4249,debt_to_assets,-1.8629,assets_growth_yoy,1.044,robust_mcd,brick3_q_v2_robust_mahalanobis_clipped,2026-03-18T05:10:36.278770+00:00
WDC,,10-Q,2023-03-31,https://www.sec.gov/Archives/edgar/data/106040/000010604023000017/wdc-20230331.htm,29.92,3.263861287531357,0.9703785416735197,0.49769830570812434,0.7353050898395691,6,accrual_ratio,1.3458,assets_growth_yoy,-0.7914,debt_to_assets,-0.7416,robust_mcd,brick3_q_v2_robust_mahalanobis_clipped,2026-03-18T05:10:36.278770+00:00
WDAY,,10-Q,2022-10-31,https://www.sec.gov/Archives/edgar/data/1327811/000132781122000184/wday-20221031.htm,29.84,3.261721803917015,1.2567372801801797,0.978854159884901,1.1277516517708384,6,net_income_growth_yoy,-2.1031,assets_growth_yoy,1.9771,equity_to_assets,0.9936,robust_mcd,brick3_q_v2_robust_mahalanobis_clipped,2026-03-18T05:10:36.278770+00:00
PLTR,,10-Q,2025-06-30,https://www.sec.gov/Archives/edgar/data/1321655/000132165525000106/pltr-20250630.htm,29.76,3.252765822320431,0.7696642617481344,2.028373330409049,1.2038862573654914,6,assets_growth_yoy,2.3299,net_income_growth_yoy,1.8238,equity_to_assets,1.1614,robust_mcd,brick3_q_v2_robust_mahalanobis_clipped,2026-03-18T05:10:36.278770+00:00
ROP,,10-Q,2023-09-30,https://www.sec.gov/Archives/edgar/data/882835/000088283523000052/rop-20230930.htm,29.68,3.2457419607467988,1.7930515462039167,0.44628340120509097,1.2181199229800599,6,ocf_to_net_income,2.2857,assets_growth_yoy,1.5087,accrual_ratio,-1.4848,robust_mcd,brick3_q_v2_robust_mahalanobis_clipped,2026-03-18T05:10:36.278770+00:00
KDP,,10-Q,2023-03-31,https://www.sec.gov/Archives/edgar/data/1418135/000141813523000009/kdp-20230331.htm,29.61,3.2434518705922133,0.9643845708500823,0.7439227938649303,0.8531480563580572,6,assets_growth_yoy,-1.6476,accrual_ratio,1.33,ocf_to_net_income,-1.2779,robust_mcd,brick3_q_v2_robust_mahalanobis_clipped,2026-03-18T05:10:36.278770+00:00
DXCM,,10-Q,2025-09-30,https://www.sec.gov/Archives/edgar/data/1093557/000109355725000280/dxcm-20250930.htm,29.53,3.233683257280979,0.6674462885418039,1.0897425807455363,0.8363648054232969,6,net_income_growth_yoy,2.0256,accrual_ratio,-1.7241,assets_growth_yoy,0.4777,robust_mcd,brick3_q_v2_robust_mahalanobis_clipped,2026-03-18T05:10:36.278770+00:00
KHC,,10-Q,2022-03-26,https://www.sec.gov/Archives/edgar/data/1637459/000163745922000060/khc-20220326.htm,29.45,3.214339179061036,,0.705145284636875,0.705145284636875,6,net_income_growth_yoy,2.2074,accrual_ratio,0.6745,ocf_to_net_income,-0.6745,robust_mcd,brick3_q_v2_robust_mahalanobis_clipped,2026-03-18T05:10:36.278770+00:00
WDAY,,10-Q,2021-07-31,https://www.sec.gov/Archives/edgar/data/1327811/000132781121000133/wday-20210731.htm,29.38,3.2065551628124145,,0.7961618381075591,0.7961618381075591,6,net_income_growth_yoy,2.956,accrual_ratio,0.9171,debt_to_assets,0.4364,robust_mcd,brick3_q_v2_robust_mahalanobis_clipped,2026-03-18T05:10:36.278770+00:00
ALNY,,10-Q,2023-03-31,https://www.sec.gov/Archives/edgar/data/1178670/000117867023000011/alny-20230331.htm,29.3,3.205609027689308,1.2975648704310914,0.89937085543548,1.0737843083535217,6,debt_to_assets,1.7197,equity_to_assets,-1.6903,assets_growth_yoy,-1.5308,robust_mcd,brick3_q_v2_robust_mahalanobis_clipped,2026-03-18T05:10:36.278770+00:00
META,,10-Q,2024-03-31,https://www.sec.gov/Archives/edgar/data/1326801/000132680124000049/meta-20240331.htm,29.22,3.204930885000193,,1.1360751288677542,1.1360751288677542,6,net_income_growth_yoy,2.2347,accrual_ratio,-1.2718,assets_growth_yoy,1.1893,robust_mcd,brick3_q_v2_robust_mahalanobis_clipped,2026-03-18T05:10:36.278770+00:00
CSGP,,10-Q,2023-09-30,https://www.sec.gov/Archives/edgar/data/1057352/000105735223000127/csgp-20230930.htm,29.14,3.1835621507333225,1.391493852765006,0.6142734033374696,1.0202155292660307,6,equity_to_assets,2.3339,debt_to_assets,-2.1429,net_income_growth_yoy,0.6409,robust_mcd,brick3_q_v2_robust_mahalanobis_clipped,2026-03-18T05:10:36.278770+00:00
DDOG,,10-Q,2024-09-30,https://www.sec.gov/Archives/edgar/data/1561550/000156155024000175/ddog-20240930.htm,29.07,3.1827897593511816,0.9934935621648009,1.9615136141497065,1.380701582958763,6,ocf_to_net_income,1.8248,net_income_growth_yoy,1.4282,assets_growth_yoy,1.4266,robust_mcd,brick3_q_v2_robust_mahalanobis_clipped,2026-03-18T05:10:36.278770+00:00
TXN,,10-Q,2025-03-31,https://www.sec.gov/Archives/edgar/data/97476/000009747625000027/txn-20250331.htm,28.99,3.163029552455673,1.1257028590820568,0.5478958103768425,0.8453188145863223,6,assets_growth_yoy,-2.0371,accrual_ratio,1.0335,ocf_to_net_income,-0.866,robust_mcd,brick3_q_v2_robust_mahalanobis_clipped,2026-03-18T05:10:36.278770+00:00
PLTR,,10-Q,2024-09-30,https://www.sec.gov/Archives/edgar/data/1321655/000132165524000209/pltr-20240930.htm,28.91,3.1530809224007403,1.1700782659631466,1.6088322439852536,1.3455798571719895,6,assets_growth_yoy,1.8904,ocf_to_net_income,1.5989,equity_to_assets,1.5555,robust_mcd,brick3_q_v2_robust_mahalanobis_clipped,2026-03-18T05:10:36.278770+00:00
ISRG,,10-Q,2021-03-31,https://www.sec.gov/Archives/edgar/data/1035267/000103526721000067/isrg-20210331.htm,28.84,3.1503152558043612,,0.9460467707892263,0.9460467707892263,6,equity_to_assets,2.4904,debt_to_assets,-2.0043,accrual_ratio,0.4907,robust_mcd,brick3_q_v2_robust_mahalanobis_clipped,2026-03-18T05:10:36.278770+00:00
TXN,,10-Q,2023-03-31,https://www.sec.gov/Archives/edgar/data/97476/000009747623000025/txn-20230331.htm,28.76,3.1436293622464686,1.2320437706096725,0.8392379285194939,0.8827773623370154,6,net_income_growth_yoy,-2.0926,accrual_ratio,1.2504,ocf_to_net_income,-0.8716,robust_mcd,brick3_q_v2_robust_mahalanobis_clipped,2026-03-18T05:10:36.278770+00:00
PLTR,,10-Q,2022-09-30,https://www.sec.gov/Archives/edgar/data/1321655/000132165522000032/pltr-20220930.htm,28.68,3.135437727267652,1.0434184144484113,0.816066944135132,0.8616659138662603,6,assets_growth_yoy,-2.3005,equity_to_assets,0.9457,ocf_to_net_income,-0.8342,robust_mcd,brick3_q_v2_robust_mahalanobis_clipped,2026-03-18T05:10:36.278770+00:00
CPRT,,10-Q,2021-10-31,https://www.sec.gov/Archives/edgar/data/900075/000090007521000032/cprt-20211031.htm,28.6,3.133064281292981,,0.7499700131420549,0.7499700131420549,6,accrual_ratio,1.5859,equity_to_assets,1.252,debt_to_assets,-1.0531,robust_mcd,brick3_q_v2_robust_mahalanobis_clipped,2026-03-18T05:10:36.278770+00:00
INSM,,10-Q,2025-09-30,https://www.sec.gov/Archives/edgar/data/1104506/000110450625000053/insm-20250930.htm,28.53,3.1219331051346195,0.9441213263864084,1.1183030418965416,0.7781863448183809,6,net_income_growth_yoy,-1.4459,accrual_ratio,1.4457,equity_to_assets,0.7543,robust_mcd,brick3_q_v2_robust_mahalanobis_clipped,2026-03-18T05:10:36.278770+00:00
INTC,,10-Q,2025-06-28,https://www.sec.gov/Archives/edgar/data/50863/000005086325000109/intc-20250628.htm,28.45,3.0958426499875022,0.9597954548853405,0.49242724239884694,0.6670333401842955,5,net_income_growth_yoy,1.3205,equity_to_assets,-0.9884,ocf_to_net_income,-0.7708,robust_mcd,brick3_q_v2_robust_mahalanobis_clipped,2026-03-18T05:10:36.278770+00:00
AXON,,10-Q,2022-09-30,https://www.sec.gov/Archives/edgar/data/1069183/000106918322000055/axon-20220930x10q.htm,28.37,3.0846394264560733,1.3032383676478512,1.1419733591134975,0.8423978898698969,6,ocf_to_net_income,2.9137,net_income_growth_yoy,-1.1816,debt_to_assets,0.4308,robust_mcd,brick3_q_v2_robust_mahalanobis_clipped,2026-03-18T05:10:36.278770+00:00
HON,,10-Q,2022-06-30,https://www.sec.gov/Archives/edgar/data/773840/000077384022000054/hon-20220630.htm,28.3,3.059827230623659,0.9237672932308539,0.6246826641729555,0.8041334416076946,5,assets_growth_yoy,-2.1752,accrual_ratio,0.859,ocf_to_net_income,-0.4498,robust_mcd,brick3_q_v2_robust_mahalanobis_clipped,2026-03-18T05:10:36.278770+00:00
WDAY,,10-Q,2025-04-30,https://www.sec.gov/Archives/edgar/data/1327811/000132781125000107/wday-20250430.htm,28.22,2.936116540791923,0.9256896292303948,1.197189050138262,1.0342893975935417,6,assets_growth_yoy,-1.5463,equity_to_assets,1.541,ocf_to_net_income,1.3339,robust_mcd,brick3_q_v2_robust_mahalanobis_clipped,2026-03-18T05:10:36.278770+00:00
ALNY,,10-Q,2023-06-30,https://www.sec.gov/Archives/edgar/data/1178670/000117867023000015/alny-20230630.htm,28.14,2.9095852074838198,1.0985652375703594,1.0299090395048758,0.9593129753889094,6,equity_to_assets,-1.6338,debt_to_assets,1.4895,ocf_to_net_income,-1.1535,robust_mcd,brick3_q_v2_robust_mahalanobis_clipped,2026-03-18T05:10:36.278770+00:00
ABNB,,10-Q,2025-09-30,https://www.sec.gov/Archives/edgar/data/1559720/000155972025000030/abnb-20250930.htm,28.06,2.9092125171104,1.1609606551543887,0.4001509062969213,0.773511814308081,6,accrual_ratio,-1.6841,assets_growth_yoy,-1.0307,equity_to_assets,0.6193,robust_mcd,brick3_q_v2_robust_mahalanobis_clipped,2026-03-18T05:10:36.278770+00:00
EXC,,10-Q,2024-09-30,https://www.sec.gov/Archives/edgar/data/1109357/000110935724000187/exc-20240930.htm,27.99,2.899955317709363,0.8298377499227434,0.49799830832879455,0.6644553315018145,4,debt_to_assets,0.9832,equity_to_assets,-0.8905,assets_growth_yoy,0.4597,robust_mcd,brick3_q_v2_robust_mahalanobis_clipped,2026-03-18T05:10:36.278770+00:00
MRVL,,10-Q,2024-08-03,https://www.sec.gov/Archives/edgar/data/1835632/000183563224000142/mrvl-20240803.htm,27.91,2.8950792967505117,0.8884838776817716,0.9157727503176402,0.8521837319213699,6,accrual_ratio,-1.4343,net_income_growth_yoy,-1.3648,ocf_to_net_income,-1.1902,robust_mcd,brick3_q_v2_robust_mahalanobis_clipped,2026-03-18T05:10:36.278770+00:00
FTNT,,10-Q,2023-09-30,https://www.sec.gov/Archives/edgar/data/1262039/000126203923000038/ftnt-20230930.htm,27.83,2.88953263193908,0.4677654638787685,1.6347382758351803,0.9345545886613332,6,accrual_ratio,-1.7461,assets_growth_yoy,1.1753,ocf_to_net_income,0.7811,robust_mcd,brick3_q_v2_robust_mahalanobis_clipped,2026-03-18T05:10:36.278770+00:00
WDAY,,10-Q,2022-04-30,https://www.sec.gov/Archives/edgar/data/1327811/000132781122000091/wday-20220430.htm,27.76,2.8846013745416794,,0.9411863670443106,0.9411863670443106,6,net_income_growth_yoy,-2.1569,assets_growth_yoy,1.5094,ocf_to_net_income,-1.2109,robust_mcd,brick3_q_v2_robust_mahalanobis_clipped,2026-03-18T05:10:36.278770+00:00
WDC,,10-Q,2023-09-29,https://www.sec.gov/Archives/edgar/data/106040/000010604023000034/wdc-20230929.htm,27.68,2.87580714734974,0.7535220709240508,0.6744907594765951,0.4577119346824741,6,accrual_ratio,1.0836,net_income_growth_yoy,-0.6745,equity_to_assets,-0.5667,robust_mcd,brick3_q_v2_robust_mahalanobis_clipped,2026-03-18T05:10:36.278770+00:00
ROST,,10-Q,2024-11-02,https://www.sec.gov/Archives/edgar/data/745732/000074573224000062/rost-20241102.htm,27.6,2.853200616306931,1.3211923205626976,0.6744907594765952,0.6557507716077644,5,equity_to_assets,1.1876,ocf_to_net_income,0.9009,assets_growth_yoy,-0.7595,robust_mcd,brick3_q_v2_robust_mahalanobis_clipped,2026-03-18T05:10:36.278770+00:00
CDNS,,10-Q,2024-06-30,https://www.sec.gov/Archives/edgar/data/813672/000081367224000155/cdns-20240630.htm,27.53,2.823365913333734,1.0034983442108711,0.7630724568257584,0.8084899415542222,5,assets_growth_yoy,2.5226,net_income_growth_yoy,-0.5629,ocf_to_net_income,-0.4795,robust_mcd,brick3_q_v2_robust_mahalanobis_clipped,2026-03-18T05:10:36.278770+00:00
MPWR,,10-Q,2022-03-31,https://www.sec.gov/Archives/edgar/data/1280452/000143774922011721/mpwr20220331_10q.htm,27.45,2.809150909699527,,1.0811034108853108,1.0811034108853108,6,assets_growth_yoy,1.9817,equity_to_assets,1.7039,debt_to_assets,-1.2347,robust_mcd,brick3_q_v2_robust_mahalanobis_clipped,2026-03-18T05:10:36.278770+00:00
INTC,,10-Q,2022-10-01,https://www.sec.gov/Archives/edgar/data/50863/000005086322000038/intc-20221001.htm,27.37,2.807220316403637,1.3595127351651728,0.6744907594765956,0.9210986707244831,5,ocf_to_net_income,2.2839,net_income_growth_yoy,-0.6745,assets_growth_yoy,-0.6745,robust_mcd,brick3_q_v2_robust_mahalanobis_clipped,2026-03-18T05:10:36.278770+00:00
BKR,,10-Q,2025-09-30,https://www.sec.gov/Archives/edgar/data/1701605/000170160525000117/bkr-20250930.htm,27.29,2.7972517032455975,0.9635463625337322,0.39053501611194213,0.6160618661992485,5,equity_to_assets,1.2051,net_income_growth_yoy,-0.8363,ocf_to_net_income,0.691,robust_mcd,brick3_q_v2_robust_mahalanobis_clipped,2026-03-18T05:10:36.278770+00:00
CPRT,,10-Q,2024-01-31,https://www.sec.gov/Archives/edgar/data/900075/000090007524000007/cprt-20240131.htm,27.22,2.7879881815721994,0.42378166404765033,0.448801150865113,0.4051016882939817,5,debt_to_assets,-0.9557,net_income_growth_yoy,-0.5931,ocf_to_net_income,0.2272,robust_mcd,brick3_q_v2_robust_mahalanobis_clipped,2026-03-18T05:10:36.278770+00:00
AXON,,10-Q,2022-06-30,https://www.sec.gov/Archives/edgar/data/1069183/000106918322000036/axon-20220630x10q.htm,27.14,2.787613377422162,1.2385692226325442,1.2492552855213157,0.9775048186667584,6,debt_to_assets,1.3083,net_income_growth_yoy,1.2179,equity_to_assets,-1.1755,robust_mcd,brick3_q_v2_robust_mahalanobis_clipped,2026-03-18T05:10:36.278770+00:00
MCHP,,10-Q,2023-09-30,https://www.sec.gov/Archives/edgar/data/827054/000082705423000185/mchp-20230930.htm,27.06,2.7869369029838538,0.9480950560526565,0.19824722293308086,0.549472441811875,5,equity_to_assets,1.2032,net_income_growth_yoy,-0.8226,assets_growth_yoy,0.408,robust_mcd,brick3_q_v2_robust_mahalanobis_clipped,2026-03-18T05:10:36.278770+00:00
ORLY,,10-Q,2024-06-30,https://www.sec.gov/Archives/edgar/data/898173/000089817324000035/orly-20240630x10q.htm,26.99,2.7794217546051443,0.522950911220897,0.7704109813395841,0.619724341698942,5,net_income_growth_yoy,-1.0917,equity_to_assets,-0.9895,accrual_ratio,-0.5575,robust_mcd,brick3_q_v2_robust_mahalanobis_clipped,2026-03-18T05:10:36.278770+00:00
CSGP,,10-Q,2024-09-30,https://www.sec.gov/Archives/edgar/data/1057352/000105735224000125/csgp-20240930.htm,26.91,2.7271359697658704,1.169674408784381,0.9893643953850247,1.0371266869552045,6,net_income_growth_yoy,-2.7225,ocf_to_net_income,1.0073,equity_to_assets,0.8694,robust_mcd,brick3_q_v2_robust_mahalanobis_clipped,2026-03-18T05:10:36.278770+00:00
KLAC,,10-Q,2023-12-31,https://www.sec.gov/Archives/edgar/data/319201/000031920124000006/klac-20231231.htm,26.83,2.719454468780007,1.0245887571894932,0.5017787561683348,0.8099445103382156,6,assets_growth_yoy,-2.1084,net_income_growth_yoy,-1.1869,equity_to_assets,-0.7352,robust_mcd,brick3_q_v2_robust_mahalanobis_clipped,2026-03-18T05:10:36.278770+00:00
GILD,,10-Q,2025-09-30,https://www.sec.gov/Archives/edgar/data/882095/000088209525000047/gild-20250930.htm,26.75,2.7185817020341325,0.953890761663768,1.0370289436985345,0.9222105717573037,5,net_income_growth_yoy,2.6598,equity_to_assets,0.6582,assets_growth_yoy,0.5723,robust_mcd,brick3_q_v2_robust_mahalanobis_clipped,2026-03-18T05:10:36.278770+00:00
QCOM,,10-Q,2025-12-28,https://www.sec.gov/Archives/edgar/data/804328/000080432826000017/qcom-20251228.htm,26.68,2.718012915296816,0.4699972147789028,0.4817791139118537,0.4287787538956364,7,assets_growth_yoy,-0.8605,accrual_ratio,0.6379,ocf_to_net_income,-0.6029,robust_mcd,brick3_q_v2_robust_mahalanobis_clipped,2026-03-18T05:10:36.278770+00:00
INSM,,10-Q,2025-06-30,https://www.sec.gov/Archives/edgar/data/1104506/000110450625000043/insm-20250630.htm,26.6,2.7110299097986177,0.8625522132527643,1.2028048311136914,0.8977080397796362,6,equity_to_assets,1.3186,debt_to_assets,-1.2967,assets_growth_yoy,1.2906,robust_mcd,brick3_q_v2_robust_mahalanobis_clipped,2026-03-18T05:10:36.278770+00:00
ABNB,,10-Q,2022-09-30,https://www.sec.gov/Archives/edgar/data/1559720/000155972022000019/abnb-20220930.htm,26.52,2.7101169765083517,,0.7561353423248858,0.7561353423248858,6,accrual_ratio,-1.4706,assets_growth_yoy,1.3642,net_income_growth_yoy,1.0048,robust_mcd,brick3_q_v2_robust_mahalanobis_clipped,2026-03-18T05:10:36.278770+00:00
MRVL,,10-Q,2022-04-30,https://www.sec.gov/Archives/edgar/data/1835632/000183563222000028/mrvl-20220430.htm,26.45,2.6966880385798464,,0.9708968959192058,0.9708968959192058,6,net_income_growth_yoy,1.8559,debt_to_assets,-1.0335,equity_to_assets,1.0189,robust_mcd,brick3_q_v2_robust_mahalanobis_clipped,2026-03-18T05:10:36.278770+00:00
PANW,,10-Q,2024-04-30,https://www.sec.gov/Archives/edgar/data/1327567/000132756724000017/panw-20240430.htm,26.37,2.689267786294144,1.431645780058215,1.331869558798325,1.1457281415867209,6,ocf_to_net_income,1.9095,equity_to_assets,1.7876,debt_to_assets,-1.3085,robust_mcd,brick3_q_v2_robust_mahalanobis_clipped,2026-03-18T05:10:36.278770+00:00
MU,,10-Q,2024-11-28,https://www.sec.gov/Archives/edgar/data/723125/000072312524000047/mu-20241128.htm,26.29,2.687523371501241,0.9365404630907902,,0.9365404630907902,6,equity_to_assets,-1.706,debt_to_assets,1.706,accrual_ratio,0.8568,robust_mcd,brick3_q_v2_robust_mahalanobis_clipped,2026-03-18T05:10:36.278770+00:00
NVDA,,10-Q,2025-04-27,https://www.sec.gov/Archives/edgar/data/1045810/000104581025000116/nvda-20250427.htm,26.21,2.685465226535716,0.6653618341693692,0.6744907594765953,0.5362775522045258,8,equity_to_assets,1.291,debt_to_assets,-1.291,assets_growth_yoy,0.7414,robust_mcd,brick3_q_v2_robust_mahalanobis_clipped,2026-03-18T05:10:36.278770+00:00
AVGO,,10-Q,2023-04-30,https://www.sec.gov/Archives/edgar/data/1730168/000173016823000064/avgo-20230430.htm,26.14,2.6807527141699543,0.4284424908424996,0.9600206182763257,0.49448914133372285,5,accrual_ratio,1.1514,debt_to_assets,0.8185,assets_growth_yoy,-0.293,robust_mcd,brick3_q_v2_robust_mahalanobis_clipped,2026-03-18T05:10:36.278770+00:00
KDP,,10-Q,2023-06-30,https://www.sec.gov/Archives/edgar/data/1418135/000141813523000014/kdp-20230630.htm,26.06,2.6704862767736888,0.9003627474553216,0.8380999688012644,0.8754576359936989,6,net_income_growth_yoy,1.6661,assets_growth_yoy,-1.4555,accrual_ratio,0.859,robust_mcd,brick3_q_v2_robust_mahalanobis_clipped,2026-03-18T05:10:36.278770+00:00
WDAY,,10-Q,2024-10-31,https://www.sec.gov/Archives/edgar/data/1327811/000132781124000242/wday-20241031.htm,25.98,2.670101423627588,0.7919800790105209,0.7237381347201151,0.746204158025246,6,equity_to_assets,1.9696,debt_to_assets,-1.2307,accrual_ratio,0.8792,robust_mcd,brick3_q_v2_robust_mahalanobis_clipped,2026-03-18T05:10:36.278770+00:00
KHC,,10-Q,2021-09-25,https://www.sec.gov/Archives/edgar/data/1637459/000163745921000127/khc-20210925.htm,25.91,2.669401754186959,,0.6455835209717116,0.6455835209717116,5,accrual_ratio,1.0061,net_income_growth_yoy,0.8729,assets_growth_yoy,-0.6745,robust_mcd,brick3_q_v2_robust_mahalanobis_clipped,2026-03-18T05:10:36.278770+00:00
INSM,,10-Q,2025-03-31,https://www.sec.gov/Archives/edgar/data/1104506/000110450625000026/insm-20250331.htm,25.83,2.6648282491722948,0.684599765151841,1.5559901258233682,0.8901023041292303,6,assets_growth_yoy,2.0641,net_income_growth_yoy,-0.9789,accrual_ratio,-0.7956,robust_mcd,brick3_q_v2_robust_mahalanobis_clipped,2026-03-18T05:10:36.278770+00:00
CSCO,,10-Q,2025-10-25,https://www.sec.gov/Archives/edgar/data/858877/000085887725000171/csco-20251025.htm,25.75,2.6494098779567015,0.9033963169797197,,0.9033963169797197,6,debt_to_assets,1.6413,equity_to_assets,-1.6413,accrual_ratio,0.8382,robust_mcd,brick3_q_v2_robust_mahalanobis_clipped,2026-03-18T05:10:36.278770+00:00
TXN,,10-Q,2024-03-31,https://www.sec.gov/Archives/edgar/data/97476/000009747624000021/txn-20240331.htm,25.67,2.648412124858536,1.3352516997214827,0.6365288390801527,0.9735073306866951,6,debt_to_assets,1.436,equity_to_assets,-1.371,net_income_growth_yoy,-1.2422,robust_mcd,brick3_q_v2_robust_mahalanobis_clipped,2026-03-18T05:10:36.278770+00:00
XEL,,10-Q,2024-09-30,https://www.sec.gov/Archives/edgar/data/72903/000007290324000199/xel-20240930.htm,25.6,2.6320062077331365,1.4350591314782535,0.40100922068459643,0.933071162922935,5,assets_growth_yoy,1.8537,accrual_ratio,-1.1618,ocf_to_net_income,0.8574,robust_mcd,brick3_q_v2_robust_mahalanobis_clipped,2026-03-18T05:10:36.278770+00:00
CPRT,,10-Q,2023-10-31,https://www.sec.gov/Archives/edgar/data/900075/000090007523000043/cprt-20231031.htm,25.52,2.6166460257471424,0.6562813082213169,1.1985442656939387,0.7888725190426458,6,debt_to_assets,-1.3928,equity_to_assets,1.0061,accrual_ratio,1.0019,robust_mcd,brick3_q_v2_robust_mahalanobis_clipped,2026-03-18T05:10:36.278770+00:00
FAST,,10-Q,2025-06-30,https://www.sec.gov/Archives/edgar/data/815556/000081555625000106/fast-20250630.htm,25.44,2.596351033981827,0.914542483838758,0.6658138000411147,0.8150510103197007,5,net_income_growth_yoy,1.044,equity_to_assets,1.0265,assets_growth_yoy,0.8342,robust_mcd,brick3_q_v2_robust_mahalanobis_clipped,2026-03-18T05:10:36.278770+00:00
DXCM,,10-Q,2024-09-30,https://www.sec.gov/Archives/edgar/data/1093557/000109355724000180/dxcm-20240930.htm,25.37,2.5674764367434593,1.1545848768695257,0.6451300252303535,0.94383932199081,6,assets_growth_yoy,-1.3237,accrual_ratio,-1.2463,debt_to_assets,1.1692,robust_mcd,brick3_q_v2_robust_mahalanobis_clipped,2026-03-18T05:10:36.278770+00:00
CTAS,,10-Q,2025-02-28,https://www.sec.gov/Archives/edgar/data/723254/000162828025016483/ctas-20250228.htm,25.29,2.566446344297001,0.9686328273595727,0.26979630379063807,0.6890982179319989,5,equity_to_assets,0.9996,accrual_ratio,-0.9817,assets_growth_yoy,0.9739,robust_mcd,brick3_q_v2_robust_mahalanobis_clipped,2026-03-18T05:10:36.278770+00:00
TMUS,,10-Q,2021-09-30,https://www.sec.gov/Archives/edgar/data/1283699/000128369921000169/tmus-20210930.htm,25.21,2.565889516230354,,0.8329932551189195,0.8329932551189195,5,net_income_growth_yoy,-1.6217,ocf_to_net_income,1.154,accrual_ratio,0.7928,robust_mcd,brick3_q_v2_robust_mahalanobis_clipped,2026-03-18T05:10:36.278770+00:00
ADSK,,10-Q,2025-04-30,https://www.sec.gov/Archives/edgar/data/769397/000076939725000071/adsk-20250430.htm,25.13,2.5556094570762498,1.245766267139157,0.9186599929372692,0.8514859620202978,5,net_income_growth_yoy,-2.0639,assets_growth_yoy,-0.9607,accrual_ratio,0.8433,robust_mcd,brick3_q_v2_robust_mahalanobis_clipped,2026-03-18T05:10:36.278770+00:00
EXC,,10-Q,2024-03-31,https://www.sec.gov/Archives/edgar/data/1109357/000110935724000120/exc-20240331.htm,25.06,2.5534051061644085,0.8648802293994539,0.40712971756036453,0.6166416104966327,4,debt_to_assets,1.1535,equity_to_assets,-0.7649,assets_growth_yoy,0.3206,robust_mcd,brick3_q_v2_robust_mahalanobis_clipped,2026-03-18T05:10:36.278770+00:00
ADSK,,10-Q,2023-04-30,https://www.sec.gov/Archives/edgar/data/769397/000076939723000110/adsk-20230430.htm,24.98,2.5428765787630243,0.406895425432373,0.555163032072379,0.46620246808837534,5,equity_to_assets,-0.9746,assets_growth_yoy,-0.5019,net_income_growth_yoy,-0.4068,robust_mcd,brick3_q_v2_robust_mahalanobis_clipped,2026-03-18T05:10:36.278770+00:00
TTWO,,10-Q,2023-12-31,https://www.sec.gov/Archives/edgar/data/946581/000162828024003951/ttwo-20231231.htm,24.9,2.535185596757744,0.6009114828742053,1.2274238552857326,0.7948314769018121,6,assets_growth_yoy,-1.8454,net_income_growth_yoy,1.0504,debt_to_assets,-0.5704,robust_mcd,brick3_q_v2_robust_mahalanobis_clipped,2026-03-18T05:10:36.278770+00:00
WDC,,10-Q,2024-09-27,https://www.sec.gov/Archives/edgar/data/106040/000010604024000040/wdc-20240927.htm,24.83,2.5202422058553533,1.4162763328454215,0.6744907594765953,0.849765799707253,6,assets_growth_yoy,2.2839,debt_to_assets,-0.8146,equity_to_assets,0.7163,robust_mcd,brick3_q_v2_robust_mahalanobis_clipped,2026-03-18T05:10:36.278770+00:00
ODFL,,10-Q,2025-03-31,https://www.sec.gov/Archives/edgar/data/878927/000095017025064508/odfl-20250331.htm,24.75,2.5111964853047493,1.1155526315922024,0.6562787105942048,0.8882308259700872,6,assets_growth_yoy,-1.8454,equity_to_assets,1.038,debt_to_assets,-0.9656,robust_mcd,brick3_q_v2_robust_mahalanobis_clipped,2026-03-18T05:10:36.278770+00:00
PYPL,,10-Q,2024-06-30,https://www.sec.gov/Archives/edgar/data/1633917/000163391724000098/pypl-20240630.htm,24.67,2.5063713808277934,0.8878165633420855,0.39166145528485996,0.6590751723828878,8,debt_to_assets,1.3303,equity_to_assets,-1.3239,assets_growth_yoy,0.9298,robust_mcd,brick3_q_v2_robust_mahalanobis_clipped,2026-03-18T05:10:36.278770+00:00
VRSK,,10-Q,2025-03-31,https://www.sec.gov/Archives/edgar/data/1442145/000143774925014907/vrsk20250331_10q.htm,24.6,2.5021030389654118,0.8309393978727605,1.0234621453331552,0.9015839737851729,6,accrual_ratio,-1.5028,debt_to_assets,1.1036,equity_to_assets,-1.0949,robust_mcd,brick3_q_v2_robust_mahalanobis_clipped,2026-03-18T05:10:36.278770+00:00
WBD,,10-Q,2021-03-31,https://www.sec.gov/Archives/edgar/data/1437107/000143710721000088/disca-20210331.htm,24.52,2.4874074462560447,,0.49196515039378164,0.49196515039378164,8,net_income_growth_yoy,-1.7041,assets_growth_yoy,-0.6959,accrual_ratio,0.5251,robust_mcd,brick3_q_v2_robust_mahalanobis_clipped,2026-03-18T05:10:36.278770+00:00
WDAY,,10-Q,2023-07-31,https://www.sec.gov/Archives/edgar/data/1327811/000132781123000150/wday-20230731.htm,24.44,2.4644169284823083,0.9309659658863126,1.0547552366576889,0.9804816741948632,6,net_income_growth_yoy,1.6492,ocf_to_net_income,1.1978,assets_growth_yoy,-0.971,robust_mcd,brick3_q_v2_robust_mahalanobis_clipped,2026-03-18T05:10:36.278770+00:00
KDP,,10-Q,2023-09-30,https://www.sec.gov/Archives/edgar/data/1418135/000141813523000018/kdp-20230930.htm,24.36,2.463330131105419,0.79174442480541,0.865639513363349,0.8109431115178823,6,net_income_growth_yoy,2.074,assets_growth_yoy,-1.3885,equity_to_assets,0.4602,robust_mcd,brick3_q_v2_robust_mahalanobis_clipped,2026-03-18T05:10:36.278770+00:00
ADP,,10-Q,2021-03-31,https://www.sec.gov/Archives/edgar/data/8670/000000867021000014/adp-20210331.htm,24.29,2.461281221330327,,0.8679274595234847,0.8679274595234847,7,ocf_to_net_income,1.4036,debt_to_assets,1.3767,equity_to_assets,-1.0599,robust_mcd,brick3_q_v2_robust_mahalanobis_clipped,2026-03-18T05:10:36.278770+00:00
IDXX,,10-Q,2025-09-30,https://www.sec.gov/Archives/edgar/data/874716/000087471625000165/idxx-20250930.htm,24.21,2.4588423160957866,1.0140131156278918,0.5035584332757469,0.8091252798016928,6,accrual_ratio,-1.6435,assets_growth_yoy,-1.0027,ocf_to_net_income,0.8648,robust_mcd,brick3_q_v2_robust_mahalanobis_clipped,2026-03-18T05:10:36.278770+00:00
ALNY,,10-Q,2024-03-31,https://www.sec.gov/Archives/edgar/data/1178670/000117867024000023/alny-20240331.htm,24.13,2.4559745388309446,1.1053536094028125,0.9537984138767105,1.0312956321135909,6,assets_growth_yoy,1.7515,net_income_growth_yoy,1.5356,debt_to_assets,1.0269,robust_mcd,brick3_q_v2_robust_mahalanobis_clipped,2026-03-18T05:10:36.278770+00:00
META,,10-Q,2025-06-30,https://www.sec.gov/Archives/edgar/data/1326801/000162828025036791/meta-20250630.htm,24.06,2.4541353345293797,0.6255813431534635,1.2611523513381089,0.6832211777756183,6,assets_growth_yoy,1.7788,accrual_ratio,-1.4617,ocf_to_net_income,0.4933,robust_mcd,brick3_q_v2_robust_mahalanobis_clipped,2026-03-18T05:10:36.278770+00:00
ZS,,10-Q,2022-01-31,https://www.sec.gov/Archives/edgar/data/1713683/000171368322000029/zs-20220131.htm,23.98,2.4496966670337468,,0.932200029377689,0.932200029377689,6,net_income_growth_yoy,-1.4694,equity_to_assets,-1.2284,debt_to_assets,1.2284,robust_mcd,brick3_q_v2_robust_mahalanobis_clipped,2026-03-18T05:10:36.278770+00:00
IDXX,,10-Q,2025-06-30,https://www.sec.gov/Archives/edgar/data/874716/000087471625000121/idxx-20250630.htm,23.9,2.4448099965746017,1.0280174115259928,0.5671988504837685,0.7891719749878412,6,net_income_growth_yoy,1.8208,assets_growth_yoy,-1.5523,equity_to_assets,0.453,robust_mcd,brick3_q_v2_robust_mahalanobis_clipped,2026-03-18T05:10:36.278770+00:00
CTSH,,10-Q,2024-09-30,https://www.sec.gov/Archives/edgar/data/1058290/000105829024000327/ctsh-20240930.htm,23.82,2.4376485114552464,0.8010894885574251,0.4613827562374416,0.5403537878573359,8,assets_growth_yoy,2.302,equity_to_assets,0.8534,debt_to_assets,-0.7622,robust_mcd,brick3_q_v2_robust_mahalanobis_clipped,2026-03-18T05:10:36.278770+00:00
WDAY,,10-Q,2023-04-30,https://www.sec.gov/Archives/edgar/data/1327811/000132781123000078/wday-20230430.htm,23.75,2.4267325303795166,1.1599475278329434,0.5752301310570799,0.9121816573366871,5,assets_growth_yoy,-1.6142,net_income_growth_yoy,0.9227,accrual_ratio,0.7944,robust_mcd,brick3_q_v2_robust_mahalanobis_clipped,2026-03-18T05:10:36.278770+00:00
CSGP,,10-Q,2021-09-30,https://www.sec.gov/Archives/edgar/data/1057352/000105735221000104/csgp-20210930.htm,23.67,2.4236242704682778,,0.9192823457245867,0.9192823457245867,6,equity_to_assets,2.0014,debt_to_assets,-1.4316,ocf_to_net_income,1.1109,robust_mcd,brick3_q_v2_robust_mahalanobis_clipped,2026-03-18T05:10:36.278770+00:00
PANW,,10-Q,2024-10-31,https://www.sec.gov/Archives/edgar/data/1327567/000132756724000040/panw-20241031.htm,23.59,2.4129035529725664,1.4605169737067307,0.7352804028569594,0.934732586082267,6,equity_to_assets,1.5647,debt_to_assets,-1.37,assets_growth_yoy,1.131,robust_mcd,brick3_q_v2_robust_mahalanobis_clipped,2026-03-18T05:10:36.278770+00:00
IDXX,,10-Q,2024-03-31,https://www.sec.gov/Archives/edgar/data/874716/000087471624000083/idxx-20240331.htm,23.52,2.4119576404020346,1.2164515113627565,0.5639881692028564,0.9548793908624121,6,assets_growth_yoy,1.3957,equity_to_assets,1.3225,debt_to_assets,-1.2489,robust_mcd,brick3_q_v2_robust_mahalanobis_clipped,2026-03-18T05:10:36.278770+00:00
DASH,,10-Q,2022-03-31,https://www.sec.gov/Archives/edgar/data/1792789/000162828022013038/dash-20220331.htm,23.44,2.406356050062359,,1.0719029451376918,1.0719029451376918,6,ocf_to_net_income,-1.4419,net_income_growth_yoy,-1.4192,equity_to_assets,1.3349,robust_mcd,brick3_q_v2_robust_mahalanobis_clipped,2026-03-18T05:10:36.278770+00:00
FTNT,,10-Q,2023-06-30,https://www.sec.gov/Archives/edgar/data/1262039/000126203923000032/ftnt-20230630.htm,23.36,2.3887287175651712,0.480096308154984,1.7602452937477215,0.9866064539080256,6,assets_growth_yoy,1.503,net_income_growth_yoy,1.4754,accrual_ratio,-1.1929,robust_mcd,brick3_q_v2_robust_mahalanobis_clipped,2026-03-18T05:10:36.278770+00:00
TXN,,10-Q,2022-09-30,https://www.sec.gov/Archives/edgar/data/97476/000009747622000048/txn-20220930.htm,23.28,2.381314409828497,0.9837018283458537,0.8212260435643075,0.7615954981731825,6,accrual_ratio,-1.8254,net_income_growth_yoy,-0.8116,ocf_to_net_income,0.7299,robust_mcd,brick3_q_v2_robust_mahalanobis_clipped,2026-03-18T05:10:36.278770+00:00
ISRG,,10-Q,2025-03-31,https://www.sec.gov/Archives/edgar/data/1035267/000103526725000109/isrg-20250331.htm,23.21,2.3635838785588996,0.6389110849137524,1.047561603844372,0.8972900437136181,6,equity_to_assets,1.5881,accrual_ratio,0.997,debt_to_assets,-0.9842,robust_mcd,brick3_q_v2_robust_mahalanobis_clipped,2026-03-18T05:10:36.278770+00:00
XEL,,10-Q,2022-09-30,https://www.sec.gov/Archives/edgar/data/72903/000007290322000063/xel-20220930.htm,23.13,2.356345342769115,1.2433883538883397,0.25869079097506115,0.7630558292537634,5,ocf_to_net_income,1.1768,accrual_ratio,-1.1346,equity_to_assets,0.9094,robust_mcd,brick3_q_v2_robust_mahalanobis_clipped,2026-03-18T05:10:36.278770+00:00
PANW,,10-Q,2025-10-31,https://www.sec.gov/Archives/edgar/data/1327567/000132756725000035/panw-20251031.htm,23.05,2.351299570738752,1.100773363359429,0.5088959706416617,0.7438686949344788,6,equity_to_assets,1.4824,accrual_ratio,0.8733,debt_to_assets,-0.7372,robust_mcd,brick3_q_v2_robust_mahalanobis_clipped,2026-03-18T05:10:36.278770+00:00
AXON,,10-Q,2024-06-30,https://www.sec.gov/Archives/edgar/data/1069183/000106918324000049/axon-20240630x10q.htm,22.98,2.3484858165418423,0.5494408620229715,1.5271618672547895,0.6737112771390246,6,net_income_growth_yoy,3.0121,debt_to_assets,0.3211,equity_to_assets,-0.2455,robust_mcd,brick3_q_v2_robust_mahalanobis_clipped,2026-03-18T05:10:36.278770+00:00
ISRG,,10-Q,2024-09-30,https://www.sec.gov/Archives/edgar/data/1035267/000103526724000247/isrg-20240930.htm,22.9,2.3432211564484415,0.4639862086065111,0.8920422732940206,0.7209972427939286,6,equity_to_assets,1.5873,assets_growth_yoy,0.805,accrual_ratio,-0.5966,robust_mcd,brick3_q_v2_robust_mahalanobis_clipped,2026-03-18T05:10:36.278770+00:00
MPWR,,10-Q,2021-03-31,https://www.sec.gov/Archives/edgar/data/1280452/000143774921011491/mpwr20210331_10q.htm,22.82,2.3400337934884408,,0.9249991846644389,0.9249991846644389,6,equity_to_assets,2.0841,debt_to_assets,-1.561,assets_growth_yoy,0.986,robust_mcd,brick3_q_v2_robust_mahalanobis_clipped,2026-03-18T05:10:36.278770+00:00
MRVL,,10-Q,2021-05-01,https://www.sec.gov/Archives/edgar/data/1835632/000183563221000010/mrvl-20210501.htm,22.74,2.3347710436525047,,1.0875630330735144,1.0875630330735144,5,net_income_growth_yoy,-1.493,ocf_to_net_income,-1.2087,accrual_ratio,1.049,robust_mcd,brick3_q_v2_robust_mahalanobis_clipped,2026-03-18T05:10:36.278770+00:00
IDXX,,10-Q,2025-03-31,https://www.sec.gov/Archives/edgar/data/874716/000087471625000062/idxx-20250331.htm,22.67,2.313657876274412,1.0054249701686768,0.3935743852897273,0.7596434382367745,6,assets_growth_yoy,-1.8004,equity_to_assets,0.6761,accrual_ratio,0.6353,robust_mcd,brick3_q_v2_robust_mahalanobis_clipped,2026-03-18T05:10:36.278770+00:00
KHC,,10-Q,2022-06-25,https://www.sec.gov/Archives/edgar/data/1637459/000163745922000159/khc-20220625.htm,22.59,2.3081241749564696,0.8591701641287943,0.951195131521524,0.7518831685218489,6,net_income_growth_yoy,2.2074,debt_to_assets,-0.9181,equity_to_assets,0.6362,robust_mcd,brick3_q_v2_robust_mahalanobis_clipped,2026-03-18T05:10:36.278770+00:00
LRCX,,10-Q,2025-09-28,https://www.sec.gov/Archives/edgar/data/707549/000070754925000085/lrcx-20250928.htm,22.51,2.3046345438989415,1.0718337695816182,0.6744907594765953,0.912896565539609,6,equity_to_assets,1.5243,debt_to_assets,-1.5243,ocf_to_net_income,-0.7644,robust_mcd,brick3_q_v2_robust_mahalanobis_clipped,2026-03-18T05:10:36.278770+00:00
FTNT,,10-Q,2024-09-30,https://www.sec.gov/Archives/edgar/data/1262039/000126203924000043/ftnt-20240930.htm,22.44,2.2977420754242153,0.8533739757861959,1.1748050740614266,0.6516822866919135,6,net_income_growth_yoy,2.0221,accrual_ratio,-1.1815,assets_growth_yoy,0.3544,robust_mcd,brick3_q_v2_robust_mahalanobis_clipped,2026-03-18T05:10:36.278770+00:00
ABNB,,10-Q,2023-06-30,https://www.sec.gov/Archives/edgar/data/1559720/000155972023000015/abnb-20230630.htm,22.36,2.297549024596968,,0.885092555094776,0.885092555094776,6,accrual_ratio,-1.5784,net_income_growth_yoy,1.0806,ocf_to_net_income,0.9406,robust_mcd,brick3_q_v2_robust_mahalanobis_clipped,2026-03-18T05:10:36.278770+00:00
TXN,,10-Q,2025-09-30,https://www.sec.gov/Archives/edgar/data/97476/000009747625000060/txn-20250930.htm,22.28,2.2882586332793204,1.1746564621867897,0.40321825521909077,0.8485121136148885,6,assets_growth_yoy,-1.8931,ocf_to_net_income,0.9346,accrual_ratio,-0.8711,robust_mcd,brick3_q_v2_robust_mahalanobis_clipped,2026-03-18T05:10:36.278770+00:00
VRTX,,10-Q,2021-03-31,https://www.sec.gov/Archives/edgar/data/875320/000087532021000015/vrtx-20210331.htm,22.21,2.265492088474625,,0.9122180347365166,0.9122180347365166,6,equity_to_assets,1.8998,debt_to_assets,-1.3888,assets_growth_yoy,1.3545,robust_mcd,brick3_q_v2_robust_mahalanobis_clipped,2026-03-18T05:10:36.278770+00:00
WDAY,,10-Q,2021-04-30,https://www.sec.gov/Archives/edgar/data/1327811/000132781121000054/wday-20210430.htm,22.13,2.260957890043913,,0.675444152132008,0.675444152132008,6,ocf_to_net_income,-2.4673,accrual_ratio,0.634,assets_growth_yoy,-0.6002,robust_mcd,brick3_q_v2_robust_mahalanobis_clipped,2026-03-18T05:10:36.278770+00:00
TXN,,10-Q,2022-06-30,https://www.sec.gov/Archives/edgar/data/97476/000009747622000040/txn-20220630.htm,22.05,2.25765687694715,1.4084249943102058,0.658337689641193,0.9981363629257022,6,net_income_growth_yoy,-1.9015,equity_to_assets,1.5885,debt_to_assets,-1.4583,robust_mcd,brick3_q_v2_robust_mahalanobis_clipped,2026-03-18T05:10:36.278770+00:00
NXPI,,10-Q,2025-03-30,https://www.sec.gov/Archives/edgar/data/1413447/000141344725000031/nxpi-20250330.htm,21.97,2.2492683614871707,0.827187243803197,0.7496013453046184,0.7251026439404686,6,accrual_ratio,1.3299,ocf_to_net_income,-1.0944,assets_growth_yoy,0.9485,robust_mcd,brick3_q_v2_robust_mahalanobis_clipped,2026-03-18T05:10:36.278770+00:00
FTNT,,10-Q,2025-09-30,https://www.sec.gov/Archives/edgar/data/1262039/000126203925000039/ftnt-20250930.htm,21.9,2.245904027219305,0.9981328981317157,1.0381797341930297,0.9000426890126958,6,net_income_growth_yoy,-1.8262,accrual_ratio,-1.3662,ocf_to_net_income,0.8232,robust_mcd,brick3_q_v2_robust_mahalanobis_clipped,2026-03-18T05:10:36.278770+00:00
XEL,,10-Q,2021-03-31,https://www.sec.gov/Archives/edgar/data/72903/000007290321000030/xel-20210331.htm,21.82,2.2393394079577638,,0.6603703053348273,0.6603703053348273,5,ocf_to_net_income,-1.5569,accrual_ratio,1.2379,equity_to_assets,-0.3358,robust_mcd,brick3_q_v2_robust_mahalanobis_clipped,2026-03-18T05:10:36.278770+00:00
VRTX,,10-Q,2025-09-30,https://www.sec.gov/Archives/edgar/data/875320/000087532025000232/vrtx-20250930.htm,21.74,2.2108853044911223,1.7095845734481403,0.45923002853798245,0.9171311460883612,6,debt_to_assets,1.6547,equity_to_assets,-1.6545,ocf_to_net_income,0.9699,robust_mcd,brick3_q_v2_robust_mahalanobis_clipped,2026-03-18T05:10:36.278770+00:00
CSX,,10-Q,2025-09-30,https://www.sec.gov/Archives/edgar/data/277948/000027794825000054/csx-20250930.htm,21.67,2.209522453583259,1.2959835998641964,0.6643119186410468,1.0433149273749365,5,ocf_to_net_income,2.1125,assets_growth_yoy,-1.0985,net_income_growth_yoy,-0.9545,robust_mcd,brick3_q_v2_robust_mahalanobis_clipped,2026-03-18T05:10:36.278770+00:00
CTAS,,10-Q,2025-08-31,https://www.sec.gov/Archives/edgar/data/723254/000072325425000033/ctas-20250831.htm,21.59,2.208718067261226,0.8659227457754621,0.6744907594765952,0.6408887095357609,5,equity_to_assets,0.9496,accrual_ratio,0.7337,ocf_to_net_income,-0.6855,robust_mcd,brick3_q_v2_robust_mahalanobis_clipped,2026-03-18T05:10:36.278770+00:00
MRVL,,10-Q,2021-10-30,https://www.sec.gov/Archives/edgar/data/1835632/000183563221000032/mrvl-20211030.htm,21.51,2.19560651851852,,0.9700997658629845,0.9700997658629845,5,ocf_to_net_income,-2.1316,equity_to_assets,1.1373,net_income_growth_yoy,-0.9071,robust_mcd,brick3_q_v2_robust_mahalanobis_clipped,2026-03-18T05:10:36.278770+00:00
INTC,,10-Q,2022-04-02,https://www.sec.gov/Archives/edgar/data/50863/000005086322000020/intc-20220402.htm,21.43,2.1929000653415236,,0.6744907594765952,0.6744907594765952,5,net_income_growth_yoy,-0.6745,assets_growth_yoy,-0.6745,equity_to_assets,-0.6745,robust_mcd,brick3_q_v2_robust_mahalanobis_clipped,2026-03-18T05:10:36.278770+00:00
INTC,,10-Q,2023-04-01,https://www.sec.gov/Archives/edgar/data/50863/000005086323000028/intc-20230401.htm,21.36,2.1928279658212664,1.321963433979865,0.8801304851972983,0.7391377828997527,5,net_income_growth_yoy,-1.3414,accrual_ratio,0.7023,assets_growth_yoy,-0.6677,robust_mcd,brick3_q_v2_robust_mahalanobis_clipped,2026-03-18T05:10:36.278770+00:00
BKR,,10-Q,2022-03-31,https://www.sec.gov/Archives/edgar/data/1701605/000170160522000079/bkr-20220331.htm,21.28,2.1786421396783475,,0.8659836486711125,0.8659836486711125,5,net_income_growth_yoy,1.9051,assets_growth_yoy,-1.0286,accrual_ratio,0.7004,robust_mcd,brick3_q_v2_robust_mahalanobis_clipped,2026-03-18T05:10:36.278770+00:00
DXCM,,10-Q,2024-06-30,https://www.sec.gov/Archives/edgar/data/1093557/000109355724000144/dxcm-20240630.htm,21.2,2.170839418722379,0.8110553451638017,0.560948214097687,0.6584617658120291,6,assets_growth_yoy,-1.3339,debt_to_assets,1.0476,accrual_ratio,-0.6946,robust_mcd,brick3_q_v2_robust_mahalanobis_clipped,2026-03-18T05:10:36.278770+00:00
VRSK,,10-Q,2024-09-30,https://www.sec.gov/Archives/edgar/data/1442145/000143774924032536/vrsk20240930_10q.htm,21.13,2.1662971463529908,0.8908697530883559,0.7873424852311457,0.8082611875440051,6,equity_to_assets,-1.7688,debt_to_assets,1.7545,net_income_growth_yoy,0.6223,robust_mcd,brick3_q_v2_robust_mahalanobis_clipped,2026-03-18T05:10:36.278770+00:00
MCHP,,10-Q,2024-06-30,https://www.sec.gov/Archives/edgar/data/827054/000082705424000139/mchp-20240630.htm,21.05,2.1591417138473807,0.8633249733635509,0.8065916881945014,0.8203487646056713,5,net_income_growth_yoy,-1.8988,assets_growth_yoy,-1.0667,accrual_ratio,0.5949,robust_mcd,brick3_q_v2_robust_mahalanobis_clipped,2026-03-18T05:10:36.278770+00:00
LRCX,,10-Q,2023-12-24,https://www.sec.gov/Archives/edgar/data/707549/000070754924000016/lrcx-20231224.htm,20.97,2.1499702126903055,1.1744520218440313,0.6744907594765952,0.8990599778519517,6,net_income_growth_yoy,-1.8805,assets_growth_yoy,-0.934,equity_to_assets,0.8924,robust_mcd,brick3_q_v2_robust_mahalanobis_clipped,2026-03-18T05:10:36.278770+00:00
ODFL,,10-Q,2024-06-30,https://www.sec.gov/Archives/edgar/data/878927/000095017024090872/odfl-20240630.htm,20.89,2.1214711714764234,1.0044633406994576,0.7837217859784936,0.8952773727604756,6,equity_to_assets,1.6867,debt_to_assets,-1.5586,accrual_ratio,-1.0415,robust_mcd,brick3_q_v2_robust_mahalanobis_clipped,2026-03-18T05:10:36.278770+00:00
WDAY,,10-Q,2024-04-30,https://www.sec.gov/Archives/edgar/data/1327811/000132781124000093/wday-20240430.htm,20.82,2.1042599636236434,1.2022214311953368,0.4140624976921627,0.8869578577940672,5,equity_to_assets,1.9187,debt_to_assets,-1.5095,accrual_ratio,0.5657,robust_mcd,brick3_q_v2_robust_mahalanobis_clipped,2026-03-18T05:10:36.278770+00:00
ORLY,,10-Q,2024-09-30,https://www.sec.gov/Archives/edgar/data/898173/000089817324000043/orly-20240930x10q.htm,20.74,2.0997005933627797,0.38891844251509405,0.7969613564882143,0.5375804514597868,5,accrual_ratio,-1.0081,equity_to_assets,-0.7825,net_income_growth_yoy,-0.4297,robust_mcd,brick3_q_v2_robust_mahalanobis_clipped,2026-03-18T05:10:36.278770+00:00
CPRT,,10-Q,2025-01-31,https://www.sec.gov/Archives/edgar/data/900075/000090007525000007/cprt-20250131.htm,20.66,2.0976973966993144,0.46719004988717633,0.1776994019696628,0.3513937907201709,5,debt_to_assets,-0.7572,assets_growth_yoy,-0.7362,net_income_growth_yoy,0.1752,robust_mcd,brick3_q_v2_robust_mahalanobis_clipped,2026-03-18T05:10:36.278770+00:00
KHC,,10-Q,2022-09-24,https://www.sec.gov/Archives/edgar/data/1637459/000163745922000191/khc-20220924.htm,20.59,2.0853654625780917,0.8798193056637732,0.6744907594765952,0.5103670584735344,6,debt_to_assets,-1.0276,assets_growth_yoy,-0.6745,net_income_growth_yoy,0.6745,robust_mcd,brick3_q_v2_robust_mahalanobis_clipped,2026-03-18T05:10:36.278770+00:00
TXN,,10-Q,2022-03-31,https://www.sec.gov/Archives/edgar/data/97476/000009747622000028/txn-20220331.htm,20.51,2.076453358376991,,0.7230912012073464,0.7230912012073464,6,assets_growth_yoy,1.7882,accrual_ratio,0.8408,equity_to_assets,0.823,robust_mcd,brick3_q_v2_robust_mahalanobis_clipped,2026-03-18T05:10:36.278770+00:00
LRCX,,10-Q,2022-03-27,https://www.sec.gov/Archives/edgar/data/707549/000070754922000067/lrcx-20220327.htm,20.43,2.0479140638172493,,0.6744907594765952,0.6744907594765952,5,assets_growth_yoy,-0.6745,net_income_growth_yoy,0.6745,debt_to_assets,-0.6745,robust_mcd,brick3_q_v2_robust_mahalanobis_clipped,2026-03-18T05:10:36.278770+00:00
BKNG,,10-Q,2025-09-30,https://www.sec.gov/Archives/edgar/data/1075531/000107553125000051/bkng-20250930.htm,20.35,2.0396193408797014,0.6662076166800708,1.3557405940335774,0.8940307266969766,4,debt_to_assets,1.396,equity_to_assets,-1.3416,assets_growth_yoy,-0.6449,robust_mcd,brick3_q_v2_robust_mahalanobis_clipped,2026-03-18T05:10:36.278770+00:00
ADI,,10-Q,2023-01-28,https://www.sec.gov/Archives/edgar/data/6281/000000628123000031/adi-20230128.htm,20.28,2.030808569115339,0.9454808508373095,0.6744907594765952,0.8370848142930238,5,ocf_to_net_income,-1.5505,accrual_ratio,0.6967,assets_growth_yoy,-0.6698,robust_mcd,brick3_q_v2_robust_mahalanobis_clipped,2026-03-18T05:10:36.278770+00:00
ODFL,,10-Q,2025-09-30,https://www.sec.gov/Archives/edgar/data/878927/000119312525268415/odfl-20250930.htm,20.2,2.0285499741830346,0.9615506041122185,0.9527071836971341,0.9580132359461847,6,accrual_ratio,-1.2033,ocf_to_net_income,1.0669,assets_growth_yoy,-1.0121,robust_mcd,brick3_q_v2_robust_mahalanobis_clipped,2026-03-18T05:10:36.278770+00:00
MRVL,,10-Q,2024-05-04,https://www.sec.gov/Archives/edgar/data/1835632/000183563224000063/mrvl-20240504.htm,20.12,2.02017293913586,0.6496482975877832,0.9157727503176402,0.7338059408891738,6,assets_growth_yoy,-1.5663,net_income_growth_yoy,-1.3648,debt_to_assets,-0.5814,robust_mcd,brick3_q_v2_robust_mahalanobis_clipped,2026-03-18T05:10:36.278770+00:00
WBD,,10-Q,2025-06-30,https://www.sec.gov/Archives/edgar/data/1437107/000143710725000192/wbd-20250630.htm,20.05,2.0162695626188696,0.5618972097177005,1.1844685812242834,0.6719365681392592,6,net_income_growth_yoy,1.6215,accrual_ratio,0.9458,assets_growth_yoy,-0.856,robust_mcd,brick3_q_v2_robust_mahalanobis_clipped,2026-03-18T05:10:36.278770+00:00
PYPL,,10-Q,2024-03-31,https://www.sec.gov/Archives/edgar/data/1633917/000163391724000048/pypl-20240331.htm,19.97,2.01445575948875,0.580194459726276,0.4379974124992583,0.43039854070880157,8,debt_to_assets,1.2465,equity_to_assets,-1.1897,ocf_to_net_income,0.4539,robust_mcd,brick3_q_v2_robust_mahalanobis_clipped,2026-03-18T05:10:36.278770+00:00
BKR,,10-Q,2023-06-30,https://www.sec.gov/Archives/edgar/data/1701605/000170160523000063/bkr-20230630.htm,19.89,1.9916335674166237,1.1917125764861134,0.719642811436421,0.9838840714208323,5,net_income_growth_yoy,1.7792,assets_growth_yoy,1.4234,ocf_to_net_income,1.2517,robust_mcd,brick3_q_v2_robust_mahalanobis_clipped,2026-03-18T05:10:36.278770+00:00
EXC,,10-Q,2025-09-30,https://www.sec.gov/Archives/edgar/data/1109357/000110935725000182/exc-20250930.htm,19.81,1.985076742192914,0.9891512248271473,0.4864009927716709,0.7103177502359779,4,debt_to_assets,1.2504,equity_to_assets,-0.9165,assets_growth_yoy,0.5171,robust_mcd,brick3_q_v2_robust_mahalanobis_clipped,2026-03-18T05:10:36.278770+00:00
TXN,,10-Q,2023-06-30,https://www.sec.gov/Archives/edgar/data/97476/000009747623000035/txn-20230630.htm,19.74,1.9794140989034053,0.9745158372145086,0.6070839991907465,0.7463302243259395,6,net_income_growth_yoy,-1.7822,assets_growth_yoy,1.2766,debt_to_assets,0.4934,robust_mcd,brick3_q_v2_robust_mahalanobis_clipped,2026-03-18T05:10:36.278770+00:00
TTWO,,10-Q,2021-12-31,https://www.sec.gov/Archives/edgar/data/946581/000162828022001929/ttwo-20211231.htm,19.66,1.9777755926595084,,0.8577605817834694,0.8577605817834694,6,ocf_to_net_income,-1.6185,equity_to_assets,1.1013,accrual_ratio,0.8449,robust_mcd,brick3_q_v2_robust_mahalanobis_clipped,2026-03-18T05:10:36.278770+00:00
ODFL,,10-Q,2021-03-31,https://www.sec.gov/Archives/edgar/data/878927/000156459021023371/odfl-10q_20210331.htm,19.58,1.961281177116805,,0.7888859170881762,0.7888859170881762,6,equity_to_assets,1.8636,debt_to_assets,-1.355,accrual_ratio,-0.6956,robust_mcd,brick3_q_v2_robust_mahalanobis_clipped,2026-03-18T05:10:36.278770+00:00
LRCX,,10-Q,2021-12-26,https://www.sec.gov/Archives/edgar/data/707549/000070754922000012/lrcx-20211226.htm,19.51,1.9598726759606089,,0.6744907594765944,0.6744907594765944,5,assets_growth_yoy,-0.6745,debt_to_assets,-0.6745,accrual_ratio,-0.6745,robust_mcd,brick3_q_v2_robust_mahalanobis_clipped,2026-03-18T05:10:36.278770+00:00
CSX,,10-Q,2025-03-31,https://www.sec.gov/Archives/edgar/data/277948/000027794825000028/csx-20250331.htm,19.43,1.9515607976972367,0.7197340643806062,0.5349425185304526,0.5491980025908987,5,net_income_growth_yoy,-1.2038,debt_to_assets,0.7938,assets_growth_yoy,-0.3905,robust_mcd,brick3_q_v2_robust_mahalanobis_clipped,2026-03-18T05:10:36.278770+00:00
AMGN,,10-Q,2024-06-30,https://www.sec.gov/Archives/edgar/data/318154/000031815424000035/amgn-20240630.htm,19.35,1.951238769814779,0.4830398051866739,0.9258482522235184,0.6601631840014117,5,net_income_growth_yoy,-1.3633,ocf_to_net_income,0.825,equity_to_assets,-0.5859,robust_mcd,brick3_q_v2_robust_mahalanobis_clipped,2026-03-18T05:10:36.278770+00:00
XEL,,10-Q,2021-09-30,https://www.sec.gov/Archives/edgar/data/72903/000007290321000084/xel-20210930.htm,19.28,1.9471518447684337,,0.5014479516496951,0.5014479516496951,5,accrual_ratio,0.7248,equity_to_assets,-0.6745,net_income_growth_yoy,-0.5679,robust_mcd,brick3_q_v2_robust_mahalanobis_clipped,2026-03-18T05:10:36.278770+00:00
TXN,,10-Q,2025-06-30,https://www.sec.gov/Archives/edgar/data/97476/000009747625000036/txn-20250630.htm,19.2,1.947024345938885,0.900937945915462,0.2767580083501175,0.6380841447004847,6,assets_growth_yoy,-1.9141,debt_to_assets,0.6877,equity_to_assets,-0.6663,robust_mcd,brick3_q_v2_robust_mahalanobis_clipped,2026-03-18T05:10:36.278770+00:00
MRVL,,10-Q,2021-07-31,https://www.sec.gov/Archives/edgar/data/1835632/000183563221000022/mrvl-20210731.htm,19.12,1.9343907881814952,,1.0641387234228339,1.0641387234228339,5,equity_to_assets,1.3415,ocf_to_net_income,-1.1985,net_income_growth_yoy,-1.1936,robust_mcd,brick3_q_v2_robust_mahalanobis_clipped,2026-03-18T05:10:36.278770+00:00
XEL,,10-Q,2022-03-31,https://www.sec.gov/Archives/edgar/data/72903/000007290322000027/xel-20220331.htm,19.04,1.9153737881507407,,0.6836976489521029,0.6836976489521029,5,ocf_to_net_income,2.3009,assets_growth_yoy,-0.3927,equity_to_assets,-0.3155,robust_mcd,brick3_q_v2_robust_mahalanobis_clipped,2026-03-18T05:10:36.278770+00:00
CSGP,,10-Q,2021-06-30,https://www.sec.gov/Archives/edgar/data/1057352/000105735221000082/csgp-20210630.htm,18.97,1.9051813331210798,,0.7956630181036447,0.7956630181036447,6,equity_to_assets,1.8035,debt_to_assets,-1.1702,ocf_to_net_income,0.9497,robust_mcd,brick3_q_v2_robust_mahalanobis_clipped,2026-03-18T05:10:36.278770+00:00
PANW,,10-Q,2025-01-31,https://www.sec.gov/Archives/edgar/data/1327567/000132756725000010/panw-20250131.htm,18.89,1.9044830050074475,1.3395717939408325,1.0357172121976757,0.936312204232194,6,equity_to_assets,1.305,net_income_growth_yoy,-1.2652,ocf_to_net_income,1.0432,robust_mcd,brick3_q_v2_robust_mahalanobis_clipped,2026-03-18T05:10:36.278770+00:00
CSCO,,10-Q,2022-01-29,https://www.sec.gov/Archives/edgar/data/858877/000085887722000004/csco-20220129.htm,18.81,1.8814167299870925,,0.6744907594765953,0.6744907594765953,5,assets_growth_yoy,0.6745,accrual_ratio,-0.6745,ocf_to_net_income,-0.6745,robust_mcd,brick3_q_v2_robust_mahalanobis_clipped,2026-03-18T05:10:36.278770+00:00
AAPL,,10-Q,2024-12-28,https://www.sec.gov/Archives/edgar/data/320193/000032019325000008/aapl-20241228.htm,18.74,1.881341080900081,0.581891713731043,,0.581891713731043,6,accrual_ratio,1.2527,ocf_to_net_income,-0.9508,assets_growth_yoy,-0.5453,robust_mcd,brick3_q_v2_robust_mahalanobis_clipped,2026-03-18T05:10:36.278770+00:00
KDP,,10-Q,2025-06-30,https://www.sec.gov/Archives/edgar/data/1418135/000141813525000103/kdp-20250630.htm,18.66,1.8744209990823728,1.1951020424317023,0.3679413012633157,0.7978235882424994,6,debt_to_assets,1.4102,equity_to_assets,-1.3852,assets_growth_yoy,0.8384,robust_mcd,brick3_q_v2_robust_mahalanobis_clipped,2026-03-18T05:10:36.278770+00:00
VRTX,,10-Q,2021-09-30,https://www.sec.gov/Archives/edgar/data/875320/000087532021000033/vrtx-20210930.htm,18.58,1.8559460273098185,,0.7555335786111397,0.7555335786111397,6,equity_to_assets,1.8453,debt_to_assets,-1.3005,ocf_to_net_income,-0.8195,robust_mcd,brick3_q_v2_robust_mahalanobis_clipped,2026-03-18T05:10:36.278770+00:00
AMD,,10-Q,2023-09-30,https://www.sec.gov/Archives/edgar/data/2488/000000248823000195/amd-20230930.htm,18.5,1.8529455513372963,0.4224848816329816,0.8857755029821247,0.6078011301726388,5,equity_to_assets,0.7946,assets_growth_yoy,-0.6805,accrual_ratio,0.6094,robust_mcd,brick3_q_v2_robust_mahalanobis_clipped,2026-03-18T05:10:36.278770+00:00
GILD,,10-Q,2024-06-30,https://www.sec.gov/Archives/edgar/data/882095/000088209524000022/gild-20240630.htm,18.43,1.8494086416980215,0.8542411518913091,0.7613218852348986,0.7208987859652025,5,assets_growth_yoy,-1.651,net_income_growth_yoy,0.8266,ocf_to_net_income,-0.6588,robust_mcd,brick3_q_v2_robust_mahalanobis_clipped,2026-03-18T05:10:36.278770+00:00
META,,10-Q,2025-03-31,https://www.sec.gov/Archives/edgar/data/1326801/000132680125000054/meta-20250331.htm,18.35,1.844614558156385,,0.7925634528245061,0.7925634528245061,6,assets_growth_yoy,1.5947,accrual_ratio,-1.044,equity_to_assets,0.8482,robust_mcd,brick3_q_v2_robust_mahalanobis_clipped,2026-03-18T05:10:36.278770+00:00
REGN,,10-Q,2024-06-30,https://www.sec.gov/Archives/edgar/data/872589/000180422024000028/regn-20240630.htm,18.27,1.842069760052726,0.934579402128174,0.9066061633994389,0.92339010663668,6,net_income_growth_yoy,1.7512,ocf_to_net_income,-0.947,equity_to_assets,0.9152,robust_mcd,brick3_q_v2_robust_mahalanobis_clipped,2026-03-18T05:10:36.278770+00:00
WBD,,10-Q,2024-03-31,https://www.sec.gov/Archives/edgar/data/1437107/000143710724000110/disca-20240331.htm,18.2,1.8360510077774697,0.6215007970559057,0.8312692970461201,0.6441950647213582,6,ocf_to_net_income,-1.4531,assets_growth_yoy,-1.1314,equity_to_assets,0.7812,robust_mcd,brick3_q_v2_robust_mahalanobis_clipped,2026-03-18T05:10:36.278770+00:00
QCOM,,10-Q,2022-03-27,https://www.sec.gov/Archives/edgar/data/804328/000172894922000026/qcom-20220327.htm,18.12,1.8317935333911664,,0.6744907594765952,0.6744907594765952,5,accrual_ratio,0.6745,assets_growth_yoy,0.6745,net_income_growth_yoy,-0.6745,robust_mcd,brick3_q_v2_robust_mahalanobis_clipped,2026-03-18T05:10:36.278770+00:00
ORLY,,10-Q,2024-03-31,https://www.sec.gov/Archives/edgar/data/898173/000089817324000022/orly-20240331x10q.htm,18.04,1.8313225424346096,0.5585117442423473,0.3777264723194926,0.47946319263887477,5,equity_to_assets,-0.7578,assets_growth_yoy,0.5097,ocf_to_net_income,-0.4659,robust_mcd,brick3_q_v2_robust_mahalanobis_clipped,2026-03-18T05:10:36.278770+00:00
AMAT,,10-Q,2025-04-27,https://www.sec.gov/Archives/edgar/data/6951/000000695125000024/amat-20250427.htm,17.96,1.8287461769880045,1.2408700765966592,0.6744907594765951,0.8344541472215417,6,assets_growth_yoy,-1.0074,equity_to_assets,0.878,debt_to_assets,-0.878,robust_mcd,brick3_q_v2_robust_mahalanobis_clipped,2026-03-18T05:10:36.278770+00:00
LIN,,10-Q,2021-09-30,https://www.sec.gov/Archives/edgar/data/1707925/000162828021020801/lin-20210930.htm,17.89,1.824023317245328,,0.8158271886732233,0.8158271886732233,6,ocf_to_net_income,2.1733,assets_growth_yoy,-0.9876,equity_to_assets,0.6722,robust_mcd,brick3_q_v2_robust_mahalanobis_clipped,2026-03-18T05:10:36.278770+00:00
BKNG,,10-Q,2025-06-30,https://www.sec.gov/Archives/edgar/data/1075531/000107553125000036/bkng-20250630.htm,17.81,1.8231531833046217,0.6768458024317618,1.3866047995022175,0.8438458500856935,4,debt_to_assets,1.63,equity_to_assets,-1.6206,assets_growth_yoy,-0.0984,robust_mcd,brick3_q_v2_robust_mahalanobis_clipped,2026-03-18T05:10:36.278770+00:00
GEHC,,10-Q,2023-06-30,https://www.sec.gov/Archives/edgar/data/1932393/000193239323000112/gehc-20230630.htm,17.73,1.819397329402894,,0.7893439671827455,0.7893439671827455,6,assets_growth_yoy,0.9244,accrual_ratio,0.915,equity_to_assets,-0.7675,robust_mcd,brick3_q_v2_robust_mahalanobis_clipped,2026-03-18T05:10:36.278770+00:00
AMZN,,10-Q,2021-06-30,https://www.sec.gov/Archives/edgar/data/1018724/000101872421000020/amzn-20210630.htm,17.66,1.8178275480753716,,0.5735034310641639,0.5735034310641639,5,assets_growth_yoy,1.9088,accrual_ratio,0.3935,equity_to_assets,-0.327,robust_mcd,brick3_q_v2_robust_mahalanobis_clipped,2026-03-18T05:10:36.278770+00:00
INTC,,10-Q,2025-09-27,https://www.sec.gov/Archives/edgar/data/50863/000005086325000179/intc-20250927.htm,17.58,1.799930157118886,0.7448752532497516,0.5723685333674837,0.6163583365057039,5,net_income_growth_yoy,1.1701,ocf_to_net_income,-0.6772,accrual_ratio,0.6462,robust_mcd,brick3_q_v2_robust_mahalanobis_clipped,2026-03-18T05:10:36.278770+00:00
CDNS,,10-Q,2024-03-31,https://www.sec.gov/Archives/edgar/data/813672/000081367224000092/cdns-20240331.htm,17.5,1.7970074541762584,0.7938080286358902,0.4120922494652028,0.6411217169676152,5,accrual_ratio,1.0071,ocf_to_net_income,-0.8444,net_income_growth_yoy,-0.6658,robust_mcd,brick3_q_v2_robust_mahalanobis_clipped,2026-03-18T05:10:36.278770+00:00
ADSK,,10-Q,2024-07-31,https://www.sec.gov/Archives/edgar/data/769397/000076939724000150/adsk-20240731.htm,17.42,1.7894976691159836,0.9010643108719375,0.4387396811488061,0.5809797570961505,5,ocf_to_net_income,-0.8802,equity_to_assets,0.8336,accrual_ratio,0.6123,robust_mcd,brick3_q_v2_robust_mahalanobis_clipped,2026-03-18T05:10:36.278770+00:00
GILD,,10-Q,2022-06-30,https://www.sec.gov/Archives/edgar/data/882095/000088209522000019/gild-20220630.htm,17.35,1.7829462103681741,0.743394522432463,0.51330395735085,0.6228484200352333,5,assets_growth_yoy,-1.8222,net_income_growth_yoy,-0.4744,equity_to_assets,0.4447,robust_mcd,brick3_q_v2_robust_mahalanobis_clipped,2026-03-18T05:10:36.278770+00:00
ABNB,,10-Q,2024-06-30,https://www.sec.gov/Archives/edgar/data/1559720/000155972024000024/abnb-20240630.htm,17.27,1.7738736901992351,0.5318929217251855,1.1821587019071995,0.7548422670929558,6,accrual_ratio,-1.3413,assets_growth_yoy,1.088,ocf_to_net_income,1.0204,robust_mcd,brick3_q_v2_robust_mahalanobis_clipped,2026-03-18T05:10:36.278770+00:00
ROST,,10-Q,2021-07-31,https://www.sec.gov/Archives/edgar/data/745732/000074573221000052/rost-20210731.htm,17.19,1.7715046023028629,,0.5052945233949486,0.5052945233949486,5,net_income_growth_yoy,1.1452,assets_growth_yoy,-0.6753,equity_to_assets,-0.6552,robust_mcd,brick3_q_v2_robust_mahalanobis_clipped,2026-03-18T05:10:36.278770+00:00
ADSK,,10-Q,2025-10-31,https://www.sec.gov/Archives/edgar/data/769397/000076939725000129/adsk-20251031.htm,17.12,1.767810186132241,0.8682874822210994,0.6384309342610737,0.5410602252803633,5,accrual_ratio,-1.6131,ocf_to_net_income,0.5037,net_income_growth_yoy,0.3414,robust_mcd,brick3_q_v2_robust_mahalanobis_clipped,2026-03-18T05:10:36.278770+00:00
MPWR,,10-Q,2023-03-31,https://www.sec.gov/Archives/edgar/data/1280452/000143774923012797/mpwr20230331_10q.htm,17.04,1.7646403242286877,0.7604533716028015,1.4789748861778467,0.9503590898018262,6,equity_to_assets,1.2165,debt_to_assets,-1.1084,accrual_ratio,-1.0871,robust_mcd,brick3_q_v2_robust_mahalanobis_clipped,2026-03-18T05:10:36.278770+00:00
CRWD,,10-Q,2022-04-30,https://www.sec.gov/Archives/edgar/data/1535527/000153552722000012/crwd-20220430.htm,16.96,1.7498878309915111,,0.7595493444237021,0.7595493444237021,6,ocf_to_net_income,-1.8582,net_income_growth_yoy,0.8845,assets_growth_yoy,0.8267,robust_mcd,brick3_q_v2_robust_mahalanobis_clipped,2026-03-18T05:10:36.278770+00:00
ROP,,10-Q,2024-09-30,https://www.sec.gov/Archives/edgar/data/882835/000088283524000044/rop-20240930.htm,16.89,1.7418398787111666,1.2051195343521777,0.3514321123472212,0.8454210139610042,6,ocf_to_net_income,1.82,accrual_ratio,-1.3116,assets_growth_yoy,0.7327,robust_mcd,brick3_q_v2_robust_mahalanobis_clipped,2026-03-18T05:10:36.278770+00:00
GILD,,10-Q,2025-03-31,https://www.sec.gov/Archives/edgar/data/882095/000088209525000012/gild-20250331.htm,16.81,1.740413780643448,1.1560622031243473,0.6631415730312319,0.8177549997556378,5,net_income_growth_yoy,1.9965,ocf_to_net_income,-0.8841,accrual_ratio,0.7697,robust_mcd,brick3_q_v2_robust_mahalanobis_clipped,2026-03-18T05:10:36.278770+00:00
INTC,,10-Q,2023-07-01,https://www.sec.gov/Archives/edgar/data/50863/000005086323000069/intc-20230701.htm,16.73,1.7216395066573777,0.710170850030095,1.2135682193343453,0.6576604320119463,5,accrual_ratio,1.0881,net_income_growth_yoy,-1.0566,ocf_to_net_income,-0.636,robust_mcd,brick3_q_v2_robust_mahalanobis_clipped,2026-03-18T05:10:36.278770+00:00
PANW,,10-Q,2021-10-31,https://www.sec.gov/Archives/edgar/data/1327567/000132756721000040/panw-20211031.htm,16.65,1.716771662674339,,0.7794620574913648,0.7794620574913648,6,ocf_to_net_income,-1.2848,debt_to_assets,1.1531,equity_to_assets,-0.9822,robust_mcd,brick3_q_v2_robust_mahalanobis_clipped,2026-03-18T05:10:36.278770+00:00
CDNS,,10-Q,2023-06-30,https://www.sec.gov/Archives/edgar/data/813672/000081367223000041/cdns-20230630.htm,16.58,1.7133611946669078,0.4257326347090323,0.6250092026949126,0.31434548162535375,5,equity_to_assets,-0.7995,accrual_ratio,-0.5544,ocf_to_net_income,0.0959,robust_mcd,brick3_q_v2_robust_mahalanobis_clipped,2026-03-18T05:10:36.278770+00:00
XEL,,10-Q,2021-06-30,https://www.sec.gov/Archives/edgar/data/72903/000007290321000064/xel-20210630.htm,16.5,1.7074021515210047,,0.45754589448868954,0.45754589448868954,5,accrual_ratio,0.6972,equity_to_assets,-0.5946,net_income_growth_yoy,-0.4322,robust_mcd,brick3_q_v2_robust_mahalanobis_clipped,2026-03-18T05:10:36.278770+00:00
LIN,,10-Q,2024-09-30,https://www.sec.gov/Archives/edgar/data/1707925/000162828024044457/lin-20240930.htm,16.42,1.7012979228394005,1.395550469833004,0.2555472591863296,0.8736945994785539,6,assets_growth_yoy,1.1687,equity_to_assets,-1.0252,debt_to_assets,1.0174,robust_mcd,brick3_q_v2_robust_mahalanobis_clipped,2026-03-18T05:10:36.278770+00:00
HON,,10-Q,2021-03-31,https://www.sec.gov/Archives/edgar/data/773840/000077384021000032/hon-20210331.htm,16.35,1.6987985353906534,,0.5579725093065904,0.5579725093065904,5,accrual_ratio,1.1394,net_income_growth_yoy,-0.6721,ocf_to_net_income,-0.6292,robust_mcd,brick3_q_v2_robust_mahalanobis_clipped,2026-03-18T05:10:36.278770+00:00
AVGO,,10-Q,2022-01-30,https://www.sec.gov/Archives/edgar/data/1730168/000173016822000029/avgo-20220130.htm,16.27,1.6881830165658855,,0.6744907594765952,0.6744907594765952,4,debt_to_assets,0.6745,assets_growth_yoy,-0.6745,accrual_ratio,0.6745,robust_mcd,brick3_q_v2_robust_mahalanobis_clipped,2026-03-18T05:10:36.278770+00:00
KDP,,10-Q,2024-06-30,https://www.sec.gov/Archives/edgar/data/1418135/000141813524000073/kdp-20240630.htm,16.19,1.686771439929262,1.0104229952978698,0.35561818693994757,0.7208596878129843,6,debt_to_assets,1.3872,equity_to_assets,-1.3267,assets_growth_yoy,-0.6479,robust_mcd,brick3_q_v2_robust_mahalanobis_clipped,2026-03-18T05:10:36.278770+00:00
ADI,,10-Q,2022-01-29,https://www.sec.gov/Archives/edgar/data/6281/000000628122000020/adi-20220129.htm,16.11,1.6857571070792046,,0.6744907594765952,0.6744907594765952,5,equity_to_assets,0.6745,net_income_growth_yoy,0.6745,accrual_ratio,0.6745,robust_mcd,brick3_q_v2_robust_mahalanobis_clipped,2026-03-18T05:10:36.278770+00:00
MSFT,,10-Q,2025-09-30,https://www.sec.gov/Archives/edgar/data/789019/000119312525256321/msft-20250930.htm,16.04,1.6724593544667823,1.3903516491824626,0.6218598494142054,0.8771636587593091,6,assets_growth_yoy,1.465,equity_to_assets,1.1057,debt_to_assets,-1.0972,robust_mcd,brick3_q_v2_robust_mahalanobis_clipped,2026-03-18T05:10:36.278770+00:00
AMAT,,10-Q,2022-01-30,https://www.sec.gov/Archives/edgar/data/6951/000000695122000011/amat-20220130.htm,15.96,1.666760064132474,,0.674490759476595,0.674490759476595,4,assets_growth_yoy,0.6745,accrual_ratio,-0.6745,ocf_to_net_income,0.6745,robust_mcd,brick3_q_v2_robust_mahalanobis_clipped,2026-03-18T05:10:36.278770+00:00
QCOM,,10-Q,2021-12-26,https://www.sec.gov/Archives/edgar/data/804328/000172894922000012/qcom-20211226.htm,15.88,1.6642591497125687,,0.674490759476596,0.674490759476596,5,net_income_growth_yoy,0.6745,ocf_to_net_income,-0.6745,debt_to_assets,0.6745,robust_mcd,brick3_q_v2_robust_mahalanobis_clipped,2026-03-18T05:10:36.278770+00:00
HON,,10-Q,2021-09-30,https://www.sec.gov/Archives/edgar/data/773840/000077384021000065/hon-20210930.htm,15.81,1.658733653568537,,0.5702739389633906,0.5702739389633906,5,net_income_growth_yoy,0.9224,assets_growth_yoy,-0.6169,equity_to_assets,-0.6018,robust_mcd,brick3_q_v2_robust_mahalanobis_clipped,2026-03-18T05:10:36.278770+00:00
KHC,,10-Q,2023-07-01,https://www.sec.gov/Archives/edgar/data/1637459/000163745923000114/khc-20230701.htm,15.73,1.6574544096831656,1.0693770053400788,0.5187646869854369,0.6060879114212605,6,debt_to_assets,-1.5062,equity_to_assets,1.2428,net_income_growth_yoy,-0.591,robust_mcd,brick3_q_v2_robust_mahalanobis_clipped,2026-03-18T05:10:36.278770+00:00
AMGN,,10-Q,2025-06-30,https://www.sec.gov/Archives/edgar/data/318154/000031815425000056/amgn-20250630.htm,15.65,1.6493680900236405,0.7261675176414335,1.102947061247757,0.6380264300887546,5,net_income_growth_yoy,1.9981,assets_growth_yoy,-0.8617,accrual_ratio,0.1924,robust_mcd,brick3_q_v2_robust_mahalanobis_clipped,2026-03-18T05:10:36.278770+00:00
ISRG,,10-Q,2024-06-30,https://www.sec.gov/Archives/edgar/data/1035267/000103526724000207/isrg-20240630.htm,15.57,1.6491148384011227,0.34159584030573187,0.8570308910272592,0.6798363527780723,6,equity_to_assets,1.6623,debt_to_assets,-0.9425,assets_growth_yoy,0.7204,robust_mcd,brick3_q_v2_robust_mahalanobis_clipped,2026-03-18T05:10:36.278770+00:00
ROST,,10-Q,2025-11-01,https://www.sec.gov/Archives/edgar/data/745732/000074573225000061/rost-20251101.htm,15.5,1.6394354172741257,0.9570707923793247,0.6744907594765952,0.7361202577019776,5,ocf_to_net_income,1.1821,accrual_ratio,-1.105,equity_to_assets,0.6714,robust_mcd,brick3_q_v2_robust_mahalanobis_clipped,2026-03-18T05:10:36.278770+00:00
CTAS,,10-Q,2023-02-28,https://www.sec.gov/Archives/edgar/data/723254/000072325423000008/ctas-20230228.htm,15.42,1.6316857082171987,0.8789835143372068,0.6744907594765952,0.8318039464696142,5,assets_growth_yoy,1.0753,net_income_growth_yoy,-0.9385,accrual_ratio,-0.7829,robust_mcd,brick3_q_v2_robust_mahalanobis_clipped,2026-03-18T05:10:36.278770+00:00
KHC,,10-Q,2024-03-30,https://www.sec.gov/Archives/edgar/data/1637459/000163745924000069/khc-20240330.htm,15.34,1.6298838263652515,0.9020446458145713,0.5752040099719845,0.73290017220795,6,net_income_growth_yoy,-1.126,debt_to_assets,-1.0471,ocf_to_net_income,-0.8492,robust_mcd,brick3_q_v2_robust_mahalanobis_clipped,2026-03-18T05:10:36.278770+00:00
CSCO,,10-Q,2021-10-30,https://www.sec.gov/Archives/edgar/data/858877/000085887721000018/csco-20211030.htm,15.27,1.62983205416739,,0.33724537973829766,0.33724537973829766,6,assets_growth_yoy,-0.6745,accrual_ratio,0.6745,debt_to_assets,0.6745,robust_mcd,brick3_q_v2_robust_mahalanobis_clipped,2026-03-18T05:10:36.278770+00:00
ODFL,,10-Q,2021-06-30,https://www.sec.gov/Archives/edgar/data/878927/000156459021041321/odfl-10q_20210630.htm,15.19,1.629256789404818,,0.6108416454018062,0.6108416454018062,6,equity_to_assets,1.6615,debt_to_assets,-1.056,accrual_ratio,-0.7257,robust_mcd,brick3_q_v2_robust_mahalanobis_clipped,2026-03-18T05:10:36.278770+00:00
TTWO,,10-Q,2023-09-30,https://www.sec.gov/Archives/edgar/data/946581/000162828023037956/ttwo-20230930.htm,15.11,1.621434796463717,0.6598075849233933,1.105610496686613,0.6998734456950316,6,assets_growth_yoy,-1.1457,net_income_growth_yoy,-0.9463,accrual_ratio,-0.8793,robust_mcd,brick3_q_v2_robust_mahalanobis_clipped,2026-03-18T05:10:36.278770+00:00
FAST,,10-Q,2025-09-30,https://www.sec.gov/Archives/edgar/data/815556/000081555625000119/fast-20250930.htm,15.03,1.618842149041002,1.0968511618830181,0.6598180844120967,0.5993201912948907,5,equity_to_assets,0.8911,net_income_growth_yoy,0.8312,assets_growth_yoy,0.5804,robust_mcd,brick3_q_v2_robust_mahalanobis_clipped,2026-03-18T05:10:36.278770+00:00
VRTX,,10-Q,2023-03-31,https://www.sec.gov/Archives/edgar/data/875320/000087532023000012/vrtx-20230331.htm,14.96,1.602982348716487,0.702955576283168,0.8719869925588001,0.7624104587415159,6,assets_growth_yoy,1.375,net_income_growth_yoy,-1.0671,accrual_ratio,0.616,robust_mcd,brick3_q_v2_robust_mahalanobis_clipped,2026-03-18T05:10:36.278770+00:00
MSFT,,10-Q,2024-09-30,https://www.sec.gov/Archives/edgar/data/789019/000095017024118967/msft-20240930.htm,14.88,1.6017394977165416,1.1227012668042715,0.5174382912992678,0.759041529692122,6,equity_to_assets,1.5418,debt_to_assets,-1.4803,assets_growth_yoy,0.9887,robust_mcd,brick3_q_v2_robust_mahalanobis_clipped,2026-03-18T05:10:36.278770+00:00
IDXX,,10-Q,2024-09-30,https://www.sec.gov/Archives/edgar/data/874716/000087471624000139/idxx-20240930.htm,14.8,1.6005084636162827,0.9810196331572856,0.37194808274246777,0.7120847243572342,6,accrual_ratio,-1.1661,equity_to_assets,1.0589,debt_to_assets,-1.012,robust_mcd,brick3_q_v2_robust_mahalanobis_clipped,2026-03-18T05:10:36.278770+00:00
KLAC,,10-Q,2025-09-30,https://www.sec.gov/Archives/edgar/data/319201/000031920125000034/klac-20250930.htm,14.73,1.5980762685461323,0.9627263224164437,0.6819369843507873,0.6586575878211348,6,ocf_to_net_income,-0.9493,accrual_ratio,0.9099,assets_growth_yoy,-0.7981,robust_mcd,brick3_q_v2_robust_mahalanobis_clipped,2026-03-18T05:10:36.278770+00:00
CSGP,,10-Q,2022-03-31,https://www.sec.gov/Archives/edgar/data/1057352/000105735222000054/csgp-20220331.htm,14.65,1.5911333526369105,,0.6372209603637763,0.6372209603637763,6,equity_to_assets,1.7611,debt_to_assets,-1.2864,accrual_ratio,0.3502,robust_mcd,brick3_q_v2_robust_mahalanobis_clipped,2026-03-18T05:10:36.278770+00:00
WDAY,,10-Q,2024-07-31,https://www.sec.gov/Archives/edgar/data/1327811/000132781124000165/wday-20240731.htm,14.57,1.5834386986310232,0.7796320460034881,0.6452933773763595,0.6640645983283074,6,equity_to_assets,1.4129,debt_to_assets,-1.1432,accrual_ratio,0.7332,robust_mcd,brick3_q_v2_robust_mahalanobis_clipped,2026-03-18T05:10:36.278770+00:00
CSCO,,10-Q,2023-01-28,https://www.sec.gov/Archives/edgar/data/858877/000085887723000005/csco-20230128.htm,14.49,1.5774765812771199,0.7596280800668209,0.6744907594765952,0.6557733972236136,6,assets_growth_yoy,1.6917,net_income_growth_yoy,0.6605,ocf_to_net_income,0.6412,robust_mcd,brick3_q_v2_robust_mahalanobis_clipped,2026-03-18T05:10:36.278770+00:00
ROP,,10-Q,2022-09-30,https://www.sec.gov/Archives/edgar/data/882835/000088283522000072/rop-20220930.htm,14.42,1.57592965689703,1.0105800321770448,0.3902387642089376,0.7053514172743928,6,equity_to_assets,1.6078,debt_to_assets,-1.477,net_income_growth_yoy,-0.5091,robust_mcd,brick3_q_v2_robust_mahalanobis_clipped,2026-03-18T05:10:36.278770+00:00
ADI,,10-Q,2025-02-01,https://www.sec.gov/Archives/edgar/data/6281/000000628125000023/adi-20250201.htm,14.34,1.5718623253633597,0.522729268829796,,0.522729268829796,5,assets_growth_yoy,0.7947,equity_to_assets,0.7886,accrual_ratio,0.6066,robust_mcd,brick3_q_v2_robust_mahalanobis_clipped,2026-03-18T05:10:36.278770+00:00
XEL,,10-Q,2023-09-30,https://www.sec.gov/Archives/edgar/data/72903/000007290323000161/xel-20230930.htm,14.26,1.5704090347990163,1.0712618452293872,0.5954043388155913,0.7817845667724301,5,ocf_to_net_income,1.4528,accrual_ratio,-1.397,net_income_growth_yoy,-0.76,robust_mcd,brick3_q_v2_robust_mahalanobis_clipped,2026-03-18T05:10:36.278770+00:00
TEAM,,10-Q,2025-12-31,https://www.sec.gov/Archives/edgar/data/1650372/000165037226000011/team-20251231.htm,14.19,1.5605757687356834,1.2497558909359372,0.4607556102763852,0.6285843915337994,6,debt_to_assets,-1.205,equity_to_assets,1.1894,assets_growth_yoy,-0.7741,robust_mcd,brick3_q_v2_robust_mahalanobis_clipped,2026-03-18T05:10:36.278770+00:00
REGN,,10-Q,2025-06-30,https://www.sec.gov/Archives/edgar/data/872589/000087258925000019/regn-20250630.htm,14.11,1.5347966593577056,0.7781901618105206,0.5890381334910745,0.7025293504827421,6,assets_growth_yoy,-1.2738,equity_to_assets,0.8749,debt_to_assets,-0.8484,robust_mcd,brick3_q_v2_robust_mahalanobis_clipped,2026-03-18T05:10:36.278770+00:00
LIN,,10-Q,2025-03-31,https://www.sec.gov/Archives/edgar/data/1707925/000162828025021379/lin-20250331.htm,14.03,1.5248854484386976,1.254141135853443,0.1687362095356457,0.7431917702187981,6,debt_to_assets,1.1638,equity_to_assets,-1.12,ocf_to_net_income,-0.6092,robust_mcd,brick3_q_v2_robust_mahalanobis_clipped,2026-03-18T05:10:36.278770+00:00
LIN,,10-Q,2025-06-30,https://www.sec.gov/Archives/edgar/data/1707925/000162828025037164/lin-20250630.htm,13.96,1.5152676688360884,1.0781514299338772,0.15688702288731673,0.6790400915992296,6,debt_to_assets,1.2464,equity_to_assets,-1.1865,assets_growth_yoy,0.9764,robust_mcd,brick3_q_v2_robust_mahalanobis_clipped,2026-03-18T05:10:36.278770+00:00
CMCSA,,10-Q,2024-03-31,https://www.sec.gov/Archives/edgar/data/1166691/000116669124000031/cmcsa-20240331.htm,13.88,1.5138807647733907,0.6784312712682639,0.5231750459680035,0.28689381291695437,5,equity_to_assets,-0.7069,net_income_growth_yoy,-0.4081,accrual_ratio,0.28,robust_mcd,brick3_q_v2_robust_mahalanobis_clipped,2026-03-18T05:10:36.278770+00:00
LIN,,10-Q,2024-03-31,https://www.sec.gov/Archives/edgar/data/1707925/000170792524000090/lin-20240331.htm,13.8,1.5107750088604495,1.241160839471963,0.35544948498049855,0.7087781735760772,6,debt_to_assets,0.9853,equity_to_assets,-0.964,net_income_growth_yoy,-0.9191,robust_mcd,brick3_q_v2_robust_mahalanobis_clipped,2026-03-18T05:10:36.278770+00:00
XEL,,10-Q,2025-03-31,https://www.sec.gov/Archives/edgar/data/72903/000007290325000088/xel-20250331.htm,13.72,1.4870094129643228,1.0090912349566104,0.4229917931038205,0.6005495853397653,5,assets_growth_yoy,1.4841,net_income_growth_yoy,-0.7632,accrual_ratio,0.5327,robust_mcd,brick3_q_v2_robust_mahalanobis_clipped,2026-03-18T05:10:36.278770+00:00
VRSK,,10-Q,2025-06-30,https://www.sec.gov/Archives/edgar/data/1442145/000143774925023862/vrsk20250630_10q.htm,13.65,1.4853086800901603,0.5602934580987718,1.0579896850605692,0.759371948883491,6,net_income_growth_yoy,-1.181,ocf_to_net_income,-0.8111,debt_to_assets,0.7145,robust_mcd,brick3_q_v2_robust_mahalanobis_clipped,2026-03-18T05:10:36.278770+00:00
STX,,10-Q,2021-10-01,https://www.sec.gov/Archives/edgar/data/1137789/000113778921000128/stx-20211001.htm,13.57,1.4781414774302832,,0.674490759476595,0.674490759476595,6,equity_to_assets,-0.6745,assets_growth_yoy,0.6745,net_income_growth_yoy,-0.6745,robust_mcd,brick3_q_v2_robust_mahalanobis_clipped,2026-03-18T05:10:36.278770+00:00
FTNT,,10-Q,2024-03-31,https://www.sec.gov/Archives/edgar/data/1262039/000126203924000020/ftnt-20240331.htm,13.49,1.4630486633638755,0.6499416637789798,1.533955732552679,0.5940542675326433,6,accrual_ratio,-1.1842,debt_to_assets,0.8399,equity_to_assets,-0.7829,robust_mcd,brick3_q_v2_robust_mahalanobis_clipped,2026-03-18T05:10:36.278770+00:00
CTAS,,10-Q,2024-02-29,https://www.sec.gov/Archives/edgar/data/723254/000072325424000018/ctas-20240229.htm,13.42,1.4594976764129461,1.070982510054991,0.26979630379063807,0.6425895060329946,5,accrual_ratio,-0.9582,equity_to_assets,0.7136,ocf_to_net_income,0.5667,robust_mcd,brick3_q_v2_robust_mahalanobis_clipped,2026-03-18T05:10:36.278770+00:00
DXCM,,10-Q,2022-03-31,https://www.sec.gov/Archives/edgar/data/1093557/000109355722000098/dxcm-20220331.htm,13.34,1.4384942180314573,,0.6176509473119552,0.6176509473119552,6,net_income_growth_yoy,1.0388,accrual_ratio,1.0242,assets_growth_yoy,0.6596,robust_mcd,brick3_q_v2_robust_mahalanobis_clipped,2026-03-18T05:10:36.278770+00:00
KDP,,10-Q,2021-03-31,https://www.sec.gov/Archives/edgar/data/1418135/000141813521000011/kdp-20210331.htm,13.26,1.4295086352976922,,0.6377998437847419,0.6377998437847419,6,net_income_growth_yoy,1.6215,equity_to_assets,0.6745,assets_growth_yoy,-0.5522,robust_mcd,brick3_q_v2_robust_mahalanobis_clipped,2026-03-18T05:10:36.278770+00:00
PCAR,,10-Q,2022-03-31,https://www.sec.gov/Archives/edgar/data/75362/000156459022017431/pcar-10q_20220331.htm,13.18,1.4253854319584,,0.301742662318991,0.301742662318991,7,accrual_ratio,0.9878,ocf_to_net_income,-0.6036,equity_to_assets,0.1898,robust_mcd,brick3_q_v2_robust_mahalanobis_clipped,2026-03-18T05:10:36.278770+00:00
ROST,,10-Q,2025-05-03,https://www.sec.gov/Archives/edgar/data/745732/000074573225000031/rost-20250503.htm,13.11,1.41818316233905,1.0333830902048728,0.9017771956873029,0.5830745403967683,5,equity_to_assets,0.6956,ocf_to_net_income,-0.6183,accrual_ratio,0.6132,robust_mcd,brick3_q_v2_robust_mahalanobis_clipped,2026-03-18T05:10:36.278770+00:00
GILD,,10-Q,2021-06-30,https://www.sec.gov/Archives/edgar/data/882095/000088209521000021/gild-20210630.htm,13.03,1.4072158458368011,,0.7838202227044839,0.7838202227044839,5,net_income_growth_yoy,1.3918,ocf_to_net_income,0.7472,assets_growth_yoy,0.6688,robust_mcd,brick3_q_v2_robust_mahalanobis_clipped,2026-03-18T05:10:36.278770+00:00
ADSK,,10-Q,2021-10-31,https://www.sec.gov/Archives/edgar/data/769397/000076939721000094/adsk-20211031.htm,12.95,1.3989894435239836,,0.42918374183155283,0.42918374183155283,5,ocf_to_net_income,0.9704,equity_to_assets,-0.6717,assets_growth_yoy,0.265,robust_mcd,brick3_q_v2_robust_mahalanobis_clipped,2026-03-18T05:10:36.278770+00:00
ROP,,10-Q,2025-09-30,https://www.sec.gov/Archives/edgar/data/882835/000088283525000045/rop-20250930.htm,12.88,1.3916520762276394,0.9867996802654532,0.37805955035927497,0.5762598887050882,6,ocf_to_net_income,2.0166,accrual_ratio,-1.1031,assets_growth_yoy,0.1941,robust_mcd,brick3_q_v2_robust_mahalanobis_clipped,2026-03-18T05:10:36.278770+00:00
VRTX,,10-Q,2022-03-31,https://www.sec.gov/Archives/edgar/data/875320/000087532022000014/vrtx-20220331.htm,12.8,1.387825253539019,,0.6634542074633547,0.6634542074633547,6,equity_to_assets,1.6692,debt_to_assets,-1.2035,assets_growth_yoy,0.8663,robust_mcd,brick3_q_v2_robust_mahalanobis_clipped,2026-03-18T05:10:36.278770+00:00
REGN,,10-Q,2025-03-31,https://www.sec.gov/Archives/edgar/data/872589/000180422025000022/regn-20250331.htm,12.72,1.386802626071737,0.8304996943509896,0.4899833812346988,0.670219486901959,6,assets_growth_yoy,-0.8577,equity_to_assets,0.851,debt_to_assets,-0.7775,robust_mcd,brick3_q_v2_robust_mahalanobis_clipped,2026-03-18T05:10:36.278770+00:00
ORLY,,10-Q,2025-03-31,https://www.sec.gov/Archives/edgar/data/898173/000089817325000029/orly-20250331x10q.htm,12.64,1.3850561891747237,0.6412331931268584,0.4724539156545302,0.46288014172909087,5,net_income_growth_yoy,-0.8624,equity_to_assets,-0.578,ocf_to_net_income,-0.4374,robust_mcd,brick3_q_v2_robust_mahalanobis_clipped,2026-03-18T05:10:36.278770+00:00
LRCX,,10-Q,2021-03-28,https://www.sec.gov/Archives/edgar/data/707549/000070754921000089/lrcx-20210328.htm,12.57,1.3796903598064494,,0.6919957756026508,0.6919957756026508,6,ocf_to_net_income,-1.454,net_income_growth_yoy,-0.6745,debt_to_assets,-0.6745,robust_mcd,brick3_q_v2_robust_mahalanobis_clipped,2026-03-18T05:10:36.278770+00:00
WDC,,10-Q,2021-04-02,https://www.sec.gov/Archives/edgar/data/106040/000010604021000024/wdc-20210402.htm,12.49,1.3792018754215596,,0.6744907594765953,0.6744907594765953,6,debt_to_assets,-0.6745,net_income_growth_yoy,0.6745,equity_to_assets,0.6745,robust_mcd,brick3_q_v2_robust_mahalanobis_clipped,2026-03-18T05:10:36.278770+00:00
WDC,,10-Q,2021-01-01,https://www.sec.gov/Archives/edgar/data/106040/000010604021000011/wdc-20210101.htm,12.41,1.379201875421559,,0.6744907594765953,0.6744907594765953,6,net_income_growth_yoy,0.6745,equity_to_assets,0.6745,debt_to_assets,-0.6745,robust_mcd,brick3_q_v2_robust_mahalanobis_clipped,2026-03-18T05:10:36.278770+00:00
VRSK,,10-Q,2021-03-31,https://www.sec.gov/Archives/edgar/data/1442145/000143774921010755/vrsk20210331_10q.htm,12.34,1.378168436035377,,0.5469694437237687,0.5469694437237687,6,accrual_ratio,-1.2799,ocf_to_net_income,1.0984,net_income_growth_yoy,-0.518,robust_mcd,brick3_q_v2_robust_mahalanobis_clipped,2026-03-18T05:10:36.278770+00:00
CPRT,,10-Q,2021-04-30,https://www.sec.gov/Archives/edgar/data/900075/000090007521000014/cprt-20210430.htm,12.26,1.3656111113883374,,0.7673374796705273,0.7673374796705273,6,equity_to_assets,1.2965,debt_to_assets,-1.1378,accrual_ratio,-0.8997,robust_mcd,brick3_q_v2_robust_mahalanobis_clipped,2026-03-18T05:10:36.278770+00:00
TTWO,,10-Q,2023-06-30,https://www.sec.gov/Archives/edgar/data/946581/000162828023028326/ttwo-20230630.htm,12.18,1.357191374978041,0.48263727772673687,1.1864651744097483,0.6897145725546242,6,assets_growth_yoy,-1.3027,net_income_growth_yoy,-0.8329,equity_to_assets,0.7838,robust_mcd,brick3_q_v2_robust_mahalanobis_clipped,2026-03-18T05:10:36.278770+00:00
MSFT,,10-Q,2025-03-31,https://www.sec.gov/Archives/edgar/data/789019/000095017025061046/msft-20250331.htm,12.1,1.3283737492163907,0.9923437266933225,0.43399735788860977,0.7690051791714373,6,equity_to_assets,1.4027,debt_to_assets,-1.3479,assets_growth_yoy,0.758,robust_mcd,brick3_q_v2_robust_mahalanobis_clipped,2026-03-18T05:10:36.278770+00:00
HON,,10-Q,2021-06-30,https://www.sec.gov/Archives/edgar/data/773840/000077384021000057/hon-20210630.htm,12.03,1.3257112877715702,,0.39720844513465015,0.39720844513465015,5,assets_growth_yoy,-0.7828,equity_to_assets,-0.5024,accrual_ratio,0.4161,robust_mcd,brick3_q_v2_robust_mahalanobis_clipped,2026-03-18T05:10:36.278770+00:00
GEHC,,10-Q,2023-09-30,https://www.sec.gov/Archives/edgar/data/1932393/000193239323000125/gehc-20230930.htm,11.95,1.32133978060937,,0.6462780776468692,0.6462780776468692,6,equity_to_assets,-0.8055,assets_growth_yoy,0.7835,debt_to_assets,0.7739,robust_mcd,brick3_q_v2_robust_mahalanobis_clipped,2026-03-18T05:10:36.278770+00:00
WDAY,,10-Q,2023-10-31,https://www.sec.gov/Archives/edgar/data/1327811/000132781123000202/wday-20231031.htm,11.87,1.320024497674483,0.8673318521081966,0.45529907603073044,0.7025187416772102,6,equity_to_assets,1.0836,debt_to_assets,-0.9168,ocf_to_net_income,0.6404,robust_mcd,brick3_q_v2_robust_mahalanobis_clipped,2026-03-18T05:10:36.278770+00:00
GEHC,,10-Q,2024-03-31,https://www.sec.gov/Archives/edgar/data/1932393/000193239324000034/gehc-20240331.htm,11.8,1.3197927246664671,,0.5726557152614632,0.5726557152614632,6,assets_growth_yoy,-1.1519,debt_to_assets,0.6959,equity_to_assets,-0.576,robust_mcd,brick3_q_v2_robust_mahalanobis_clipped,2026-03-18T05:10:36.278770+00:00
WDC,,10-Q,2021-10-01,https://www.sec.gov/Archives/edgar/data/106040/000010604021000053/wdc-20211001.htm,11.72,1.3127576275324586,,0.6744907594765953,0.6744907594765953,6,ocf_to_net_income,-0.6745,net_income_growth_yoy,0.6745,debt_to_assets,-0.6745,robust_mcd,brick3_q_v2_robust_mahalanobis_clipped,2026-03-18T05:10:36.278770+00:00
GEHC,,10-Q,2025-06-30,https://www.sec.gov/Archives/edgar/data/1932393/000193239325000049/gehc-20250630.htm,11.64,1.311931635467463,1.0988803689537432,0.6210653762524041,0.7345780005671858,6,debt_to_assets,-0.9309,equity_to_assets,0.9273,ocf_to_net_income,-0.8235,robust_mcd,brick3_q_v2_robust_mahalanobis_clipped,2026-03-18T05:10:36.278770+00:00
LIN,,10-Q,2021-06-30,https://www.sec.gov/Archives/edgar/data/1707925/000162828021015013/lin-20210630.htm,11.57,1.3031194303649842,,0.7298052548170345,0.7298052548170345,6,ocf_to_net_income,1.5458,assets_growth_yoy,-0.9415,equity_to_assets,0.7053,robust_mcd,brick3_q_v2_robust_mahalanobis_clipped,2026-03-18T05:10:36.278770+00:00
ODFL,,10-Q,2022-03-31,https://www.sec.gov/Archives/edgar/data/878927/000156459022017820/odfl-10q_20220331.htm,11.49,1.3019616383958965,,0.6603540107543878,0.6603540107543878,6,equity_to_assets,1.5757,debt_to_assets,-1.1192,net_income_growth_yoy,0.6057,robust_mcd,brick3_q_v2_robust_mahalanobis_clipped,2026-03-18T05:10:36.278770+00:00
NXPI,,10-Q,2022-10-02,https://www.sec.gov/Archives/edgar/data/1413447/000141344722000067/nxpi-20221002.htm,11.41,1.2854629302042473,0.8697268757615131,,0.8697268757615131,4,accrual_ratio,-1.2422,ocf_to_net_income,0.9412,equity_to_assets,-0.6532,robust_mcd,brick3_q_v2_robust_mahalanobis_clipped,2026-03-18T05:10:36.278770+00:00
WMT,,10-Q,2025-10-31,https://www.sec.gov/Archives/edgar/data/104169/000010416925000191/wmt-20251031.htm,11.33,1.2815496155098898,0.9476140537197326,0.49094402071026305,0.48787424952613445,7,assets_growth_yoy,1.5365,ocf_to_net_income,0.8074,accrual_ratio,-0.4814,robust_mcd,brick3_q_v2_robust_mahalanobis_clipped,2026-03-18T05:10:36.278770+00:00
AMGN,,10-Q,2024-09-30,https://www.sec.gov/Archives/edgar/data/318154/000031815424000044/amgn-20240930.htm,11.26,1.276518301730465,0.6544381942435986,0.8291461452393512,0.572646221732961,5,net_income_growth_yoy,1.8844,ocf_to_net_income,-0.4481,assets_growth_yoy,-0.3619,robust_mcd,brick3_q_v2_robust_mahalanobis_clipped,2026-03-18T05:10:36.278770+00:00
VRSK,,10-Q,2021-09-30,https://www.sec.gov/Archives/edgar/data/1442145/000143774921024931/vrsk20210930_10q.htm,11.18,1.2179121612052213,,0.5406709194753615,0.5406709194753615,6,ocf_to_net_income,-1.1516,accrual_ratio,0.8565,debt_to_assets,0.4145,robust_mcd,brick3_q_v2_robust_mahalanobis_clipped,2026-03-18T05:10:36.278770+00:00
IDXX,,10-Q,2021-06-30,https://www.sec.gov/Archives/edgar/data/874716/000087471621000050/idxx-20210630.htm,11.1,1.216787352454617,,0.4851704863073208,0.4851704863073208,6,accrual_ratio,-1.069,assets_growth_yoy,0.7711,debt_to_assets,0.5745,robust_mcd,brick3_q_v2_robust_mahalanobis_clipped,2026-03-18T05:10:36.278770+00:00
ABNB,,10-Q,2025-06-30,https://www.sec.gov/Archives/edgar/data/1559720/000155972025000025/abnb-20250630.htm,11.03,1.2098276881841314,0.6025599435716623,0.9526836441659262,0.6235321520567322,6,assets_growth_yoy,-1.3377,ocf_to_net_income,0.6013,accrual_ratio,-0.5962,robust_mcd,brick3_q_v2_robust_mahalanobis_clipped,2026-03-18T05:10:36.278770+00:00
PANW,,10-Q,2025-04-30,https://www.sec.gov/Archives/edgar/data/1327567/000132756725000017/panw-20250430.htm,10.95,1.2072296672338898,0.9180250891303988,0.9638501838626944,0.7299827751428617,6,ocf_to_net_income,1.5759,equity_to_assets,1.2126,debt_to_assets,-0.869,robust_mcd,brick3_q_v2_robust_mahalanobis_clipped,2026-03-18T05:10:36.278770+00:00
LIN,,10-Q,2024-06-30,https://www.sec.gov/Archives/edgar/data/1707925/000162828024034299/lin-20240630.htm,10.87,1.19222205379477,1.1129040231658018,0.15555137102534003,0.6055218654893451,6,debt_to_assets,1.1754,equity_to_assets,-1.1444,net_income_growth_yoy,-0.5796,robust_mcd,brick3_q_v2_robust_mahalanobis_clipped,2026-03-18T05:10:36.278770+00:00
CDNS,,10-Q,2022-04-02,https://www.sec.gov/Archives/edgar/data/813672/000081367222000022/cdns-20220402.htm,10.79,1.188129926127905,,0.6744907594765952,0.6744907594765952,5,ocf_to_net_income,0.6745,assets_growth_yoy,0.6745,net_income_growth_yoy,0.6745,robust_mcd,brick3_q_v2_robust_mahalanobis_clipped,2026-03-18T05:10:36.278770+00:00
IDXX,,10-Q,2024-06-30,https://www.sec.gov/Archives/edgar/data/874716/000087471624000121/idxx-20240630.htm,10.72,1.1861724530937665,1.0094112363983625,0.4778119709452339,0.7911965799101704,6,equity_to_assets,1.0024,debt_to_assets,-0.9437,accrual_ratio,-0.8475,robust_mcd,brick3_q_v2_robust_mahalanobis_clipped,2026-03-18T05:10:36.278770+00:00
ISRG,,10-Q,2025-06-30,https://www.sec.gov/Archives/edgar/data/1035267/000103526725000192/isrg-20250630.htm,10.64,1.1745959544394926,0.32004597659942907,0.8555739370255222,0.601279879078234,6,equity_to_assets,1.4887,debt_to_assets,-0.9991,assets_growth_yoy,0.8722,robust_mcd,brick3_q_v2_robust_mahalanobis_clipped,2026-03-18T05:10:36.278770+00:00
FAST,,10-Q,2022-09-30,https://www.sec.gov/Archives/edgar/data/815556/000081555622000041/fast-20220930.htm,10.56,1.1658215246191637,1.1460924616074624,0.7828251861981199,0.5188573723547389,5,assets_growth_yoy,1.8001,net_income_growth_yoy,0.4223,ocf_to_net_income,0.2538,robust_mcd,brick3_q_v2_robust_mahalanobis_clipped,2026-03-18T05:10:36.278770+00:00
SNPS,,10-Q,2021-07-31,https://www.sec.gov/Archives/edgar/data/883241/000088324121000017/snps-20210731.htm,10.49,1.1641629424695599,,0.6868863288054591,0.6868863288054591,6,ocf_to_net_income,1.009,accrual_ratio,-0.9112,equity_to_assets,0.8656,robust_mcd,brick3_q_v2_robust_mahalanobis_clipped,2026-03-18T05:10:36.278770+00:00
TXN,,10-Q,2024-06-30,https://www.sec.gov/Archives/edgar/data/97476/000009747624000030/txn-20240630.htm,10.41,1.1620032588063238,1.0556879140794815,0.37519219693298095,0.6637193895926649,6,net_income_growth_yoy,-1.1356,debt_to_assets,0.9783,equity_to_assets,-0.9148,robust_mcd,brick3_q_v2_robust_mahalanobis_clipped,2026-03-18T05:10:36.278770+00:00
ROST,,10-Q,2022-10-29,https://www.sec.gov/Archives/edgar/data/745732/000074573222000064/rost-20221029.htm,10.33,1.1573638411253506,0.5730554917636514,0.6744907594765952,0.5300555415836803,5,assets_growth_yoy,-0.6745,net_income_growth_yoy,-0.6745,equity_to_assets,0.6355,robust_mcd,brick3_q_v2_robust_mahalanobis_clipped,2026-03-18T05:10:36.278770+00:00
MSFT,,10-Q,2021-09-30,https://www.sec.gov/Archives/edgar/data/789019/000156459021051992/msft-10q_20210930.htm,10.25,1.1552142403824952,,0.5216813341299732,0.5216813341299732,6,ocf_to_net_income,-1.29,accrual_ratio,0.8315,net_income_growth_yoy,0.5032,robust_mcd,brick3_q_v2_robust_mahalanobis_clipped,2026-03-18T05:10:36.278770+00:00
AMAT,,10-Q,2025-07-27,https://www.sec.gov/Archives/edgar/data/6951/000000695125000037/amat-20250727.htm,10.18,1.1516134757346723,1.152405535286581,0.6744907594765953,0.6914433211719485,6,assets_growth_yoy,-1.0074,net_income_growth_yoy,-0.8028,equity_to_assets,0.75,robust_mcd,brick3_q_v2_robust_mahalanobis_clipped,2026-03-18T05:10:36.278770+00:00
AMD,,10-Q,2025-03-29,https://www.sec.gov/Archives/edgar/data/2488/000000248825000047/amd-20250329.htm,10.1,1.1466130931826897,0.8374537701361484,0.7409716839016962,0.6480024666784019,5,net_income_growth_yoy,1.2975,ocf_to_net_income,-0.7194,accrual_ratio,0.677,robust_mcd,brick3_q_v2_robust_mahalanobis_clipped,2026-03-18T05:10:36.278770+00:00
GILD,,10-Q,2023-09-30,https://www.sec.gov/Archives/edgar/data/882095/000088209523000031/gild-20230930.htm,10.02,1.1409620248513805,0.5666603190455568,0.28308873806627843,0.38229204916700094,5,equity_to_assets,0.7632,ocf_to_net_income,-0.4843,accrual_ratio,-0.3046,robust_mcd,brick3_q_v2_robust_mahalanobis_clipped,2026-03-18T05:10:36.278770+00:00
MCHP,,10-Q,2021-06-30,https://www.sec.gov/Archives/edgar/data/827054/000082705421000187/mchp-20210630.htm,9.95,1.1408219374015565,,0.5319507161864093,0.5319507161864093,5,assets_growth_yoy,-1.1244,net_income_growth_yoy,0.8461,ocf_to_net_income,0.3352,robust_mcd,brick3_q_v2_robust_mahalanobis_clipped,2026-03-18T05:10:36.278770+00:00
MPWR,,10-Q,2022-09-30,https://www.sec.gov/Archives/edgar/data/1280452/000143774922026581/mpwr20220930_10q.htm,9.87,1.1393311382465914,0.5961223219977135,1.2265974595558213,0.7510198325433359,6,equity_to_assets,1.22,debt_to_assets,-1.0707,net_income_growth_yoy,0.8057,robust_mcd,brick3_q_v2_robust_mahalanobis_clipped,2026-03-18T05:10:36.278770+00:00
KLAC,,10-Q,2024-09-30,https://www.sec.gov/Archives/edgar/data/319201/000031920124000027/klac-20240930.htm,9.79,1.1351603933831382,0.5646586281428662,0.6997081199374647,0.48831491423829343,6,ocf_to_net_income,-0.8988,accrual_ratio,0.8985,assets_growth_yoy,-0.4328,robust_mcd,brick3_q_v2_robust_mahalanobis_clipped,2026-03-18T05:10:36.278770+00:00
STX,,10-Q,2021-01-01,https://www.sec.gov/Archives/edgar/data/1137789/000113778921000006/stx-20210101.htm,9.71,1.1320745250013704,,0.6744907594765953,0.6744907594765953,6,accrual_ratio,-0.6745,assets_growth_yoy,0.6745,net_income_growth_yoy,-0.6745,robust_mcd,brick3_q_v2_robust_mahalanobis_clipped,2026-03-18T05:10:36.278770+00:00
STX,,10-Q,2021-04-02,https://www.sec.gov/Archives/edgar/data/1137789/000113778921000028/stx-20210402.htm,9.64,1.13207452500137,,0.6744907594765953,0.6744907594765953,6,assets_growth_yoy,0.6745,net_income_growth_yoy,-0.6745,equity_to_assets,-0.6745,robust_mcd,brick3_q_v2_robust_mahalanobis_clipped,2026-03-18T05:10:36.278770+00:00
KLAC,,10-Q,2021-12-31,https://www.sec.gov/Archives/edgar/data/319201/000031920122000006/klac-20211231.htm,9.56,1.1250376041448233,,0.5653841298232346,0.5653841298232346,6,assets_growth_yoy,1.2855,debt_to_assets,0.6777,accrual_ratio,-0.6058,robust_mcd,brick3_q_v2_robust_mahalanobis_clipped,2026-03-18T05:10:36.278770+00:00
CSX,,10-Q,2024-09-30,https://www.sec.gov/Archives/edgar/data/277948/000027794824000054/csx-20240930.htm,9.48,1.1227525188457694,1.0665844619975893,0.39701772955879483,0.7105455057768381,5,ocf_to_net_income,1.5615,accrual_ratio,-0.9684,assets_growth_yoy,0.5319,robust_mcd,brick3_q_v2_robust_mahalanobis_clipped,2026-03-18T05:10:36.278770+00:00
REGN,,10-Q,2023-03-31,https://www.sec.gov/Archives/edgar/data/872589/000180422023000016/regn-20230331.htm,9.41,1.112468052175564,0.8668628995251586,0.8290647765283108,0.6379238510801587,6,equity_to_assets,1.2299,debt_to_assets,-1.1233,net_income_growth_yoy,-0.6099,robust_mcd,brick3_q_v2_robust_mahalanobis_clipped,2026-03-18T05:10:36.278770+00:00
XEL,,10-Q,2023-03-31,https://www.sec.gov/Archives/edgar/data/72903/000007290323000026/xel-20230331.htm,9.33,1.1103056440901855,0.6844258144838008,0.8099323667918021,0.6786398915310166,5,ocf_to_net_income,1.3963,net_income_growth_yoy,0.9568,equity_to_assets,0.5685,robust_mcd,brick3_q_v2_robust_mahalanobis_clipped,2026-03-18T05:10:36.278770+00:00
IDXX,,10-Q,2023-03-31,https://www.sec.gov/Archives/edgar/data/874716/000087471623000034/idxx-20230331.htm,9.25,1.0874246748512644,0.5164684880280238,0.4503819869011931,0.38148665249479724,6,accrual_ratio,0.9498,ocf_to_net_income,-0.6213,assets_growth_yoy,-0.456,robust_mcd,brick3_q_v2_robust_mahalanobis_clipped,2026-03-18T05:10:36.278770+00:00
KDP,,10-Q,2022-03-31,https://www.sec.gov/Archives/edgar/data/1418135/000141813522000011/kdp-20220331.htm,9.18,1.0835360519791657,,0.5374861498017122,0.5374861498017122,6,net_income_growth_yoy,1.1931,accrual_ratio,0.6056,equity_to_assets,0.595,robust_mcd,brick3_q_v2_robust_mahalanobis_clipped,2026-03-18T05:10:36.278770+00:00
TTWO,,10-Q,2021-06-30,https://www.sec.gov/Archives/edgar/data/946581/000162828021015202/ttwo-20210630.htm,9.1,1.0818720811678635,,0.5623583559029418,0.5623583559029418,6,equity_to_assets,0.8453,accrual_ratio,0.806,ocf_to_net_income,-0.5049,robust_mcd,brick3_q_v2_robust_mahalanobis_clipped,2026-03-18T05:10:36.278770+00:00
AEP,,10-Q,2021-09-30,https://www.sec.gov/Archives/edgar/data/4904/000000490421000069/aep-20210930.htm,9.02,1.070945171670634,,0.4457760565843789,0.4457760565843789,4,debt_to_assets,0.8234,equity_to_assets,-0.7039,revenue_growth_yoy,-0.1845,robust_mcd,brick3_q_v2_robust_mahalanobis_clipped,2026-03-18T05:10:36.278770+00:00
CSX,,10-Q,2021-06-30,https://www.sec.gov/Archives/edgar/data/277948/000027794821000041/csx-20210630.htm,8.94,1.0395027479989027,,0.5071891255873643,0.5071891255873643,5,net_income_growth_yoy,1.252,assets_growth_yoy,-0.6226,debt_to_assets,0.4799,robust_mcd,brick3_q_v2_robust_mahalanobis_clipped,2026-03-18T05:10:36.278770+00:00
WMT,,10-Q,2023-07-31,https://www.sec.gov/Archives/edgar/data/104169/000010416923000097/wmt-20230731.htm,8.87,1.0377265173309693,,0.48081857690457497,0.48081857690457497,5,ocf_to_net_income,-0.9399,assets_growth_yoy,-0.6745,accrual_ratio,0.6745,robust_mcd,brick3_q_v2_robust_mahalanobis_clipped,2026-03-18T05:10:36.278770+00:00
NXPI,,10-Q,2022-04-03,https://www.sec.gov/Archives/edgar/data/1413447/000141344722000014/nxpi-20220403.htm,8.79,1.0263840611287294,,0.6744907594765953,0.6744907594765953,6,net_income_growth_yoy,0.6745,assets_growth_yoy,0.6745,equity_to_assets,0.6745,robust_mcd,brick3_q_v2_robust_mahalanobis_clipped,2026-03-18T05:10:36.278770+00:00
WDC,,10-Q,2022-12-30,https://www.sec.gov/Archives/edgar/data/106040/000010604023000010/wdc-20221230.htm,8.71,1.0225935078030333,0.841133576733659,0.6744907594765953,0.6512157851158747,6,equity_to_assets,0.9635,debt_to_assets,-0.9394,net_income_growth_yoy,-0.6745,robust_mcd,brick3_q_v2_robust_mahalanobis_clipped,2026-03-18T05:10:36.278770+00:00
LIN,,10-Q,2021-03-31,https://www.sec.gov/Archives/edgar/data/1707925/000162828021009226/lin-20210331.htm,8.64,1.0119570041514852,,0.6394736470281759,0.6394736470281759,6,equity_to_assets,0.9818,net_income_growth_yoy,0.8969,assets_growth_yoy,-0.6939,robust_mcd,brick3_q_v2_robust_mahalanobis_clipped,2026-03-18T05:10:36.278770+00:00
FTNT,,10-Q,2024-06-30,https://www.sec.gov/Archives/edgar/data/1262039/000126203924000037/ftnt-20240630.htm,8.56,1.0079813258712444,0.38918763886692775,1.1087652402974315,0.5376603259541658,6,net_income_growth_yoy,0.8798,accrual_ratio,-0.846,equity_to_assets,-0.5167,robust_mcd,brick3_q_v2_robust_mahalanobis_clipped,2026-03-18T05:10:36.278770+00:00
FTNT,,10-Q,2025-06-30,https://www.sec.gov/Archives/edgar/data/1262039/000126203925000028/ftnt-20250630.htm,8.48,0.9979802818013701,0.9163152908306745,1.2154510782732495,0.652079729965728,6,assets_growth_yoy,1.2508,net_income_growth_yoy,-0.6823,debt_to_assets,-0.6187,robust_mcd,brick3_q_v2_robust_mahalanobis_clipped,2026-03-18T05:10:36.278770+00:00
CTAS,,10-Q,2024-11-30,https://www.sec.gov/Archives/edgar/data/723254/000072325425000003/ctas-20241130.htm,8.4,0.9943165001502213,0.5296320545728759,0.6744907594765952,0.6022042120161302,5,net_income_growth_yoy,0.9868,assets_growth_yoy,0.8621,equity_to_assets,0.5403,robust_mcd,brick3_q_v2_robust_mahalanobis_clipped,2026-03-18T05:10:36.278770+00:00
CDNS,,10-Q,2023-09-30,https://www.sec.gov/Archives/edgar/data/813672/000081367223000068/cdns-20230930.htm,8.33,0.9772030409070125,0.35235907030606833,0.6465547694944638,0.37203101922938825,5,accrual_ratio,-1.1097,ocf_to_net_income,0.4023,equity_to_assets,-0.2733,robust_mcd,brick3_q_v2_robust_mahalanobis_clipped,2026-03-18T05:10:36.278770+00:00
AMZN,,10-Q,2022-09-30,https://www.sec.gov/Archives/edgar/data/1018724/000101872422000023/amzn-20220930.htm,8.25,0.976682355010067,1.1590563144601291,0.44451896719964806,0.5727687815543486,5,ocf_to_net_income,1.5826,assets_growth_yoy,-0.817,equity_to_assets,0.2117,robust_mcd,brick3_q_v2_robust_mahalanobis_clipped,2026-03-18T05:10:36.278770+00:00
MSFT,,10-Q,2021-12-31,https://www.sec.gov/Archives/edgar/data/789019/000156459022002324/msft-10q_20211231.htm,8.17,0.971307193617351,,0.46385132741989016,0.46385132741989016,6,ocf_to_net_income,-1.084,accrual_ratio,0.7431,equity_to_assets,0.3899,robust_mcd,brick3_q_v2_robust_mahalanobis_clipped,2026-03-18T05:10:36.278770+00:00
GEHC,,10-Q,2023-03-31,https://www.sec.gov/Archives/edgar/data/1932393/000193239323000087/gehc-20230331.htm,8.1,0.9625760414422075,,0.5102655042490514,0.5102655042490514,6,assets_growth_yoy,0.8819,debt_to_assets,0.7238,equity_to_assets,-0.6087,robust_mcd,brick3_q_v2_robust_mahalanobis_clipped,2026-03-18T05:10:36.278770+00:00
ZS,,10-Q,2021-10-31,https://www.sec.gov/Archives/edgar/data/1713683/000171368321000238/zs-20211031.htm,8.02,0.9610673697324602,,0.5668103503176775,0.5668103503176775,6,net_income_growth_yoy,-1.044,debt_to_assets,0.691,assets_growth_yoy,-0.6576,robust_mcd,brick3_q_v2_robust_mahalanobis_clipped,2026-03-18T05:10:36.278770+00:00
AAPL,,10-Q,2025-06-28,https://www.sec.gov/Archives/edgar/data/320193/000032019325000073/aapl-20250628.htm,7.94,0.9601164259882383,0.5168181918506245,0.8617013803189423,0.4433181697125643,6,accrual_ratio,-0.9296,assets_growth_yoy,0.7882,ocf_to_net_income,0.5409,robust_mcd,brick3_q_v2_robust_mahalanobis_clipped,2026-03-18T05:10:36.278770+00:00
INSM,,10-Q,2024-06-30,https://www.sec.gov/Archives/edgar/data/1104506/000110450624000026/insm-20240630.htm,7.86,0.9576781570290027,0.49180464712128397,1.1601475122012121,0.5478601371243227,6,ocf_to_net_income,-0.7671,accrual_ratio,-0.7229,equity_to_assets,-0.5687,robust_mcd,brick3_q_v2_robust_mahalanobis_clipped,2026-03-18T05:10:36.278770+00:00
ROP,,10-Q,2025-03-31,https://www.sec.gov/Archives/edgar/data/882835/000088283525000020/rop-20250331.htm,7.79,0.9574907158307802,0.7753654498674026,0.38385577731560594,0.5809144656736208,6,net_income_growth_yoy,-0.9098,equity_to_assets,0.7148,debt_to_assets,-0.6565,robust_mcd,brick3_q_v2_robust_mahalanobis_clipped,2026-03-18T05:10:36.278770+00:00
DXCM,,10-Q,2021-06-30,https://www.sec.gov/Archives/edgar/data/1093557/000109355721000191/dxcm-20210630.htm,7.71,0.9565806933685582,,0.44919036522777045,0.44919036522777045,6,assets_growth_yoy,1.1069,accrual_ratio,0.7171,ocf_to_net_income,-0.4124,robust_mcd,brick3_q_v2_robust_mahalanobis_clipped,2026-03-18T05:10:36.278770+00:00
CSX,,10-Q,2024-06-30,https://www.sec.gov/Archives/edgar/data/277948/000027794824000047/csx-20240630.htm,7.63,0.9503090195527111,0.5428425696469675,0.22361926191421802,0.34363341584002777,5,assets_growth_yoy,0.704,debt_to_assets,0.5912,net_income_growth_yoy,-0.2898,robust_mcd,brick3_q_v2_robust_mahalanobis_clipped,2026-03-18T05:10:36.278770+00:00
LIN,,10-Q,2023-09-30,https://www.sec.gov/Archives/edgar/data/1707925/000162828023035251/lin-20230930.htm,7.56,0.947300055407165,0.9400617081835199,0.2605175301990359,0.555358447523357,6,assets_growth_yoy,1.1987,accrual_ratio,-0.6444,debt_to_assets,0.5481,robust_mcd,brick3_q_v2_robust_mahalanobis_clipped,2026-03-18T05:10:36.278770+00:00
VRTX,,10-Q,2023-09-30,https://www.sec.gov/Archives/edgar/data/875320/000087532023000031/vrtx-20230930.htm,7.48,0.9444775634164999,0.396059582828966,0.8840283467143703,0.5681226141409053,6,accrual_ratio,-1.0831,assets_growth_yoy,0.7988,ocf_to_net_income,0.6125,robust_mcd,brick3_q_v2_robust_mahalanobis_clipped,2026-03-18T05:10:36.278770+00:00
PYPL,,10-Q,2023-09-30,https://www.sec.gov/Archives/edgar/data/1633917/000163391723000156/pypl-20230930.htm,7.4,0.9407589559938476,0.4535589895986661,0.6055879018987728,0.4025958486686552,8,debt_to_assets,0.7339,equity_to_assets,-0.7273,assets_growth_yoy,-0.6306,robust_mcd,brick3_q_v2_robust_mahalanobis_clipped,2026-03-18T05:10:36.278770+00:00
LIN,,10-Q,2025-09-30,https://www.sec.gov/Archives/edgar/data/1707925/000162828025047710/lin-20250930.htm,7.32,0.9391166985531412,0.9869980065208716,0.25229517358101056,0.6349899520193212,6,debt_to_assets,1.0271,equity_to_assets,-1.0157,accrual_ratio,-0.5912,robust_mcd,brick3_q_v2_robust_mahalanobis_clipped,2026-03-18T05:10:36.278770+00:00
SBUX,,10-Q,2022-04-03,https://www.sec.gov/Archives/edgar/data/829224/000082922422000030/sbux-20220403.htm,7.25,0.9372373562617679,,0.6744907594765953,0.6744907594765953,6,debt_to_assets,0.6745,ocf_to_net_income,0.6745,accrual_ratio,-0.6745,robust_mcd,brick3_q_v2_robust_mahalanobis_clipped,2026-03-18T05:10:36.278770+00:00
CSX,,10-Q,2025-06-30,https://www.sec.gov/Archives/edgar/data/277948/000027794825000044/csx-20250630.htm,7.17,0.9333280490139049,0.39604209636067444,0.4897858545176459,0.41970169987986716,5,net_income_growth_yoy,-0.7349,assets_growth_yoy,-0.5988,debt_to_assets,0.5284,robust_mcd,brick3_q_v2_robust_mahalanobis_clipped,2026-03-18T05:10:36.278770+00:00
MSFT,,10-Q,2023-03-31,https://www.sec.gov/Archives/edgar/data/789019/000095017023014423/msft-20230331.htm,7.09,0.9287370373081034,0.7413953250604304,0.25886769693287914,0.5483842738094098,6,equity_to_assets,1.3302,debt_to_assets,-1.2478,accrual_ratio,-0.2692,robust_mcd,brick3_q_v2_robust_mahalanobis_clipped,2026-03-18T05:10:36.278770+00:00
NXPI,,10-Q,2023-10-01,https://www.sec.gov/Archives/edgar/data/1413447/000141344723000107/nxpi-20231001.htm,7.02,0.924354114024238,0.6122688054930597,,0.6122688054930597,6,accrual_ratio,-0.8878,assets_growth_yoy,-0.6745,net_income_growth_yoy,-0.6745,robust_mcd,brick3_q_v2_robust_mahalanobis_clipped,2026-03-18T05:10:36.278770+00:00
FTNT,,10-Q,2025-03-31,https://www.sec.gov/Archives/edgar/data/1262039/000126203925000017/ftnt-20250331.htm,6.94,0.9218747907911,1.1297878055635382,1.2668955185685256,0.632519454448356,6,assets_growth_yoy,1.2932,equity_to_assets,0.6853,debt_to_assets,-0.6552,robust_mcd,brick3_q_v2_robust_mahalanobis_clipped,2026-03-18T05:10:36.278770+00:00
TXN,,10-Q,2024-09-30,https://www.sec.gov/Archives/edgar/data/97476/000009747624000042/txn-20240930.htm,6.86,0.9117886890599496,1.007730035215544,0.38691629419293294,0.6710640412861194,6,net_income_growth_yoy,-0.8387,ocf_to_net_income,0.7897,accrual_ratio,-0.7012,robust_mcd,brick3_q_v2_robust_mahalanobis_clipped,2026-03-18T05:10:36.278770+00:00
MCHP,,10-Q,2022-06-30,https://www.sec.gov/Archives/edgar/data/827054/000082705422000148/mchp-20220630.htm,6.78,0.909405989601655,,0.46953822894618213,0.46953822894618213,5,net_income_growth_yoy,1.3753,assets_growth_yoy,-0.4767,accrual_ratio,0.4717,robust_mcd,brick3_q_v2_robust_mahalanobis_clipped,2026-03-18T05:10:36.278770+00:00
LIN,,10-Q,2023-03-31,https://www.sec.gov/Archives/edgar/data/1707925/000162828023013457/lin-20230331.htm,6.71,0.9082007797933032,0.7631073072532168,0.41015799092973976,0.4846604080564627,6,accrual_ratio,0.7075,ocf_to_net_income,-0.6979,debt_to_assets,0.5807,robust_mcd,brick3_q_v2_robust_mahalanobis_clipped,2026-03-18T05:10:36.278770+00:00
CMCSA,,10-Q,2024-06-30,https://www.sec.gov/Archives/edgar/data/1166691/000116669124000048/cmcsa-20240630.htm,6.63,0.9049113051515325,0.3435823159108896,0.4448934638845257,0.3465044573910043,5,net_income_growth_yoy,-0.5805,equity_to_assets,-0.4832,ocf_to_net_income,0.399,robust_mcd,brick3_q_v2_robust_mahalanobis_clipped,2026-03-18T05:10:36.278770+00:00
XEL,,10-Q,2024-03-31,https://www.sec.gov/Archives/edgar/data/72903/000007290324000096/xel-20240331.htm,6.55,0.8835307240823597,0.9824340375782983,0.4104790762515174,0.5743325946346447,5,assets_growth_yoy,1.1983,net_income_growth_yoy,1.0982,accrual_ratio,0.3049,robust_mcd,brick3_q_v2_robust_mahalanobis_clipped,2026-03-18T05:10:36.278770+00:00
EA,,10-Q,2024-09-30,https://www.sec.gov/Archives/edgar/data/712515/000071251524000048/ea-20240930.htm,6.48,0.8730709162376238,0.4683639198116145,0.6194977261315024,0.3020458661354346,8,net_income_growth_yoy,-1.2327,assets_growth_yoy,-0.4469,debt_to_assets,0.1875,robust_mcd,brick3_q_v2_robust_mahalanobis_clipped,2026-03-18T05:10:36.278770+00:00
WDC,,10-Q,2024-12-27,https://www.sec.gov/Archives/edgar/data/106040/000010604025000008/wdc-20241227.htm,6.4,0.8636414287171482,0.6438095518080212,0.6744907594765951,0.5142430361982103,6,debt_to_assets,-0.8829,equity_to_assets,0.8094,accrual_ratio,0.5117,robust_mcd,brick3_q_v2_robust_mahalanobis_clipped,2026-03-18T05:10:36.278770+00:00
WDAY,,10-Q,2025-07-31,https://www.sec.gov/Archives/edgar/data/1327811/000132781125000184/wday-20250731.htm,6.32,0.8628775577385911,0.7103431911973473,0.4915177651842921,0.6228130207921252,6,accrual_ratio,-0.862,ocf_to_net_income,0.8247,equity_to_assets,0.7413,robust_mcd,brick3_q_v2_robust_mahalanobis_clipped,2026-03-18T05:10:36.278770+00:00
KDP,,10-Q,2024-09-30,https://www.sec.gov/Archives/edgar/data/1418135/000141813524000090/kdp-20240930.htm,6.25,0.8557981986739874,0.854080644291144,0.38552223862791757,0.44395232156655223,6,debt_to_assets,1.1255,equity_to_assets,-1.0693,assets_growth_yoy,-0.1554,robust_mcd,brick3_q_v2_robust_mahalanobis_clipped,2026-03-18T05:10:36.278770+00:00
CTAS,,10-Q,2023-11-30,https://www.sec.gov/Archives/edgar/data/723254/000072325424000005/ctas-20231130.htm,6.17,0.8439466327407099,0.6152536619836504,0.4046944556859563,0.5131128958874778,5,net_income_growth_yoy,1.1637,equity_to_assets,0.5514,assets_growth_yoy,0.3557,robust_mcd,brick3_q_v2_robust_mahalanobis_clipped,2026-03-18T05:10:36.278770+00:00
GILD,,10-Q,2025-06-30,https://www.sec.gov/Archives/edgar/data/882095/000088209525000032/gild-20250630.htm,6.09,0.8407185788907514,0.7584306862847469,0.4224351128121608,0.4941342704603162,5,ocf_to_net_income,-1.0445,accrual_ratio,0.7136,equity_to_assets,0.2891,robust_mcd,brick3_q_v2_robust_mahalanobis_clipped,2026-03-18T05:10:36.278770+00:00
CSX,,10-Q,2021-09-30,https://www.sec.gov/Archives/edgar/data/277948/000027794821000050/csx-20210930.htm,6.01,0.8399620883041051,,0.4347596331184608,0.4347596331184608,5,assets_growth_yoy,-0.5698,debt_to_assets,0.5373,accrual_ratio,-0.4713,robust_mcd,brick3_q_v2_robust_mahalanobis_clipped,2026-03-18T05:10:36.278770+00:00
KDP,,10-Q,2025-09-30,https://www.sec.gov/Archives/edgar/data/1418135/000141813525000125/kdp-20250930.htm,5.94,0.8290547863060967,0.9291707675443176,0.3382986012936316,0.46423769719275515,6,debt_to_assets,0.9599,equity_to_assets,-0.9443,assets_growth_yoy,0.6525,robust_mcd,brick3_q_v2_robust_mahalanobis_clipped,2026-03-18T05:10:36.278770+00:00
CMCSA,,10-Q,2024-09-30,https://www.sec.gov/Archives/edgar/data/1166691/000116669124000056/cmcsa-20240930.htm,5.86,0.8265880462553464,0.7295754815823047,0.5370842299554148,0.5693419420404532,5,ocf_to_net_income,1.1387,net_income_growth_yoy,-0.6664,accrual_ratio,-0.4707,robust_mcd,brick3_q_v2_robust_mahalanobis_clipped,2026-03-18T05:10:36.278770+00:00
TXN,,10-Q,2023-09-30,https://www.sec.gov/Archives/edgar/data/97476/000009747623000041/txn-20230930.htm,5.78,0.8073854523160501,0.6979230730593217,0.5731693845989626,0.5334615971007409,6,net_income_growth_yoy,-1.2779,accrual_ratio,-0.6182,ocf_to_net_income,0.6099,robust_mcd,brick3_q_v2_robust_mahalanobis_clipped,2026-03-18T05:10:36.278770+00:00
CTAS,,10-Q,2024-08-31,https://www.sec.gov/Archives/edgar/data/723254/000072325424000053/ctas-20240831.htm,5.71,0.7994811741648523,0.4447235793571812,0.674490759476595,0.5405151653693995,5,net_income_growth_yoy,0.8504,accrual_ratio,0.6192,ocf_to_net_income,-0.6115,robust_mcd,brick3_q_v2_robust_mahalanobis_clipped,2026-03-18T05:10:36.278770+00:00
AVGO,,10-Q,2023-01-29,https://www.sec.gov/Archives/edgar/data/1730168/000173016823000008/avgo-20230129.htm,5.63,0.7900781873929038,0.6713299721992143,0.6744907594765953,0.45789512749751343,5,net_income_growth_yoy,0.6745,ocf_to_net_income,-0.6745,accrual_ratio,0.6745,robust_mcd,brick3_q_v2_robust_mahalanobis_clipped,2026-03-18T05:10:36.278770+00:00
STX,,10-Q,2025-10-03,https://www.sec.gov/Archives/edgar/data/1137789/000113778925000317/stx-20251003.htm,5.55,0.7739081606801858,0.49083894673359074,0.6744907594765951,0.29844546732294636,6,accrual_ratio,0.7088,net_income_growth_yoy,-0.51,assets_growth_yoy,0.2902,robust_mcd,brick3_q_v2_robust_mahalanobis_clipped,2026-03-18T05:10:36.278770+00:00
DXCM,,10-Q,2025-03-31,https://www.sec.gov/Archives/edgar/data/1093557/000109355725000113/dxcm-20250331.htm,5.47,0.7610190402507897,0.7003817004491081,0.36865469982779536,0.4893203628730178,6,net_income_growth_yoy,-0.6899,equity_to_assets,-0.663,debt_to_assets,0.637,robust_mcd,brick3_q_v2_robust_mahalanobis_clipped,2026-03-18T05:10:36.278770+00:00
CTAS,,10-Q,2022-11-30,https://www.sec.gov/Archives/edgar/data/723254/000072325423000003/ctas-20221130.htm,5.4,0.7573696085896585,0.6394701842114368,0.6744907594765954,0.4774598265473797,5,assets_growth_yoy,1.3175,net_income_growth_yoy,0.9473,ocf_to_net_income,-0.0612,robust_mcd,brick3_q_v2_robust_mahalanobis_clipped,2026-03-18T05:10:36.278770+00:00
ADI,,10-Q,2023-07-29,https://www.sec.gov/Archives/edgar/data/6281/000000628123000179/adi-20230729.htm,5.32,0.754216688838422,0.5482166864005038,0.4046944556859572,0.49080779411468517,5,ocf_to_net_income,1.2254,accrual_ratio,-0.8974,equity_to_assets,0.3313,robust_mcd,brick3_q_v2_robust_mahalanobis_clipped,2026-03-18T05:10:36.278770+00:00
GEHC,,10-Q,2025-09-30,https://www.sec.gov/Archives/edgar/data/1932393/000193239325000053/gehc-20250930.htm,5.24,0.7363061450479724,0.6255373694623535,0.7190818671908267,0.48725568950595144,6,equity_to_assets,0.6529,debt_to_assets,-0.6466,ocf_to_net_income,-0.6292,robust_mcd,brick3_q_v2_robust_mahalanobis_clipped,2026-03-18T05:10:36.278770+00:00
CSCO,,10-Q,2022-04-30,https://www.sec.gov/Archives/edgar/data/858877/000085887722000009/csco-20220430.htm,5.17,0.7337853816930309,0.8198993662252847,0.34758950142063383,0.5797703181317044,6,assets_growth_yoy,-0.7904,ocf_to_net_income,0.6583,accrual_ratio,-0.6466,robust_mcd,brick3_q_v2_robust_mahalanobis_clipped,2026-03-18T05:10:36.278770+00:00
ROP,,10-Q,2021-03-31,https://www.sec.gov/Archives/edgar/data/882835/000088283521000018/rop-20210331.htm,5.09,0.7320455858745154,,0.4039657058099843,0.4039657058099843,6,assets_growth_yoy,1.0879,equity_to_assets,0.5511,ocf_to_net_income,0.4645,robust_mcd,brick3_q_v2_robust_mahalanobis_clipped,2026-03-18T05:10:36.278770+00:00
ROP,,10-Q,2021-09-30,https://www.sec.gov/Archives/edgar/data/882835/000088283521000067/rop-20210930.htm,5.01,0.7101604731714487,,0.3999008819477217,0.3999008819477217,6,ocf_to_net_income,1.1005,assets_growth_yoy,-0.6837,equity_to_assets,0.4238,robust_mcd,brick3_q_v2_robust_mahalanobis_clipped,2026-03-18T05:10:36.278770+00:00
ADSK,,10-Q,2024-10-31,https://www.sec.gov/Archives/edgar/data/769397/000076939724000181/adsk-20241031.htm,4.93,0.706038848073125,0.4949357796716963,0.5150627433510498,0.2967431879029615,5,equity_to_assets,0.6171,assets_growth_yoy,-0.4037,net_income_growth_yoy,-0.3574,robust_mcd,brick3_q_v2_robust_mahalanobis_clipped,2026-03-18T05:10:36.278770+00:00
BKR,,10-Q,2024-06-30,https://www.sec.gov/Archives/edgar/data/1701605/000170160524000111/bkr-20240630.htm,4.86,0.7007620201368144,0.5222213244247141,0.41362939857514214,0.2437232395109096,5,accrual_ratio,0.7873,equity_to_assets,0.175,ocf_to_net_income,0.0947,robust_mcd,brick3_q_v2_robust_mahalanobis_clipped,2026-03-18T05:10:36.278770+00:00
TXN,,10-Q,2021-03-31,https://www.sec.gov/Archives/edgar/data/97476/000009747621000013/txn-20210331.htm,4.78,0.6989325146488843,,0.42880108568992825,0.42880108568992825,6,equity_to_assets,0.8608,net_income_growth_yoy,0.4751,accrual_ratio,0.4629,robust_mcd,brick3_q_v2_robust_mahalanobis_clipped,2026-03-18T05:10:36.278770+00:00
BKR,,10-Q,2024-09-30,https://www.sec.gov/Archives/edgar/data/1701605/000170160524000131/bkr-20240930.htm,4.7,0.6913842627192317,0.6409917905479479,0.42825971156532283,0.24792116128879113,5,equity_to_assets,0.6714,ocf_to_net_income,0.2442,assets_growth_yoy,0.1471,robust_mcd,brick3_q_v2_robust_mahalanobis_clipped,2026-03-18T05:10:36.278770+00:00
LIN,,10-Q,2022-03-31,https://www.sec.gov/Archives/edgar/data/1707925/000162828022011722/lin-20220331.htm,4.63,0.6892967328812417,,0.42998228430870733,0.42998228430870733,6,assets_growth_yoy,-0.8296,equity_to_assets,0.6804,ocf_to_net_income,0.6162,robust_mcd,brick3_q_v2_robust_mahalanobis_clipped,2026-03-18T05:10:36.278770+00:00
AEP,,10-Q,2025-03-31,https://www.sec.gov/Archives/edgar/data/4904/000000490425000061/aep-20250331.htm,4.55,0.6858869841090751,0.3057791767649671,0.3184264216146792,0.3052009376252917,4,equity_to_assets,-0.4313,debt_to_assets,0.4101,assets_growth_yoy,0.2634,robust_mcd,brick3_q_v2_robust_mahalanobis_clipped,2026-03-18T05:10:36.278770+00:00
ROST,,10-Q,2023-10-28,https://www.sec.gov/Archives/edgar/data/745732/000074573223000072/rost-20231028.htm,4.47,0.6785638701184429,0.6520353943579231,0.5395926075812761,0.49913975813100897,5,ocf_to_net_income,0.9926,accrual_ratio,-0.9104,equity_to_assets,0.323,robust_mcd,brick3_q_v2_robust_mahalanobis_clipped,2026-03-18T05:10:36.278770+00:00
REGN,,10-Q,2025-09-30,https://www.sec.gov/Archives/edgar/data/872589/000087258925000028/regn-20250930.htm,4.39,0.6767856417227971,0.8213817118162311,0.4523530965346845,0.33217954011442613,6,assets_growth_yoy,-1.0653,accrual_ratio,-0.4354,ocf_to_net_income,0.2034,robust_mcd,brick3_q_v2_robust_mahalanobis_clipped,2026-03-18T05:10:36.278770+00:00
ROP,,10-Q,2024-03-31,https://www.sec.gov/Archives/edgar/data/882835/000088283524000018/rop-20240331.htm,4.32,0.6763473479611188,0.6438969361222954,0.3851449512471894,0.5252980989810418,6,net_income_growth_yoy,0.6313,equity_to_assets,0.618,accrual_ratio,0.5693,robust_mcd,brick3_q_v2_robust_mahalanobis_clipped,2026-03-18T05:10:36.278770+00:00
CDNS,,10-Q,2025-09-30,https://www.sec.gov/Archives/edgar/data/813672/000081367225000148/cdns-20250930.htm,4.24,0.673070987545095,0.54357026857386,0.47295659352672664,0.46316977742300763,5,assets_growth_yoy,-0.6054,net_income_growth_yoy,0.5032,accrual_ratio,-0.4631,robust_mcd,brick3_q_v2_robust_mahalanobis_clipped,2026-03-18T05:10:36.278770+00:00
VRSK,,10-Q,2021-06-30,https://www.sec.gov/Archives/edgar/data/1442145/000143774921018343/vrsk20210630_10q.htm,4.16,0.6704704452507725,,0.3490565390786326,0.3490565390786326,6,net_income_growth_yoy,-0.729,accrual_ratio,0.4922,debt_to_assets,0.3932,robust_mcd,brick3_q_v2_robust_mahalanobis_clipped,2026-03-18T05:10:36.278770+00:00
ODFL,,10-Q,2025-06-30,https://www.sec.gov/Archives/edgar/data/878927/000095017025103916/odfl-20250630.htm,4.09,0.669545881165317,0.4200056909218019,0.8504148272768002,0.5477119833824595,6,net_income_growth_yoy,-0.8333,assets_growth_yoy,-0.6466,equity_to_assets,0.627,robust_mcd,brick3_q_v2_robust_mahalanobis_clipped,2026-03-18T05:10:36.278770+00:00
CPRT,,10-Q,2021-01-31,https://www.sec.gov/Archives/edgar/data/900075/000090007521000007/cprt-20210131.htm,4.01,0.6627313302719675,,0.5309235638938591,0.5309235638938591,6,equity_to_assets,1.0376,debt_to_assets,-0.9551,net_income_growth_yoy,0.4854,robust_mcd,brick3_q_v2_robust_mahalanobis_clipped,2026-03-18T05:10:36.278770+00:00
KDP,,10-Q,2021-09-30,https://www.sec.gov/Archives/edgar/data/1418135/000141813521000028/kdp-20210930.htm,3.93,0.6556763229425518,,0.3406221379099597,0.3406221379099597,6,assets_growth_yoy,-0.5551,accrual_ratio,0.4817,equity_to_assets,0.4591,robust_mcd,brick3_q_v2_robust_mahalanobis_clipped,2026-03-18T05:10:36.278770+00:00
LRCX,,10-Q,2024-09-29,https://www.sec.gov/Archives/edgar/data/707549/000070754924000128/lrcx-20240929.htm,3.86,0.6549195166398626,0.3872886839333596,0.6744907594765959,0.44177912759104054,6,debt_to_assets,-0.5979,equity_to_assets,0.5979,accrual_ratio,0.5648,robust_mcd,brick3_q_v2_robust_mahalanobis_clipped,2026-03-18T05:10:36.278770+00:00
KDP,,10-Q,2021-06-30,https://www.sec.gov/Archives/edgar/data/1418135/000141813521000018/kdp-20210630.htm,3.78,0.6514041920972574,,0.33326836387979736,0.33326836387979736,6,assets_growth_yoy,-0.6341,equity_to_assets,0.4234,accrual_ratio,0.3929,robust_mcd,brick3_q_v2_robust_mahalanobis_clipped,2026-03-18T05:10:36.278770+00:00
AMAT,,10-Q,2023-01-29,https://www.sec.gov/Archives/edgar/data/6951/000000695123000012/amat-20230129.htm,3.7,0.6456397087121724,0.4877269416710705,0.6744907594765952,0.3377259651009563,6,net_income_growth_yoy,-0.6858,assets_growth_yoy,0.6372,debt_to_assets,-0.2709,robust_mcd,brick3_q_v2_robust_mahalanobis_clipped,2026-03-18T05:10:36.278770+00:00
LRCX,,10-Q,2024-12-29,https://www.sec.gov/Archives/edgar/data/707549/000070754925000014/lrcx-20241229.htm,3.62,0.6427413238323129,0.5510549326797088,0.45535240675325434,0.512773922309127,6,equity_to_assets,0.9938,debt_to_assets,-0.724,assets_growth_yoy,-0.451,robust_mcd,brick3_q_v2_robust_mahalanobis_clipped,2026-03-18T05:10:36.278770+00:00
REGN,,10-Q,2023-09-30,https://www.sec.gov/Archives/edgar/data/872589/000180422023000031/regn-20230930.htm,3.55,0.6396351047911806,0.6315454474664438,0.7342685042516465,0.5895308936292022,6,equity_to_assets,0.8365,ocf_to_net_income,0.8273,accrual_ratio,-0.7047,robust_mcd,brick3_q_v2_robust_mahalanobis_clipped,2026-03-18T05:10:36.278770+00:00
AMGN,,10-Q,2025-09-30,https://www.sec.gov/Archives/edgar/data/318154/000031815425000072/amgn-20250930.htm,3.47,0.6333030818695926,0.5636836358315656,0.5280068715415487,0.3443712544622176,5,equity_to_assets,0.5217,assets_growth_yoy,-0.4986,accrual_ratio,-0.3501,robust_mcd,brick3_q_v2_robust_mahalanobis_clipped,2026-03-18T05:10:36.278770+00:00
CSX,,10-Q,2021-03-31,https://www.sec.gov/Archives/edgar/data/277948/000027794821000024/csx-20210331.htm,3.39,0.625997971756082,,0.38924818617898366,0.38924818617898366,5,net_income_growth_yoy,-0.6444,assets_growth_yoy,-0.609,debt_to_assets,0.39,robust_mcd,brick3_q_v2_robust_mahalanobis_clipped,2026-03-18T05:10:36.278770+00:00
KLAC,,10-Q,2025-12-31,https://www.sec.gov/Archives/edgar/data/319201/000031920126000008/klac-20251231.htm,3.32,0.6197398288767147,0.6080475273872951,0.20643095155214727,0.41092592858174387,6,debt_to_assets,-0.9178,equity_to_assets,0.8918,accrual_ratio,-0.4002,robust_mcd,brick3_q_v2_robust_mahalanobis_clipped,2026-03-18T05:10:36.278770+00:00
ORLY,,10-Q,2025-06-30,https://www.sec.gov/Archives/edgar/data/898173/000089817325000049/orly-20250630x10q.htm,3.24,0.6107841038907756,0.35913400442103727,0.683541518734678,0.25201362423956475,5,equity_to_assets,-0.4303,assets_growth_yoy,0.4157,accrual_ratio,-0.2757,robust_mcd,brick3_q_v2_robust_mahalanobis_clipped,2026-03-18T05:10:36.278770+00:00
MSFT,,10-Q,2022-03-31,https://www.sec.gov/Archives/edgar/data/789019/000156459022015675/msft-10q_20220331.htm,3.16,0.6034736312177404,,0.41040408867212547,0.41040408867212547,6,accrual_ratio,-0.8638,equity_to_assets,0.4943,ocf_to_net_income,0.3745,robust_mcd,brick3_q_v2_robust_mahalanobis_clipped,2026-03-18T05:10:36.278770+00:00
DXCM,,10-Q,2021-09-30,https://www.sec.gov/Archives/edgar/data/1093557/000109355721000248/dxcm-20210930.htm,3.08,0.5990642988717843,,0.3146973889662354,0.3146973889662354,6,assets_growth_yoy,1.2665,ocf_to_net_income,0.4052,net_income_growth_yoy,-0.11,robust_mcd,brick3_q_v2_robust_mahalanobis_clipped,2026-03-18T05:10:36.278770+00:00
ROP,,10-Q,2024-06-30,https://www.sec.gov/Archives/edgar/data/882835/000088283524000037/rop-20240630.htm,3.01,0.597182703806372,0.7810569326037343,0.34353097574851854,0.5744856327088455,6,net_income_growth_yoy,-1.0014,equity_to_assets,0.7167,ocf_to_net_income,0.7014,robust_mcd,brick3_q_v2_robust_mahalanobis_clipped,2026-03-18T05:10:36.278770+00:00
REGN,,10-Q,2024-09-30,https://www.sec.gov/Archives/edgar/data/872589/000180422024000040/regn-20240930.htm,2.93,0.5937228606337872,0.44733816726872905,0.7011523548143658,0.49563846582099486,6,net_income_growth_yoy,0.9836,equity_to_assets,0.8394,debt_to_assets,-0.7362,robust_mcd,brick3_q_v2_robust_mahalanobis_clipped,2026-03-18T05:10:36.278770+00:00
REGN,,10-Q,2024-03-31,https://www.sec.gov/Archives/edgar/data/872589/000180422024000017/regn-20240331.htm,2.85,0.5866477530736949,0.49405391186078823,0.9003110729175022,0.4033230866578687,6,equity_to_assets,1.0285,debt_to_assets,-0.9531,ocf_to_net_income,0.2052,robust_mcd,brick3_q_v2_robust_mahalanobis_clipped,2026-03-18T05:10:36.278770+00:00
NXPI,,10-Q,2025-06-29,https://www.sec.gov/Archives/edgar/data/1413447/000141344725000106/nxpi-20250629.htm,2.78,0.5845019772971599,0.5416842461554147,0.4945448240741741,0.4455763828152837,6,assets_growth_yoy,0.7822,equity_to_assets,0.6805,debt_to_assets,-0.4226,robust_mcd,brick3_q_v2_robust_mahalanobis_clipped,2026-03-18T05:10:36.278770+00:00
KLAC,,10-Q,2024-12-31,https://www.sec.gov/Archives/edgar/data/319201/000031920125000006/klac-20241231.htm,2.7,0.5818163706703411,0.5094736965236758,0.37698822622226585,0.30552297481352725,6,assets_growth_yoy,-0.7833,net_income_growth_yoy,0.446,debt_to_assets,-0.2702,robust_mcd,brick3_q_v2_robust_mahalanobis_clipped,2026-03-18T05:10:36.278770+00:00
ROP,,10-Q,2021-06-30,https://www.sec.gov/Archives/edgar/data/882835/000088283521000044/rop-20210630.htm,2.62,0.581177557596756,,0.37903197592637333,0.37903197592637333,6,assets_growth_yoy,0.8736,ocf_to_net_income,0.8602,equity_to_assets,0.3485,robust_mcd,brick3_q_v2_robust_mahalanobis_clipped,2026-03-18T05:10:36.278770+00:00
ROP,,10-Q,2023-06-30,https://www.sec.gov/Archives/edgar/data/882835/000088283523000045/rop-20230630.htm,2.54,0.5686599920374772,0.7257787868909581,0.36214026353424117,0.5152693415945272,6,equity_to_assets,0.9943,debt_to_assets,-0.823,net_income_growth_yoy,0.7428,robust_mcd,brick3_q_v2_robust_mahalanobis_clipped,2026-03-18T05:10:36.278770+00:00
CSCO,,10-Q,2022-10-29,https://www.sec.gov/Archives/edgar/data/858877/000085887722000025/csco-20221029.htm,2.47,0.5583148663248276,0.6900600113841476,0.11241512657943253,0.2535059166643597,6,ocf_to_net_income,-0.6567,accrual_ratio,0.5945,equity_to_assets,0.2025,robust_mcd,brick3_q_v2_robust_mahalanobis_clipped,2026-03-18T05:10:36.278770+00:00
HON,,10-Q,2023-09-30,https://www.sec.gov/Archives/edgar/data/773840/000077384023000085/hon-20230930.htm,2.39,0.5513328953497585,0.6684408319307462,0.6058217650987212,0.3091704814705996,5,net_income_growth_yoy,-0.5922,equity_to_assets,-0.3678,accrual_ratio,-0.2752,robust_mcd,brick3_q_v2_robust_mahalanobis_clipped,2026-03-18T05:10:36.278770+00:00
AMAT,,10-Q,2023-04-30,https://www.sec.gov/Archives/edgar/data/6951/000000695123000022/amat-20230430.htm,2.31,0.5469762735816522,0.5749203641139907,0.2524717114542983,0.44594090305011375,6,accrual_ratio,-0.8787,ocf_to_net_income,0.7043,net_income_growth_yoy,-0.5706,robust_mcd,brick3_q_v2_robust_mahalanobis_clipped,2026-03-18T05:10:36.278770+00:00
REGN,,10-Q,2023-06-30,https://www.sec.gov/Archives/edgar/data/872589/000180422023000023/regn-20230630.htm,2.24,0.544227892516541,0.4651698700108266,0.6172378889753275,0.45117218657093777,6,equity_to_assets,1.0687,debt_to_assets,-0.8223,ocf_to_net_income,0.2368,robust_mcd,brick3_q_v2_robust_mahalanobis_clipped,2026-03-18T05:10:36.278770+00:00
INTC,,10-Q,2021-03-27,https://www.sec.gov/Archives/edgar/data/50863/000005086321000018/intc-20210327.htm,2.16,0.5402089534589768,,0.3252189636727894,0.3252189636727894,5,net_income_growth_yoy,-0.8819,accrual_ratio,0.4466,ocf_to_net_income,-0.1009,robust_mcd,brick3_q_v2_robust_mahalanobis_clipped,2026-03-18T05:10:36.278770+00:00
NXPI,,10-Q,2023-04-02,https://www.sec.gov/Archives/edgar/data/1413447/000141344723000020/nxpi-20230402.htm,2.08,0.5259382988610651,0.8202678956754105,0.674490759476595,0.40222863614170024,6,ocf_to_net_income,-0.6319,debt_to_assets,-0.5761,equity_to_assets,0.5628,robust_mcd,brick3_q_v2_robust_mahalanobis_clipped,2026-03-18T05:10:36.278770+00:00
INTC,,10-Q,2021-06-26,https://www.sec.gov/Archives/edgar/data/50863/000005086321000030/intc-20210626.htm,2.0,0.5052602657271641,,0.3248995994647861,0.3248995994647861,5,net_income_growth_yoy,-0.8819,accrual_ratio,0.3777,equity_to_assets,0.1664,robust_mcd,brick3_q_v2_robust_mahalanobis_clipped,2026-03-18T05:10:36.278770+00:00
ROST,,10-Q,2023-04-29,https://www.sec.gov/Archives/edgar/data/745732/000074573223000040/rost-20230429.htm,1.93,0.49213773384216725,0.45722003130950384,0.7829204517567344,0.33462045280693353,5,assets_growth_yoy,0.7259,accrual_ratio,0.5094,ocf_to_net_income,-0.2237,robust_mcd,brick3_q_v2_robust_mahalanobis_clipped,2026-03-18T05:10:36.278770+00:00
GILD,,10-Q,2023-06-30,https://www.sec.gov/Archives/edgar/data/882095/000088209523000025/gild-20230630.htm,1.85,0.46526180151923263,0.4650754614806428,0.621715109997003,0.4543516082147529,5,ocf_to_net_income,1.0375,equity_to_assets,0.3554,accrual_ratio,-0.3307,robust_mcd,brick3_q_v2_robust_mahalanobis_clipped,2026-03-18T05:10:36.278770+00:00
NXPI,,10-Q,2023-07-02,https://www.sec.gov/Archives/edgar/data/1413447/000141344723000059/nxpi-20230702.htm,1.77,0.45795164537188093,0.39755044372595316,0.674490759476595,0.3284623674991179,6,accrual_ratio,0.4488,ocf_to_net_income,-0.4427,debt_to_assets,-0.4073,robust_mcd,brick3_q_v2_robust_mahalanobis_clipped,2026-03-18T05:10:36.278770+00:00
MSFT,,10-Q,2021-03-31,https://www.sec.gov/Archives/edgar/data/789019/000156459021020891/msft-10q_20210331.htm,1.7,0.45113348600212083,,0.2802325908038563,0.2802325908038563,6,accrual_ratio,-0.4852,equity_to_assets,0.4789,net_income_growth_yoy,0.3671,robust_mcd,brick3_q_v2_robust_mahalanobis_clipped,2026-03-18T05:10:36.278770+00:00
CSX,,10-Q,2022-03-31,https://www.sec.gov/Archives/edgar/data/277948/000027794822000020/csx-20220331.htm,1.62,0.43423103635749827,,0.2530624846002301,0.2530624846002301,5,assets_growth_yoy,-0.4506,debt_to_assets,0.3867,ocf_to_net_income,0.3676,robust_mcd,brick3_q_v2_robust_mahalanobis_clipped,2026-03-18T05:10:36.278770+00:00
VRTX,,10-Q,2023-06-30,https://www.sec.gov/Archives/edgar/data/875320/000087532023000021/vrtx-20230630.htm,1.54,0.43199942958387766,0.13955959064976442,0.8845812675680413,0.4008153156743773,6,assets_growth_yoy,1.0001,equity_to_assets,0.5671,debt_to_assets,-0.3308,robust_mcd,brick3_q_v2_robust_mahalanobis_clipped,2026-03-18T05:10:36.278770+00:00
NVDA,,10-Q,2022-05-01,https://www.sec.gov/Archives/edgar/data/1045810/000104581022000079/nvda-20220501.htm,1.46,0.42364087135431105,,0.3372453797382975,0.3372453797382975,6,net_income_growth_yoy,-0.6745,debt_to_assets,-0.6745,equity_to_assets,0.6745,robust_mcd,brick3_q_v2_robust_mahalanobis_clipped,2026-03-18T05:10:36.278770+00:00
AMD,,10-Q,2025-06-28,https://www.sec.gov/Archives/edgar/data/2488/000000248825000108/amd-20250628.htm,1.39,0.42130918428573283,0.6364448965819454,0.9019824654359472,0.4168006677649728,5,net_income_growth_yoy,0.7938,ocf_to_net_income,0.397,assets_growth_yoy,0.338,robust_mcd,brick3_q_v2_robust_mahalanobis_clipped,2026-03-18T05:10:36.278770+00:00
NXPI,,10-Q,2025-09-28,https://www.sec.gov/Archives/edgar/data/1413447/000141344725000120/nxpi-20250928.htm,1.31,0.39911120399131317,0.5866767294087935,0.6744907594765953,0.441938138908822,6,net_income_growth_yoy,-0.6745,assets_growth_yoy,0.6745,ocf_to_net_income,0.5278,robust_mcd,brick3_q_v2_robust_mahalanobis_clipped,2026-03-18T05:10:36.278770+00:00
NXPI,,10-Q,2022-07-03,https://www.sec.gov/Archives/edgar/data/1413447/000141344722000049/nxpi-20220703.htm,1.23,0.3845889116572143,0.6270672259904639,0.6744907594765953,0.3950837657061505,6,net_income_growth_yoy,0.6745,assets_growth_yoy,0.6745,ocf_to_net_income,-0.3679,robust_mcd,brick3_q_v2_robust_mahalanobis_clipped,2026-03-18T05:10:36.278770+00:00
STX,,10-Q,2025-03-28,https://www.sec.gov/Archives/edgar/data/1137789/000113778925000075/stx-20250328.htm,1.16,0.3541388476753129,0.30878341538075454,0.6744907594765953,0.32549695947027907,6,net_income_growth_yoy,-0.5713,debt_to_assets,0.444,equity_to_assets,-0.444,robust_mcd,brick3_q_v2_robust_mahalanobis_clipped,2026-03-18T05:10:36.278770+00:00
CPRT,,10-Q,2022-01-31,https://www.sec.gov/Archives/edgar/data/900075/000090007522000015/cprt-20220131.htm,1.08,0.34460480095438834,,0.3623954590147549,0.3623954590147549,6,debt_to_assets,-0.6745,equity_to_assets,0.6745,assets_growth_yoy,0.43,robust_mcd,brick3_q_v2_robust_mahalanobis_clipped,2026-03-18T05:10:36.278770+00:00
DXCM,,10-Q,2025-06-30,https://www.sec.gov/Archives/edgar/data/1093557/000109355725000243/dxcm-20250630.htm,1.0,0.32841749386621744,0.27838346630069694,0.40063612625134853,0.28990366987437294,6,equity_to_assets,-0.4449,accrual_ratio,-0.4004,debt_to_assets,0.3071,robust_mcd,brick3_q_v2_robust_mahalanobis_clipped,2026-03-18T05:10:36.278770+00:00
ADSK,,10-Q,2023-10-31,https://www.sec.gov/Archives/edgar/data/769397/000076939723000193/adsk-20231031.htm,0.93,0.32813851780846764,0.48173944811809155,0.4066335185093619,0.3042202671812996,5,assets_growth_yoy,-0.5407,equity_to_assets,0.2798,ocf_to_net_income,-0.2681,robust_mcd,brick3_q_v2_robust_mahalanobis_clipped,2026-03-18T05:10:36.278770+00:00
INTC,,10-Q,2021-09-25,https://www.sec.gov/Archives/edgar/data/50863/000005086321000038/intc-20210925.htm,0.85,0.32256514874913217,,0.26979630379063807,0.26979630379063807,5,net_income_growth_yoy,-0.6745,ocf_to_net_income,0.6745,assets_growth_yoy,0.0,robust_mcd,brick3_q_v2_robust_mahalanobis_clipped,2026-03-18T05:10:36.278770+00:00
GILD,,10-Q,2021-03-31,https://www.sec.gov/Archives/edgar/data/882095/000088209521000013/gild-20210331.htm,0.77,0.28542609872091246,,0.12179839775559631,0.12179839775559631,5,net_income_growth_yoy,-0.26,equity_to_assets,-0.2397,ocf_to_net_income,0.0914,robust_mcd,brick3_q_v2_robust_mahalanobis_clipped,2026-03-18T05:10:36.278770+00:00
ADSK,,10-Q,2025-07-31,https://www.sec.gov/Archives/edgar/data/769397/000076939725000117/adsk-20250731.htm,0.69,0.27281212016719364,0.4634967313908698,0.38370126003789806,0.27479395341274954,5,accrual_ratio,-0.3655,equity_to_assets,0.3028,assets_growth_yoy,-0.2628,robust_mcd,brick3_q_v2_robust_mahalanobis_clipped,2026-03-18T05:10:36.278770+00:00
CMCSA,,10-Q,2025-03-31,https://www.sec.gov/Archives/edgar/data/1166691/000116669125000021/cmcsa-20250331.htm,0.62,0.2595597602969635,0.5108544481855879,0.6224240190969562,0.2608021416993851,5,net_income_growth_yoy,-0.6074,ocf_to_net_income,0.2726,equity_to_assets,0.2061,robust_mcd,brick3_q_v2_robust_mahalanobis_clipped,2026-03-18T05:10:36.278770+00:00
CTAS,,10-Q,2025-11-30,https://www.sec.gov/Archives/edgar/data/723254/000072325426000002/ctas-20251130.htm,0.54,0.2578903286017889,0.405402907805128,0.6744907594765946,0.31461581798434174,5,assets_growth_yoy,0.6794,ocf_to_net_income,-0.2955,net_income_growth_yoy,0.2848,robust_mcd,brick3_q_v2_robust_mahalanobis_clipped,2026-03-18T05:10:36.278770+00:00
ORLY,,10-Q,2025-09-30,https://www.sec.gov/Archives/edgar/data/898173/000089817325000057/orly-20250930x10q.htm,0.46,0.2527306967450454,0.6588398361025157,0.5567472943084721,0.322242684289475,5,assets_growth_yoy,0.7768,net_income_growth_yoy,0.3526,accrual_ratio,-0.3344,robust_mcd,brick3_q_v2_robust_mahalanobis_clipped,2026-03-18T05:10:36.278770+00:00
AXON,,10-Q,2024-09-30,https://www.sec.gov/Archives/edgar/data/1069183/000106918324000061/axon-20240930.htm,0.39,0.1769725319998008,0.5380181272178347,0.4966144020914857,0.2340932709844182,6,net_income_growth_yoy,-0.3458,assets_growth_yoy,0.3158,debt_to_assets,0.2642,robust_mcd,brick3_q_v2_robust_mahalanobis_clipped,2026-03-18T05:10:36.278770+00:00
ADI,,10-Q,2023-04-29,https://www.sec.gov/Archives/edgar/data/6281/000000628123000152/adi-20230429.htm,0.31,0.1544920587049544,0.08781545324793237,0.49043468688185216,0.19205465479380468,5,equity_to_assets,0.2604,accrual_ratio,-0.2548,assets_growth_yoy,-0.2535,robust_mcd,brick3_q_v2_robust_mahalanobis_clipped,2026-03-18T05:10:36.278770+00:00
ROP,,10-Q,2025-06-30,https://www.sec.gov/Archives/edgar/data/882835/000088283525000036/rop-20250630.htm,0.23,0.12585207116194927,0.25834489162891233,0.2964422316201332,0.24972642028125444,6,assets_growth_yoy,0.47,ocf_to_net_income,0.4095,equity_to_assets,0.2727,robust_mcd,brick3_q_v2_robust_mahalanobis_clipped,2026-03-18T05:10:36.278770+00:00
ROST,,10-Q,2025-08-02,https://www.sec.gov/Archives/edgar/data/745732/000074573225000052/rost-20250802.htm,0.15,0.10125555586989173,0.6557201534837868,0.8977816866925588,0.15678718000068784,5,net_income_growth_yoy,-0.3597,accrual_ratio,-0.2623,assets_growth_yoy,-0.0926,robust_mcd,brick3_q_v2_robust_mahalanobis_clipped,2026-03-18T05:10:36.278770+00:00
ADSK,,10-Q,2023-07-31,https://www.sec.gov/Archives/edgar/data/769397/000076939723000159/adsk-20230731.htm,0.08,0.09366229100895614,0.33328782637140925,0.5627410732688893,0.20104644989706877,5,assets_growth_yoy,0.2858,ocf_to_net_income,-0.2337,net_income_growth_yoy,-0.2311,robust_mcd,brick3_q_v2_robust_mahalanobis_clipped,2026-03-18T05:10:36.278770+00:00
AAPL,,10-Q,2021-12-25,https://www.sec.gov/Archives/edgar/data/320193/000032019322000007/aapl-20211225.htm,,,,,,0,,,,,,,robust_mcd,brick3_q_v2_robust_mahalanobis_clipped,2026-03-18T05:10:36.278770+00:00
ADBE,,10-Q,2021-03-05,https://www.sec.gov/Archives/edgar/data/796343/000079634321000069/adbe-20210305.htm,,,,,,0,,,,,,,robust_mcd,brick3_q_v2_robust_mahalanobis_clipped,2026-03-18T05:10:36.278770+00:00
ADBE,,10-Q,2021-06-04,https://www.sec.gov/Archives/edgar/data/796343/000079634321000159/adbe-20210604.htm,,,,,,0,,,,,,,robust_mcd,brick3_q_v2_robust_mahalanobis_clipped,2026-03-18T05:10:36.278770+00:00
ADBE,,10-Q,2021-09-03,https://www.sec.gov/Archives/edgar/data/796343/000079634321000210/adbe-20210903.htm,,,,,,0,,,,,,,robust_mcd,brick3_q_v2_robust_mahalanobis_clipped,2026-03-18T05:10:36.278770+00:00
ADBE,,10-Q,2022-03-04,https://www.sec.gov/Archives/edgar/data/796343/000079634322000099/adbe-20220304.htm,,,,,,0,,,,,,,robust_mcd,brick3_q_v2_robust_mahalanobis_clipped,2026-03-18T05:10:36.278770+00:00
ADI,,10-Q,2021-01-30,https://www.sec.gov/Archives/edgar/data/6281/000000628121000022/adi-20210130.htm,,,,,,0,,,,,,,robust_mcd,brick3_q_v2_robust_mahalanobis_clipped,2026-03-18T05:10:36.278770+00:00
AVGO,,10-Q,2021-01-31,https://www.sec.gov/Archives/edgar/data/1730168/000173016821000045/avgo-20210131.htm,,,,0.8964367787240908,0.8964367787240908,2,assets_growth_yoy,-1.1184,debt_to_assets,0.6745,,,robust_mcd,brick3_q_v2_robust_mahalanobis_clipped,2026-03-18T05:10:36.278770+00:00
AVGO,,10-Q,2021-05-02,https://www.sec.gov/Archives/edgar/data/1730168/000173016821000116/avgo-20210502.htm,,,,0.8826583530015853,0.8826583530015853,2,debt_to_assets,1.0908,assets_growth_yoy,-0.6745,,,robust_mcd,brick3_q_v2_robust_mahalanobis_clipped,2026-03-18T05:10:36.278770+00:00
AVGO,,10-Q,2021-08-01,https://www.sec.gov/Archives/edgar/data/1730168/000173016821000123/avgo-20210801.htm,,,,1.3992536659723465,1.3992536659723465,2,debt_to_assets,2.124,assets_growth_yoy,-0.6745,,,robust_mcd,brick3_q_v2_robust_mahalanobis_clipped,2026-03-18T05:10:36.278770+00:00
AVGO,,10-Q,2025-02-02,https://www.sec.gov/Archives/edgar/data/1730168/000173016825000021/avgo-20250202.htm,,,4.986332063699091,,4.986332063699091,2,debt_to_assets,-8.0,assets_growth_yoy,1.9727,,,robust_mcd,brick3_q_v2_robust_mahalanobis_clipped,2026-03-18T05:10:36.278770+00:00
AVGO,,10-Q,2025-05-04,https://www.sec.gov/Archives/edgar/data/1730168/000173016825000064/avgo-20250504.htm,,,3.9538534175616604,,3.9538534175616604,2,debt_to_assets,-6.9281,assets_growth_yoy,0.9796,,,robust_mcd,brick3_q_v2_robust_mahalanobis_clipped,2026-03-18T05:10:36.278770+00:00
AVGO,,10-Q,2025-08-03,https://www.sec.gov/Archives/edgar/data/1730168/000173016825000098/avgo-20250803.htm,,,2.7752645123565713,,2.7752645123565713,2,debt_to_assets,-4.5709,assets_growth_yoy,0.9796,,,robust_mcd,brick3_q_v2_robust_mahalanobis_clipped,2026-03-18T05:10:36.278770+00:00
CDNS,,10-Q,2021-04-03,https://www.sec.gov/Archives/edgar/data/813672/000081367221000016/cdns-20210403.htm,,,,,,0,,,,,,,robust_mcd,brick3_q_v2_robust_mahalanobis_clipped,2026-03-18T05:10:36.278770+00:00
CDNS,,10-Q,2021-07-03,https://www.sec.gov/Archives/edgar/data/813672/000081367221000028/cdns-20210703.htm,,,,,,0,,,,,,,robust_mcd,brick3_q_v2_robust_mahalanobis_clipped,2026-03-18T05:10:36.278770+00:00
CDNS,,10-Q,2021-10-02,https://www.sec.gov/Archives/edgar/data/813672/000081367221000037/cdns-20211002.htm,,,,,,0,,,,,,,robust_mcd,brick3_q_v2_robust_mahalanobis_clipped,2026-03-18T05:10:36.278770+00:00
COST,,10-Q,2021-02-14,https://www.sec.gov/Archives/edgar/data/909832/000090983221000003/cost-20210214.htm,,,,,,0,,,,,,,robust_mcd,brick3_q_v2_robust_mahalanobis_clipped,2026-03-18T05:10:36.278770+00:00
COST,,10-Q,2021-05-09,https://www.sec.gov/Archives/edgar/data/909832/000090983221000008/cost-20210509.htm,,,,,,0,,,,,,,robust_mcd,brick3_q_v2_robust_mahalanobis_clipped,2026-03-18T05:10:36.278770+00:00
COST,,10-Q,2021-11-21,https://www.sec.gov/Archives/edgar/data/909832/000090983221000021/cost-20211121.htm,,,,,,0,,,,,,,robust_mcd,brick3_q_v2_robust_mahalanobis_clipped,2026-03-18T05:10:36.278770+00:00
COST,,10-Q,2022-02-13,https://www.sec.gov/Archives/edgar/data/909832/000090983222000005/cost-20220213.htm,,,,,,0,,,,,,,robust_mcd,brick3_q_v2_robust_mahalanobis_clipped,2026-03-18T05:10:36.278770+00:00
CSCO,,10-Q,2021-01-23,https://www.sec.gov/Archives/edgar/data/858877/000085887721000004/csco-20210123.htm,,,,,,0,,,,,,,robust_mcd,brick3_q_v2_robust_mahalanobis_clipped,2026-03-18T05:10:36.278770+00:00
CTAS,,10-Q,2021-02-28,https://www.sec.gov/Archives/edgar/data/723254/000072325421000009/ctas-20210228.htm,,,,0.6744907594765953,0.6744907594765953,2,equity_to_assets,0.6745,assets_growth_yoy,-0.6745,,,robust_mcd,brick3_q_v2_robust_mahalanobis_clipped,2026-03-18T05:10:36.278770+00:00
CTAS,,10-Q,2021-08-31,https://www.sec.gov/Archives/edgar/data/723254/000072325421000032/ctas-20210831.htm,,,,0.6744907594765952,0.6744907594765952,2,assets_growth_yoy,-0.6745,equity_to_assets,0.6745,,,robust_mcd,brick3_q_v2_robust_mahalanobis_clipped,2026-03-18T05:10:36.278770+00:00
CTAS,,10-Q,2021-11-30,https://www.sec.gov/Archives/edgar/data/723254/000072325422000002/ctas-20211130.htm,,,,0.6744907594765952,0.6744907594765952,2,assets_growth_yoy,-0.6745,equity_to_assets,0.6745,,,robust_mcd,brick3_q_v2_robust_mahalanobis_clipped,2026-03-18T05:10:36.278770+00:00
CTAS,,10-Q,2022-02-28,https://www.sec.gov/Archives/edgar/data/723254/000072325422000008/ctas-20220228.htm,,,,0.674490759476595,0.674490759476595,2,assets_growth_yoy,-0.6745,equity_to_assets,0.6745,,,robust_mcd,brick3_q_v2_robust_mahalanobis_clipped,2026-03-18T05:10:36.278770+00:00
LRCX,,10-Q,2021-09-26,https://www.sec.gov/Archives/edgar/data/707549/000070754921000155/lrcx-20210926.htm,,,,,,0,,,,,,,robust_mcd,brick3_q_v2_robust_mahalanobis_clipped,2026-03-18T05:10:36.278770+00:00
MNST,,10-Q,2021-03-31,https://www.sec.gov/Archives/edgar/data/865752/000110465921063189/mnst-20210331x10q.htm,,,,1.7777495186854242,1.7777495186854242,2,equity_to_assets,2.3377,assets_growth_yoy,1.2178,,,robust_mcd,brick3_q_v2_robust_mahalanobis_clipped,2026-03-18T05:10:36.278770+00:00
MNST,,10-Q,2021-06-30,https://www.sec.gov/Archives/edgar/data/865752/000110465921101583/mnst-20210630x10q.htm,,,,1.86512464092498,1.86512464092498,2,equity_to_assets,2.0519,assets_growth_yoy,1.6783,,,robust_mcd,brick3_q_v2_robust_mahalanobis_clipped,2026-03-18T05:10:36.278770+00:00
MNST,,10-Q,2021-09-30,https://www.sec.gov/Archives/edgar/data/865752/000110465921135130/mnst-20210930x10q.htm,,,,2.0158477464121782,2.0158477464121782,2,equity_to_assets,2.2709,assets_growth_yoy,1.7608,,,robust_mcd,brick3_q_v2_robust_mahalanobis_clipped,2026-03-18T05:10:36.278770+00:00
MNST,,10-Q,2022-03-31,https://www.sec.gov/Archives/edgar/data/865752/000110465922057028/mnst-20220331x10q.htm,,,,1.7343520809139497,1.7343520809139497,2,equity_to_assets,1.9651,assets_growth_yoy,1.5036,,,robust_mcd,brick3_q_v2_robust_mahalanobis_clipped,2026-03-18T05:10:36.278770+00:00
MNST,,10-Q,2022-06-30,https://www.sec.gov/Archives/edgar/data/865752/000110465922086741/mnst-20220630x10q.htm,,,2.9255954998971365,1.3195576616213804,1.2275342352897296,2,assets_growth_yoy,-2.0901,equity_to_assets,-0.3649,,,robust_mcd,brick3_q_v2_robust_mahalanobis_clipped,2026-03-18T05:10:36.278770+00:00
MNST,,10-Q,2022-09-30,https://www.sec.gov/Archives/edgar/data/865752/000110465922114849/mnst-20220930x10q.htm,,,1.9135468304376415,1.0814110939690673,0.7155636606749578,2,assets_growth_yoy,-1.2905,equity_to_assets,-0.1407,,,robust_mcd,brick3_q_v2_robust_mahalanobis_clipped,2026-03-18T05:10:36.278770+00:00
MNST,,10-Q,2023-03-31,https://www.sec.gov/Archives/edgar/data/865752/000110465923056507/mnst-20230331x10q.htm,,,1.073646978470205,0.8860093859290747,0.9667235473989987,2,assets_growth_yoy,-1.1268,equity_to_assets,0.8067,,,robust_mcd,brick3_q_v2_robust_mahalanobis_clipped,2026-03-18T05:10:36.278770+00:00
MNST,,10-Q,2023-06-30,https://www.sec.gov/Archives/edgar/data/865752/000110465923087927/mnst-20230630x10q.htm,,,1.8614605035946363,1.179042039007553,1.386348853037444,2,equity_to_assets,2.4745,assets_growth_yoy,-0.2982,,,robust_mcd,brick3_q_v2_robust_mahalanobis_clipped,2026-03-18T05:10:36.278770+00:00
MNST,,10-Q,2023-09-30,https://www.sec.gov/Archives/edgar/data/865752/000110465923114789/mnst-20230930x10q.htm,,,1.419182251478178,1.0610337255668767,1.1089852013868144,2,equity_to_assets,2.1127,assets_growth_yoy,-0.1052,,,robust_mcd,brick3_q_v2_robust_mahalanobis_clipped,2026-03-18T05:10:36.278770+00:00
MNST,,10-Q,2024-03-31,https://www.sec.gov/Archives/edgar/data/865752/000141057824000605/mnst-20240331x10q.htm,,,1.844546747780631,1.048751234022522,1.4499356675837696,2,equity_to_assets,2.7806,assets_growth_yoy,0.1192,,,robust_mcd,brick3_q_v2_robust_mahalanobis_clipped,2026-03-18T05:10:36.278770+00:00
MNST,,10-Q,2024-06-30,https://www.sec.gov/Archives/edgar/data/865752/000141057824001239/mnst-20240630x10q.htm,,,5.618324834933133,1.4735067857331972,3.506305595065102,2,equity_to_assets,-4.3459,assets_growth_yoy,-2.6667,,,robust_mcd,brick3_q_v2_robust_mahalanobis_clipped,2026-03-18T05:10:36.278770+00:00
MNST,,10-Q,2024-09-30,https://www.sec.gov/Archives/edgar/data/865752/000141057824001818/mnst-20240930x10q.htm,,,5.519266190392461,1.6444876320419484,3.5534183205547962,2,equity_to_assets,-4.3841,assets_growth_yoy,-2.7228,,,robust_mcd,brick3_q_v2_robust_mahalanobis_clipped,2026-03-18T05:10:36.278770+00:00
MNST,,10-Q,2025-03-31,https://www.sec.gov/Archives/edgar/data/865752/000141057825001122/mnst-20250331x10q.htm,,,4.907185156872151,1.758428483132688,3.120445998574496,2,equity_to_assets,-3.8444,assets_growth_yoy,-2.3965,,,robust_mcd,brick3_q_v2_robust_mahalanobis_clipped,2026-03-18T05:10:36.278770+00:00
MNST,,10-Q,2025-06-30,https://www.sec.gov/Archives/edgar/data/865752/000141057825001620/mnst-20250630x10q.htm,,,0.9756842429274326,0.6645906480045671,0.3195742865546327,2,equity_to_assets,-0.4596,assets_growth_yoy,-0.1795,,,robust_mcd,brick3_q_v2_robust_mahalanobis_clipped,2026-03-18T05:10:36.278770+00:00
MNST,,10-Q,2025-09-30,https://www.sec.gov/Archives/edgar/data/865752/000110465925107944/mnst-20250930x10q.htm,,,1.5954047695914726,1.1989469957944343,0.9222343774984904,2,equity_to_assets,-1.1222,assets_growth_yoy,0.7223,,,robust_mcd,brick3_q_v2_robust_mahalanobis_clipped,2026-03-18T05:10:36.278770+00:00
MU,,10-Q,2021-03-04,https://www.sec.gov/Archives/edgar/data/723125/000072312521000032/mu-20210304.htm,,,,,,0,,,,,,,robust_mcd,brick3_q_v2_robust_mahalanobis_clipped,2026-03-18T05:10:36.278770+00:00
MU,,10-Q,2021-06-03,https://www.sec.gov/Archives/edgar/data/723125/000072312521000052/mu-20210603.htm,,,,,,0,,,,,,,robust_mcd,brick3_q_v2_robust_mahalanobis_clipped,2026-03-18T05:10:36.278770+00:00
MU,,10-Q,2021-12-02,https://www.sec.gov/Archives/edgar/data/723125/000072312522000004/mu-20211202.htm,,,,,,0,,,,,,,robust_mcd,brick3_q_v2_robust_mahalanobis_clipped,2026-03-18T05:10:36.278770+00:00
MU,,10-Q,2022-03-03,https://www.sec.gov/Archives/edgar/data/723125/000072312522000016/mu-20220303.htm,,,,,,0,,,,,,,robust_mcd,brick3_q_v2_robust_mahalanobis_clipped,2026-03-18T05:10:36.278770+00:00
NXPI,,10-Q,2021-04-04,https://www.sec.gov/Archives/edgar/data/1413447/000141344721000032/nxpi-20210404.htm,,,,,,0,,,,,,,robust_mcd,brick3_q_v2_robust_mahalanobis_clipped,2026-03-18T05:10:36.278770+00:00
NXPI,,10-Q,2021-07-04,https://www.sec.gov/Archives/edgar/data/1413447/000141344721000062/nxpi-20210704.htm,,,,,,0,,,,,,,robust_mcd,brick3_q_v2_robust_mahalanobis_clipped,2026-03-18T05:10:36.278770+00:00
NXPI,,10-Q,2021-10-03,https://www.sec.gov/Archives/edgar/data/1413447/000141344721000094/nxpi-20211003.htm,,,,,,0,,,,,,,robust_mcd,brick3_q_v2_robust_mahalanobis_clipped,2026-03-18T05:10:36.278770+00:00
PAYX,,10-Q,2021-02-28,https://www.sec.gov/Archives/edgar/data/723531/000072353121000016/payx-20210228x10q.htm,,,,0.6744907594765951,0.6744907594765951,2,assets_growth_yoy,0.6745,equity_to_assets,-0.6745,,,robust_mcd,brick3_q_v2_robust_mahalanobis_clipped,2026-03-18T05:10:36.278770+00:00
PAYX,,10-Q,2021-08-31,https://www.sec.gov/Archives/edgar/data/723531/000072353121000050/payx-20210831x10q.htm,,,,0.6744907594765952,0.6744907594765952,2,assets_growth_yoy,0.6745,equity_to_assets,-0.6745,,,robust_mcd,brick3_q_v2_robust_mahalanobis_clipped,2026-03-18T05:10:36.278770+00:00
PAYX,,10-Q,2021-11-30,https://www.sec.gov/Archives/edgar/data/723531/000072353121000064/payx-20211130x10q.htm,,,,0.6744907594765952,0.6744907594765952,2,assets_growth_yoy,0.6745,equity_to_assets,-0.6745,,,robust_mcd,brick3_q_v2_robust_mahalanobis_clipped,2026-03-18T05:10:36.278770+00:00
PAYX,,10-Q,2022-02-28,https://www.sec.gov/Archives/edgar/data/723531/000095017022005198/payx-20220228.htm,,,,0.6744907594765954,0.6744907594765954,2,equity_to_assets,-0.6745,assets_growth_yoy,0.6745,,,robust_mcd,brick3_q_v2_robust_mahalanobis_clipped,2026-03-18T05:10:36.278770+00:00
PEP,,10-Q,2021-03-20,https://www.sec.gov/Archives/edgar/data/77476/000007747621000018/pep-20210320.htm,,,,,,0,,,,,,,robust_mcd,brick3_q_v2_robust_mahalanobis_clipped,2026-03-18T05:10:36.278770+00:00
PEP,,10-Q,2021-06-12,https://www.sec.gov/Archives/edgar/data/77476/000007747621000039/pep-20210612.htm,,,,,,0,,,,,,,robust_mcd,brick3_q_v2_robust_mahalanobis_clipped,2026-03-18T05:10:36.278770+00:00
PEP,,10-Q,2021-09-04,https://www.sec.gov/Archives/edgar/data/77476/000007747621000050/pep-20210904.htm,,,,,,0,,,,,,,robust_mcd,brick3_q_v2_robust_mahalanobis_clipped,2026-03-18T05:10:36.278770+00:00
PEP,,10-Q,2022-03-19,https://www.sec.gov/Archives/edgar/data/77476/000007747622000020/pep-20220319.htm,,,,,,0,,,,,,,robust_mcd,brick3_q_v2_robust_mahalanobis_clipped,2026-03-18T05:10:36.278770+00:00
SBUX,,10-Q,2022-01-02,https://www.sec.gov/Archives/edgar/data/829224/000082922422000012/sbux-20220102.htm,,,,,,0,,,,,,,robust_mcd,brick3_q_v2_robust_mahalanobis_clipped,2026-03-18T05:10:36.278770+00:00
SBUX,,10-Q,2023-01-01,https://www.sec.gov/Archives/edgar/data/829224/000082922423000017/sbux-20230101.htm,,,1.2408305257161185,,1.2408305257161185,3,ocf_to_net_income,-2.3045,accrual_ratio,1.2151,net_margin,-0.2029,robust_mcd,brick3_q_v2_robust_mahalanobis_clipped,2026-03-18T05:10:36.278770+00:00
